CASE_ID,ACCIDENT_YEAR,PROC_DATE,JURIS,COLLISION_DATE,COLLISION_TIME,OFFICER_ID,REPORTING_DISTRICT,DAY_OF_WEEK,CHP_SHIFT,POPULATION,CNTY_CITY_LOC,SPECIAL_COND,BEAT_TYPE,CHP_BEAT_TYPE,CITY_DIVISION_LAPD,CHP_BEAT_CLASS,BEAT_NUMBER,PRIMARY_RD,SECONDARY_RD,DISTANCE,DIRECTION,INTERSECTION,WEATHER_1,WEATHER_2,STATE_HWY_IND,CALTRANS_COUNTY,CALTRANS_DISTRICT,STATE_ROUTE,ROUTE_SUFFIX,POSTMILE_PREFIX,POSTMILE,LOCATION_TYPE,RAMP_INTERSECTION,SIDE_OF_HWY,TOW_AWAY,COLLISION_SEVERITY,NUMBER_KILLED,NUMBER_INJURED,PARTY_COUNT,PRIMARY_COLL_FACTOR,PCF_CODE_OF_VIOL,PCF_VIOL_CATEGORY,PCF_VIOLATION,PCF_VIOL_SUBSECTION,HIT_AND_RUN,TYPE_OF_COLLISION,MVIW,PED_ACTION,ROAD_SURFACE,ROAD_COND_1,ROAD_COND_2,LIGHTING,CONTROL_DEVICE,CHP_ROAD_TYPE,PEDESTRIAN_ACCIDENT,BICYCLE_ACCIDENT,MOTORCYCLE_ACCIDENT,TRUCK_ACCIDENT,NOT_PRIVATE_PROPERTY,ALCOHOL_INVOLVED,STWD_VEHTYPE_AT_FAULT,CHP_VEHTYPE_AT_FAULT,COUNT_SEVERE_INJ,COUNT_VISIBLE_INJ,COUNT_COMPLAINT_PAIN,COUNT_PED_KILLED,COUNT_PED_INJURED,COUNT_BICYCLIST_KILLED,COUNT_BICYCLIST_INJURED,COUNT_MC_KILLED,COUNT_MC_INJURED,PRIMARY_RAMP,SECONDARY_RAMP,LATITUDE,LONGITUDE,COUNTY,CITY,POINT_X,POINT_Y
8477998,2017,2017-10-31,1900,2017-09-23,2349,507062,2836,6,5,5,1915,0,0,0,NA,0,281T1,WILLOWBROOK AV,CLAUDE ST,18,S,N,A,-,N,NA,NA,NA,NA,NA,NA,NA,NA,NA,Y,4,0,1,2,A,-,08,22107,NA,N,C,E,A,A,H,-,C,D,0,NA,NA,NA,NA,Y,NA,A,07,0,0,1,0,0,0,0,0,0,-,-,NA,NA,LOS ANGELES,COMPTON,-118.22365707,33.8860507
8478004,2017,2017-11-07,1942,2017-09-29,1800,42141,1503,5,5,7,1942,0,0,0,O,0,15A44W,WHITSETT AV,ERWIN ST,0,NA,Y,A,-,N,NA,NA,NA,NA,NA,NA,NA,NA,NA,Y,4,0,2,3,A,-,09,21801,A,N,A,C,A,A,H,-,B,A,0,NA,NA,NA,NA,Y,NA,A,01,0,0,2,0,0,0,0,0,0,-,-,NA,NA,LOS ANGELES,LOS ANGELES,-118.4052601,34.18306004
8478009,2017,2017-11-13,1900,2017-10-05,1408,527455,0541,4,5,3,1921,0,0,0,NA,0,58T1PM,HIGHLAND AV,EVERGREEN AV,0,NA,Y,A,-,N,NA,NA,NA,NA,NA,NA,NA,NA,NA,Y,4,0,1,2,A,-,09,21801,A,N,A,C,A,A,H,-,A,A,0,NA,NA,NA,NA,Y,NA,A,07,0,0,1,0,0,0,0,0,0,-,-,34.13508,-117.9666,LOS ANGELES,DUARTE,-117.9666301,34.13506005
8478014,2017,2017-11-06,1942,2017-10-13,0640,42460,1047,5,5,7,1942,0,0,0,J,0,10A17,WEST BURBANK BL,WHITE OAK AV,1000,E,N,A,-,N,NA,NA,NA,NA,NA,NA,NA,NA,NA,Y,3,0,1,3,A,-,08,22102,NA,N,-,C,A,-,H,-,A,D,0,NA,NA,NA,Y,Y,NA,A,01,0,1,0,0,0,0,0,0,0,-,-,NA,NA,LOS ANGELES,LOS ANGELES,-118.51524086,34.17227
8478015,2017,2017-11-06,1942,2017-10-01,1715,38354,1008,7,5,7,1942,0,0,0,J,0,10TL38,HAYVENHURST AV,SHERMAN WAY,263,N,N,A,-,N,NA,NA,NA,NA,NA,NA,NA,NA,NA,N,4,0,1,2,A,-,09,21804,A,N,D,C,A,A,H,-,A,A,0,NA,NA,NA,NA,Y,NA,D,22,0,0,1,0,0,0,0,0,0,-,-,NA,NA,LOS ANGELES,LOS ANGELES,-118.49250082,34.20194163
8478017,2017,2017-11-13,1900,2017-10-11,0750,526292,0560,3,5,3,1968,0,0,0,NA,0,55T1AM,RUSH ST,SANTA ANITA AV,204,W,N,A,-,N,NA,NA,NA,NA,NA,NA,NA,NA,NA,N,4,0,1,2,A,-,08,22107,NA,N,H,G,A,A,H,-,A,D,0,NA,Y,NA,NA,Y,NA,D,22,0,0,1,0,0,0,1,0,0,-,-,34.0519,-118.04347,LOS ANGELES,SOUTH EL MONTE,-118.04311199,34.05185076
8478019,2017,2018-06-11,1942,2017-09-23,1330,36755,1049,6,5,7,1942,0,0,0,J,0,10A17,HAYVENHURST AV,WEST VENTURA FWY,0,NA,Y,A,-,Y,LA,7,101,-,-,18.497,R,4,N,N,4,0,1,2,A,-,12,21453,A,N,D,C,A,A,H,-,A,A,0,NA,NA,NA,NA,Y,NA,A,01,0,0,1,0,0,0,0,0,0,-,-,NA,NA,LOS ANGELES,LOS ANGELES,-118.49029472,34.16528945
8478021,2017,2017-11-21,1942,2017-08-26,2315,40157,1479,6,5,7,1942,0,0,0,N,0,6T7,83RD ST,HINDRY AV,280,E,N,A,-,N,NA,NA,NA,NA,NA,NA,NA,NA,NA,Y,3,0,1,3,A,-,05,21650,NA,F,H,A,A,A,H,-,D,D,0,NA,NA,NA,Y,Y,Y,-,99,0,1,0,0,0,0,0,0,0,-,-,NA,NA,LOS ANGELES,LOS ANGELES,-118.37268832,33.96352
8478022,2017,2017-11-06,1942,2017-10-13,1530,41316,1018,5,5,7,1942,0,0,0,J,0,10A39,SATICOY ST,DENSMORE AV,0,NA,Y,A,-,N,NA,NA,NA,NA,NA,NA,NA,NA,NA,Y,3,0,1,2,A,-,09,21801,A,N,D,C,A,A,H,-,A,A,0,NA,NA,NA,NA,Y,NA,A,01,0,1,0,0,0,0,0,0,0,-,-,NA,NA,LOS ANGELES,LOS ANGELES,-118.47713002,34.20845011
8478024,2017,2017-11-07,1942,2017-09-23,2115,40383,1559,6,5,7,1942,0,0,0,O,0,15A67,EAST CAHUENGA BL,HORTENSE ST,100,S,N,A,-,N,NA,NA,NA,NA,NA,NA,NA,NA,NA,Y,2,0,3,2,A,-,08,22103,NA,N,D,C,A,A,H,-,C,D,0,NA,NA,NA,NA,Y,NA,A,01,1,0,2,0,0,0,0,0,0,-,-,NA,NA,LOS ANGELES,LOS ANGELES,-118.36151492,34.15447576
8478026,2017,2017-11-08,1942,2017-10-16,1850,41497,1044,1,5,7,1942,0,0,0,J,0,10A83,RESEDA BL,OXNARD ST,144,S,N,A,-,N,NA,NA,NA,NA,NA,NA,NA,NA,NA,Y,4,0,1,4,A,-,03,22350,NA,N,C,C,A,A,H,-,B,A,0,NA,NA,NA,Y,Y,NA,F,55,0,0,1,0,0,0,0,0,0,-,-,NA,NA,LOS ANGELES,LOS ANGELES,-118.53602,34.17958511
8478028,2017,2017-11-07,1942,2017-09-15,0625,38857,1555,5,5,7,1942,0,0,0,O,0,15A67,VINELAND AV,LANKERSHIM BL,0,NA,Y,A,-,N,NA,NA,NA,NA,NA,NA,NA,NA,NA,Y,4,0,1,2,A,-,09,21801,A,N,A,C,A,A,H,-,A,A,0,NA,NA,NA,NA,Y,NA,D,22,0,0,1,0,0,0,0,0,0,-,-,NA,NA,LOS ANGELES,LOS ANGELES,-118.3704701,34.15801011
8478029,2017,2017-11-20,1942,2017-08-19,1130,32918,1494,6,5,7,1942,0,0,0,N,0,HFB85,WORLD WAY SOUTH,WEST WY,150,E,N,A,-,N,NA,NA,NA,NA,NA,NA,NA,NA,NA,N,4,0,1,3,A,-,21,22106,NA,N,B,E,E,A,H,-,A,D,0,Y,NA,NA,NA,Y,NA,I,12,0,0,1,0,1,0,0,0,0,-,-,NA,NA,LOS ANGELES,LOS ANGELES,-118.40542112,33.94277607
8478030,2017,2017-11-03,1942,2017-10-17,0945,30989,1003,2,5,7,1942,0,0,0,J,0,35M27,ROSCOE BL,RESEDA BL,0,NA,Y,A,-,N,NA,NA,NA,NA,NA,NA,NA,NA,NA,Y,4,0,1,2,A,-,09,21801,A,N,D,C,A,A,H,-,A,A,0,NA,NA,NA,NA,Y,NA,D,22,0,0,1,0,0,0,0,0,0,-,-,NA,NA,LOS ANGELES,LOS ANGELES,-118.53608004,34.22075004
8478031,2017,2017-11-07,1942,2017-09-28,0730,40193,1061,4,5,7,1942,0,0,0,J,0,10A83,VENTURA BL,CORBIN AV,420,W,N,A,-,N,NA,NA,NA,NA,NA,NA,NA,NA,NA,Y,4,0,1,3,A,-,09,21801,B,N,D,C,A,A,H,-,A,D,0,NA,NA,NA,NA,Y,NA,A,01,0,0,1,0,0,0,0,0,0,-,-,NA,NA,LOS ANGELES,LOS ANGELES,-118.56360579,34.17246014
8478032,2017,2018-01-04,1942,2017-09-04,0840,41861,1512,1,5,7,1942,0,0,0,O,0,15A21,SHERMAN WY,COLDWATER CANYON AV,0,NA,Y,A,-,N,NA,NA,NA,NA,NA,NA,NA,NA,NA,Y,4,0,1,2,A,-,12,21453,A,N,D,C,A,A,H,-,A,A,0,NA,NA,NA,NA,Y,NA,-,-,0,0,1,0,0,0,0,0,0,-,-,NA,NA,LOS ANGELES,LOS ANGELES,-118.41380014,34.20119004
8478033,2017,2017-11-20,1942,2017-10-02,0255,42535,1449,1,5,7,1942,0,0,0,N,0,14A49,VENICE BL,BERRYMAN,150,E,N,A,-,N,NA,NA,NA,NA,NA,NA,NA,NA,NA,Y,3,0,1,1,C,-,18,NA,NA,N,C,I,A,A,H,-,C,D,0,NA,NA,NA,Y,Y,NA,-,-,0,1,0,0,0,0,0,0,0,-,-,NA,NA,LOS ANGELES,LOS ANGELES,-118.42267424,34.00970472
8478034,2017,2017-11-06,1942,2017-10-19,1145,37353,1006,4,5,7,1942,0,0,0,J,0,10A17,LOUISE AV,STRATHERN ST,50,S,N,A,-,N,NA,NA,NA,NA,NA,NA,NA,NA,NA,Y,3,0,1,3,A,-,03,22350,NA,N,-,E,A,-,H,-,A,A,0,NA,NA,NA,NA,Y,NA,A,01,0,1,0,0,0,0,0,0,0,-,-,NA,NA,LOS ANGELES,LOS ANGELES,-118.50985075,34.21553285
8478036,2017,2018-06-11,1942,2017-09-24,0215,42597,1562,7,5,7,1942,0,0,0,O,0,15A85,LAUREL CYN BL,RT 101,20,S,N,A,-,Y,LA,7,101,-,-,12.72,R,4,N,Y,3,0,3,3,A,-,03,22350,NA,N,C,C,A,A,H,-,C,A,0,NA,NA,NA,NA,Y,NA,A,01,0,1,2,0,0,0,0,0,0,-,-,NA,NA,LOS ANGELES,LOS ANGELES,-118.39401249,34.1545379
8478037,2017,2017-11-07,1942,2017-09-28,2300,41455,NA,4,5,7,1942,0,0,0,NA,0,14A56,W 98TH ST,AVION DR,350,W,N,A,-,N,NA,NA,NA,NA,NA,NA,NA,NA,NA,N,4,0,1,2,A,-,08,22107,NA,N,B,C,A,A,H,-,C,D,0,NA,NA,NA,NA,Y,NA,A,01,0,0,1,0,0,0,0,0,0,-,-,NA,NA,LOS ANGELES,LOS ANGELES,-118.39130191,33.94735
8478038,2017,2017-11-06,1942,2017-10-21,0915,27792,1011,6,5,7,1942,0,0,0,J,0,10TL35,SATICOY ST,SAINT CLAIR AV,0,NA,Y,B,-,N,NA,NA,NA,NA,NA,NA,NA,NA,NA,N,3,0,1,2,A,-,09,21802,A,N,-,C,A,A,D,-,A,A,0,NA,NA,NA,NA,Y,NA,D,22,0,1,0,0,0,0,0,0,0,-,-,NA,NA,LOS ANGELES,LOS ANGELES,NA,NA
8478039,2017,2017-11-20,1942,2017-09-21,0820,36888,1535,4,5,7,1942,0,0,0,O,0,15A33,OXNARD ST,LANKERSHIM BL,275,W,N,C,-,N,NA,NA,NA,NA,NA,NA,NA,NA,NA,Y,4,0,2,4,A,-,05,21650,NA,N,A,C,A,B,H,-,A,D,0,NA,NA,NA,NA,Y,NA,A,01,0,0,2,0,0,0,0,0,0,-,-,NA,NA,LOS ANGELES,LOS ANGELES,-118.38431754,34.17942
8478040,2017,2017-11-06,1942,2017-10-16,0855,40165,1515,1,5,7,1942,0,0,0,O,0,9TL55,VANOWEN ST,LANKERSHIM BL,225,W,N,A,-,N,NA,NA,NA,NA,NA,NA,NA,NA,NA,N,4,0,1,2,A,-,03,22350,NA,N,C,C,A,A,H,-,A,D,0,NA,NA,NA,NA,Y,NA,A,01,0,0,1,0,0,0,0,0,0,-,-,NA,NA,LOS ANGELES,LOS ANGELES,-118.38854267,34.19394
8478041,2017,2017-11-07,1942,2017-09-08,0430,40105,RD202,5,5,7,1942,0,0,0,NA,0,20A13,WILTON PL,3RD ST,0,NA,Y,A,-,N,NA,NA,NA,NA,NA,NA,NA,NA,NA,Y,2,0,1,2,A,-,12,21453,A,N,D,C,A,A,H,-,C,A,0,NA,NA,NA,NA,Y,NA,A,01,1,0,0,0,0,0,0,0,0,-,-,NA,NA,LOS ANGELES,LOS ANGELES,-118.31412003,34.06897002
8478043,2017,2017-11-02,1942,2017-09-11,0830,40193,1545,1,5,7,1942,0,0,0,O,0,15A43,MAGNOLIA BL,COLFAX AV,0,NA,Y,A,-,N,NA,NA,NA,NA,NA,NA,NA,NA,NA,N,4,0,1,2,A,-,08,22100,A,N,-,C,A,-,H,-,A,A,0,NA,NA,NA,NA,Y,NA,A,01,0,0,1,0,0,0,0,0,0,-,-,NA,NA,LOS ANGELES,LOS ANGELES,-118.38778007,34.16489
8478044,2017,2017-11-06,1942,2017-10-16,1125,35433,1503,1,5,7,1942,0,0,0,O,0,19T77,LAUREL CANYON BL,VOSE ST,30,N,N,A,-,N,NA,NA,NA,NA,NA,NA,NA,NA,NA,N,4,0,2,2,A,-,08,22107,NA,N,D,C,A,A,H,-,A,D,0,NA,NA,NA,NA,Y,NA,D,22,0,0,2,0,0,0,0,0,0,-,-,NA,NA,LOS ANGELES,LOS ANGELES,-118.3965,34.19851228
8478045,2017,2017-11-07,1942,2017-09-29,2200,25495,0734,5,5,7,1942,0,0,0,G,0,7T23,3RD ST,FAIRFAX AV,35,W,N,A,-,N,NA,NA,NA,NA,NA,NA,NA,NA,NA,N,4,0,2,2,A,-,08,22100,A,F,B,C,A,A,H,-,C,A,0,NA,NA,NA,NA,Y,NA,-,99,0,0,2,0,0,0,0,0,0,-,-,NA,NA,LOS ANGELES,LOS ANGELES,-118.36155413,34.07156398
8478046,2017,2017-11-06,1942,2017-10-14,0920,39473,0901,6,5,7,1942,0,0,0,I,0,9A5,SHERMAN WY,FIRMAMENT AV,0,NA,Y,A,-,N,NA,NA,NA,NA,NA,NA,NA,NA,NA,Y,4,0,1,2,A,-,12,21453,A,N,A,C,A,A,H,-,A,A,0,NA,NA,NA,NA,Y,NA,A,01,0,0,1,0,0,0,0,0,0,-,-,NA,NA,LOS ANGELES,LOS ANGELES,-118.47241013,34.20111011
8478047,2017,2017-11-02,1942,2017-09-14,1420,41316,1512,4,5,7,1942,0,0,0,O,0,15A21,SHERMAN WY,BELLAIRE AV,200,W,N,A,-,N,NA,NA,NA,NA,NA,NA,NA,NA,NA,Y,4,0,2,3,A,-,08,22107,NA,N,B,C,F,B,H,-,A,D,0,Y,NA,NA,Y,Y,NA,G,27,0,0,2,0,1,0,0,0,0,-,-,NA,NA,LOS ANGELES,LOS ANGELES,-118.41009022,34.2012
8478048,2017,2017-11-06,1942,2017-10-16,1720,33294,1502,1,5,7,1942,0,0,0,O,0,15A21,COLDWATER CANYON AV,CANTARA ST,330,S,N,A,-,N,NA,NA,NA,NA,NA,NA,NA,NA,NA,N,4,0,2,2,A,-,04,21703,NA,N,C,C,A,A,H,-,A,A,0,NA,NA,NA,NA,Y,NA,D,22,0,0,2,0,0,0,0,0,0,-,-,NA,NA,LOS ANGELES,LOS ANGELES,-118.41441466,34.21894488
8478050,2017,2017-11-06,1942,2017-10-13,1700,41316,0923,5,5,7,1942,0,0,0,I,0,9A23,KESTER AV,KITTRIDGE,30,S,N,A,-,N,NA,NA,NA,NA,NA,NA,NA,NA,NA,Y,4,0,2,2,A,-,08,22102,NA,N,D,C,A,A,H,-,A,D,0,NA,NA,NA,NA,Y,NA,D,22,0,0,2,0,0,0,0,0,0,-,-,NA,NA,LOS ANGELES,LOS ANGELES,-118.45745048,34.19027771
8478051,2017,2017-11-07,1942,2017-09-20,1725,38887,1555,3,5,7,1942,0,0,0,O,0,15X36,KLUMP AV,MAGNOLIA BL,5,S,N,A,-,N,NA,NA,NA,NA,NA,NA,NA,NA,NA,N,3,0,1,2,A,-,10,21950,A,N,G,B,B,A,H,-,A,A,0,Y,NA,NA,NA,Y,NA,D,22,0,1,0,0,1,0,0,0,0,-,-,NA,NA,LOS ANGELES,LOS ANGELES,-118.37575993,34.16491629
8478052,2017,2017-11-07,1942,2017-09-13,1640,42999,1525,3,5,7,1942,0,0,0,O,0,15A33,VICTORY BL,LANKERSHIM BL,50,E,N,A,-,N,NA,NA,NA,NA,NA,NA,NA,NA,NA,N,4,0,1,2,A,-,04,21703,NA,N,C,C,A,A,H,-,A,A,0,NA,NA,NA,NA,Y,NA,D,22,0,0,1,0,0,0,0,0,0,-,-,NA,NA,LOS ANGELES,LOS ANGELES,-118.38762498,34.18668
8478054,2017,2017-11-13,1942,2017-10-11,1125,39473,0923,3,5,7,1942,0,0,0,I,0,9A23,VICTORY BL,COLDWATER CANYON AV,100,W,N,A,-,N,NA,NA,NA,NA,NA,NA,NA,NA,NA,Y,3,0,2,2,A,-,09,21804,A,N,D,C,A,A,H,-,A,A,0,NA,NA,NA,NA,Y,NA,D,22,0,1,1,0,0,0,0,0,0,-,-,NA,NA,LOS ANGELES,LOS ANGELES,-118.41414005,34.18668
8478055,2017,2018-01-04,1942,2017-09-14,1133,39551,1516,4,5,7,1942,0,0,0,O,0,15A27,TUJUNGA AV,VANOWEN ST,0,NA,Y,B,-,N,NA,NA,NA,NA,NA,NA,NA,NA,NA,Y,4,0,1,2,A,-,12,21453,A,N,D,C,A,A,H,-,A,A,0,NA,NA,NA,NA,Y,Y,-,-,0,0,1,0,0,0,0,0,0,-,-,NA,NA,LOS ANGELES,LOS ANGELES,-118.3790201,34.19395005
8478056,2017,2017-11-07,1942,2017-09-07,1310,36888,1521,4,5,7,1942,0,0,0,O,0,15A33,LAUREL CANYON,BURBANK BL,0,NA,N,A,-,N,NA,NA,NA,NA,NA,NA,NA,NA,NA,N,3,0,1,2,A,-,10,21950,A,N,G,B,B,A,H,-,A,A,0,Y,NA,NA,NA,Y,NA,D,22,0,1,0,0,1,0,0,0,0,-,-,NA,NA,LOS ANGELES,LOS ANGELES,-118.39651012,34.17213008
8478058,2017,2017-11-13,1942,2017-10-09,1255,41316,0946,1,5,7,1942,0,0,0,I,0,9A37,CHANDLER BL,WOODMAN AV,255,W,N,A,-,N,NA,NA,NA,NA,NA,NA,NA,NA,NA,Y,2,0,2,5,A,-,03,22350,NA,N,C,E,A,A,H,-,A,D,0,NA,NA,NA,NA,Y,NA,A,01,2,0,0,0,0,0,0,0,0,-,-,NA,NA,LOS ANGELES,LOS ANGELES,-118.43209147,34.16856
8478059,2017,2017-11-06,1942,2017-10-05,0730,39473,1526,4,5,7,1942,0,0,0,O,0,15A33,VICTORY BL,COLFAX AV,0,NA,Y,A,-,N,NA,NA,NA,NA,NA,NA,NA,NA,NA,N,3,0,1,2,A,-,05,21650,1,N,H,G,A,A,H,-,A,A,0,NA,Y,NA,Y,Y,NA,L,04,0,1,0,0,0,0,1,0,0,-,-,NA,NA,LOS ANGELES,LOS ANGELES,-118.38779008,34.18668011
8478060,2017,2017-11-07,1942,2017-09-18,1805,38995,1526,1,5,7,1942,0,0,0,O,0,15A27,VICTORY BL,CAMELLIA AV,85,E,N,A,-,N,NA,NA,NA,NA,NA,NA,NA,NA,NA,N,3,0,3,2,A,-,09,21804,A,N,C,C,A,-,H,-,C,A,0,NA,NA,NA,NA,Y,NA,D,22,0,1,2,0,0,0,0,0,0,-,-,NA,NA,LOS ANGELES,LOS ANGELES,-118.38204946,34.18669
8478062,2017,2017-11-13,1942,2017-10-08,1140,39217,0901,7,5,7,1942,0,0,0,I,0,9A5,SHERMAN WAY,FIRMAMENT AV,0,NA,Y,A,-,N,NA,NA,NA,NA,NA,NA,NA,NA,NA,Y,4,0,2,2,A,-,12,21453,A,N,D,C,A,A,H,-,A,A,0,NA,NA,NA,NA,Y,NA,D,22,0,0,2,0,0,0,0,0,0,-,-,NA,NA,LOS ANGELES,LOS ANGELES,-118.47241013,34.20111011
8478063,2017,2017-11-06,1942,2017-10-11,1910,40398,1516,3,5,7,1942,0,0,0,O,0,10TL36,TROOST AV,VANOWEN ST,380,S,N,A,-,N,NA,NA,NA,NA,NA,NA,NA,NA,NA,Y,4,0,1,2,A,-,09,21804,A,N,C,C,A,A,H,-,A,D,0,NA,NA,NA,NA,Y,NA,A,01,0,0,1,0,0,0,0,0,0,-,-,NA,NA,LOS ANGELES,LOS ANGELES,-118.38662829,34.1929078
8478064,2017,2017-11-14,1942,2017-10-03,1840,39062,1018,2,5,7,1942,0,0,0,J,0,10A39,SHERMAN WY,HASKELL AV,300,W,N,A,-,N,NA,NA,NA,NA,NA,NA,NA,NA,NA,N,4,0,1,3,A,-,03,22350,NA,N,C,C,A,A,H,-,A,D,0,NA,NA,NA,NA,Y,NA,A,01,0,0,1,0,0,0,0,0,0,-,-,NA,NA,LOS ANGELES,LOS ANGELES,-118.47588039,34.20126
8478066,2017,2017-11-13,1942,2017-10-06,1810,38321,0932,5,5,7,1942,0,0,0,I,0,9X16,SEPULVEDA BL,VICTORY BL,370,S,N,A,-,N,NA,NA,NA,NA,NA,NA,NA,NA,NA,N,4,0,1,2,A,-,09,21801,A,N,D,C,A,A,H,-,A,A,0,NA,NA,NA,NA,Y,NA,D,22,0,0,1,0,0,0,0,0,0,-,-,NA,NA,LOS ANGELES,LOS ANGELES,-118.4661807,34.18564518
8478067,2017,2017-11-06,1942,2017-10-09,1025,35433,1525,1,5,7,1942,0,0,0,O,0,19TL77,OXNARD ST,COLFAX AV,0,NA,Y,A,-,N,NA,NA,NA,NA,NA,NA,NA,NA,NA,Y,3,0,4,3,A,-,12,21453,A,N,D,C,A,A,H,-,A,A,0,NA,NA,NA,NA,Y,NA,D,22,0,1,3,0,0,0,0,0,0,-,-,NA,NA,LOS ANGELES,LOS ANGELES,-118.38780008,34.17941003
8478070,2017,2017-11-13,1942,2017-10-03,1035,35433,0933,2,5,7,1942,0,0,0,I,0,19TL77,VAN NUYS BL,DELANO ST,0,NA,Y,A,-,N,NA,NA,NA,NA,NA,NA,NA,NA,NA,N,4,0,1,2,A,-,09,21801,A,N,D,C,A,A,H,-,A,A,0,NA,NA,NA,NA,Y,NA,A,07,0,0,1,0,0,0,0,0,0,-,-,NA,NA,LOS ANGELES,LOS ANGELES,-118.44874001,34.18264011
8478071,2017,2017-11-06,1942,2017-10-10,1759,35481,153,2,5,7,1942,0,0,0,O,0,15A33,BURBANK BL,CORTEEN PL,35,E,N,A,-,N,NA,NA,NA,NA,NA,NA,NA,NA,NA,N,4,0,2,2,A,-,09,21804,A,N,D,C,A,A,H,-,A,D,0,NA,NA,NA,NA,Y,NA,A,01,0,0,2,0,0,0,0,0,0,-,-,NA,NA,LOS ANGELES,LOS ANGELES,-118.40188452,34.17212817
8478072,2017,2017-11-06,1942,2017-10-05,1745,37078,RD106,4,5,7,1942,0,0,0,NA,0,NA,WHITE OAK AV,BURBANK BL,1000,S,N,A,-,N,NA,NA,NA,NA,NA,NA,NA,NA,NA,Y,4,0,1,3,A,-,07,21658,A,N,C,C,A,A,H,-,A,D,0,NA,NA,NA,NA,Y,NA,A,01,0,0,1,0,0,0,0,0,0,-,-,NA,NA,LOS ANGELES,LOS ANGELES,-118.51855,34.17128
8478074,2017,2017-11-09,1942,2017-10-02,1703,33294,0989,1,5,7,1942,0,0,0,I,0,9A89,MOORPARK ST,ALLOTT AV,100,W,N,A,-,N,NA,NA,NA,NA,NA,NA,NA,NA,NA,Y,4,0,1,2,A,-,08,22107,NA,N,A,E,A,A,H,-,A,A,0,NA,NA,NA,NA,Y,NA,A,01,0,0,1,0,0,0,0,0,0,-,-,NA,NA,LOS ANGELES,LOS ANGELES,-118.42829992,34.15035
8478075,2017,2017-11-07,1942,2017-09-12,1330,40398,1504,2,5,7,1942,0,0,0,O,0,15A3,LANKERSHIM BL,SATICOY ST,0,NA,Y,A,-,N,NA,NA,NA,NA,NA,NA,NA,NA,NA,Y,4,0,1,2,A,-,09,21801,A,N,D,C,A,A,H,-,A,A,0,NA,NA,NA,NA,Y,NA,A,01,0,0,1,0,0,0,0,0,0,-,-,NA,NA,LOS ANGELES,LOS ANGELES,-118.38779002,34.20848009
8478078,2017,2018-01-06,1942,2017-10-01,0454,36599,0948,7,5,7,1942,0,0,0,I,0,9A37,BURBANK BL,FULTON AV,0,NA,Y,A,-,N,NA,NA,NA,NA,NA,NA,NA,NA,NA,N,4,0,1,2,A,-,01,23152,A,N,D,C,A,C,H,-,A,A,0,NA,NA,NA,NA,Y,Y,-,NA,0,0,1,0,0,0,0,0,0,-,-,NA,NA,LOS ANGELES,LOS ANGELES,-118.42251001,34.17212011
8478079,2017,2017-11-09,1942,2017-10-05,1505,38996,1512,4,5,7,1942,0,0,0,O,0,15A21,COLDWATER CANYON AV,BASSETT ST,80,N,N,A,-,N,NA,NA,NA,NA,NA,NA,NA,NA,NA,N,4,0,3,4,A,-,08,22107,NA,N,B,C,A,A,H,-,A,D,0,NA,NA,NA,NA,Y,NA,A,08,0,0,3,0,0,0,0,0,0,-,-,NA,NA,LOS ANGELES,LOS ANGELES,-118.4138,34.19601943
8478080,2017,2017-11-06,1942,2017-10-07,0845,38687,1009,6,5,7,1942,0,0,0,J,0,17A95,ROSCOE BL,HAYVENHURST AV,1100,W,N,A,-,N,NA,NA,NA,NA,NA,NA,NA,NA,NA,Y,4,0,2,2,A,-,09,21804,A,N,D,C,A,A,H,-,A,D,0,NA,NA,NA,NA,Y,NA,D,22,0,0,2,0,0,0,0,0,0,-,-,NA,NA,LOS ANGELES,LOS ANGELES,-118.49539894,34.22017482
8478121,2017,2017-11-27,1900,2017-09-28,1315,526901,0530,4,5,5,1959,0,0,0,NA,0,53K1AM,MARSHALL ST,MUSCATEL AV,278,E,N,A,-,N,NA,NA,NA,NA,NA,NA,NA,NA,NA,N,4,0,2,3,A,-,09,21804,A,M,A,C,A,A,H,-,A,D,0,NA,NA,NA,NA,Y,NA,A,08,0,0,2,0,0,0,0,0,0,-,-,34.07561,-118.0769,LOS ANGELES,ROSEMEAD,-118.07653409,34.07560281
8478125,2017,2017-11-27,1942,2017-09-13,1945,37550,1493,3,5,7,1942,0,0,0,N,0,8TL35,VISTA DEL MAR,GRAND AV,150,N,N,A,-,N,NA,NA,NA,NA,NA,NA,NA,NA,NA,Y,3,0,2,5,A,-,03,22350,NA,F,C,C,A,A,H,-,C,A,0,NA,NA,NA,NA,Y,NA,A,01,0,1,1,0,0,0,0,0,0,-,-,NA,NA,LOS ANGELES,LOS ANGELES,-118.42781927,33.9168225
8478129,2017,2017-11-27,1942,2017-09-30,1820,30264,1409,6,5,7,1942,0,0,0,N,0,14A67,VENICE BL,CANFIELD AV,50,E,N,A,-,N,NA,NA,NA,NA,NA,NA,NA,NA,NA,Y,4,0,1,2,A,-,03,22349,A,F,C,C,A,A,H,-,A,D,0,NA,NA,NA,NA,Y,NA,-,99,0,0,1,0,0,0,0,0,0,-,-,NA,NA,LOS ANGELES,LOS ANGELES,-118.39414447,34.02615793
8478133,2017,2018-05-08,1942,2017-09-09,1930,37839,1492,6,5,7,1942,0,0,0,N,0,14A73,VISTA DEL MAR,IMPERIAL HWY,100,N,N,A,-,N,NA,NA,NA,NA,NA,NA,NA,NA,NA,Y,4,0,2,3,A,-,03,22350,NA,F,C,C,A,A,H,-,B,A,0,NA,NA,NA,NA,Y,NA,A,08,0,0,2,0,0,0,0,0,0,-,-,NA,NA,LOS ANGELES,LOS ANGELES,-118.43511659,33.93113319