CASE_ID,ACCIDENT_YEAR,PROC_DATE,JURIS,COLLISION_DATE,COLLISION_TIME,OFFICER_ID,REPORTING_DISTRICT,DAY_OF_WEEK,CHP_SHIFT,POPULATION,CNTY_CITY_LOC,SPECIAL_COND,BEAT_TYPE,CHP_BEAT_TYPE,CITY_DIVISION_LAPD,CHP_BEAT_CLASS,BEAT_NUMBER,PRIMARY_RD,SECONDARY_RD,DISTANCE,DIRECTION,INTERSECTION,WEATHER_1,WEATHER_2,STATE_HWY_IND,CALTRANS_COUNTY,CALTRANS_DISTRICT,STATE_ROUTE,ROUTE_SUFFIX,POSTMILE_PREFIX,POSTMILE,LOCATION_TYPE,RAMP_INTERSECTION,SIDE_OF_HWY,TOW_AWAY,COLLISION_SEVERITY,NUMBER_KILLED,NUMBER_INJURED,PARTY_COUNT,PRIMARY_COLL_FACTOR,PCF_CODE_OF_VIOL,PCF_VIOL_CATEGORY,PCF_VIOLATION,PCF_VIOL_SUBSECTION,HIT_AND_RUN,TYPE_OF_COLLISION,MVIW,PED_ACTION,ROAD_SURFACE,ROAD_COND_1,ROAD_COND_2,LIGHTING,CONTROL_DEVICE,CHP_ROAD_TYPE,PEDESTRIAN_ACCIDENT,BICYCLE_ACCIDENT,MOTORCYCLE_ACCIDENT,TRUCK_ACCIDENT,NOT_PRIVATE_PROPERTY,ALCOHOL_INVOLVED,STWD_VEHTYPE_AT_FAULT,CHP_VEHTYPE_AT_FAULT,COUNT_SEVERE_INJ,COUNT_VISIBLE_INJ,COUNT_COMPLAINT_PAIN,COUNT_PED_KILLED,COUNT_PED_INJURED,COUNT_BICYCLIST_KILLED,COUNT_BICYCLIST_INJURED,COUNT_MC_KILLED,COUNT_MC_INJURED,PRIMARY_RAMP,SECONDARY_RAMP,LATITUDE,LONGITUDE,COUNTY,CITY,POINT_X,POINT_Y
8478648,2017,2017-11-03,1942,2017-09-18,1120,36755,1698,1,5,7,1942,0,0,0,P,0,16A81,SAN FERNANDO RD,CANTARA ST,180,S,N,A,-,N,NA,NA,NA,NA,NA,NA,NA,NA,NA,N,3,0,3,2,A,-,09,21801,A,N,A,C,A,A,H,-,A,D,0,NA,NA,NA,NA,Y,NA,A,01,0,1,2,0,0,0,0,0,0,-,-,NA,NA,LOS ANGELES,LOS ANGELES,-118.36891158,34.21905623
8478649,2017,2017-11-15,1925,2017-09-28,1715,25923,244,4,5,6,1925,0,0,0,NA,0,003,COLORADO ST,VERDUGO,8,E,N,A,-,N,NA,NA,NA,NA,NA,NA,NA,NA,NA,N,4,0,1,2,D,-,00,NA,NA,N,D,C,A,A,H,-,A,A,0,NA,NA,NA,NA,Y,NA,-,-,0,0,1,0,0,0,0,0,0,-,-,NA,NA,LOS ANGELES,GLENDALE,-118.23404362,34.14275047
8478652,2017,2017-11-03,1942,2017-09-21,1700,36755,1667,4,5,7,1942,0,0,0,P,0,16A77,LA TUNA CANYON RD,WILDWOOD FIRE RD,3700,E,N,A,-,N,NA,NA,NA,NA,NA,NA,NA,NA,NA,Y,4,0,1,2,A,-,03,22350,NA,N,B,C,A,A,H,-,A,A,0,NA,NA,NA,NA,Y,NA,D,22,0,0,1,0,0,0,0,0,0,-,-,NA,NA,LOS ANGELES,LOS ANGELES,NA,NA
8478677,2017,2017-11-15,1900,2017-09-28,2000,525763,0532,4,5,5,1959,0,0,0,NA,0,53T1PM,SAN GABRIEL BL,EMERSON PL,219,N,N,A,-,N,NA,NA,NA,NA,NA,NA,NA,NA,NA,N,4,0,1,2,A,-,04,21703,NA,F,C,C,A,A,H,-,C,D,0,NA,NA,NA,NA,Y,NA,A,01,0,0,1,0,0,0,0,0,0,-,-,34.066,-118.09,LOS ANGELES,ROSEMEAD,-118.09057,34.0668705
8478681,2017,2017-11-15,1900,2017-09-29,1459,551347,0530,5,5,5,1959,0,0,0,NA,0,53T1PM,GRAND AV,MUSCATEL AV,139,E,N,A,-,N,NA,NA,NA,NA,NA,NA,NA,NA,NA,N,4,0,1,2,A,-,21,22106,NA,N,B,C,A,A,H,-,A,D,0,NA,NA,NA,NA,Y,NA,A,08,0,0,1,0,0,0,0,0,0,-,-,34.0917,-118.0775,LOS ANGELES,ROSEMEAD,-118.07745067,34.09169669
8478685,2017,2017-11-14,1900,2017-09-23,1305,609135,0628,6,5,6,1985,0,0,0,NA,0,62T1,MARKET ST,NEWHALL AV,400,S,N,A,-,N,NA,NA,NA,NA,NA,NA,NA,NA,NA,Y,3,0,1,1,C,-,18,NA,NA,N,E,I,A,A,H,-,A,D,0,NA,NA,NA,NA,Y,NA,-,-,0,1,0,0,0,0,0,0,0,-,-,NA,NA,LOS ANGELES,SANTA CLARITA,-118.52938,34.37774
8478689,2017,2017-12-05,1900,2017-09-20,0745,535076,0617,3,5,6,1985,0,0,0,NA,0,61T1,VIA PRINCESSA,GREGORY LN,0,NA,Y,A,-,N,NA,NA,NA,NA,NA,NA,NA,NA,NA,Y,3,0,1,2,A,-,09,21802,A,N,D,C,A,A,H,-,A,A,0,NA,NA,NA,NA,Y,NA,A,01,0,1,0,0,0,0,0,0,0,-,-,34.41095,-118.48196,LOS ANGELES,SANTA CLARITA,-118.48194005,34.41087004
8478693,2017,2017-11-15,1900,2017-09-23,1725,509580,0610,6,5,6,1985,0,0,0,NA,0,61T1,SOLEDAD CANYON RD,RUETHER AV,0,NA,Y,A,-,N,NA,NA,NA,NA,NA,NA,NA,NA,NA,Y,4,0,2,3,A,-,12,21453,A,N,D,C,A,A,H,-,A,A,0,NA,NA,NA,NA,Y,NA,A,01,0,0,2,0,0,0,0,0,0,-,-,NA,NA,LOS ANGELES,SANTA CLARITA,-118.49847008,34.42081001
8478697,2017,2017-11-15,1900,2017-09-29,0140,530600,0612,5,5,6,1985,0,0,0,NA,0,61T1,RANIER ST,WHITES CANYON RD,0,NA,Y,A,-,N,NA,NA,NA,NA,NA,NA,NA,NA,NA,Y,4,0,1,2,A,-,01,23152,A,N,D,C,A,A,H,-,C,A,0,NA,NA,NA,NA,Y,Y,A,01,0,0,1,0,0,0,0,0,0,-,-,NA,NA,LOS ANGELES,SANTA CLARITA,-118.4702501,34.42596003
8478701,2017,2017-11-15,1900,2017-09-25,1045,600125,0624,1,5,6,1985,0,0,0,NA,0,62T1,WILEY CANYON RD,TOURNAMENT RD,25,N,N,A,-,N,NA,NA,NA,NA,NA,NA,NA,NA,NA,N,4,0,2,2,A,-,03,22350,NA,N,C,C,A,A,H,-,A,A,0,NA,NA,NA,NA,Y,NA,A,01,0,0,2,0,0,0,0,0,0,-,-,NA,NA,LOS ANGELES,SANTA CLARITA,-118.55648694,34.38300438
8478705,2017,2017-11-15,1900,2017-09-26,0700,523421,0644,2,5,6,1985,0,0,0,NA,0,64T1,VALENCIA BL,AUTO CENTER CT,480,E,N,A,-,N,NA,NA,NA,NA,NA,NA,NA,NA,NA,N,4,0,2,3,A,-,04,21703,NA,N,C,C,A,A,H,-,A,D,0,NA,NA,NA,NA,Y,NA,A,01,0,0,2,0,0,0,0,0,0,-,-,NA,NA,LOS ANGELES,SANTA CLARITA,-118.5466967,34.42211228
8478709,2017,2017-11-14,1905,2017-09-08,1820,1153,622,5,5,4,1905,0,0,0,NA,0,003,EAST 13 ST,SOLDANO DR,162,E,N,A,-,N,NA,NA,NA,NA,NA,NA,NA,NA,NA,Y,3,0,2,1,A,-,03,22350,NA,N,E,J,A,A,H,-,A,D,0,NA,NA,NA,NA,Y,NA,A,01,0,2,0,0,0,0,0,0,0,-,-,NA,NA,LOS ANGELES,AZUSA,-117.9032309,34.14432775
8478711,2017,2018-05-08,1942,2017-09-21,0715,41861,1679,4,5,7,1942,0,0,0,P,0,9T53,LA TUNA CANYON RD,RT 210,620,W,N,C,-,N,NA,NA,NA,NA,NA,NA,NA,NA,NA,Y,4,0,2,2,A,-,03,22350,NA,N,F,C,A,B,H,-,A,D,0,NA,NA,NA,NA,Y,NA,A,07,0,0,2,0,0,0,0,0,0,-,-,NA,NA,LOS ANGELES,LOS ANGELES,-118.29241996,34.23380984
8478713,2017,2017-11-15,1905,2017-09-13,2047,1168,411,3,5,4,1905,0,0,0,NA,0,002,FOOTHILL BL,SAN GABRIEL AV,0,NA,Y,A,-,N,NA,NA,NA,NA,NA,NA,NA,NA,NA,Y,4,0,1,2,A,-,12,21453,A,N,D,C,A,A,H,-,C,A,0,NA,NA,NA,NA,Y,NA,A,01,0,0,1,0,0,0,0,0,0,-,-,34.1336,-117.90882,LOS ANGELES,AZUSA,-117.90881003,34.13361006
8478715,2017,2017-11-03,1942,2017-09-29,0910,38273,1681,5,5,7,1942,0,0,0,P,0,21TL61,LAUREL CANYON BL,WEBB AV,25,N,N,A,-,N,NA,NA,NA,NA,NA,NA,NA,NA,NA,N,4,0,5,2,A,-,03,22350,NA,N,C,C,A,A,H,-,A,A,0,NA,NA,NA,NA,Y,NA,D,22,0,0,5,0,0,0,0,0,0,-,-,NA,NA,LOS ANGELES,LOS ANGELES,-118.39638712,34.2250695
8478717,2017,2017-11-15,1905,2017-09-11,0444,1165,315,1,5,4,1905,0,0,0,NA,0,002,WEST FOOTHILL BL,GEORGIA AV,300,W,N,B,-,N,NA,NA,NA,NA,NA,NA,NA,NA,NA,Y,4,0,1,3,A,-,03,22350,NA,N,C,E,A,A,H,-,C,A,0,NA,NA,NA,NA,Y,NA,A,01,0,0,1,0,0,0,0,0,0,-,-,34.13291,-117.91832,LOS ANGELES,AZUSA,-117.91937901,34.13367549
8478719,2017,2017-11-03,1942,2017-09-15,1544,40542,1663,5,5,7,1942,0,0,0,P,0,16A77,BRANFORD ST,SAN FERNANDO RD,15,E,N,A,-,N,NA,NA,NA,NA,NA,NA,NA,NA,NA,N,4,0,1,2,A,-,08,22107,NA,N,H,G,A,A,H,-,A,-,0,NA,Y,NA,NA,Y,NA,L,04,0,0,1,0,0,0,1,0,0,-,-,NA,NA,LOS ANGELES,LOS ANGELES,-118.40315262,34.248267
8478722,2017,2017-11-15,1900,2017-10-16,1210,279461,0455,1,5,6,1949,0,0,0,NA,0,45T1D,ALONDRA BL,MAIDSTONE AV,12,E,N,A,-,N,NA,NA,NA,NA,NA,NA,NA,NA,NA,Y,4,0,1,1,C,-,18,NA,NA,N,E,I,A,A,H,-,A,A,0,NA,NA,NA,NA,Y,NA,-,-,0,0,1,0,0,0,0,0,0,-,-,NA,NA,LOS ANGELES,NORWALK,-118.08684055,33.88767061
8478723,2017,2017-11-13,1900,2017-07-27,0100,615102,1124,4,5,6,1992,0,0,0,NA,0,112T2,AVE K-4,GADSDEN AV,5,W,N,A,-,N,NA,NA,NA,NA,NA,NA,NA,NA,NA,N,4,0,1,2,A,-,08,22100,A,N,C,B,D,A,H,-,C,A,0,Y,NA,NA,NA,Y,NA,-,99,0,0,1,0,1,0,0,0,0,-,-,NA,NA,LOS ANGELES,LANCASTER,-118.14345659,34.67121975
8478736,2017,2017-11-14,1905,2017-09-18,2032,1110,324,1,5,4,1905,0,0,0,NA,0,053,E ALOSTA AVE,CITRUS AV,199,W,N,A,-,N,NA,NA,NA,NA,NA,NA,NA,NA,NA,Y,3,0,5,2,A,-,01,23153,A,N,D,C,A,A,H,-,C,D,0,NA,NA,NA,NA,Y,Y,-,-,0,1,4,0,0,0,0,0,0,-,-,34.12911,-117.89183,LOS ANGELES,AZUSA,-117.89074174,34.12896291
8478740,2017,2017-11-14,1905,2017-09-18,0433,1164,721,1,5,4,1905,0,0,0,NA,0,002,N HILLTOP DR,VIEWCREST DR,0,NA,Y,A,-,N,NA,NA,NA,NA,NA,NA,NA,NA,NA,Y,3,0,2,2,A,-,09,21801,B,N,D,C,A,A,H,-,A,A,0,NA,NA,NA,NA,Y,NA,A,01,0,2,0,0,0,0,0,0,0,-,-,34.15044,-117.90481,LOS ANGELES,AZUSA,-117.90646009,34.14864003
8478744,2017,2017-11-14,1905,2017-09-18,1919,2019,421,1,5,4,1905,0,0,0,NA,0,062,EAST FOOTHILL BL,AZUSA AV,30,E,N,A,-,N,NA,NA,NA,NA,NA,NA,NA,NA,NA,N,4,0,1,2,D,-,00,NA,NA,M,B,B,E,A,H,-,B,A,0,Y,NA,NA,NA,Y,NA,-,-,0,0,1,0,1,0,0,0,0,-,-,34.13335,-117.90752,LOS ANGELES,AZUSA,-117.90744111,34.13360153
8478748,2017,2017-11-29,1905,2017-09-17,1717,1163,324,7,5,4,1905,0,0,0,NA,0,003,CITRUS AV,ALOSTA AV,132,N,N,A,-,N,NA,NA,NA,NA,NA,NA,NA,NA,NA,Y,4,0,5,2,C,-,18,NA,NA,N,C,C,A,A,H,-,A,D,0,NA,NA,NA,NA,Y,NA,-,-,0,0,5,0,0,0,0,0,0,-,-,34.12885,-117.89009,LOS ANGELES,AZUSA,-117.8901,34.12921186
8478752,2017,2017-11-14,1905,2017-09-27,0734,1156,121,3,5,4,1905,0,0,0,NA,0,001,W 1ST ST,N ALAMEDA AVE,0,NA,Y,A,-,N,NA,NA,NA,NA,NA,NA,NA,NA,NA,Y,4,0,1,2,A,-,09,21801,B,N,D,C,A,A,H,-,A,A,0,NA,NA,NA,NA,Y,NA,A,07,0,0,1,0,0,0,0,0,0,-,-,34.12161,-117.90632,LOS ANGELES,AZUSA,-117.90633001,34.12160011
8478756,2017,2017-11-14,1905,2017-09-29,1101,2019,443,5,5,4,1905,0,0,0,NA,0,001,ARROW HWY,CERRITOS AV,0,NA,Y,A,-,N,NA,NA,NA,NA,NA,NA,NA,NA,NA,Y,3,0,1,3,D,-,00,NA,NA,N,D,C,A,A,H,-,A,A,0,NA,NA,NA,NA,Y,NA,-,-,0,1,0,0,0,0,0,0,0,-,-,NA,NA,LOS ANGELES,AZUSA,-117.89896003,34.10677003
8478760,2017,2017-11-14,1905,2017-09-26,1408,1168,616,2,5,4,1905,0,0,0,NA,0,002,W SIERRA MADRE AV,TODD AV,36,E,N,A,-,N,NA,NA,NA,NA,NA,NA,NA,NA,NA,N,4,0,1,2,A,-,03,22350,NA,N,C,C,A,A,H,-,A,D,0,NA,NA,NA,NA,Y,NA,A,07,0,0,1,0,0,0,0,0,0,-,-,NA,NA,LOS ANGELES,AZUSA,-117.92483828,34.14338914
8478761,2017,2017-11-27,1900,2017-07-16,1252,525744,1137,7,5,6,1992,0,0,0,NA,0,111T1,DIVISION ST,AVENUE K,12,N,N,A,-,N,NA,NA,NA,NA,NA,NA,NA,NA,NA,N,4,0,1,2,A,-,03,22350,NA,N,C,C,A,A,H,-,A,A,0,NA,NA,NA,NA,Y,NA,A,NA,0,0,1,0,0,0,0,0,0,-,-,NA,NA,LOS ANGELES,LANCASTER,-118.13017042,34.6750229
8478762,2017,2017-11-13,1953,2017-07-15,1721,7508,1953,6,5,6,1953,0,0,0,NA,0,005,LAKE AV,CORSON ST,5,N,N,A,-,N,NA,NA,NA,NA,NA,NA,NA,NA,NA,Y,3,0,1,4,A,-,03,22350,NA,N,C,C,A,A,H,-,A,A,0,NA,NA,NA,NA,Y,NA,A,07,0,1,0,0,0,0,0,0,0,-,-,NA,NA,LOS ANGELES,PASADENA,-118.13237,34.15128371
8478764,2017,2017-11-14,1905,2017-09-27,0814,1092,223,3,5,4,1905,0,0,0,NA,0,003,N CERRITOS AVE,RODECKER DR,177,N,N,A,-,N,NA,NA,NA,NA,NA,NA,NA,NA,NA,N,3,0,1,2,A,-,05,21650,NA,N,D,G,A,A,H,-,A,D,0,NA,Y,NA,NA,Y,Y,L,04,0,1,0,0,0,0,1,0,0,-,-,34.12738,-117.89918,LOS ANGELES,AZUSA,-117.89935581,34.12709519
8478768,2017,2017-11-14,1925,2017-09-23,1253,20871,280,6,5,6,1925,0,0,0,NA,0,003,CHEVY CHASE DR,BOYNTON ST,13,E,N,A,-,N,NA,NA,NA,NA,NA,NA,NA,NA,NA,N,3,0,1,2,A,-,10,21950,A,N,G,B,B,A,H,-,A,A,0,Y,NA,NA,NA,Y,NA,A,01,0,1,0,0,1,0,0,0,0,-,-,NA,NA,LOS ANGELES,GLENDALE,-118.24903713,34.13367042
8478772,2017,2017-11-14,1925,2017-09-30,0956,25923,154,6,5,6,1925,0,0,0,NA,0,004,CHEVY CHASE DR,SOLWAY ST,350,E,N,A,-,N,NA,NA,NA,NA,NA,NA,NA,NA,NA,N,3,0,2,2,A,-,08,22107,NA,N,B,G,A,A,H,-,A,D,0,NA,Y,NA,NA,Y,NA,L,04,0,1,1,0,0,0,2,0,0,-,-,NA,NA,LOS ANGELES,GLENDALE,-118.22135033,34.15719364
8478774,2017,2017-11-15,1970,2017-07-29,1142,210,1970,6,5,4,1970,0,0,0,NA,0,004,FREMONT AV,BANK ST,0,NA,Y,A,-,N,NA,NA,NA,NA,NA,NA,NA,NA,NA,Y,4,0,1,2,D,-,00,NA,NA,N,C,C,A,A,G,-,A,A,0,NA,NA,NA,NA,Y,NA,-,-,0,0,1,0,0,0,0,0,0,-,-,NA,NA,LOS ANGELES,SOUTH PASADENA,-118.15317001,34.1099501
8478776,2017,2017-11-14,1925,2017-09-30,1643,25923,131,6,5,6,1925,0,0,0,NA,0,005,HONOLULU AV,WICKHAM WY,3,W,N,A,-,N,NA,NA,NA,NA,NA,NA,NA,NA,NA,N,4,0,1,2,A,-,11,21954,A,N,G,B,D,A,H,-,A,A,0,Y,NA,NA,NA,Y,Y,N,60,0,0,1,0,1,0,0,0,0,-,-,NA,NA,LOS ANGELES,GLENDALE,-118.23047848,34.20635424
8478778,2017,2017-11-15,1970,2017-07-27,1846,212,1970,4,5,4,1970,0,0,0,NA,0,002,FAIROAKS AV,HOPE ST,138,S,N,A,-,N,NA,NA,NA,NA,NA,NA,NA,NA,NA,N,4,0,1,2,A,-,03,22350,NA,N,C,C,A,A,H,-,B,A,0,NA,NA,NA,NA,Y,NA,A,01,0,0,1,0,0,0,0,0,0,-,-,NA,NA,LOS ANGELES,SOUTH PASADENA,-118.15033996,34.11647168
8478780,2017,2017-11-14,1905,2017-09-13,1759,1161,436,3,5,4,1905,0,0,0,NA,0,001,VINCENT AV,E LAXFORD RD,125,S,N,A,-,N,NA,NA,NA,NA,NA,NA,NA,NA,NA,Y,4,0,2,2,A,-,09,21804,A,N,D,C,A,A,H,-,A,D,0,NA,NA,NA,NA,Y,NA,A,01,0,0,2,0,0,0,0,0,0,-,-,34.10697,-117.92538,LOS ANGELES,AZUSA,-117.92536,34.10898731
8478782,2017,2017-11-15,1970,2017-07-24,1540,183,NA,1,5,4,1970,0,0,0,NA,0,004,HUNTINGTON DR,FREMONT AV,75,E,N,B,-,N,NA,NA,NA,NA,NA,NA,NA,NA,NA,N,4,0,1,2,A,-,08,22107,NA,N,B,C,A,A,H,-,A,A,0,NA,NA,Y,NA,Y,NA,-,NA,0,0,1,0,0,0,0,0,1,-,-,NA,NA,LOS ANGELES,SOUTH PASADENA,-118.15225275,34.10416786
8478786,2017,2017-11-13,1970,2017-07-19,2320,206,1970,3,5,4,1970,0,0,0,NA,0,004,OAK ST,WAYNE AV,72,W,N,A,-,N,NA,NA,NA,NA,NA,NA,NA,NA,NA,N,3,0,1,2,D,-,00,NA,NA,N,B,E,A,A,A,-,C,D,0,NA,Y,NA,NA,Y,NA,-,-,0,1,0,0,0,0,1,0,0,-,-,NA,NA,LOS ANGELES,SOUTH PASADENA,-118.1403673,34.10783576
8478790,2017,2017-11-15,1970,2017-07-17,1400,137,3,1,5,4,1970,0,0,0,NA,0,NA,PASADENA AV,PASADENA AV 100,0,NA,-,A,-,N,NA,NA,NA,NA,NA,NA,NA,NA,NA,N,4,0,1,2,A,-,03,22350,NA,N,C,-,A,A,H,-,A,D,0,NA,Y,NA,NA,Y,NA,L,04,0,0,1,0,0,0,1,0,0,-,-,NA,NA,LOS ANGELES,SOUTH PASADENA,-118.17473916,34.11212427
8478794,2017,2017-11-21,1900,2017-07-27,1628,602965,1123,4,5,6,1992,0,0,0,NA,0,112T1,10TH ST WEST,AVE J-8,39,S,N,A,-,N,NA,NA,NA,NA,NA,NA,NA,NA,NA,Y,4,0,1,2,A,-,08,22107,NA,F,B,C,A,A,H,-,A,D,0,NA,NA,NA,NA,Y,NA,A,01,0,0,1,0,0,0,0,0,0,-,-,NA,NA,LOS ANGELES,LANCASTER,-118.14814,34.68205306
8478798,2017,2017-11-15,1900,2017-07-25,2324,527056,1124,2,5,6,1992,0,0,0,NA,0,112T2,AVE L,10TH ST WEST,0,NA,Y,A,-,N,NA,NA,NA,NA,NA,NA,NA,NA,NA,N,4,0,1,2,A,-,03,22350,NA,F,C,C,A,A,H,-,C,A,0,NA,NA,NA,NA,Y,NA,A,01,0,0,1,0,0,0,0,0,0,-,-,NA,NA,LOS ANGELES,LANCASTER,-118.14779011,34.66036011
8478802,2017,2017-11-03,1900,2017-09-19,1230,517840,2618,2,5,6,1950,0,0,0,NA,0,264T1,10TH ST WEST,AV MALL,54,N,N,A,-,N,NA,NA,NA,NA,NA,NA,NA,NA,NA,N,4,0,1,2,A,-,08,22107,NA,N,D,I,A,A,H,-,A,D,0,NA,NA,NA,NA,Y,NA,D,22,0,0,1,0,0,0,0,0,0,-,-,NA,NA,LOS ANGELES,PALMDALE,-118.1478,34.60371807
8478806,2017,2017-11-02,1900,2017-09-19,1656,527193,2617,2,5,6,1950,0,0,0,NA,0,263T1,AVENUE N,55TH ST WEST,667,W,N,A,-,N,NA,NA,NA,NA,NA,NA,NA,NA,NA,Y,4,0,1,2,A,-,09,21801,A,N,C,C,A,A,H,-,A,A,0,NA,NA,NA,Y,Y,NA,F,26,0,0,1,0,0,0,0,0,0,-,-,NA,NA,LOS ANGELES,PALMDALE,-118.22981268,34.63084619
8478812,2017,2017-11-13,1900,2017-10-12,1235,540312,1625,4,5,5,1977,0,0,0,NA,0,168T,223RD ST,EDGAR ST,14,W,N,A,-,N,NA,NA,NA,NA,NA,NA,NA,NA,NA,N,3,0,1,2,A,-,09,21804,A,N,D,C,A,A,H,-,A,D,0,NA,NA,Y,Y,Y,NA,F,27,0,1,0,0,0,0,0,0,1,-,-,NA,NA,LOS ANGELES,CARSON,-118.255006,33.82432
8478816,2017,2017-11-13,1900,2017-10-11,0830,532438,1618,3,5,5,1977,0,0,0,NA,0,160T,CARSON ST,MAIN ST,250,E,N,A,-,N,NA,NA,NA,NA,NA,NA,NA,NA,NA,Y,4,0,5,4,A,-,03,22350,NA,N,C,C,A,A,H,-,A,D,0,NA,NA,NA,NA,Y,NA,I,09,0,0,5,0,0,0,0,0,0,-,-,NA,NA,LOS ANGELES,CARSON,-118.27808,33.83168
8478840,2017,2017-11-02,1900,2017-09-27,1435,281365,1614,3,5,5,1977,0,0,0,NA,0,164T1,VICTORIA ST,BROADWAY,40,E,N,A,-,N,NA,NA,NA,NA,NA,NA,NA,NA,NA,Y,4,0,1,2,A,-,21,22106,NA,N,C,A,A,A,A,H,A,C,0,NA,NA,Y,Y,Y,NA,G,25,0,0,1,0,0,0,0,0,1,-,-,NA,NA,LOS ANGELES,CARSON,-118.27838368,33.86428118
8478842,2017,2017-11-07,1942,2017-09-20,1840,42199,1804,3,5,7,1942,0,0,0,R,0,18A26,MANCHESTER AV,MCKINLEY AV,50,W,N,A,-,N,NA,NA,NA,NA,NA,NA,NA,NA,NA,N,3,0,1,2,A,-,11,21955,NA,N,A,B,D,A,H,-,B,D,0,Y,NA,NA,NA,Y,NA,N,60,0,1,0,0,1,0,0,0,0,-,-,NA,NA,LOS ANGELES,LOS ANGELES,-118.26097456,33.96014
8478850,2017,2017-11-21,1910,2017-10-04,1255,02230,NA,3,5,4,1910,0,0,0,NA,0,005,N ROXBURY DR,SOUTH SANTA MONICA BL,55,S,N,A,-,N,NA,NA,NA,NA,NA,NA,NA,NA,NA,N,4,0,2,4,A,-,03,22350,NA,N,C,C,A,A,H,-,A,A,0,NA,NA,NA,NA,Y,NA,A,01,0,0,2,0,0,0,0,0,0,-,-,NA,NA,LOS ANGELES,BEVERLY HILLS,-118.40725997,34.06842011
8478857,2017,2017-11-03,1900,2017-10-01,1025,517840,2607,7,5,6,1950,0,0,0,NA,0,264T1,AVENUE R,PISCES CIR,0,NA,Y,A,-,N,NA,NA,NA,NA,NA,NA,NA,NA,NA,Y,3,0,2,3,A,-,04,21703,NA,M,C,C,A,A,H,-,A,A,0,NA,NA,NA,NA,Y,NA,A,01,0,2,0,0,0,0,0,0,0,-,-,NA,NA,LOS ANGELES,PALMDALE,-118.05651008,34.57316003
8478865,2017,2017-11-03,1900,2017-09-19,0950,517840,2611,2,5,6,1950,0,0,0,NA,0,264T1,AVENUE S,5TH ST EAST,0,NA,Y,A,-,N,NA,NA,NA,NA,NA,NA,NA,NA,NA,Y,4,0,1,3,A,-,03,22350,NA,N,C,C,A,A,H,-,A,A,0,NA,NA,NA,NA,Y,NA,A,01,0,0,1,0,0,0,0,0,0,-,-,NA,NA,LOS ANGELES,PALMDALE,-118.12041006,34.55799008
8478869,2017,2017-11-03,1900,2017-09-21,1356,517840,2607,4,5,6,1950,0,0,0,NA,0,264T1,45TH ST EAST,PENCA AV,0,NA,Y,A,-,N,NA,NA,NA,NA,NA,NA,NA,NA,NA,Y,4,0,1,1,A,-,08,22107,NA,N,E,I,A,A,H,-,A,D,0,NA,NA,NA,NA,Y,NA,D,22,0,0,1,0,0,0,0,0,0,-,-,NA,NA,LOS ANGELES,PALMDALE,-118.04970004,34.54595011
8478877,2017,2017-11-03,1900,2017-09-19,1329,517840,2607,2,5,6,1950,0,0,0,NA,0,264T1,50TH ST EAST,PALMDALE BL,1056,N,N,A,-,N,NA,NA,NA,NA,NA,NA,NA,NA,NA,Y,3,0,1,1,A,-,08,22107,NA,N,F,I,A,A,H,-,A,D,0,NA,NA,NA,NA,Y,NA,D,22,0,1,0,0,0,0,0,0,0,-,-,NA,NA,LOS ANGELES,PALMDALE,-118.0406,34.57996
8478885,2017,2017-11-09,1953,2017-06-08,1305,MEEKS565,1953,4,5,6,1953,0,0,0,NA,0,002,WASHINGTON BL,MARENGO AV,0,NA,N,A,-,N,NA,NA,NA,NA,NA,NA,NA,NA,NA,N,4,0,1,2,A,-,17,22517,NA,N,B,C,A,A,H,-,C,D,0,NA,NA,NA,NA,Y,NA,A,01,0,0,1,0,0,0,0,0,0,-,-,NA,NA,LOS ANGELES,PASADENA,-118.14618001,34.16888003
8478889,2017,2017-11-09,1924,2017-06-25,1753,111894,21,7,5,5,1924,0,0,0,NA,0,8A31S,VAN NESS AV,MARINE AV,0,NA,Y,A,-,N,NA,NA,NA,NA,NA,NA,NA,NA,NA,Y,3,0,3,2,A,-,09,21801,A,N,A,C,A,A,H,-,A,A,0,NA,NA,NA,NA,Y,NA,A,07,0,1,2,0,0,0,0,0,0,-,-,33.89467,-118.31783,LOS ANGELES,GARDENA,-118.3178701,33.89466004
8478905,2017,2017-11-09,1900,2017-05-04,0930,533005,1334,4,5,5,1908,0,0,0,NA,0,133T1,BELLFLOWER BL,FLOWER ST,20,N,N,A,-,N,NA,NA,NA,NA,NA,NA,NA,NA,NA,Y,3,0,1,2,A,-,04,21703,NA,N,C,C,A,A,H,-,A,A,0,NA,NA,NA,NA,Y,NA,A,01,0,1,0,0,0,0,0,0,0,-,-,NA,NA,LOS ANGELES,BELLFLOWER,-118.12528,33.88211484
8478932,2017,2017-11-14,1970,2017-08-05,0314,192,1970,6,5,4,1970,0,0,0,NA,0,002,FAIR OAKS AV,MOUND AV,30,N,N,A,-,N,NA,NA,NA,NA,NA,NA,NA,NA,NA,Y,3,0,1,1,A,-,08,22107,NA,N,E,I,A,A,H,-,C,D,0,NA,NA,NA,NA,Y,NA,A,01,0,1,0,0,0,0,0,0,0,-,-,NA,NA,LOS ANGELES,SOUTH PASADENA,-118.15030925,34.12020226
8478936,2017,2017-11-08,1970,2017-08-12,0205,192,1970,6,5,4,1970,0,0,0,NA,0,001,HERMOSA ST,COLUMBIA ST,190,S,N,A,-,N,NA,NA,NA,NA,NA,NA,NA,NA,NA,Y,3,0,1,1,A,-,08,22107,A,N,E,I,A,A,H,-,C,D,0,NA,NA,NA,NA,Y,NA,A,01,0,1,0,0,0,0,0,0,0,-,-,NA,NA,LOS ANGELES,SOUTH PASADENA,-118.16001028,34.12358337