CASE_ID,ACCIDENT_YEAR,PROC_DATE,JURIS,COLLISION_DATE,COLLISION_TIME,OFFICER_ID,REPORTING_DISTRICT,DAY_OF_WEEK,CHP_SHIFT,POPULATION,CNTY_CITY_LOC,SPECIAL_COND,BEAT_TYPE,CHP_BEAT_TYPE,CITY_DIVISION_LAPD,CHP_BEAT_CLASS,BEAT_NUMBER,PRIMARY_RD,SECONDARY_RD,DISTANCE,DIRECTION,INTERSECTION,WEATHER_1,WEATHER_2,STATE_HWY_IND,CALTRANS_COUNTY,CALTRANS_DISTRICT,STATE_ROUTE,ROUTE_SUFFIX,POSTMILE_PREFIX,POSTMILE,LOCATION_TYPE,RAMP_INTERSECTION,SIDE_OF_HWY,TOW_AWAY,COLLISION_SEVERITY,NUMBER_KILLED,NUMBER_INJURED,PARTY_COUNT,PRIMARY_COLL_FACTOR,PCF_CODE_OF_VIOL,PCF_VIOL_CATEGORY,PCF_VIOLATION,PCF_VIOL_SUBSECTION,HIT_AND_RUN,TYPE_OF_COLLISION,MVIW,PED_ACTION,ROAD_SURFACE,ROAD_COND_1,ROAD_COND_2,LIGHTING,CONTROL_DEVICE,CHP_ROAD_TYPE,PEDESTRIAN_ACCIDENT,BICYCLE_ACCIDENT,MOTORCYCLE_ACCIDENT,TRUCK_ACCIDENT,NOT_PRIVATE_PROPERTY,ALCOHOL_INVOLVED,STWD_VEHTYPE_AT_FAULT,CHP_VEHTYPE_AT_FAULT,COUNT_SEVERE_INJ,COUNT_VISIBLE_INJ,COUNT_COMPLAINT_PAIN,COUNT_PED_KILLED,COUNT_PED_INJURED,COUNT_BICYCLIST_KILLED,COUNT_BICYCLIST_INJURED,COUNT_MC_KILLED,COUNT_MC_INJURED,PRIMARY_RAMP,SECONDARY_RAMP,LATITUDE,LONGITUDE,COUNTY,CITY,POINT_X,POINT_Y
8479131,2017,2017-11-14,1942,2017-08-23,0755,35291,0239,3,5,7,1942,0,0,0,B,0,24TL26,TEMPLE ST,BEAUDRY AV,0,NA,Y,A,-,N,NA,NA,NA,NA,NA,NA,NA,NA,NA,Y,3,0,1,2,A,-,09,21801,A,N,A,C,A,A,H,-,A,A,0,NA,NA,NA,NA,Y,NA,A,01,0,1,0,0,0,0,0,0,0,-,-,NA,NA,LOS ANGELES,LOS ANGELES,-118.2513601,34.0632001
8479133,2017,2017-11-01,1942,2017-09-03,1430,41274,1635,7,5,7,1942,0,0,0,P,0,16A35,WENTWORTH ST,WHEATLAND AV,0,NA,Y,A,-,N,NA,NA,NA,NA,NA,NA,NA,NA,NA,Y,4,0,3,2,A,-,09,21802,A,N,D,C,A,A,H,-,A,D,0,NA,NA,NA,NA,Y,NA,A,01,0,0,3,0,0,0,0,0,0,-,-,NA,NA,LOS ANGELES,LOS ANGELES,-118.35419012,34.26593011
8479135,2017,2017-11-13,1942,2017-08-29,1500,39453,1801,2,5,7,1942,0,0,0,R,0,18A41,93RD ST,FIGUERAS ST,24,E,N,A,-,N,NA,NA,NA,NA,NA,NA,NA,NA,NA,Y,3,0,2,2,A,-,09,21802,A,N,D,C,A,A,H,-,A,A,0,NA,NA,NA,NA,Y,NA,A,01,0,1,1,0,0,0,0,0,0,-,-,NA,NA,LOS ANGELES,LOS ANGELES,-118.28264102,33.9519
8479137,2017,2017-11-01,1942,2017-09-02,1709,40542,1636,6,5,7,1942,0,0,0,P,0,16A35,FOOTHILL BL,WENTWORTH ST,200,W,N,F,-,N,NA,NA,NA,NA,NA,NA,NA,NA,NA,N,3,0,2,2,A,-,08,22107,NA,N,D,C,A,A,G,-,A,D,0,NA,NA,Y,NA,Y,NA,A,01,0,2,0,0,0,0,0,0,2,-,-,NA,NA,LOS ANGELES,LOS ANGELES,-118.33358317,34.26530991
8479139,2017,2017-11-13,1942,2017-08-27,1645,38019,1842,7,5,7,1942,0,0,0,R,0,18X4,MAIN ST,109TH ST,0,NA,Y,A,-,N,NA,NA,NA,NA,NA,NA,NA,NA,NA,N,4,0,4,2,A,-,03,22350,NA,N,C,C,A,A,H,-,A,D,0,NA,NA,NA,NA,Y,NA,A,01,0,0,4,0,0,0,0,0,0,-,-,NA,NA,LOS ANGELES,LOS ANGELES,-118.27388008,33.93740002
8479141,2017,2017-11-01,1942,2017-09-26,0740,39217,1612,2,5,7,1942,0,0,0,P,0,16A11,HERRICK AV,FILMORE ST,0,NA,Y,A,-,N,NA,NA,NA,NA,NA,NA,NA,NA,NA,N,4,0,1,2,A,-,10,21950,A,N,G,-,B,A,H,-,A,A,0,Y,NA,NA,NA,Y,NA,A,07,0,0,1,0,1,0,0,0,0,-,-,NA,NA,LOS ANGELES,LOS ANGELES,-118.41814007,34.27425008
8479143,2017,2017-11-13,1942,2017-08-23,0635,42925,1826,3,5,7,1942,0,0,0,R,0,18A49,COMPTON AV,CENTURY,16,S,N,A,-,N,NA,NA,NA,NA,NA,NA,NA,NA,NA,N,4,0,1,2,A,-,03,22350,NA,N,C,C,A,A,H,-,B,A,0,NA,NA,NA,NA,Y,NA,A,01,0,0,1,0,0,0,0,0,0,-,-,NA,NA,LOS ANGELES,LOS ANGELES,-118.24623,33.94571612
8479145,2017,2017-11-01,1942,2017-09-01,1601,40542,1569,5,5,7,1942,0,0,0,O,0,15A67,RIVERSIDE DR,FORMAN AV,0,NA,Y,A,-,N,NA,NA,NA,NA,NA,NA,NA,NA,NA,Y,3,0,1,2,A,-,12,21453,A,N,D,E,A,A,H,-,A,D,0,NA,NA,NA,NA,Y,NA,A,01,0,1,0,0,0,0,0,0,0,-,-,NA,NA,LOS ANGELES,LOS ANGELES,-118.35273008,34.15221011
8479147,2017,2017-11-13,1942,2017-08-28,0650,42867,NA,1,5,7,1942,0,0,0,NA,0,NA,FIGUEROA ST,ROSECRANS,0,NA,Y,A,-,N,NA,NA,NA,NA,NA,NA,NA,NA,NA,N,4,0,1,2,A,-,09,21801,A,N,A,C,A,A,H,-,A,A,0,NA,NA,NA,NA,Y,NA,A,01,0,0,1,0,0,0,0,0,0,-,-,NA,NA,LOS ANGELES,LOS ANGELES,-118.28278006,33.90189004
8479149,2017,2017-11-01,1942,2017-09-24,2000,42473,1651,7,5,7,1942,0,0,0,P,0,16A35,LAUREL CYN BL,MONTAGUE ST,30,N,N,A,-,N,NA,NA,NA,NA,NA,NA,NA,NA,NA,Y,4,0,1,2,A,-,09,21804,A,N,D,C,A,A,H,-,C,D,0,NA,NA,NA,NA,Y,NA,A,01,0,0,1,0,0,0,0,0,0,-,-,NA,NA,LOS ANGELES,LOS ANGELES,-118.41639683,34.24394075
8479151,2017,2017-11-13,1942,2017-08-28,1300,42809,1881,1,5,7,1942,0,0,0,R,0,18X36,VERMONT AV,MAGNOLIA AV,435,N,N,A,-,N,NA,NA,NA,NA,NA,NA,NA,NA,NA,N,4,0,3,2,A,-,03,22350,NA,N,C,C,A,A,H,-,A,D,0,NA,NA,NA,NA,Y,Y,-,NA,0,0,3,0,0,0,0,0,0,-,-,NA,NA,LOS ANGELES,LOS ANGELES,-118.2919327,33.89002222
8479153,2017,2017-11-01,1942,2017-09-28,0859,41857,16,4,5,7,1942,0,0,0,P,0,1641,VAN NUYS BL,RINCON AV,4,N,N,A,-,N,NA,NA,NA,NA,NA,NA,NA,NA,NA,N,4,0,1,2,A,-,03,22350,NA,N,H,G,A,A,H,-,A,D,0,NA,Y,NA,NA,Y,NA,L,04,0,0,1,0,0,0,1,0,0,-,-,NA,NA,LOS ANGELES,LOS ANGELES,-118.43130005,34.25938722
8479155,2017,2017-11-13,1942,2017-08-28,1715,42649,1824,1,5,7,1942,0,0,0,R,0,18X96,MICKINLEY,COLDEN,3,N,N,A,-,N,NA,NA,NA,NA,NA,NA,NA,NA,NA,Y,3,0,1,4,A,-,03,22350,NA,N,B,E,A,A,H,-,A,D,0,NA,NA,NA,NA,Y,NA,A,01,0,1,0,0,0,0,0,0,0,-,-,NA,NA,LOS ANGELES,LOS ANGELES,-118.26082933000001,33.94927821
8479157,2017,2017-11-01,1942,2017-09-02,2025,41151,1681,6,5,7,1942,0,0,0,P,0,16A81,ROSCOE BL,LAUREL CYN,0,NA,Y,A,-,N,NA,NA,NA,NA,NA,NA,NA,NA,NA,N,4,0,4,3,A,-,12,21453,A,N,D,C,A,A,H,-,D,A,0,NA,NA,NA,NA,Y,NA,A,01,0,0,4,0,0,0,0,0,0,-,-,NA,NA,LOS ANGELES,LOS ANGELES,-118.39651003,34.22165005
8479159,2017,2017-11-09,1900,2017-10-04,1530,606643,1616,3,5,5,1977,0,0,0,NA,0,164T1,DEL AMO BL,ALVO AV,600,W,N,A,-,N,NA,NA,NA,NA,NA,NA,NA,NA,NA,Y,3,0,1,2,A,-,06,21755,NA,N,D,C,A,A,H,-,A,D,0,NA,NA,NA,Y,Y,NA,A,01,0,1,0,0,0,0,0,0,0,-,-,NA,NA,LOS ANGELES,CARSON,-118.24062208,33.84686002
8479161,2017,2017-11-01,1942,2017-09-10,1610,42463,1612,7,5,7,1942,0,0,0,P,0,16X2,PAXTON ST,GLENOAKS BL,0,NA,Y,A,-,N,NA,NA,NA,NA,NA,NA,NA,NA,NA,N,3,0,1,2,A,-,05,21650,1,N,A,G,A,A,H,-,A,D,0,NA,Y,NA,NA,Y,NA,L,04,0,1,0,0,0,0,1,0,0,-,-,NA,NA,LOS ANGELES,LOS ANGELES,-118.41801,34.27965007
8479163,2017,2017-11-13,1900,2017-10-09,2329,531403,1024,1,5,5,1977,0,0,0,NA,0,167T1,AVALON BL,IDABEL AVE,90,W,N,A,-,N,NA,NA,NA,NA,NA,NA,NA,NA,NA,Y,3,0,1,5,A,-,08,22107,NA,N,B,E,A,A,H,-,C,D,0,NA,NA,NA,NA,Y,NA,D,22,0,1,0,0,0,0,0,0,0,-,-,NA,NA,LOS ANGELES,CARSON,-118.26407,33.81119
8479165,2017,2017-11-01,1942,2017-09-09,2145,42744,1645,6,5,7,1942,0,0,0,P,0,16A23,OSBORNE ST,GLENOAKS BL,870,E,N,A,-,N,NA,NA,NA,NA,NA,NA,NA,NA,NA,Y,4,0,2,2,A,-,07,21658,A,N,D,C,A,A,H,-,C,D,0,NA,NA,NA,NA,Y,NA,A,01,0,0,2,0,0,0,0,0,0,-,-,NA,NA,LOS ANGELES,LOS ANGELES,-118.40091248,34.26690303
8479169,2017,2017-11-01,1942,2017-09-08,1045,42900,1612,5,5,7,1942,0,0,0,P,0,16A11,PAXTON ST,BRADLEY,3,E,N,A,-,N,NA,NA,NA,NA,NA,NA,NA,NA,NA,N,2,0,1,2,A,-,12,21453,A,N,G,B,B,A,H,-,A,A,0,Y,NA,NA,NA,Y,NA,N,60,1,0,0,0,1,0,0,0,0,-,-,NA,NA,LOS ANGELES,LOS ANGELES,-118.42457254,34.27486542
8479173,2017,2017-11-01,1942,2017-09-14,1945,39823,1657,4,5,7,1942,0,0,0,P,0,16X78,TUJUNGA CANYON BL,COMMERCE AV,50,W,N,A,-,N,NA,NA,NA,NA,NA,NA,NA,NA,NA,N,2,0,1,2,A,-,07,21658,A,N,B,C,A,A,H,-,B,D,0,NA,NA,Y,NA,Y,NA,A,01,1,0,0,0,0,0,0,0,1,-,-,NA,NA,LOS ANGELES,LOS ANGELES,-118.28879409,34.25024538
8479177,2017,2017-11-01,1942,2017-09-18,0930,41447,1681,1,5,7,1942,0,0,0,P,0,16A81,ROSCOE BL,WHITSETT AV,0,NA,Y,A,-,N,NA,NA,NA,NA,NA,NA,NA,NA,NA,Y,4,0,1,2,A,-,09,21801,A,N,A,C,A,A,H,-,A,A,0,NA,NA,NA,NA,Y,NA,A,01,0,0,1,0,0,0,0,0,0,-,-,NA,NA,LOS ANGELES,LOS ANGELES,-118.40527012,34.22166004
8479181,2017,2017-11-01,1942,2017-09-29,1315,42939,1675,5,5,7,1942,0,0,0,P,0,16A81,VINEDALE ST,GLENOAKS BL,0,NA,Y,A,-,N,NA,NA,NA,NA,NA,NA,NA,NA,NA,N,2,0,1,2,D,-,00,NA,NA,N,G,B,B,A,H,-,A,A,0,Y,NA,NA,NA,Y,NA,-,-,1,0,0,0,1,0,0,0,0,-,-,NA,NA,LOS ANGELES,LOS ANGELES,-118.36527,34.22866008
8479185,2017,2017-11-01,1942,2017-09-23,1340,42571,1668,6,5,7,1942,0,0,0,P,0,16X2,TUJUNGA CANYON BL,PALI AV,0,NA,Y,A,-,N,NA,NA,NA,NA,NA,NA,NA,NA,NA,Y,4,0,1,2,A,-,09,21802,A,N,D,C,A,A,H,-,A,D,0,NA,NA,NA,NA,Y,NA,A,01,0,0,1,0,0,0,0,0,0,-,-,NA,NA,LOS ANGELES,LOS ANGELES,-118.27057007,34.23710004
8479189,2017,2017-10-31,1942,2017-09-05,2245,42716,1651,2,5,7,1942,0,0,0,P,0,16A89,LAUREL CANYON BL,MONTAGUE ST,5,N,N,A,-,N,NA,NA,NA,NA,NA,NA,NA,NA,NA,Y,3,0,1,2,A,-,09,21801,A,N,A,C,A,A,H,-,C,A,0,NA,NA,NA,NA,Y,NA,A,07,0,1,0,0,0,0,0,0,0,-,-,NA,NA,LOS ANGELES,LOS ANGELES,-118.41634114,34.24389013
8479193,2017,2017-10-31,1942,2017-09-05,1325,42314,1622,2,5,7,1942,0,0,0,P,0,16A11,PAXTON ST,SAN FERNANDO RD,100,E,N,A,-,N,NA,NA,NA,NA,NA,NA,NA,NA,NA,N,4,0,2,2,A,-,03,22350,NA,N,C,C,A,A,H,-,A,D,0,NA,NA,NA,NA,Y,NA,A,01,0,0,2,0,0,0,0,0,0,-,-,NA,NA,LOS ANGELES,LOS ANGELES,-118.42820478,34.27221381
8479197,2017,2017-10-31,1942,2017-09-02,1310,42920,1659,6,5,7,1942,0,0,0,P,0,16A59,FOOTHILL BL,SALUDA AV,0,NA,Y,A,-,N,NA,NA,NA,NA,NA,NA,NA,NA,NA,N,4,0,1,2,A,-,09,21801,B,N,B,C,A,A,H,-,A,D,0,NA,NA,NA,NA,Y,NA,A,07,0,0,1,0,0,0,0,0,0,-,-,NA,NA,LOS ANGELES,LOS ANGELES,-118.26833005,34.24178006
8479207,2017,2017-10-27,1942,2017-10-02,1000,35161,808,1,5,7,1942,0,0,0,NA,0,8A35,SAN YSIDRO DR,PEAVINE DR,100,S,N,A,-,N,NA,NA,NA,NA,NA,NA,NA,NA,NA,N,3,0,1,2,A,-,08,22107,NA,N,B,C,A,A,H,-,A,D,0,NA,NA,NA,NA,Y,NA,A,01,0,1,0,0,0,0,0,0,0,-,-,NA,NA,LOS ANGELES,LOS ANGELES,-118.42422847,34.1024265
8479211,2017,2017-10-27,1942,2017-10-01,0210,41976,0831,7,5,7,1942,0,0,0,H,0,8A13,SAN VICENTE BL,BRISTOL AV,0,NA,Y,A,-,N,NA,NA,NA,NA,NA,NA,NA,NA,NA,Y,3,0,1,2,A,-,03,22350,A,N,C,C,A,A,H,-,C,D,0,NA,NA,NA,NA,Y,NA,A,01,0,1,0,0,0,0,0,0,0,-,-,NA,NA,LOS ANGELES,LOS ANGELES,-118.48530012,34.04979005
8479215,2017,2017-10-27,1942,2017-10-02,0804,42674,0804,1,5,7,1942,0,0,0,H,0,8EL2,WILSHIRE BL,SEPULVEDA BL,530,W,N,A,-,N,NA,NA,NA,NA,NA,NA,NA,NA,NA,N,4,0,1,2,A,-,04,21703,NA,N,C,C,A,A,H,-,A,D,0,NA,NA,NA,NA,Y,NA,A,07,0,0,1,0,0,0,0,0,0,-,-,NA,NA,LOS ANGELES,LOS ANGELES,-118.45204,34.05586
8479219,2017,2017-10-27,1942,2017-10-03,1100,35161,0822,2,5,7,1942,0,0,0,H,0,8A35,W SUNSET BL,LAS CASAS AV,30,E,N,A,-,N,NA,NA,NA,NA,NA,NA,NA,NA,NA,N,4,0,2,2,A,-,04,21703,NA,N,C,C,A,A,H,-,A,D,0,NA,NA,NA,NA,Y,NA,A,01,0,0,2,0,0,0,0,0,0,-,-,NA,NA,LOS ANGELES,LOS ANGELES,-118.54163306,34.04853616
8479223,2017,2017-11-09,1942,2017-10-02,2115,41123,0819,1,5,7,1942,0,0,0,H,0,8A36,SUNSET BL,BEVERLY GLEN BL,0,NA,Y,A,-,N,NA,NA,NA,NA,NA,NA,NA,NA,NA,Y,3,0,1,2,A,-,00,22453,A,N,-,C,A,A,H,-,C,A,0,NA,NA,NA,NA,Y,NA,-,-,0,1,0,0,0,0,0,0,0,-,-,NA,NA,LOS ANGELES,LOS ANGELES,-118.43542003,34.08084011
8479227,2017,2017-10-27,1942,2017-10-02,1750,42658,2036,1,5,7,1942,0,0,0,NA,0,20A16,8TH ST,CATALINA ST,0,NA,Y,A,-,N,NA,NA,NA,NA,NA,NA,NA,NA,NA,N,3,0,1,4,A,-,11,21106,B,N,G,B,B,A,H,-,A,D,0,Y,NA,NA,NA,Y,NA,N,60,0,1,0,0,1,0,0,0,0,-,-,NA,NA,LOS ANGELES,LOS ANGELES,-118.29539009,34.05774011
8479270,2017,2017-10-30,1941,2017-09-28,1538,11021,NA,4,5,7,1941,0,0,0,NA,0,NA,DEL AMO,GARDENIA AV,0,NA,Y,A,-,N,NA,NA,NA,NA,NA,NA,NA,NA,NA,N,4,0,1,2,A,-,09,21801,A,N,D,C,A,A,H,-,A,D,0,NA,NA,NA,NA,Y,NA,A,NA,0,0,1,0,0,0,0,0,0,-,-,NA,NA,LOS ANGELES,LONG BEACH,-118.16923,33.84703007
8479291,2017,2018-06-15,1941,2017-10-07,1245,10050,NA,6,5,7,1941,0,0,0,NA,0,NA,LAKEWOOD,PACIFIC COAST HWY,0,NA,Y,A,-,Y,LA,7,1,-,-,3.585,I,5,N,N,3,0,3,2,A,-,03,22350,NA,M,C,C,A,A,H,-,A,D,0,NA,NA,NA,NA,Y,NA,-,NA,0,1,2,0,0,0,0,0,0,-,-,NA,NA,LOS ANGELES,LONG BEACH,-118.14309855,33.79019235
8479311,2017,2017-10-26,1941,2017-10-10,0820,5555,NA,2,5,7,1941,0,0,0,NA,0,NA,HARDING ST,ORANGE AV,0,NA,Y,-,-,N,NA,NA,NA,NA,NA,NA,NA,NA,NA,Y,4,0,1,2,A,-,12,21453,A,N,D,D,A,A,H,-,A,A,0,NA,NA,NA,NA,Y,NA,-,NA,0,0,1,0,0,0,0,0,0,-,-,NA,NA,LOS ANGELES,LONG BEACH,-118.17734007,33.86733001
8479321,2017,2017-10-30,1941,2017-10-13,1958,10953,NA,5,5,7,1941,0,0,0,NA,0,NA,XIMENO AV,7TH ST,0,NA,Y,A,-,N,NA,NA,NA,NA,NA,NA,NA,NA,NA,Y,2,0,2,2,A,-,08,22107,NA,N,D,C,A,A,H,-,C,A,0,NA,NA,Y,NA,Y,NA,A,NA,2,0,0,0,0,0,0,0,2,-,-,NA,NA,LOS ANGELES,LONG BEACH,-118.14158,33.77533011
8479325,2017,2017-10-30,1941,2017-10-12,0921,6204,NA,4,5,7,1941,0,0,0,NA,0,NA,PACIFIC COAST HWY,TRAFFIC CIR,0,NA,Y,A,-,N,NA,NA,NA,NA,NA,NA,NA,NA,NA,Y,4,0,1,2,A,-,04,21703,NA,N,C,C,A,A,H,-,A,A,0,NA,NA,NA,NA,Y,NA,A,NA,0,0,1,0,0,0,0,0,0,-,-,NA,NA,LOS ANGELES,LONG BEACH,-118.143159,33.789847
8479395,2017,2018-01-09,1942,2017-10-22,2055,41056,0392,7,5,7,1942,0,0,0,C,0,25T21,CRENSHAW BL,48TH ST,48,N,N,A,-,N,NA,NA,NA,NA,NA,NA,NA,NA,NA,Y,4,0,3,2,A,-,01,23152,A,N,E,I,A,A,H,-,C,A,0,NA,NA,NA,NA,Y,Y,A,01,0,0,3,0,0,0,0,0,0,-,-,NA,NA,LOS ANGELES,LOS ANGELES,-118.330964,34.000135
8479402,2017,2017-11-21,1942,2017-08-25,0055,42498,1864,5,5,7,1942,0,0,0,R,0,18A41,IMPERIAL HWY,AVALON BL,50,NA,N,A,-,N,NA,NA,NA,NA,NA,NA,NA,NA,NA,Y,4,0,1,2,A,-,09,21804,A,N,D,C,A,A,-,-,B,A,0,NA,NA,NA,NA,Y,NA,I,12,0,0,1,0,0,0,0,0,0,-,-,NA,NA,LOS ANGELES,LOS ANGELES,-118.26518013,33.93104008
8479406,2017,2018-06-11,1942,2017-08-26,1510,41576,1842,6,5,7,1942,0,0,0,R,0,18A34,EL SEGUNDO,RT 110,30,E,N,A,-,Y,LA,7,110,-,-,12.715,R,4,S,N,4,0,1,2,A,-,08,22107,NA,N,B,C,A,A,H,-,A,D,0,NA,NA,NA,Y,Y,NA,A,01,0,0,1,0,0,0,0,0,0,-,-,NA,NA,LOS ANGELES,LOS ANGELES,-118.28661518,33.91418284
8479424,2017,2017-11-07,1942,2017-09-19,1230,41923,1243,2,5,7,1942,0,0,0,L,0,12A45,W 68TH ST,SAINT ANDREWS PL,221,E,N,A,-,N,NA,NA,NA,NA,NA,NA,NA,NA,NA,Y,3,0,2,2,A,-,03,22350,NA,N,C,E,A,A,H,-,A,D,0,NA,NA,NA,NA,Y,NA,A,01,0,1,1,0,0,0,0,0,0,-,-,NA,NA,LOS ANGELES,LOS ANGELES,-118.31046252,33.97780159
8479426,2017,2017-11-27,1942,2017-09-25,0534,42358,1846,1,5,7,1942,0,0,0,R,0,18A3,IMPERIAL HWY,COMPTON,205,W,N,A,-,N,NA,NA,NA,NA,NA,NA,NA,NA,NA,Y,3,0,1,3,B,-,22,NA,NA,N,C,E,A,A,H,-,A,D,0,NA,NA,NA,Y,Y,NA,-,-,0,1,0,0,0,0,0,0,0,-,-,NA,NA,LOS ANGELES,LOS ANGELES,-118.24695445,33.92949
8479432,2017,2017-11-02,1942,2017-09-22,1718,41849,1249,5,5,7,1942,0,0,0,L,0,12X18,GAGE AV,HOOVER ST,0,W,N,A,-,N,NA,NA,NA,NA,NA,NA,NA,NA,NA,N,4,0,1,2,A,-,03,22350,NA,N,C,C,A,A,H,-,A,A,0,NA,NA,NA,NA,Y,NA,H,13,0,0,1,0,0,0,0,0,0,-,-,NA,NA,LOS ANGELES,LOS ANGELES,-118.28708003,33.9825101
8479436,2017,2017-11-07,1942,2017-09-26,1010,38503,1219,2,5,7,1942,0,0,0,L,0,12A15,S FLOWER ST,W 54TH ST,0,NA,Y,A,-,N,NA,NA,NA,NA,NA,NA,NA,NA,NA,Y,3,0,1,3,A,-,12,22450,A,N,D,C,A,A,H,-,A,A,0,NA,NA,NA,NA,Y,NA,D,22,0,1,0,0,0,0,0,0,0,-,-,NA,NA,LOS ANGELES,LOS ANGELES,-118.28091004,33.99329011
8479465,2017,2017-10-31,1951,2017-10-13,1047,735,NA,5,5,3,1951,0,0,0,NA,0,011,PALOS VERDES DR W,PASEO DEL MAR,0,NA,Y,A,-,N,NA,NA,NA,NA,NA,NA,NA,NA,NA,Y,3,0,3,2,A,-,09,21802,A,N,D,C,A,A,H,-,A,A,0,NA,NA,NA,NA,Y,NA,A,07,0,1,2,0,0,0,0,0,0,-,-,NA,NA,LOS ANGELES,PALOS VERDES EST,-118.41046006,33.78838001
8479488,2017,2018-04-10,1942,2017-06-15,1500,34922,1565,4,5,7,1942,0,0,0,O,0,15A67,VINELAND AV,RT 101,15,S,N,A,-,Y,LA,7,101,-,-,11.154,R,2,S,Y,3,0,1,3,A,-,07,21658,A,N,-,C,A,A,H,-,A,D,0,NA,NA,NA,NA,Y,NA,A,01,0,1,0,0,0,0,0,0,0,-,SO,NA,NA,LOS ANGELES,LOS ANGELES,-118.37067451,34.14704494
8479509,2017,2017-10-31,1967,2017-10-09,0837,136,NA,1,5,2,1967,0,0,0,NA,0,NORTH,WALNUT AV,SPRING,0,NA,Y,A,-,N,NA,NA,NA,NA,NA,NA,NA,NA,NA,Y,4,0,1,2,A,-,09,21801,A,N,D,C,A,A,H,-,A,A,0,NA,NA,NA,NA,Y,NA,A,01,0,0,1,0,0,0,0,0,0,-,-,NA,NA,LOS ANGELES,SIGNAL HILL,-118.17196003,33.811670050000004
8479565,2017,2017-10-31,1942,2017-08-24,1950,36336,2035,4,5,7,1942,0,0,0,NA,0,7T23,WILSHIRE BL,ALEXANDRIA AV,130,E,N,A,-,N,NA,NA,NA,NA,NA,NA,NA,NA,NA,N,4,0,1,2,A,-,21,22106,NA,N,C,C,A,A,H,-,C,D,0,NA,NA,NA,NA,Y,NA,A,01,0,0,1,0,0,0,0,0,0,-,-,NA,NA,LOS ANGELES,LOS ANGELES,-118.29749161,34.06177
8479569,2017,2017-10-31,1967,2017-08-28,1000,136,NA,1,5,2,1967,0,0,0,NA,0,NORTH,CHERRY AV,WILLOW,0,NA,Y,A,-,N,NA,NA,NA,NA,NA,NA,NA,NA,NA,Y,2,0,4,4,A,-,12,21453,A,N,D,C,A,A,H,-,A,A,0,NA,NA,NA,NA,Y,Y,A,07,2,2,0,0,0,0,0,0,0,-,-,NA,NA,LOS ANGELES,SIGNAL HILL,-118.16769005,33.80437009
8479601,2017,2017-11-28,1942,2017-09-21,1645,42474,1841,4,5,7,1942,0,0,0,R,0,18X48,BROADWAY,106TH ST,0,NA,Y,A,-,N,NA,NA,NA,NA,NA,NA,NA,NA,NA,N,4,0,2,2,A,-,09,21802,NA,N,D,C,A,A,H,-,A,A,0,NA,NA,NA,NA,Y,NA,A,07,0,0,2,0,0,0,0,0,0,-,-,NA,NA,LOS ANGELES,LOS ANGELES,-118.27838,33.94011
8479605,2017,2018-01-22,1942,2017-09-18,2020,42696,1862,1,5,7,1942,0,0,0,R,0,18A1,W 117TH ST,S FIGUEROA ST,0,NA,Y,A,-,N,NA,NA,NA,NA,NA,NA,NA,NA,NA,N,4,0,1,2,A,-,10,21950,A,N,G,B,B,A,H,-,C,A,0,Y,NA,NA,NA,Y,NA,A,08,0,0,1,0,1,0,0,0,0,-,-,NA,NA,LOS ANGELES,LOS ANGELES,-118.28261,33.92735003
8479609,2017,2018-01-22,1942,2017-09-30,1035,40510,1821,6,5,7,1942,0,0,0,R,0,12A57,FIGUEROA,98TH ST,0,NA,Y,A,-,N,NA,NA,NA,NA,NA,NA,NA,NA,NA,Y,4,0,1,2,A,-,12,21453,A,N,D,C,A,A,-,-,A,A,0,NA,NA,NA,NA,Y,Y,-,-,0,0,1,0,0,0,0,0,0,-,-,NA,NA,LOS ANGELES,LOS ANGELES,-118.28267002,33.94737004
8479610,2017,2017-11-01,1942,2017-10-13,0607,41747,1253,5,5,7,1942,0,0,0,L,0,12A53,W FLORENCE AV,S WESTERN AV,50,W,N,A,-,N,NA,NA,NA,NA,NA,NA,NA,NA,NA,N,2,0,1,2,A,-,11,21955,NA,N,A,B,D,A,H,-,C,A,0,Y,NA,NA,NA,Y,NA,N,60,1,0,0,0,1,0,0,0,0,-,-,NA,NA,LOS ANGELES,LOS ANGELES,-118.3091446,33.97457
8479613,2017,2018-01-22,1942,2017-09-05,1900,41859,1801,2,5,7,1942,0,0,0,R,0,25T23,HOOVER ST,MANCHESTER AV,0,NA,Y,A,-,N,NA,NA,NA,NA,NA,NA,NA,NA,NA,Y,4,0,1,2,A,-,12,21453,A,N,D,C,A,A,H,-,A,A,0,NA,NA,NA,NA,Y,NA,-,-,0,0,1,0,0,0,0,0,0,-,-,NA,NA,LOS ANGELES,LOS ANGELES,-118.28706011,33.96005007
8479614,2017,2017-11-01,1942,2017-10-16,1650,42364,0501,1,5,7,1942,0,0,0,E,0,25T45,182ND ST,VERMONT AV,9,E,N,A,-,N,NA,NA,NA,NA,NA,NA,NA,NA,NA,N,2,0,1,2,A,-,05,21202,A,N,C,G,A,A,H,-,A,D,0,NA,Y,NA,NA,Y,NA,L,04,1,0,0,0,0,0,1,0,0,-,-,NA,NA,LOS ANGELES,LOS ANGELES,-118.29055404,33.86715185
8479617,2017,2017-11-28,1942,2017-09-05,2049,41159,1844,2,5,7,1942,0,0,0,R,0,18A44,111TH PL,STANFORD AV,1,E,N,A,-,N,NA,NA,NA,NA,NA,NA,NA,NA,NA,N,3,0,1,2,A,-,00,21720,NA,N,B,C,A,A,H,-,C,D,0,NA,NA,NA,NA,Y,NA,-,NA,0,1,0,0,0,0,0,0,0,-,-,NA,NA,LOS ANGELES,LOS ANGELES,-118.26300693,33.93446098
8479618,2017,2017-11-01,1942,2017-10-15,1151,31288,1849,7,5,7,1942,0,0,0,R,0,0A1,W IMPERIAL HWY,CROESUS AV,20,S,N,A,-,N,NA,NA,NA,NA,NA,NA,NA,NA,NA,Y,2,0,4,2,A,-,12,21453,A,N,F,D,A,A,H,-,A,A,0,NA,NA,NA,NA,Y,NA,A,07,3,1,0,0,0,0,0,0,0,-,-,NA,NA,LOS ANGELES,LOS ANGELES,-118.23356762,33.92906715