CASE_ID,ACCIDENT_YEAR,PROC_DATE,JURIS,COLLISION_DATE,COLLISION_TIME,OFFICER_ID,REPORTING_DISTRICT,DAY_OF_WEEK,CHP_SHIFT,POPULATION,CNTY_CITY_LOC,SPECIAL_COND,BEAT_TYPE,CHP_BEAT_TYPE,CITY_DIVISION_LAPD,CHP_BEAT_CLASS,BEAT_NUMBER,PRIMARY_RD,SECONDARY_RD,DISTANCE,DIRECTION,INTERSECTION,WEATHER_1,WEATHER_2,STATE_HWY_IND,CALTRANS_COUNTY,CALTRANS_DISTRICT,STATE_ROUTE,ROUTE_SUFFIX,POSTMILE_PREFIX,POSTMILE,LOCATION_TYPE,RAMP_INTERSECTION,SIDE_OF_HWY,TOW_AWAY,COLLISION_SEVERITY,NUMBER_KILLED,NUMBER_INJURED,PARTY_COUNT,PRIMARY_COLL_FACTOR,PCF_CODE_OF_VIOL,PCF_VIOL_CATEGORY,PCF_VIOLATION,PCF_VIOL_SUBSECTION,HIT_AND_RUN,TYPE_OF_COLLISION,MVIW,PED_ACTION,ROAD_SURFACE,ROAD_COND_1,ROAD_COND_2,LIGHTING,CONTROL_DEVICE,CHP_ROAD_TYPE,PEDESTRIAN_ACCIDENT,BICYCLE_ACCIDENT,MOTORCYCLE_ACCIDENT,TRUCK_ACCIDENT,NOT_PRIVATE_PROPERTY,ALCOHOL_INVOLVED,STWD_VEHTYPE_AT_FAULT,CHP_VEHTYPE_AT_FAULT,COUNT_SEVERE_INJ,COUNT_VISIBLE_INJ,COUNT_COMPLAINT_PAIN,COUNT_PED_KILLED,COUNT_PED_INJURED,COUNT_BICYCLIST_KILLED,COUNT_BICYCLIST_INJURED,COUNT_MC_KILLED,COUNT_MC_INJURED,PRIMARY_RAMP,SECONDARY_RAMP,LATITUDE,LONGITUDE,COUNTY,CITY,POINT_X,POINT_Y
8482915,2017,2018-06-14,1942,2017-10-14,2055,36755,0974,6,5,7,1942,0,0,0,I,0,9A63,VAN NUYS BL,VENTURA FWY,0,NA,Y,A,-,Y,LA,7,101,-,-,15.772,R,4,S,Y,3,0,2,2,A,-,12,21453,A,N,D,C,A,A,H,-,C,A,0,NA,NA,NA,NA,Y,NA,A,07,0,1,1,0,0,0,0,0,0,-,-,NA,NA,LOS ANGELES,LOS ANGELES,-118.44634636,34.1558652
8482917,2017,2017-11-02,1942,2017-10-24,0100,33504,1097,2,5,7,1942,0,0,0,J,0,9T55,CALNEVA DR,MULHOLLAND DR,98,N,N,A,-,N,NA,NA,NA,NA,NA,NA,NA,NA,NA,Y,3,0,1,1,A,-,01,23152,A,N,F,I,A,A,H,-,C,D,0,NA,NA,NA,NA,Y,Y,A,01,0,1,0,0,0,0,0,0,0,-,-,NA,NA,LOS ANGELES,LOS ANGELES,-118.49395422,34.13063105
8482918,2017,2017-11-02,1942,2017-10-04,0525,36610,1015,3,5,7,1942,0,0,0,J,0,10A3,LINDLEY,SATICOY ST,0,NA,Y,A,-,N,NA,NA,NA,NA,NA,NA,NA,NA,NA,N,4,0,1,2,A,-,12,21453,A,N,D,C,A,A,H,-,C,A,0,NA,NA,NA,NA,Y,NA,A,01,0,0,1,0,0,0,0,0,0,-,-,NA,NA,LOS ANGELES,LOS ANGELES,-118.52734006,34.20840011
8482919,2017,2017-11-01,1942,2017-10-12,1405,37353,0969,4,5,7,1942,0,0,0,I,0,9A37,RIVERSIDE DR,WORTSER AV,0,NA,Y,A,-,N,NA,NA,NA,NA,NA,NA,NA,NA,NA,N,4,0,1,2,A,-,08,22103,NA,N,D,C,A,A,H,-,A,A,0,NA,NA,NA,NA,Y,NA,A,01,0,0,1,0,0,0,0,0,0,-,-,NA,NA,LOS ANGELES,LOS ANGELES,-118.41705005,34.15763003
8482921,2017,2017-11-02,1942,2017-10-22,0055,39128,0901,7,5,7,1942,0,0,0,I,0,9A5,ORION AV,SATICOY ST,0,NA,Y,A,-,N,NA,NA,NA,NA,NA,NA,NA,NA,NA,N,4,0,1,2,A,-,09,21804,A,F,-,G,A,-,-,-,C,A,0,NA,Y,NA,NA,Y,Y,L,04,0,0,1,0,0,0,1,0,0,-,-,NA,NA,LOS ANGELES,LOS ANGELES,-118.47056009,34.20845006
8482922,2017,2017-11-02,1942,2017-10-03,1430,42051,1037,2,5,7,1942,0,0,0,J,0,10A17,VICTORY BL,GRAVES AV,40,E,N,A,-,N,NA,NA,NA,NA,NA,NA,NA,NA,NA,N,4,0,1,2,A,-,11,21954,A,N,G,B,D,A,H,-,A,D,0,Y,NA,NA,NA,Y,NA,N,60,0,0,1,0,1,0,0,0,0,-,-,NA,NA,LOS ANGELES,LOS ANGELES,-118.50872801,34.18678731
8482923,2017,2018-03-12,1942,2017-10-10,1415,41316,0935,2,5,7,1942,0,0,0,I,0,9A41,SYLVAN ST,TYRONE AV,100,W,N,A,-,N,NA,NA,NA,NA,NA,NA,NA,NA,NA,Y,4,0,1,2,A,-,21,22106,NA,N,D,C,A,A,H,-,A,D,0,NA,NA,NA,NA,Y,NA,A,01,0,0,1,0,0,0,0,0,0,-,-,NA,NA,LOS ANGELES,LOS ANGELES,-118.44468005,34.18466849
8482926,2017,2017-11-02,1942,2017-10-02,0615,37080,1088,1,5,7,1942,0,0,0,J,0,10A99,BALBOA AV,PASO ROBLES AV,50,N,N,A,-,N,NA,NA,NA,NA,NA,NA,NA,NA,NA,Y,3,0,1,2,A,-,06,21750,A,N,B,C,A,A,H,-,A,D,0,NA,NA,NA,NA,Y,NA,A,07,0,1,0,0,0,0,0,0,0,-,-,NA,NA,LOS ANGELES,LOS ANGELES,-118.50203813,34.15868242
8482927,2017,2017-11-01,1942,2017-10-10,1237,35481,0963,2,5,7,1942,0,0,0,I,0,9A63,MAGNOLIA BL,SALOMA AV,70,E,N,A,-,N,NA,NA,NA,NA,NA,NA,NA,NA,NA,N,4,0,1,2,A,-,07,21658,A,N,B,C,A,A,H,-,A,D,0,NA,NA,NA,NA,Y,NA,A,01,0,0,1,0,0,0,0,0,0,-,-,NA,NA,LOS ANGELES,LOS ANGELES,-118.45833901,34.16485
8482929,2017,2017-11-02,1942,2017-10-15,0115,42370,0929,7,5,7,1942,0,0,0,I,0,9A63,VICTORY BL,WOODMAN AV,0,NA,Y,A,-,N,NA,NA,NA,NA,NA,NA,NA,NA,NA,N,3,0,1,2,A,-,10,21950,A,F,G,B,B,A,H,-,C,A,0,Y,NA,NA,NA,Y,Y,-,99,0,1,0,0,1,0,0,0,0,-,-,NA,NA,LOS ANGELES,LOS ANGELES,-118.43126014,34.18668009
8482930,2017,2017-11-02,1942,2017-10-01,1000,42309,1067,7,5,7,1942,0,0,0,J,0,10A99,VENTURA BL,ENCINO AV,20,W,N,A,-,N,NA,NA,NA,NA,NA,NA,NA,NA,NA,N,4,0,1,2,A,-,04,21703,NA,N,C,C,A,A,H,-,A,D,0,NA,NA,NA,NA,Y,NA,A,07,0,0,1,0,0,0,0,0,0,-,-,NA,NA,LOS ANGELES,LOS ANGELES,-118.51426454,34.16149147
8482931,2017,2018-01-17,1942,2017-10-06,2120,42491,0911,5,5,7,1942,0,0,0,I,0,9A5,SEPULVEDA BL,HART ST,200,S,N,A,-,N,NA,NA,NA,NA,NA,NA,NA,NA,NA,N,2,0,1,2,A,-,09,21802,A,N,D,C,E,A,H,-,A,D,0,Y,NA,NA,NA,Y,NA,A,01,1,0,0,0,1,0,0,0,0,-,-,NA,NA,LOS ANGELES,LOS ANGELES,-118.4662,34.19698141
8482933,2017,2017-11-02,1942,2017-10-10,2100,42829,1033,2,5,7,1942,0,0,0,J,0,10A39,RESEDA BL,VICTORY BL,50,N,N,A,-,N,NA,NA,NA,NA,NA,NA,NA,NA,NA,Y,4,0,1,2,A,-,09,21801,A,N,H,B,F,A,H,-,C,D,0,Y,NA,NA,NA,Y,NA,A,01,0,0,1,0,1,0,0,0,0,-,-,NA,NA,LOS ANGELES,LOS ANGELES,-118.53602,34.18670716
8482934,2017,2017-11-02,1942,2017-10-05,0550,38857,1501,4,5,7,1942,0,0,0,O,0,15A21,STRATHERN ST,COLDWATER CANYON AV,0,NA,Y,A,-,N,NA,NA,NA,NA,NA,NA,NA,NA,NA,N,2,0,1,2,A,-,10,21950,A,N,G,B,B,A,H,-,B,A,0,Y,NA,NA,NA,Y,NA,A,01,1,0,0,0,1,0,0,0,0,-,-,NA,NA,LOS ANGELES,LOS ANGELES,-118.41442005,34.21579001
8482935,2017,2017-11-01,1942,2017-10-07,2111,40388,0901,6,5,7,1942,0,0,0,I,0,9A23,SHERMAN WY,SEPULVEDA BL,460,W,N,A,-,N,NA,NA,NA,NA,NA,NA,NA,NA,NA,N,4,0,3,2,A,-,09,21801,A,N,D,C,A,A,H,-,C,D,0,NA,NA,NA,NA,Y,NA,A,07,0,0,3,0,0,0,0,0,0,-,-,NA,NA,LOS ANGELES,LOS ANGELES,-118.46771859,34.20125
8482937,2017,2017-11-02,1942,2017-10-11,0720,39217,1099,3,5,7,1942,0,0,0,J,0,10A99,N SEPULVEDA BL,VALLEY MEADOW RD,0,NA,Y,A,-,N,NA,NA,NA,NA,NA,NA,NA,NA,NA,Y,4,0,2,2,A,-,03,22350,NA,N,D,C,A,A,H,-,A,D,0,NA,NA,NA,NA,Y,NA,A,01,0,0,2,0,0,0,0,0,0,-,-,NA,NA,LOS ANGELES,LOS ANGELES,-118.47946011,34.13807002
8482938,2017,2017-11-02,1942,2017-10-01,1005,32361,1583,7,5,7,1942,0,0,0,O,0,15A43,LAUREL CANYON BL,WOODBRIDGE ST,150,S,N,A,-,N,NA,NA,NA,NA,NA,NA,NA,NA,NA,Y,3,0,1,2,A,-,04,21703,NA,N,C,C,A,A,H,-,A,D,0,NA,NA,NA,NA,Y,NA,A,01,0,1,0,0,0,0,0,0,0,-,-,NA,NA,LOS ANGELES,LOS ANGELES,-118.39647,34.14812858
8482939,2017,2017-11-27,1942,2017-10-07,1348,33947,0966,6,5,7,1942,0,0,0,I,0,9A63,W RIVERSIDE DR,FULTON AV,500,W,N,A,-,N,NA,NA,NA,NA,NA,NA,NA,NA,NA,N,4,0,1,2,A,-,-,NA,NA,N,D,G,A,A,H,-,A,D,0,NA,Y,NA,NA,Y,NA,L,04,0,0,1,0,0,0,1,0,0,-,-,NA,NA,LOS ANGELES,LOS ANGELES,-118.4241596,34.15761
8482941,2017,2017-11-02,1942,2017-10-11,1100,37686,1017,3,5,7,1942,0,0,0,J,0,10A17,WHITE OAK AV,CANTLAY ST,40,S,N,A,-,N,NA,NA,NA,NA,NA,NA,NA,NA,NA,Y,3,0,2,2,A,-,09,21804,A,N,A,C,A,A,H,-,A,D,0,NA,NA,NA,NA,Y,NA,A,01,0,1,1,0,0,0,0,0,0,-,-,NA,NA,LOS ANGELES,LOS ANGELES,-118.51859392,34.20212032
8482942,2017,2017-11-02,1942,2017-10-11,0709,42460,1519,3,5,7,1942,0,0,0,O,0,15A27,VINELAND AV,ARCHWOOD ST,0,NA,Y,A,-,N,NA,NA,NA,NA,NA,NA,NA,NA,NA,N,4,0,1,2,A,-,10,21950,A,N,G,B,B,A,H,-,A,A,0,Y,NA,NA,NA,Y,NA,A,07,0,0,1,0,1,0,0,0,0,-,-,NA,NA,LOS ANGELES,LOS ANGELES,-118.37031006,34.19211011
8482943,2017,2017-11-01,1942,2017-10-05,0754,32268,0901,4,5,7,1942,0,0,0,I,0,9A5,N SEPULVEDA BL,SATICOY ST,0,NA,Y,A,-,N,NA,NA,NA,NA,NA,NA,NA,NA,NA,Y,4,0,1,2,A,-,09,21801,A,N,A,C,A,A,H,-,A,A,0,NA,NA,NA,NA,Y,NA,A,01,0,0,1,0,0,0,0,0,0,-,-,NA,NA,LOS ANGELES,LOS ANGELES,-118.46621008,34.20845005
8482945,2017,2017-11-02,1942,2017-10-17,0740,27792,1063,2,5,7,1942,0,0,0,J,0,10TL35,VENTURA BL,TOPEKA DR,0,NA,Y,A,-,N,NA,NA,NA,NA,NA,NA,NA,NA,NA,Y,4,0,2,2,A,-,09,21801,A,N,D,C,A,A,H,-,A,A,0,NA,NA,NA,NA,Y,NA,A,01,0,0,2,0,0,0,0,0,0,-,-,NA,NA,LOS ANGELES,LOS ANGELES,-118.54660001,34.17248001
8482946,2017,2017-11-02,1942,2017-10-09,1035,30989,1549,1,5,7,1942,0,0,0,O,0,35M27,MAGNOLIA BL,LEDGE AV,16,E,N,A,-,N,NA,NA,NA,NA,NA,NA,NA,NA,NA,Y,3,0,4,3,A,-,08,22107,NA,N,D,C,A,A,H,-,A,D,0,NA,NA,NA,NA,Y,NA,A,01,0,1,3,0,0,0,0,0,0,-,-,NA,NA,LOS ANGELES,LOS ANGELES,-118.35711721,34.16491
8482947,2017,2017-11-01,1942,2017-10-02,0940,41736,0943,1,5,7,1942,0,0,0,I,0,9A5,OXNARD ST,CALHOUN ST,50,NA,N,A,-,N,NA,NA,NA,NA,NA,NA,NA,NA,NA,Y,4,0,1,2,A,-,09,21804,A,N,H,C,A,A,H,-,A,D,0,NA,NA,NA,NA,Y,NA,A,01,0,0,1,0,0,0,0,0,0,-,-,NA,NA,LOS ANGELES,LOS ANGELES,-118.44220002,34.17939011
8482949,2017,2017-11-02,1942,2017-10-11,1550,40290,1011,3,5,7,1942,0,0,0,J,0,10X24,TAMPA AV,SATICOY ST,0,NA,Y,A,-,N,NA,NA,NA,NA,NA,NA,NA,NA,NA,N,3,0,1,2,A,-,09,21801,A,N,B,C,A,A,H,-,A,A,0,NA,NA,Y,NA,Y,NA,A,01,0,1,0,0,0,0,0,0,1,-,-,NA,NA,LOS ANGELES,LOS ANGELES,-118.55351002,34.20836006
8482950,2017,2017-11-02,1942,2017-10-03,1924,37550,1559,2,5,7,1942,0,0,0,O,0,10TL37,RIVERSIDE DR,KRAFT AV,0,NA,Y,A,-,N,NA,NA,NA,NA,NA,NA,NA,NA,NA,N,3,0,2,2,A,-,09,21801,A,N,D,C,A,A,H,-,C,A,0,NA,NA,NA,NA,Y,NA,A,07,0,1,1,0,0,0,0,0,0,-,-,NA,NA,LOS ANGELES,LOS ANGELES,-118.38013006,34.15765011
8482951,2017,2017-11-01,1942,2017-10-02,0815,40569,0939,1,5,7,1942,0,0,0,I,0,9A5,LONGRIDGE AV,SYLVAN ST,0,NA,Y,A,-,N,NA,NA,NA,NA,NA,NA,NA,NA,NA,Y,4,0,1,2,A,-,12,22450,A,N,D,C,A,A,H,-,A,D,0,NA,NA,NA,NA,Y,NA,A,01,0,0,1,0,0,0,0,0,0,-,-,NA,NA,LOS ANGELES,LOS ANGELES,-118.42144003,34.18486002
8482953,2017,2017-11-02,1942,2017-10-11,1830,41396,1049,3,5,7,1942,0,0,0,J,0,10A17,BURBANK BL,HAYVENHURST AV W,0,NA,Y,A,-,N,NA,NA,NA,NA,NA,NA,NA,NA,NA,N,4,0,1,2,A,-,09,21801,A,N,-,C,A,-,H,-,C,A,0,NA,NA,NA,NA,Y,NA,A,01,0,0,1,0,0,0,0,0,0,-,-,NA,NA,LOS ANGELES,LOS ANGELES,-118.49235011,34.1671201
8482954,2017,2017-11-02,1942,2017-10-11,2007,41125,1503,3,5,7,1942,0,0,0,O,0,15A3,SHERMAN WY,LAUREL CANYON BL,670,E,N,A,-,N,NA,NA,NA,NA,NA,NA,NA,NA,NA,Y,4,0,2,2,A,-,04,21703,NA,N,C,C,A,A,H,-,C,D,0,NA,NA,NA,NA,Y,NA,A,01,0,0,2,0,0,0,0,0,0,-,-,NA,NA,LOS ANGELES,LOS ANGELES,-118.39434021,34.20083594
8482955,2017,2017-11-01,1942,2017-10-01,1045,41725,0904,7,5,7,1942,0,0,0,I,0,9A23,SATICOY ST,NOBLE AV,0,NA,Y,A,-,N,NA,NA,NA,NA,NA,NA,NA,NA,NA,Y,4,0,3,2,A,-,09,21801,A,N,D,C,A,A,H,-,A,D,0,NA,NA,NA,NA,Y,NA,-,99,0,0,3,0,0,0,0,0,0,-,-,NA,NA,LOS ANGELES,LOS ANGELES,-118.46181002,34.20847012
8482956,2017,2017-11-20,1941,2017-10-19,0019,11012,NA,4,5,7,1941,0,0,0,NA,0,NA,PARAMOUNT BL,SOUTH ST,3,N,N,A,-,N,NA,NA,NA,NA,NA,NA,NA,NA,NA,Y,4,0,1,2,A,-,01,23152,B,N,D,C,A,A,H,-,C,A,0,NA,NA,NA,NA,Y,Y,A,NA,0,0,1,0,0,0,0,0,0,-,-,NA,NA,LOS ANGELES,LONG BEACH,-118.1599,33.86018823
8482957,2017,2017-11-02,1942,2017-10-10,0920,42907,1024,2,5,7,1942,0,0,0,J,0,10A39,HART ST,RESEDA BL,4,E,N,A,-,N,NA,NA,NA,NA,NA,NA,NA,NA,NA,N,3,0,1,2,A,-,09,21804,A,N,D,G,A,A,H,-,A,A,0,NA,Y,NA,NA,Y,NA,L,04,0,1,0,0,0,0,1,0,0,-,-,NA,NA,LOS ANGELES,LOS ANGELES,-118.53605,34.19765
8482958,2017,2017-11-02,1942,2017-10-12,0845,39217,1541,4,5,7,1942,0,0,0,O,0,16TL25,BELLAIRE AV,MAGNOLIA BL,0,NA,Y,A,-,N,NA,NA,NA,NA,NA,NA,NA,NA,NA,N,3,0,1,2,A,-,10,21950,A,N,G,B,B,A,H,-,A,A,0,Y,NA,NA,NA,Y,NA,A,01,0,1,0,0,1,0,0,0,0,-,-,NA,NA,LOS ANGELES,LOS ANGELES,-118.40944009,34.16487005
8482959,2017,2017-11-01,1942,2017-10-02,2140,37845,0904,1,5,7,1942,0,0,0,I,0,9X16,SATICOY ST,NOBLE AV,528,E,N,A,-,N,NA,NA,NA,NA,NA,NA,NA,NA,NA,N,3,0,1,2,A,-,09,21801,A,N,H,A,A,A,H,-,C,D,0,NA,NA,Y,NA,Y,NA,A,01,0,1,0,0,0,0,0,0,1,-,-,NA,NA,LOS ANGELES,LOS ANGELES,-118.46006697,34.20845
8482961,2017,2017-11-02,1942,2017-09-14,2025,30893,989,4,5,7,1942,0,0,0,NA,0,9X84,VENTURA BL,VALLEY VISTA BL,300,W,N,A,-,N,NA,NA,NA,NA,NA,NA,NA,NA,NA,Y,4,0,3,3,A,-,03,22350,NA,N,C,C,A,A,H,-,C,A,0,NA,NA,NA,NA,Y,NA,A,01,0,0,3,0,0,0,0,0,0,-,-,NA,NA,LOS ANGELES,LOS ANGELES,-118.41936038,34.14578173
8482962,2017,2017-11-02,1942,2017-09-29,1035,38857,0963,5,5,7,1942,0,0,0,I,0,9A63,KESTER AV,ADDISON ST,150,S,N,A,-,N,NA,NA,NA,NA,NA,NA,NA,NA,NA,Y,2,0,1,2,A,-,08,22103,NA,N,D,C,A,A,H,-,A,D,0,NA,NA,Y,NA,Y,NA,A,01,1,0,0,0,0,0,0,0,1,-,-,NA,NA,LOS ANGELES,LOS ANGELES,-118.45744543,34.16079857
8482963,2017,2017-11-02,1942,2017-10-16,1230,33294,1525,1,5,7,1942,0,0,0,O,0,15A33,VICTORY BL,AGNES AV,0,NA,Y,A,-,N,NA,NA,NA,NA,NA,NA,NA,NA,NA,N,4,0,1,2,A,-,03,22350,NA,N,C,C,A,A,H,-,A,A,0,NA,NA,NA,NA,Y,NA,A,01,0,0,1,0,0,0,0,0,0,-,-,NA,NA,LOS ANGELES,LOS ANGELES,-118.39544008,34.18668004
8482964,2017,2017-11-02,1942,2017-10-12,1920,40383,1023,4,5,7,1942,0,0,0,J,0,10A21,TAMPA AV,VANOWEN ST,500,S,N,A,-,N,NA,NA,NA,NA,NA,NA,NA,NA,NA,N,3,0,5,2,A,-,03,22350,NA,N,C,C,A,A,H,-,C,A,0,NA,NA,NA,NA,Y,NA,A,07,0,1,4,0,0,0,0,0,0,-,-,NA,NA,LOS ANGELES,LOS ANGELES,-118.55345,34.1924584
8482965,2017,2017-11-02,1942,2017-09-14,1120,40193,0915,4,5,7,1942,0,0,0,I,0,9A19,GAULT ST,HAZELTINE AV,0,NA,Y,A,-,N,NA,NA,NA,NA,NA,NA,NA,NA,NA,Y,3,0,3,2,A,-,09,21802,A,N,D,C,A,-,H,-,A,A,0,NA,NA,NA,NA,Y,NA,A,01,0,2,1,0,0,0,0,0,0,-,-,NA,NA,LOS ANGELES,LOS ANGELES,-118.43995007,34.1993501
8482966,2017,2017-11-02,1942,2017-09-28,1655,41316,0964,4,5,7,1942,0,0,0,I,0,9A63,VAN NUYS BL,HARTSOOK ST,0,NA,Y,A,-,N,NA,NA,NA,NA,NA,NA,NA,NA,NA,Y,3,0,2,2,A,-,06,21755,A,N,A,C,A,A,H,-,A,A,0,NA,NA,NA,NA,Y,NA,A,01,0,2,0,0,0,0,0,0,0,-,-,NA,NA,LOS ANGELES,LOS ANGELES,-118.44871013,34.16395006
8482967,2017,2017-11-02,1942,2017-10-18,1525,27227,1548,3,5,7,1942,0,0,0,O,0,15TL46,MAGNOLIA BL,TUJUNGA AV,300,W,N,A,-,N,NA,NA,NA,NA,NA,NA,NA,NA,NA,N,2,0,1,2,A,-,11,21954,A,N,G,B,D,A,H,-,A,D,0,Y,NA,NA,NA,Y,NA,N,60,1,0,0,0,1,0,0,0,0,-,-,NA,NA,LOS ANGELES,LOS ANGELES,-118.37997978,34.16494
8482968,2017,2017-11-02,1942,2017-10-14,0720,38273,1075,6,5,7,1942,0,0,0,J,0,21TL61,LINDLEY AV,KILLION ST,0,NA,Y,A,-,N,NA,NA,NA,NA,NA,NA,NA,NA,NA,N,3,0,1,2,A,-,09,21801,A,N,D,G,A,A,H,-,A,A,0,NA,Y,NA,NA,Y,NA,A,01,0,1,0,0,0,0,1,0,0,-,-,NA,NA,LOS ANGELES,LOS ANGELES,-118.52725007,34.17080009
8482969,2017,2017-11-02,1942,2017-09-07,1650,40569,0935,4,5,7,1942,0,0,0,I,0,9A5,VICTORY BL,TYRONE AV,15,W,N,A,-,N,NA,NA,NA,NA,NA,NA,NA,NA,NA,Y,3,0,3,3,A,-,03,22350,NA,N,C,C,A,A,H,-,A,D,0,NA,NA,NA,NA,Y,NA,A,01,0,1,2,0,0,0,0,0,0,-,-,NA,NA,LOS ANGELES,LOS ANGELES,-118.44438951,34.18667
8482970,2017,2017-11-02,1942,2017-09-27,0920,30989,0969,3,5,7,1942,0,0,0,I,0,9A37,COLDWATER CANYON AV,CHANDLER BL,80,S,N,A,-,N,NA,NA,NA,NA,NA,NA,NA,NA,NA,Y,3,0,1,3,B,-,22,NA,NA,N,C,E,A,A,H,-,A,D,0,NA,NA,NA,NA,Y,NA,A,01,0,1,0,0,0,0,0,0,0,-,-,NA,NA,LOS ANGELES,LOS ANGELES,-118.4138,34.16845057
8482971,2017,2017-11-02,1942,2017-10-18,1600,33294,1503,3,5,7,1942,0,0,0,O,0,15A3,SHERMAN WY,LAUREL CANYON BL,850,W,N,A,-,N,NA,NA,NA,NA,NA,NA,NA,NA,NA,N,4,0,2,2,A,-,07,21658,A,N,C,C,A,A,H,-,A,A,0,NA,NA,NA,NA,Y,NA,A,01,0,0,2,0,0,0,0,0,0,-,-,NA,NA,LOS ANGELES,LOS ANGELES,-118.39926055,34.20111962
8482972,2017,2017-11-02,1942,2017-10-14,2040,36733,1075,6,5,7,1942,0,0,0,J,0,16TL23,VENTURA BL,LINDLEY AV,10,E,N,A,-,N,NA,NA,NA,NA,NA,NA,NA,NA,NA,N,4,0,1,2,A,-,10,21950,A,N,G,B,B,A,H,-,C,A,0,Y,NA,NA,NA,Y,NA,A,01,0,0,1,0,1,0,0,0,0,-,-,NA,NA,LOS ANGELES,LOS ANGELES,-118.52719925,34.16541005
8482973,2017,2017-11-02,1942,2017-09-12,1325,40119,0985,2,5,7,1942,0,0,0,I,0,9A89,MOORPARK ST,LENNOX AV,0,NA,Y,A,-,N,NA,NA,NA,NA,NA,NA,NA,NA,NA,Y,4,0,1,2,A,-,09,21802,A,N,D,C,A,A,H,-,A,D,0,NA,NA,NA,NA,Y,NA,A,01,0,0,1,0,0,0,0,0,0,-,-,NA,NA,LOS ANGELES,LOS ANGELES,-118.44546005,34.15145002
8482974,2017,2017-11-02,1942,2017-09-27,1445,40398,0901,3,5,7,1942,0,0,0,I,0,9A5,SEPULVEDA BL,SATICOY ST,120,S,N,A,-,N,NA,NA,NA,NA,NA,NA,NA,NA,NA,N,4,0,1,2,A,-,09,21804,A,N,D,C,A,A,H,-,A,D,0,NA,NA,NA,NA,Y,NA,A,01,0,0,1,0,0,0,0,0,0,-,-,NA,NA,LOS ANGELES,LOS ANGELES,-118.46621,34.20812084
8482975,2017,2017-11-02,1942,2017-10-18,2100,41198,1513,3,5,7,1942,0,0,0,O,0,15A21,WHITSETT AV,VANOWEN ST,0,NA,Y,A,-,N,NA,NA,NA,NA,NA,NA,NA,NA,NA,Y,3,0,3,2,A,-,12,21453,A,N,D,C,A,A,H,-,C,A,0,NA,NA,NA,NA,Y,NA,A,01,0,2,1,0,0,0,0,0,0,-,-,NA,NA,LOS ANGELES,LOS ANGELES,-118.40528011,34.19395001
8482976,2017,2017-11-02,1942,2017-10-16,0600,42829,1029,1,5,7,1942,0,0,0,J,0,10A39,VANOWEN ST,WOODLEY,368,W,N,A,-,N,NA,NA,NA,NA,NA,NA,NA,NA,NA,Y,4,0,2,2,A,-,05,21650,NA,N,A,C,A,A,H,-,C,D,0,NA,NA,NA,NA,Y,NA,A,01,0,0,2,0,0,0,0,0,0,-,-,NA,NA,LOS ANGELES,LOS ANGELES,-118.48487479,34.19391
8482977,2017,2017-11-02,1942,2017-09-12,1830,33294,0923,2,5,7,1942,0,0,0,I,0,9A23,VAN NUYS BL,HAYNES ST,0,NA,Y,A,-,N,NA,NA,NA,NA,NA,NA,NA,NA,NA,N,3,0,1,2,A,-,10,21950,A,N,G,B,B,A,H,-,A,A,0,Y,NA,NA,NA,Y,NA,A,01,0,1,0,0,1,0,0,0,0,-,-,NA,NA,LOS ANGELES,LOS ANGELES,-118.4487301,34.18970005
8482978,2017,2017-11-02,1942,2017-09-27,0915,41125,0989,3,5,7,1942,0,0,0,I,0,9A89,WOODMAN AV,VENTURA BL,300,N,N,A,-,N,NA,NA,NA,NA,NA,NA,NA,NA,NA,Y,3,0,1,2,A,-,04,21703,NA,N,C,C,A,A,H,-,A,D,0,NA,NA,NA,NA,Y,NA,A,01,0,1,0,0,0,0,0,0,0,-,-,NA,NA,LOS ANGELES,LOS ANGELES,-118.43123,34.14884287
8482979,2017,2017-12-07,1942,2017-10-03,1915,41758,1001,2,5,7,1942,0,0,0,J,0,10A3,ROSCOE BL,AURA AV,50,E,N,A,-,N,NA,NA,NA,NA,NA,NA,NA,NA,NA,Y,4,0,1,2,A,-,08,22107,NA,N,D,C,A,A,H,-,C,A,0,NA,NA,Y,NA,Y,NA,C,02,0,0,1,0,0,0,0,0,1,-,-,NA,NA,LOS ANGELES,LOS ANGELES,-118.55449493,34.2204633
8482980,2017,2017-11-02,1942,2017-10-17,1745,38354,1029,2,5,7,1942,0,0,0,J,0,10TL38,HART ST,WOODLEY AV,12,E,N,A,-,N,NA,NA,NA,NA,NA,NA,NA,NA,NA,N,3,0,1,2,A,-,05,21650,NA,N,D,G,A,A,H,-,A,A,0,NA,Y,NA,NA,Y,NA,L,04,0,1,0,0,0,0,1,0,0,-,-,NA,NA,LOS ANGELES,LOS ANGELES,-118.48363039,34.19751033
8482981,2017,2017-11-03,1942,2017-09-12,0715,38687,0915,2,5,7,1942,0,0,0,I,0,9A19,SHERMAN WY,HAZELTINE AV,0,NA,Y,A,-,N,NA,NA,NA,NA,NA,NA,NA,NA,NA,Y,3,0,6,2,A,-,09,21801,A,N,D,C,A,A,H,-,A,A,0,NA,NA,NA,NA,Y,NA,A,07,0,4,2,0,0,0,0,0,0,-,-,NA,NA,LOS ANGELES,LOS ANGELES,-118.43997007,34.20122005
8482982,2017,2017-12-07,1942,2017-09-25,1110,34862,914,1,5,7,1942,0,0,0,NA,0,9A63,KESTER AV,SHERMAN WY,0,NA,Y,A,-,N,NA,NA,NA,NA,NA,NA,NA,NA,NA,N,4,0,1,2,A,-,12,21453,A,N,-,C,A,A,H,-,A,A,0,NA,NA,NA,NA,Y,NA,-,-,0,0,1,0,0,0,0,0,0,-,-,NA,NA,LOS ANGELES,LOS ANGELES,-118.45746013,34.20114004