CASE_ID,ACCIDENT_YEAR,PROC_DATE,JURIS,COLLISION_DATE,COLLISION_TIME,OFFICER_ID,REPORTING_DISTRICT,DAY_OF_WEEK,CHP_SHIFT,POPULATION,CNTY_CITY_LOC,SPECIAL_COND,BEAT_TYPE,CHP_BEAT_TYPE,CITY_DIVISION_LAPD,CHP_BEAT_CLASS,BEAT_NUMBER,PRIMARY_RD,SECONDARY_RD,DISTANCE,DIRECTION,INTERSECTION,WEATHER_1,WEATHER_2,STATE_HWY_IND,CALTRANS_COUNTY,CALTRANS_DISTRICT,STATE_ROUTE,ROUTE_SUFFIX,POSTMILE_PREFIX,POSTMILE,LOCATION_TYPE,RAMP_INTERSECTION,SIDE_OF_HWY,TOW_AWAY,COLLISION_SEVERITY,NUMBER_KILLED,NUMBER_INJURED,PARTY_COUNT,PRIMARY_COLL_FACTOR,PCF_CODE_OF_VIOL,PCF_VIOL_CATEGORY,PCF_VIOLATION,PCF_VIOL_SUBSECTION,HIT_AND_RUN,TYPE_OF_COLLISION,MVIW,PED_ACTION,ROAD_SURFACE,ROAD_COND_1,ROAD_COND_2,LIGHTING,CONTROL_DEVICE,CHP_ROAD_TYPE,PEDESTRIAN_ACCIDENT,BICYCLE_ACCIDENT,MOTORCYCLE_ACCIDENT,TRUCK_ACCIDENT,NOT_PRIVATE_PROPERTY,ALCOHOL_INVOLVED,STWD_VEHTYPE_AT_FAULT,CHP_VEHTYPE_AT_FAULT,COUNT_SEVERE_INJ,COUNT_VISIBLE_INJ,COUNT_COMPLAINT_PAIN,COUNT_PED_KILLED,COUNT_PED_INJURED,COUNT_BICYCLIST_KILLED,COUNT_BICYCLIST_INJURED,COUNT_MC_KILLED,COUNT_MC_INJURED,PRIMARY_RAMP,SECONDARY_RAMP,LATITUDE,LONGITUDE,COUNTY,CITY,POINT_X,POINT_Y
8483101,2017,2017-11-15,1942,2017-09-26,0910,30452,1526,2,5,7,1942,0,0,0,O,0,15A239,OXNARD ST,TROOST AV,10,E,N,A,-,N,NA,NA,NA,NA,NA,NA,NA,NA,NA,N,3,0,1,3,A,-,06,21755,A,N,D,C,A,A,H,-,A,D,0,NA,NA,Y,NA,Y,NA,C,02,0,1,0,0,0,0,0,0,1,-,-,NA,NA,LOS ANGELES,LOS ANGELES,-118.386627,34.17941
8483102,2017,2017-11-30,1942,2017-09-29,1635,41448,1433,5,5,7,1942,0,0,0,N,0,1433,LINCOLN BL,AMOROSO PL,25,S,N,A,-,N,NA,NA,NA,NA,NA,NA,NA,NA,NA,Y,3,0,1,4,A,-,03,22350,NA,N,B,E,A,A,H,-,A,D,0,NA,NA,NA,NA,Y,NA,A,01,0,1,0,0,0,0,0,0,0,-,-,NA,NA,LOS ANGELES,LOS ANGELES,-118.45624825,33.99574637
8483103,2017,2017-11-28,1942,2017-09-12,1941,40044,1581,2,5,7,1942,0,0,0,O,0,15A33,COLDWATER CANYON BL,MOORPARK ST,0,NA,Y,A,-,N,NA,NA,NA,NA,NA,NA,NA,NA,NA,Y,4,0,2,3,A,-,12,21453,A,N,A,C,A,A,H,-,C,A,0,NA,NA,NA,NA,Y,NA,A,01,0,0,2,0,0,0,0,0,0,-,-,NA,NA,LOS ANGELES,LOS ANGELES,-118.41379007,34.15035006
8483104,2017,2017-11-02,1942,2017-09-27,1124,36678,1037,3,5,7,1942,0,0,0,J,0,10A17,VICTORY BL,BALBOA BL,15,W,N,A,-,N,NA,NA,NA,NA,NA,NA,NA,NA,NA,N,4,0,1,3,A,-,04,21703,NA,N,C,C,A,A,H,-,A,A,0,NA,NA,NA,NA,Y,NA,A,01,0,0,1,0,0,0,0,0,0,-,-,NA,NA,LOS ANGELES,LOS ANGELES,-118.50114951,34.18663
8483105,2017,2017-11-16,1942,2017-09-22,1510,39551,1524,5,5,7,1942,0,0,0,O,0,15A27,VICTORY BL,LAUREL CANYON BL,0,NA,Y,A,-,N,NA,NA,NA,NA,NA,NA,NA,NA,NA,N,4,0,1,2,A,-,09,21801,A,N,D,C,A,A,H,-,A,A,0,NA,NA,NA,NA,Y,Y,-,NA,0,0,1,0,0,0,0,0,0,-,-,NA,NA,LOS ANGELES,LOS ANGELES,-118.39651002,34.18668005
8483106,2017,2017-11-30,1942,2017-09-25,1050,40690,0627,1,5,7,1942,0,0,0,F,0,6TL7,DERONDA DR,DORCAS PL,130,S,N,A,-,N,NA,NA,NA,NA,NA,NA,NA,NA,NA,N,4,0,1,2,A,-,03,22350,NA,F,A,C,A,A,H,-,A,D,0,NA,NA,NA,NA,Y,NA,-,99,0,0,1,0,0,0,0,0,0,-,-,NA,NA,LOS ANGELES,LOS ANGELES,-118.32111638,34.12675652
8483107,2017,2017-11-28,1942,2017-09-19,0730,38857,1589,2,5,7,1942,0,0,0,O,0,15A67,FOREST LAWN DR,N COYOTE CANYON RD,210,W,N,A,-,N,NA,NA,NA,NA,NA,NA,NA,NA,NA,Y,3,0,3,4,A,-,21,22106,NA,N,B,C,A,A,H,-,A,D,0,NA,NA,NA,NA,Y,NA,A,01,0,1,2,0,0,0,0,0,0,-,-,NA,NA,LOS ANGELES,LOS ANGELES,-118.33908022,34.14453751
8483108,2017,2017-11-02,1942,2017-09-27,1645,41274,1078,3,5,7,1942,0,0,0,J,0,10A99,VENTURA BL,PETIT AV,350,W,N,A,-,N,NA,NA,NA,NA,NA,NA,NA,NA,NA,Y,3,0,1,2,A,-,08,22107,NA,N,B,C,A,A,H,-,A,D,0,NA,NA,Y,NA,Y,NA,C,02,0,1,0,0,0,0,0,0,1,-,-,NA,NA,LOS ANGELES,LOS ANGELES,-118.4971942,34.15833255
8483109,2017,2017-11-16,1942,2017-09-22,1640,38887,1523,5,5,7,1942,0,0,0,O,0,15A44,VICTORY BL,GOODLAND AV,0,NA,Y,A,-,N,NA,NA,NA,NA,NA,NA,NA,NA,NA,Y,3,0,2,2,A,-,09,21801,A,N,D,C,A,A,H,-,A,A,0,NA,NA,NA,NA,Y,NA,A,01,0,2,0,0,0,0,0,0,0,-,-,NA,NA,LOS ANGELES,LOS ANGELES,-118.41174009,34.18685007
8483110,2017,2017-11-30,1942,2017-09-17,0315,42451,0629,7,5,7,1942,0,0,0,F,0,6T7,LOS FELIZ BL,OXFORD AV,222,W,N,B,-,N,NA,NA,NA,NA,NA,NA,NA,NA,NA,Y,4,0,1,1,A,-,01,23152,A,N,E,I,A,A,H,-,C,D,0,NA,NA,NA,NA,Y,NA,A,01,0,0,1,0,0,0,0,0,0,-,-,NA,NA,LOS ANGELES,LOS ANGELES,-118.30892927,34.10780018
8483111,2017,2017-11-28,1942,2017-09-03,2145,41435,1545,7,5,7,1942,0,0,0,O,0,15A21,COLFAX AV,RIVERSIDE DR,0,NA,Y,B,-,N,NA,NA,NA,NA,NA,NA,NA,NA,NA,N,3,0,2,2,A,-,12,21453,A,N,-,C,A,A,H,-,C,A,0,NA,NA,NA,NA,Y,NA,A,01,0,1,1,0,0,0,0,0,0,-,-,NA,NA,LOS ANGELES,LOS ANGELES,-118.38776004,34.15763002
8483112,2017,2018-06-11,1942,2017-09-27,1300,40398,1003,3,5,7,1942,0,0,0,J,0,10A3,RESEDA BL,HOLLYWOOD FWY,0,NA,Y,A,-,Y,LA,7,101,-,-,21.417,R,4,N,N,4,0,1,2,A,-,12,21453,A,N,D,C,A,A,H,-,A,A,0,NA,NA,NA,NA,Y,NA,A,01,0,0,1,0,0,0,0,0,0,-,-,NA,NA,LOS ANGELES,LOS ANGELES,-118.53872288,34.17341462
8483114,2017,2017-11-30,1942,2017-09-29,1535,37700,0765,5,5,7,1942,0,0,0,G,0,14TL52,PICO BL,MANSFIELD AV,92,E,N,A,-,N,NA,NA,NA,NA,NA,NA,NA,NA,NA,Y,4,0,2,2,A,-,09,21804,A,F,D,C,A,A,H,-,A,D,0,NA,NA,NA,NA,Y,NA,A,01,0,0,2,0,0,0,0,0,0,-,-,NA,NA,LOS ANGELES,LOS ANGELES,-118.34557854,34.04777644
8483115,2017,2017-11-28,1942,2017-09-05,1605,38887,1524,2,5,7,1942,0,0,0,O,0,15A44,VANTAGE AV,SYLVAN ST,30,S,N,A,-,N,NA,NA,NA,NA,NA,NA,NA,NA,NA,Y,4,0,2,3,A,-,05,21650,NA,N,B,C,A,A,H,-,A,D,0,NA,NA,NA,NA,Y,NA,A,07,0,0,2,0,0,0,0,0,0,-,-,NA,NA,LOS ANGELES,LOS ANGELES,-118.39780361,34.18479777
8483116,2017,2017-11-02,1942,2017-09-27,1540,40398,1033,3,5,7,1942,0,0,0,J,0,10A21,VICTORY BL,YOLANDA AV,825,W,N,A,-,N,NA,NA,NA,NA,NA,NA,NA,NA,NA,N,3,0,1,2,A,-,03,22350,NA,N,D,C,A,A,H,-,A,D,0,NA,NA,NA,NA,Y,NA,A,01,0,1,0,0,0,0,0,0,0,-,-,NA,NA,LOS ANGELES,LOS ANGELES,-118.54312327,34.18658
8483118,2017,2017-12-28,1942,2017-09-21,2150,38090,2053,4,5,7,1942,0,0,0,NA,0,20T59,S NORMANDIE AV,6TH ST,20,S,N,A,-,N,NA,NA,NA,NA,NA,NA,NA,NA,NA,N,4,0,1,2,A,-,04,21703,NA,F,C,D,A,A,H,-,C,A,0,NA,NA,NA,NA,Y,NA,A,07,0,0,1,0,0,0,0,0,0,-,-,NA,NA,LOS ANGELES,LOS ANGELES,-118.30037,34.06354515
8483119,2017,2017-11-28,1942,2017-09-04,2045,39493,1514,1,5,7,1942,0,0,0,O,0,15A3,VANOWEN ST,BEN AV,0,NA,Y,A,-,N,NA,NA,NA,NA,NA,NA,NA,NA,NA,Y,4,0,2,3,A,-,04,21703,NA,N,C,C,A,A,H,-,C,D,0,NA,NA,NA,NA,Y,NA,A,01,0,0,2,0,0,0,0,0,0,-,-,NA,NA,LOS ANGELES,LOS ANGELES,-118.3943201,34.19395002
8483120,2017,2017-11-02,1942,2017-09-23,0655,38273,1028,6,5,7,1942,0,0,0,J,0,21TL61,SHERMAN WY,WHITAKER AV,0,NA,Y,A,-,N,NA,NA,NA,NA,NA,NA,NA,NA,NA,Y,4,0,3,2,A,-,03,22350,NA,N,C,C,A,A,H,-,B,A,0,NA,NA,NA,NA,Y,NA,A,01,0,0,3,0,0,0,0,0,0,-,-,NA,NA,LOS ANGELES,LOS ANGELES,-118.49785009,34.20122006
8483139,2017,2017-11-29,1900,2017-09-15,2134,620752,1183,5,5,6,1992,0,0,0,NA,0,111T1,60TH ST WEST,AVENUE I,2640,S,N,A,-,N,NA,NA,NA,NA,NA,NA,NA,NA,NA,Y,3,0,2,2,A,-,01,23152,F,N,A,C,A,A,H,-,C,A,0,NA,NA,NA,NA,Y,Y,D,22,0,1,1,0,0,0,0,0,0,-,-,NA,NA,LOS ANGELES,LANCASTER,-118.23666,34.69677068
8483140,2017,2017-11-08,1942,2017-08-28,1740,42564,1454,1,5,7,1942,0,0,0,N,0,14A26,LA VILLA MARINA,FIJI WY,150,N,N,A,-,N,NA,NA,NA,NA,NA,NA,NA,NA,NA,N,3,0,1,4,A,-,03,22350,NA,N,C,E,A,A,H,-,A,D,0,NA,NA,NA,NA,Y,NA,-,-,0,1,0,0,0,0,0,0,0,-,-,NA,NA,LOS ANGELES,LOS ANGELES,-118.43372163,33.98106112
8483144,2017,2017-11-08,1942,2017-08-31,0525,37839,1483,4,5,7,1942,0,0,0,N,0,14A73,LINCOLN BL,LA TIJERA BL,200,S,N,A,-,N,NA,NA,NA,NA,NA,NA,NA,NA,NA,N,4,0,1,1,A,-,03,22350,NA,N,E,I,A,A,H,-,C,D,0,NA,NA,NA,NA,Y,NA,A,01,0,0,1,0,0,0,0,0,0,-,-,NA,NA,LOS ANGELES,LOS ANGELES,-118.41563727,33.95610948
8483152,2017,2017-11-08,1942,2017-08-19,1230,42864,0926,6,5,7,1942,0,0,0,I,0,VANNUY,WOODMAN AV,VANOWEN ST,80,N,N,A,-,N,NA,NA,NA,NA,NA,NA,NA,NA,NA,N,3,0,1,2,A,-,08,22107,NA,N,B,G,A,A,H,-,A,D,0,NA,Y,NA,NA,Y,NA,A,08,0,1,0,0,0,0,1,0,0,-,-,NA,NA,LOS ANGELES,LOS ANGELES,-118.43127,34.19415943
8483155,2017,2017-12-05,1900,2017-10-11,1836,620752,1121,3,5,6,1992,0,0,0,NA,0,111T1,AVENUE I,17TH ST WEST,0,NA,Y,A,-,N,NA,NA,NA,NA,NA,NA,NA,NA,NA,Y,4,0,2,2,A,-,09,21801,A,N,A,C,A,A,H,-,B,A,0,NA,NA,NA,NA,Y,NA,A,01,0,0,2,0,0,0,0,0,0,-,-,NA,NA,LOS ANGELES,LANCASTER,-118.16148001,34.70421007
8483156,2017,2017-11-08,1942,2017-08-08,1011,42439,0941,2,5,7,1942,0,0,0,I,0,9A89,HATTERAS ST,HALBRENT AV,87,W,N,A,-,N,NA,NA,NA,NA,NA,NA,NA,NA,NA,N,3,0,1,2,A,-,08,22107,NA,N,C,G,A,A,H,-,A,D,0,NA,Y,NA,NA,Y,NA,A,01,0,1,0,0,0,0,1,0,0,-,-,NA,NA,LOS ANGELES,LOS ANGELES,-118.46526712,34.17573911
8483164,2017,2017-11-08,1942,2017-08-25,1000,42852,0941,5,5,7,1942,0,0,0,I,0,9A41,CALVERT ST,VAN NUYS BL,0,NA,Y,A,-,N,NA,NA,NA,NA,NA,NA,NA,NA,NA,N,4,0,1,2,A,-,10,21950,A,N,G,B,B,A,H,-,A,A,0,Y,NA,NA,NA,Y,NA,A,07,0,0,1,0,1,0,0,0,0,-,-,NA,NA,LOS ANGELES,LOS ANGELES,-118.44873009,34.18164006
8483168,2017,2018-06-20,1942,2017-08-08,2307,41256,0911,2,5,7,1942,0,0,0,I,0,9A5W3,SHERMAN WY,RT 405,0,NA,Y,A,-,Y,LA,7,405,-,-,42.241,R,1,N,N,4,0,1,2,A,-,05,21650,1,N,D,G,A,A,H,-,C,D,0,NA,Y,NA,NA,Y,NA,L,04,0,0,1,0,0,0,1,0,0,-,NF,NA,NA,LOS ANGELES,LOS ANGELES,-118.47376764,34.19916757
8483171,2017,2017-12-05,1900,2017-10-17,1931,620752,1124,2,5,6,1992,0,0,0,NA,0,111T1,10TH ST WEST,AVNUE L-14,0,NA,Y,A,-,N,NA,NA,NA,NA,NA,NA,NA,NA,NA,Y,4,0,3,2,A,-,09,21801,A,N,A,C,A,A,H,-,C,D,0,NA,NA,NA,NA,Y,NA,D,22,0,0,3,0,0,0,0,0,0,-,-,NA,NA,LOS ANGELES,LANCASTER,-118.14768013,34.64758007
8483172,2017,2017-11-08,1942,2017-08-15,1340,42057,0926,2,5,7,1942,0,0,0,I,0,9X14,KITTRIDGE ST,VAN NUYS BL,54,W,N,A,-,N,NA,NA,NA,NA,NA,NA,NA,NA,NA,N,4,0,1,2,A,-,10,21954,B,N,-,B,D,A,H,-,A,D,0,Y,NA,NA,NA,Y,NA,A,01,0,0,1,0,1,0,0,0,0,-,-,NA,NA,LOS ANGELES,LOS ANGELES,-118.44890824,34.19066
8483175,2017,2017-12-05,1900,2017-10-13,1620,551435,135,5,5,6,1992,0,0,0,NA,0,12T2,AVENUE I,27TH ST EAST,95,E,N,A,-,N,NA,NA,NA,NA,NA,NA,NA,NA,NA,Y,4,0,5,3,A,-,03,22350,NA,N,C,C,A,A,C,-,A,A,0,NA,NA,NA,NA,Y,NA,D,22,0,0,5,0,0,0,0,0,0,-,-,NA,NA,LOS ANGELES,LANCASTER,-118.0811846,34.70437
8483176,2017,2017-11-08,1942,2017-08-26,2235,42251,0901,6,5,7,1942,0,0,0,I,0,9A5,SHERMAN WY,FIRMAMENT AV,0,NA,Y,A,-,N,NA,NA,NA,NA,NA,NA,NA,NA,NA,Y,4,0,2,2,A,-,12,21453,A,N,D,C,A,A,H,-,C,A,0,NA,NA,NA,NA,Y,NA,A,01,0,0,2,0,0,0,0,0,0,-,-,NA,NA,LOS ANGELES,LOS ANGELES,-118.47241013,34.20111011
8483179,2017,2018-01-22,1900,2017-09-27,0746,546182,1127,3,5,6,1992,0,0,0,NA,0,112T2,AVENUE K,22ND ST WEST,235,W,N,A,-,N,NA,NA,NA,NA,NA,NA,NA,NA,NA,Y,4,0,1,2,A,-,03,22350,NA,N,C,C,A,A,H,-,A,D,0,NA,NA,NA,NA,Y,NA,D,22,0,0,1,0,0,0,0,0,0,-,-,NA,NA,LOS ANGELES,LANCASTER,-118.17276998,34.6751261
8483180,2017,2017-11-16,1942,2017-08-23,2030,38535,0969,3,5,7,1942,0,0,0,I,0,9A89,RIVERSIDE DR,FULTON AV,30,W,N,A,-,N,NA,NA,NA,NA,NA,NA,NA,NA,NA,Y,4,0,2,2,A,-,12,21453,A,N,D,C,A,A,-,-,C,-,0,NA,NA,NA,NA,Y,NA,-,-,0,0,2,0,0,0,0,0,0,-,-,NA,NA,LOS ANGELES,LOS ANGELES,-118.42260896,34.1576184
8483183,2017,2017-11-06,1900,2017-07-14,1620,62153,1134,5,5,6,1992,0,0,0,NA,0,112T2,AVENUE K,11TH ST EAST,50,W,N,A,-,N,NA,NA,NA,NA,NA,NA,NA,NA,NA,NA,4,0,1,2,A,-,04,21703,NA,N,C,C,A,A,D,-,A,D,0,NA,NA,NA,NA,Y,NA,A,01,0,0,1,0,0,0,0,0,0,-,-,NA,NA,LOS ANGELES,LANCASTER,-118.11079594,34.67501
8483184,2017,2017-11-08,1942,2017-08-01,2100,41249,0952,2,5,7,1942,0,0,0,I,0,9A63,CHANDLER AV,VAN NUYS BL,500,E,N,A,-,N,NA,NA,NA,NA,NA,NA,NA,NA,NA,N,3,0,2,2,A,-,03,22350,NA,N,C,C,A,A,H,-,C,D,0,NA,NA,NA,NA,Y,NA,A,01,0,1,1,0,0,0,0,0,0,-,-,NA,NA,LOS ANGELES,LOS ANGELES,-118.44816082,34.16989384
8483188,2017,2017-11-08,1942,2017-08-08,1715,42684,0923,2,5,7,1942,0,0,0,I,0,9X84,VICTORY BL,KESTER AV,0,NA,Y,A,-,N,NA,NA,NA,NA,NA,NA,NA,NA,NA,Y,3,0,1,2,A,-,09,21801,A,N,B,C,A,A,H,-,A,A,0,NA,NA,NA,NA,Y,NA,A,01,0,1,0,0,0,0,0,0,0,-,-,NA,NA,LOS ANGELES,LOS ANGELES,-118.45745,34.18666011
8483192,2017,2017-11-08,1942,2017-08-23,1830,NA,0969,3,5,7,1942,0,0,0,I,0,9X6,WHITSETT AV,RIVERSIDE DR,0,NA,Y,A,-,N,NA,NA,NA,NA,NA,NA,NA,NA,NA,N,4,0,1,2,A,-,09,21801,NA,N,A,C,A,A,H,-,A,D,0,NA,NA,NA,NA,Y,NA,A,01,0,0,1,0,0,0,0,0,0,-,-,NA,NA,LOS ANGELES,LOS ANGELES,-118.40526013,34.15761012
8483196,2017,2017-11-08,1942,2017-08-26,0620,38687,0919,6,5,7,1942,0,0,0,I,0,9A19,FULTON AV,ARCHWOOD ST,118,N,N,A,-,N,NA,NA,NA,NA,NA,NA,NA,NA,NA,Y,4,0,1,4,A,-,05,21650,A,N,A,E,A,A,H,-,A,A,0,NA,NA,NA,NA,Y,NA,A,01,0,0,1,0,0,0,0,0,0,-,-,NA,NA,LOS ANGELES,LOS ANGELES,-118.42252284,34.19225365
8483200,2017,2017-11-08,1942,2017-08-23,1000,41381,0964,3,5,7,1942,0,0,0,I,0,9A37,MAGNOLIA BL,HAZELTINE AV,300,W,N,A,-,N,NA,NA,NA,NA,NA,NA,NA,NA,NA,Y,4,0,1,2,A,-,05,21650,NA,N,A,E,A,A,H,-,A,D,0,NA,NA,NA,NA,Y,NA,A,07,0,0,1,0,0,0,0,0,0,-,-,NA,NA,LOS ANGELES,LOS ANGELES,-118.44098993,34.16486
8483202,2017,2017-11-20,1926,2017-10-26,0924,0020,1,4,5,5,1926,0,0,0,NA,0,17-354,BARRANCA AV,FOOTHILL BL,0,NA,Y,A,-,N,NA,NA,NA,NA,NA,NA,NA,NA,NA,Y,4,0,1,2,A,-,09,21801,A,N,D,C,A,A,H,-,A,A,0,NA,NA,NA,NA,Y,NA,A,01,0,0,1,0,0,0,0,0,0,-,-,NA,NA,LOS ANGELES,GLENDORA,-117.88136001,34.13601009
8483206,2017,2017-11-20,1926,2017-10-26,0629,0087,4,4,5,5,1926,0,0,0,NA,0,004,AMELIA AV,AUTO CENTER DR,206,N,N,A,-,N,NA,NA,NA,NA,NA,NA,NA,NA,NA,Y,4,0,1,3,A,-,03,22350,NA,N,C,C,A,A,H,-,A,A,0,NA,NA,NA,NA,Y,NA,D,22,0,0,1,0,0,0,0,0,0,-,-,NA,NA,LOS ANGELES,GLENDORA,-117.82022,34.11812469
8483229,2017,2017-12-07,1900,2017-06-12,1750,540658,1127,1,5,6,1992,0,0,0,NA,0,111T1,25TH ST WEST,CENTRAL CT,0,NA,Y,A,-,N,NA,NA,NA,NA,NA,NA,NA,NA,NA,N,3,0,2,2,A,-,12,22450,A,F,D,C,A,A,H,-,A,A,0,NA,NA,NA,NA,Y,NA,A,01,0,1,1,0,0,0,0,0,0,-,-,NA,NA,LOS ANGELES,LANCASTER,-118.17466,34.69198012
8483237,2017,2017-11-17,1900,2017-10-29,0555,546182,1159,7,5,6,1992,0,0,0,NA,0,112T2,60TH ST WEST,AVENUE I,2475,S,N,A,-,N,NA,NA,NA,NA,NA,NA,NA,NA,NA,Y,4,0,1,2,A,-,09,21801,A,N,B,C,A,A,H,-,C,A,0,NA,NA,NA,NA,Y,NA,A,01,0,0,1,0,0,0,0,0,0,-,-,NA,NA,LOS ANGELES,LANCASTER,-118.23666,34.69722315
8483247,2017,2017-11-09,1926,2017-10-10,0808,0022,NA,2,5,5,1926,0,0,0,NA,0,NA,FOOTHILL BL,GRAND AV,154,E,N,A,-,N,NA,NA,NA,NA,NA,NA,NA,NA,NA,N,4,0,1,2,A,-,09,21804,A,N,A,C,A,A,H,-,A,A,0,NA,NA,NA,NA,Y,NA,D,22,0,0,1,0,0,0,0,0,0,-,-,NA,NA,LOS ANGELES,GLENDORA,-117.87218233,34.13603579
8483249,2017,2017-11-17,1900,2017-10-18,1445,532239,1192,3,5,6,1992,0,0,0,NA,0,111T2,30TH ST WEST,AVENUE K-8,0,NA,Y,A,-,N,NA,NA,NA,NA,NA,NA,NA,NA,NA,Y,3,0,2,3,A,-,09,21801,A,N,D,C,A,A,H,-,A,A,0,NA,NA,NA,NA,Y,NA,D,22,0,1,1,0,0,0,0,0,0,-,-,NA,NA,LOS ANGELES,LANCASTER,-118.18355007,34.6675401
8483253,2017,2017-11-17,1900,2017-10-15,0717,546182,1126,7,5,6,1992,0,0,0,NA,0,112T2,AVENUE J,15TH ST WEST,10,W,N,A,-,N,NA,NA,NA,NA,NA,NA,NA,NA,NA,N,4,0,1,2,A,-,10,21950,NA,N,G,B,B,A,H,-,B,A,0,Y,NA,NA,NA,Y,NA,D,22,0,0,1,0,1,0,0,0,0,-,-,NA,NA,LOS ANGELES,LANCASTER,-118.15687319,34.68942961
8483261,2017,2017-11-17,1900,2017-10-07,1410,622066,1134,6,5,6,1992,0,0,0,NA,0,112T2P,AVENUE K,5TH ST EAST,0,E,N,A,-,N,NA,NA,NA,NA,NA,NA,NA,NA,NA,N,4,0,1,2,A,-,04,21703,NA,N,C,C,A,A,H,-,A,D,0,NA,NA,NA,NA,Y,NA,A,01,0,0,1,0,0,0,0,0,0,-,-,NA,NA,LOS ANGELES,LANCASTER,-118.12128005,34.67500006
8483268,2017,2018-06-15,1942,2017-10-21,1820,36989,0532,6,5,7,1942,0,0,0,E,0,5A24,PACIFIC COAST HWY,GULF AV,20,E,N,A,-,Y,LA,7,1,-,-,11.145,I,5,S,N,3,0,1,2,A,-,09,21801,A,N,D,C,A,A,H,-,C,D,0,NA,NA,NA,NA,Y,NA,D,22,0,1,0,0,0,0,0,0,0,-,-,NA,NA,LOS ANGELES,LOS ANGELES,-118.27398395,33.79054232
8483271,2017,2017-11-30,1926,2017-10-20,1530,0022,2,5,5,5,1926,0,0,0,NA,0,NA,BASELINE RD,DODSWORTH AV,0,NA,Y,A,-,N,NA,NA,NA,NA,NA,NA,NA,NA,NA,Y,4,0,2,3,A,-,12,21453,A,N,D,C,A,A,H,-,A,A,0,NA,NA,NA,NA,Y,NA,A,07,0,0,2,0,0,0,0,0,0,-,-,NA,NA,LOS ANGELES,GLENDORA,-117.86927002,34.12160001
8483272,2017,2017-11-13,1942,2017-10-22,1745,36659,0565,7,5,7,1942,0,0,0,E,0,5A15,GAFFEY ST,7TH ST,0,NA,Y,A,-,N,NA,NA,NA,NA,NA,NA,NA,NA,NA,Y,4,0,1,2,A,-,09,21801,A,N,A,C,A,A,H,-,B,A,0,NA,NA,NA,NA,Y,NA,D,22,0,0,1,0,0,0,0,0,0,-,-,NA,NA,LOS ANGELES,LOS ANGELES,-118.29235011,33.73788009
8483275,2017,2017-11-20,1926,2017-10-26,1010,0087,2,4,5,5,1926,0,0,0,NA,0,002,GRAND AV,BASELINE RD,450,S,N,A,-,N,NA,NA,NA,NA,NA,NA,NA,NA,NA,N,4,0,1,2,A,-,03,22350,NA,N,C,C,A,A,H,-,A,A,0,NA,NA,NA,NA,Y,NA,D,22,0,0,1,0,0,0,0,0,0,-,-,NA,NA,LOS ANGELES,GLENDORA,-117.87306,34.12075
8483276,2017,2017-11-27,1942,2017-10-05,0610,42862,0555,4,5,7,1942,0,0,0,E,0,5A55WZ,SUMMERLAND AV E,MEYLER ST,150,E,N,A,-,N,NA,NA,NA,NA,NA,NA,NA,NA,NA,N,2,0,2,3,A,-,05,21460,B,N,A,C,A,A,H,-,B,D,0,NA,NA,NA,NA,Y,NA,D,22,1,0,1,0,0,0,0,0,0,-,-,NA,NA,LOS ANGELES,LOS ANGELES,-118.29622754,33.74761851
8483279,2017,2017-11-20,1926,2017-10-24,1327,0022,1,2,5,5,1926,0,0,0,NA,0,NA,GRAND AV,ADA AV,98,S,N,A,-,N,NA,NA,NA,NA,NA,NA,NA,NA,NA,N,4,0,3,3,A,-,03,22350,NA,N,C,C,A,A,H,-,A,A,0,NA,NA,NA,NA,Y,NA,A,01,0,0,3,0,0,0,0,0,0,-,-,NA,NA,LOS ANGELES,GLENDORA,-117.87271632,34.13209137
8483283,2017,2017-11-27,1900,2017-09-29,1540,619699,0628,5,5,6,1985,0,0,0,NA,0,62T1,NEWHALL AV,PINE ST,30,E,N,A,-,N,NA,NA,NA,NA,NA,NA,NA,NA,NA,Y,3,0,1,2,A,-,03,22350,NA,N,C,C,A,A,H,-,A,A,0,NA,NA,NA,NA,Y,NA,D,22,0,1,0,0,0,0,0,0,0,-,-,NA,NA,LOS ANGELES,SANTA CLARITA,-118.52314357,34.37510954
8483287,2017,2017-11-17,1900,2017-10-10,1217,447537,0634,2,5,6,1985,0,0,0,NA,0,63T1,GOLDEN VALLEY RD,MCKEON WY,15,S,N,A,-,N,NA,NA,NA,NA,NA,NA,NA,NA,NA,Y,2,0,2,2,A,-,03,22350,NA,N,C,C,A,A,H,-,A,D,0,NA,NA,NA,NA,Y,NA,D,22,1,1,0,0,0,0,0,0,0,-,-,NA,NA,LOS ANGELES,SANTA CLARITA,-118.50259583,34.416839
8483295,2017,2018-06-26,1900,2017-10-07,2325,530600,0612,6,5,6,1985,0,0,0,NA,0,61T1,SIERRA HWY,FLYING TIGER,534,S,N,A,-,Y,LA,7,14,-,R,30.49,R,4,N,Y,4,0,1,4,A,-,01,23152,A,N,C,C,A,A,H,-,C,A,0,NA,NA,NA,NA,Y,Y,D,22,0,0,1,0,0,0,0,0,0,-,-,NA,NA,LOS ANGELES,SANTA CLARITA,-118.46088641,34.39911989
8483302,2017,2017-11-14,1944,2017-10-07,1635,224,2M72,6,5,4,1944,0,0,0,NA,0,003,HIGHLAND AV,26TH ST,72,N,N,A,-,N,NA,NA,NA,NA,NA,NA,NA,NA,NA,Y,4,0,1,3,D,-,00,NA,NA,N,B,E,A,A,H,-,A,D,0,NA,NA,NA,NA,Y,NA,-,-,0,0,1,0,0,0,0,0,0,-,-,NA,NA,LOS ANGELES,MANHATTAN BEACH,-118.41495011,33.89440898
8483307,2017,2017-11-17,1900,2017-10-11,1525,531566,0643,3,5,6,1985,0,0,0,NA,0,61T1,BOUQUET CANYON RD,ESPUELLA DR,24,N,N,A,-,N,NA,NA,NA,NA,NA,NA,NA,NA,NA,Y,4,0,1,3,A,-,03,22350,NA,N,C,C,A,A,H,-,A,A,0,NA,NA,NA,NA,Y,NA,A,01,0,0,1,0,0,0,0,0,0,-,-,NA,NA,LOS ANGELES,SANTA CLARITA,-118.53522754,34.42986564