CASE_ID,ACCIDENT_YEAR,PROC_DATE,JURIS,COLLISION_DATE,COLLISION_TIME,OFFICER_ID,REPORTING_DISTRICT,DAY_OF_WEEK,CHP_SHIFT,POPULATION,CNTY_CITY_LOC,SPECIAL_COND,BEAT_TYPE,CHP_BEAT_TYPE,CITY_DIVISION_LAPD,CHP_BEAT_CLASS,BEAT_NUMBER,PRIMARY_RD,SECONDARY_RD,DISTANCE,DIRECTION,INTERSECTION,WEATHER_1,WEATHER_2,STATE_HWY_IND,CALTRANS_COUNTY,CALTRANS_DISTRICT,STATE_ROUTE,ROUTE_SUFFIX,POSTMILE_PREFIX,POSTMILE,LOCATION_TYPE,RAMP_INTERSECTION,SIDE_OF_HWY,TOW_AWAY,COLLISION_SEVERITY,NUMBER_KILLED,NUMBER_INJURED,PARTY_COUNT,PRIMARY_COLL_FACTOR,PCF_CODE_OF_VIOL,PCF_VIOL_CATEGORY,PCF_VIOLATION,PCF_VIOL_SUBSECTION,HIT_AND_RUN,TYPE_OF_COLLISION,MVIW,PED_ACTION,ROAD_SURFACE,ROAD_COND_1,ROAD_COND_2,LIGHTING,CONTROL_DEVICE,CHP_ROAD_TYPE,PEDESTRIAN_ACCIDENT,BICYCLE_ACCIDENT,MOTORCYCLE_ACCIDENT,TRUCK_ACCIDENT,NOT_PRIVATE_PROPERTY,ALCOHOL_INVOLVED,STWD_VEHTYPE_AT_FAULT,CHP_VEHTYPE_AT_FAULT,COUNT_SEVERE_INJ,COUNT_VISIBLE_INJ,COUNT_COMPLAINT_PAIN,COUNT_PED_KILLED,COUNT_PED_INJURED,COUNT_BICYCLIST_KILLED,COUNT_BICYCLIST_INJURED,COUNT_MC_KILLED,COUNT_MC_INJURED,PRIMARY_RAMP,SECONDARY_RAMP,LATITUDE,LONGITUDE,COUNTY,CITY,POINT_X,POINT_Y
8484084,2017,2017-11-15,1900,2017-10-13,1735,464259,0627,5,5,6,1985,0,0,0,NA,0,62T1,NEWHALL AV,8TH ST,12,N,N,A,-,N,NA,NA,NA,NA,NA,NA,NA,NA,NA,Y,2,0,2,2,A,-,09,21801,A,N,D,C,A,A,H,-,A,D,0,NA,NA,Y,NA,Y,NA,A,01,1,0,1,0,0,0,0,0,1,-,-,NA,NA,LOS ANGELES,SANTA CLARITA,-118.5309554,34.3784249
8484088,2017,2017-11-15,1900,2017-10-04,1450,480759,0645,3,5,6,1985,0,0,0,NA,0,64T1,NEWHALL RANCH RD,W RYE CANYON RD,0,NA,Y,A,-,N,NA,NA,NA,NA,NA,NA,NA,NA,NA,Y,3,0,2,2,D,-,00,NA,NA,N,D,C,A,A,H,-,A,A,0,NA,NA,NA,NA,Y,NA,-,-,0,1,1,0,0,0,0,0,0,-,-,NA,NA,LOS ANGELES,SANTA CLARITA,-118.57912009,34.44315009
8484090,2017,2017-12-06,1975,2017-10-07,1150,678,NA,6,5,6,1975,0,0,0,NA,0,002,HOLLENBECK ST,EAST GARVEY AV,0,NA,Y,A,-,N,NA,NA,NA,NA,NA,NA,NA,NA,NA,Y,4,0,3,2,A,-,09,21801,A,N,D,C,A,A,H,-,A,A,0,NA,NA,NA,NA,Y,NA,A,01,0,0,3,0,0,0,0,0,0,-,-,NA,NA,LOS ANGELES,WEST COVINA,-117.89889012,34.07287003
8484092,2017,2017-11-15,1900,2017-10-10,0730,458055,0610,2,5,6,1985,0,0,0,NA,0,61T1,SOLEDAD CANYON RD,GOLDEN OAK RD,1111,E,N,A,-,N,NA,NA,NA,NA,NA,NA,NA,NA,NA,Y,4,0,2,2,D,-,00,NA,NA,N,B,C,A,A,H,-,A,A,0,NA,NA,NA,NA,Y,NA,-,-,0,0,2,0,0,0,0,0,0,-,-,NA,NA,LOS ANGELES,SANTA CLARITA,-118.51003699,34.41786287
8484094,2017,2017-12-06,1975,2017-10-06,1853,680,NA,5,5,6,1975,0,0,0,NA,0,NA,COVINA PKWY,GARVEY AV,0,NA,Y,A,-,N,NA,NA,NA,NA,NA,NA,NA,NA,NA,N,4,0,1,2,A,-,-,NA,NA,N,D,C,A,A,H,-,A,D,0,NA,NA,NA,NA,Y,NA,-,-,0,0,1,0,0,0,0,0,0,-,-,NA,NA,LOS ANGELES,WEST COVINA,-117.94194,34.07173
8484096,2017,2017-11-15,1900,2017-10-02,0855,523421,0621,1,5,6,1985,0,0,0,NA,0,64T1,MCBEAN PKWY,ROCKWELL CYN RD,0,NA,Y,A,-,N,NA,NA,NA,NA,NA,NA,NA,NA,NA,Y,3,0,1,2,A,-,12,21453,A,N,D,C,A,A,H,-,A,A,0,NA,NA,NA,NA,Y,NA,A,01,0,1,0,0,0,0,0,0,0,-,-,NA,NA,LOS ANGELES,SANTA CLARITA,-118.56510004,34.39486006
8484098,2017,2017-12-06,1975,2017-10-06,0824,678,NA,5,5,6,1975,0,0,0,NA,0,004,FERNWOOD ST,CAMERON AV,0,NA,Y,A,-,N,NA,NA,NA,NA,NA,NA,NA,NA,NA,N,4,0,1,2,A,-,12,21453,A,N,G,G,A,A,H,-,A,A,0,NA,Y,NA,NA,Y,NA,L,04,0,0,1,0,0,0,1,0,0,-,-,NA,NA,LOS ANGELES,WEST COVINA,-117.91092003,34.06111006
8484100,2017,2017-11-15,1900,2017-10-09,1615,437456,0624,1,5,6,1985,0,0,0,NA,0,62T1,ORCHARD VILLAGE RD,16TH ST,100,N,N,A,-,N,NA,NA,NA,NA,NA,NA,NA,NA,NA,Y,4,0,2,3,A,-,04,21703,NA,N,C,C,A,A,H,-,A,D,0,NA,NA,NA,NA,Y,NA,A,01,0,0,2,0,0,0,0,0,0,-,-,NA,NA,LOS ANGELES,SANTA CLARITA,-118.54584691,34.38790181
8484102,2017,2017-12-06,1975,2017-10-05,2149,443,NA,4,5,6,1975,0,0,0,NA,0,005,TEMPLE AV,NATALIE AV,0,NA,Y,A,-,N,NA,NA,NA,NA,NA,NA,NA,NA,NA,Y,3,0,1,1,A,-,03,22350,NA,N,A,I,A,A,H,-,C,D,0,NA,NA,NA,NA,Y,NA,A,01,0,1,0,0,0,0,0,0,0,-,-,NA,NA,LOS ANGELES,WEST COVINA,-117.90970004,34.02979001
8484104,2017,2017-11-15,1900,2017-10-03,0935,482247,0642,2,5,6,1985,0,0,0,NA,0,DAYS,MCBEAN PKWY,NORTHPARK DR,0,NA,Y,B,-,N,NA,NA,NA,NA,NA,NA,NA,NA,NA,Y,4,0,1,2,A,-,12,21453,A,N,D,C,A,A,H,-,A,A,0,NA,NA,NA,NA,Y,NA,A,01,0,0,1,0,0,0,0,0,0,-,-,NA,NA,LOS ANGELES,SANTA CLARITA,-118.54945001,34.4516901
8484108,2017,2017-11-15,1900,2017-10-15,2210,618139,0641,7,5,6,1985,0,0,0,NA,0,62T1,COPPER HILL DR,HIGH RIDGE DR,40,W,N,A,-,N,NA,NA,NA,NA,NA,NA,NA,NA,NA,Y,3,0,2,2,A,-,03,22350,NA,N,D,C,A,A,H,-,C,D,0,NA,NA,NA,NA,Y,NA,A,01,0,1,1,0,0,0,0,0,0,-,-,NA,NA,LOS ANGELES,SANTA CLARITA,-118.50342808,34.46143972
8484112,2017,2017-11-15,1900,2017-10-15,0810,465550,0629,7,5,6,1985,0,0,0,NA,0,62T1,LYONS AV,AVENIDA DORENA,475,W,N,A,-,N,NA,NA,NA,NA,NA,NA,NA,NA,NA,Y,4,0,3,3,A,-,09,21804,A,N,D,C,A,A,H,-,A,D,0,NA,NA,NA,NA,Y,NA,A,07,0,0,3,0,0,0,0,0,0,-,-,NA,NA,LOS ANGELES,SANTA CLARITA,-118.56266089,34.37834331
8484116,2017,2017-11-15,1900,2017-10-07,1735,523421,0631,6,5,6,1985,0,0,0,NA,0,63T1,CANYON PARK BL,JAKES WY,0,NA,Y,A,-,N,NA,NA,NA,NA,NA,NA,NA,NA,NA,Y,3,0,2,2,A,-,09,21802,A,N,D,C,A,A,H,-,A,A,0,NA,NA,NA,NA,Y,NA,A,01,0,2,0,0,0,0,0,0,0,-,-,NA,NA,LOS ANGELES,SANTA CLARITA,-118.45705013,34.40952007
8484120,2017,2017-11-15,1900,2017-10-04,1135,509580,0613,3,5,6,1985,0,0,0,NA,0,61T1,SOLEDAD CANYON RD,LANGSIDE AV,20,W,N,A,-,N,NA,NA,NA,NA,NA,NA,NA,NA,NA,Y,4,0,1,2,A,-,03,22350,NA,N,C,C,A,A,H,-,A,A,0,NA,NA,NA,NA,Y,NA,A,01,0,0,1,0,0,0,0,0,0,-,-,NA,NA,LOS ANGELES,SANTA CLARITA,-118.48478085,34.42057159
8484122,2017,2017-12-06,1926,2017-10-27,1100,0022,NA,5,5,5,1926,0,0,0,NA,0,001,GLENWOOD AV,ADA AV,163,S,N,A,-,N,NA,NA,NA,NA,NA,NA,NA,NA,NA,N,3,0,1,1,A,-,03,22350,NA,N,A,I,A,A,H,-,A,D,0,NA,NA,Y,NA,Y,NA,C,02,0,1,0,0,0,0,0,0,1,-,-,NA,NA,LOS ANGELES,GLENDORA,-117.85284222,34.13193329
8484123,2017,2018-06-13,1900,2017-10-11,0440,618055,1120,3,5,6,1992,0,0,0,NA,0,111T1,SIERRA HWY,AVENUE G,0,NA,Y,A,-,N,NA,NA,NA,NA,NA,NA,NA,NA,NA,N,4,0,2,2,A,-,12,22450,A,N,D,D,A,A,H,-,C,A,0,NA,NA,NA,NA,Y,NA,A,01,0,0,2,0,0,0,0,0,0,-,-,NA,NA,LOS ANGELES,LANCASTER,-118.14223004,34.73338
8484124,2017,2017-11-15,1900,2017-10-04,1511,607979,0622,3,5,6,1985,0,0,0,NA,0,65P,RAILROAD AV,OAK RIDGE DR,120,N,N,A,-,N,NA,NA,NA,NA,NA,NA,NA,NA,NA,N,3,0,1,2,A,-,04,21703,NA,N,C,D,A,A,D,-,A,A,0,NA,NA,NA,NA,Y,NA,A,01,0,1,0,0,0,0,0,0,0,-,-,NA,NA,LOS ANGELES,SANTA CLARITA,-118.53869494999999,34.40084474
8484126,2017,2017-12-06,1975,2017-10-27,1916,364,NA,5,5,6,1975,0,0,0,NA,0,004,MERCED AV,LARK ELLEN AV,0,NA,Y,A,-,N,NA,NA,NA,NA,NA,NA,NA,NA,NA,Y,4,0,2,2,A,-,12,22450,NA,N,D,C,A,A,H,-,C,D,0,NA,NA,NA,NA,Y,NA,A,01,0,0,2,0,0,0,0,0,0,-,-,NA,NA,LOS ANGELES,WEST COVINA,-117.91683006,34.05392006
8484127,2017,2017-11-29,1900,2017-10-05,1910,618055,1120,4,5,6,1992,0,0,0,NA,0,112T2,AVENUE H,15TH ST WEST,0,NA,Y,A,-,N,NA,NA,NA,NA,NA,NA,NA,NA,NA,Y,4,0,1,2,A,-,09,21802,A,N,D,D,A,A,H,-,C,A,0,NA,NA,NA,NA,Y,NA,A,01,0,0,1,0,0,0,0,0,0,-,-,NA,NA,LOS ANGELES,LANCASTER,-118.15733003,34.71860007
8484128,2017,2017-11-15,1900,2017-10-25,1630,509580,0635,3,5,6,1985,0,0,0,NA,0,61T1,ABELIA RD,GREEN COURT DR,320,E,N,A,-,N,NA,NA,NA,NA,NA,NA,NA,NA,NA,NA,3,0,1,2,C,-,18,NA,NA,N,C,E,A,A,H,-,A,D,0,NA,NA,NA,NA,Y,NA,-,-,0,1,0,0,0,0,0,0,0,-,-,NA,NA,LOS ANGELES,SANTA CLARITA,-118.3895391,34.44855604
8484130,2017,2017-12-29,1975,2017-10-26,1516,640,NA,4,5,6,1975,0,0,0,NA,0,003,SUNSET AV,MERCED AV,250,S,N,A,-,N,NA,NA,NA,NA,NA,NA,NA,NA,NA,Y,3,0,5,3,A,-,03,22350,NA,N,C,C,A,A,H,-,A,D,0,NA,NA,NA,NA,Y,NA,A,01,0,1,4,0,0,0,0,0,0,-,-,NA,NA,LOS ANGELES,WEST COVINA,-117.94668253,34.06081944
8484131,2017,2017-11-29,1900,2017-10-02,0854,525410,1122,1,5,6,1992,0,0,0,NA,0,111T1,10TH ST WEST,AVENUE J,50,N,N,A,-,N,NA,NA,NA,NA,NA,NA,NA,NA,NA,Y,3,0,1,2,A,-,07,21658,A,N,B,C,A,A,H,-,A,A,0,NA,NA,NA,NA,Y,NA,A,01,0,1,0,0,0,0,0,0,0,-,-,NA,NA,LOS ANGELES,LANCASTER,-118.14802211,34.68958709
8484134,2017,2017-12-06,1975,2017-10-26,0953,682,NA,4,5,6,1975,0,0,0,NA,0,003,FRANCISCITO AV,SIESTA AV,169,W,N,A,-,N,NA,NA,NA,NA,NA,NA,NA,NA,NA,Y,4,0,1,3,A,-,08,22107,NA,N,F,E,A,A,H,-,A,D,0,NA,NA,NA,NA,Y,NA,A,01,0,0,1,0,0,0,0,0,0,-,-,NA,NA,LOS ANGELES,WEST COVINA,-117.966625,34.063036
8484135,2017,2018-01-22,1900,2017-10-27,1310,552014,1127,5,5,6,1992,0,0,0,NA,0,111T1,27TH ST WEST,LINE DR,82,S,N,A,-,N,NA,NA,NA,NA,NA,NA,NA,NA,NA,Y,3,0,1,1,A,-,03,22350,NA,N,-,I,A,A,-,-,A,D,0,NA,NA,NA,NA,Y,NA,A,07,0,1,0,0,0,0,0,0,0,-,-,NA,NA,LOS ANGELES,LANCASTER,-118.17686069,34.69860055
8484138,2017,2017-12-06,1975,2017-10-26,0350,416,NA,4,5,6,1975,0,0,0,NA,0,006,NOGALES ST,VALLEY BL,65,S,N,A,-,N,NA,NA,NA,NA,NA,NA,NA,NA,NA,Y,3,0,1,1,A,-,08,22107,NA,N,E,I,A,A,H,-,A,A,0,NA,NA,NA,NA,Y,NA,A,01,0,1,0,0,0,0,0,0,0,-,-,NA,NA,LOS ANGELES,WEST COVINA,-117.8877,34.00294
8484139,2017,2017-11-29,1900,2017-10-26,1920,602965,1127,4,5,6,1992,0,0,0,NA,0,112T2,25TH ST WEST,CENTRAL CT,0,NA,Y,A,-,N,NA,NA,NA,NA,NA,NA,NA,NA,NA,Y,4,0,2,2,A,-,09,21802,A,N,D,C,A,A,H,-,C,D,0,NA,NA,NA,NA,Y,NA,A,01,0,0,2,0,0,0,0,0,0,-,-,NA,NA,LOS ANGELES,LANCASTER,-118.17466,34.69198012
8484140,2017,2017-11-15,1975,2017-10-04,1306,683,1975,3,5,6,1975,0,0,0,NA,0,003,VINCENT AV,PLAZA DR,0,NA,Y,A,-,N,NA,NA,NA,NA,NA,NA,NA,NA,NA,Y,4,0,2,2,A,-,12,21453,A,N,A,C,A,A,H,-,A,A,0,NA,NA,NA,NA,Y,NA,-,NA,0,0,2,0,0,0,0,0,0,-,-,NA,NA,LOS ANGELES,WEST COVINA,-117.92690011,34.06972002
8484143,2017,2017-11-29,1900,2017-10-19,2010,620493,1134,4,5,6,1992,0,0,0,NA,0,112T1,AVENUE M,CHALLENGER WY,0,NA,Y,A,-,N,NA,NA,NA,NA,NA,NA,NA,NA,NA,Y,4,0,1,2,A,-,09,21801,A,N,D,C,A,A,H,-,D,D,0,NA,NA,NA,NA,Y,NA,A,01,0,0,1,0,0,0,0,0,0,-,-,NA,NA,LOS ANGELES,LANCASTER,-118.11233,34.64593
8484144,2017,2017-11-15,1975,2017-10-04,0823,353,NA,3,5,6,1975,0,0,0,NA,0,002,CAMERON AV,HOLLENBECK ST,0,NA,Y,A,-,N,NA,NA,NA,NA,NA,NA,NA,NA,NA,N,3,0,1,2,A,-,10,21950,A,N,G,B,B,A,H,-,A,A,0,Y,NA,NA,NA,Y,NA,-,NA,0,1,0,0,1,0,0,0,0,-,-,NA,NA,LOS ANGELES,WEST COVINA,-117.89904002,34.06101003
8484146,2017,2017-12-06,1975,2017-10-20,1553,678,NA,5,5,6,1975,0,0,0,NA,0,002,BAYMAR ST,WALNUT CREEK PKWY,0,NA,Y,A,-,N,NA,NA,NA,NA,NA,NA,NA,NA,NA,Y,4,0,2,2,A,-,12,22450,A,N,D,C,A,A,H,-,A,A,0,NA,NA,NA,NA,Y,NA,A,01,0,0,2,0,0,0,0,0,0,-,-,NA,NA,LOS ANGELES,WEST COVINA,-117.90073011,34.06853008
8484148,2017,2017-11-15,1975,2017-10-03,1836,683,1975,2,5,6,1975,0,0,0,NA,0,003,SUNSET AV,W MERCED AV,175,S,N,A,-,N,NA,NA,NA,NA,NA,NA,NA,NA,NA,Y,3,0,3,3,A,-,08,22107,NA,N,A,C,A,A,H,-,C,A,0,NA,NA,NA,NA,Y,NA,-,NA,0,1,2,0,0,0,0,0,0,-,-,NA,NA,LOS ANGELES,WEST COVINA,-117.94651496,34.06097053
8484150,2017,2017-12-06,1975,2017-10-20,0753,683,NA,5,5,6,1975,0,0,0,NA,0,006,AMAR RD,LEANNA DR,0,NA,Y,A,-,N,NA,NA,NA,NA,NA,NA,NA,NA,NA,Y,4,0,1,2,A,-,09,21801,A,N,D,C,A,A,H,-,A,A,0,NA,NA,NA,NA,Y,NA,A,01,0,0,1,0,0,0,0,0,0,-,-,NA,NA,LOS ANGELES,WEST COVINA,-117.90066001,34.02670002
8484152,2017,2017-11-15,1975,2017-10-03,1812,683,1975,2,5,6,1975,0,0,0,NA,0,004,GLENDORA AV,WESCOVE PL,0,NA,Y,A,-,N,NA,NA,NA,NA,NA,NA,NA,NA,NA,N,3,0,1,2,A,-,09,21804,A,N,H,G,A,A,H,-,A,A,0,NA,Y,NA,NA,Y,NA,L,04,0,1,0,0,0,0,1,0,0,-,-,NA,NA,LOS ANGELES,WEST COVINA,-117.93774011,34.05622009
8484154,2017,2017-12-06,1942,2017-10-17,1930,423,NA,2,5,7,1942,0,0,0,NA,0,002,GARVEY AVE,CITRUS AV,475,E,N,C,-,N,NA,NA,NA,NA,NA,NA,NA,NA,NA,N,4,0,1,2,A,-,09,21804,A,N,D,C,A,A,H,-,C,D,0,NA,NA,NA,NA,Y,NA,A,01,0,0,1,0,0,0,0,0,0,-,-,NA,NA,LOS ANGELES,LOS ANGELES,-117.89017,34.07358
8484156,2017,2017-11-15,1975,2017-10-03,1634,683,1975,2,5,6,1975,0,0,0,NA,0,004,MERCED AV,SUSANNA AV,0,NA,Y,A,-,N,NA,NA,NA,NA,NA,NA,NA,NA,NA,Y,4,0,1,2,A,-,09,21802,A,N,D,C,A,A,H,-,A,A,0,NA,NA,NA,NA,Y,NA,-,NA,0,0,1,0,0,0,0,0,0,-,-,NA,NA,LOS ANGELES,WEST COVINA,-117.92775005,34.05403003
8484158,2017,2017-12-06,1975,2017-10-17,0840,679,NA,2,5,6,1975,0,0,0,NA,0,005,AMAR RD,VALINDA AV,0,NA,Y,A,-,N,NA,NA,NA,NA,NA,NA,NA,NA,NA,N,4,0,2,3,A,-,03,22350,NA,N,C,C,A,A,H,-,A,A,0,NA,NA,NA,NA,Y,NA,A,01,0,0,2,0,0,0,0,0,0,-,-,NA,NA,LOS ANGELES,WEST COVINA,-117.92634004,34.03570004
8484161,2017,2017-11-13,1942,2017-10-02,1700,37298,2054,1,5,7,1942,0,0,0,NA,0,20XL2,NORMANDIE AV,OLYMPIC,20,S,N,A,-,N,NA,NA,NA,NA,NA,NA,NA,NA,NA,N,4,0,1,2,A,-,03,22350,NA,F,C,C,A,A,H,-,A,A,0,NA,NA,NA,NA,Y,NA,-,99,0,0,1,0,0,0,0,0,0,-,-,NA,NA,LOS ANGELES,LOS ANGELES,-118.30003,34.05258515
8484162,2017,2018-03-05,1976,2017-10-25,1430,851,NA,3,5,5,1976,0,0,0,NA,0,NA,SANTA FE SPRINGS RD,NOGAL AV,0,NA,Y,A,-,N,NA,NA,NA,NA,NA,NA,NA,NA,NA,Y,3,0,2,2,A,-,09,21802,A,N,D,C,A,A,H,-,A,A,0,NA,NA,NA,NA,Y,NA,A,07,0,1,1,0,0,0,0,0,0,-,-,NA,NA,LOS ANGELES,WHITTIER,-118.04656007,33.96311005
8484165,2017,2017-11-13,1942,2017-10-02,0750,41027,1804,1,5,7,1942,0,0,0,R,0,18A63,MCKINLEY AV,87TH PL,0,NA,Y,A,-,N,NA,NA,NA,NA,NA,NA,NA,NA,NA,N,4,0,1,2,A,-,09,21804,A,N,D,C,A,A,H,-,A,A,0,NA,NA,NA,NA,Y,NA,A,01,0,0,1,0,0,0,0,0,0,-,-,NA,NA,LOS ANGELES,LOS ANGELES,-118.26080002,33.95834006
8484166,2017,2017-11-30,1976,2017-10-12,1830,337,CA019,4,5,5,1976,0,0,0,NA,0,003,LA CUARTA ST,EUCLID AV,0,NA,Y,A,-,N,NA,NA,NA,NA,NA,NA,NA,NA,NA,Y,4,0,2,2,A,-,09,21801,A,N,D,C,A,A,H,-,A,D,0,NA,NA,NA,NA,Y,NA,A,01,0,0,2,0,0,0,0,0,0,-,-,NA,NA,LOS ANGELES,WHITTIER,-118.02518002,33.96741008
8484169,2017,2017-11-13,1942,2017-10-03,1935,41993,1864,2,5,7,1942,0,0,0,R,0,18A63,E 120TH ST,STANFORD AV,100,W,N,A,-,N,NA,NA,NA,NA,NA,NA,NA,NA,NA,N,3,0,1,2,A,-,08,22107,NA,N,D,C,A,A,H,-,C,D,0,NA,NA,Y,NA,Y,NA,A,01,0,1,0,0,0,0,0,0,1,-,-,NA,NA,LOS ANGELES,LOS ANGELES,-118.26254898,33.92372
8484170,2017,2017-11-30,1955,2017-10-19,1029,40437,5,4,5,6,1955,0,0,0,NA,0,004,MISSION BL,TOWNE AV,0,NA,Y,A,-,N,NA,NA,NA,NA,NA,NA,NA,NA,NA,Y,4,0,1,2,A,-,09,21801,A,N,D,C,A,A,G,-,A,A,0,NA,NA,NA,NA,Y,NA,A,01,0,0,1,0,0,0,0,0,0,-,-,NA,NA,LOS ANGELES,POMONA,-117.74133012,34.05532011
8484174,2017,2017-11-30,1955,2017-10-31,0936,41871,24,2,5,6,1955,0,0,0,NA,0,002,VINTON AV,ROYALTY ST,0,NA,Y,A,-,N,NA,NA,NA,NA,NA,NA,NA,NA,NA,Y,4,0,2,2,A,-,09,21802,A,N,D,C,A,A,H,-,A,A,0,NA,NA,NA,NA,Y,NA,A,01,0,0,2,0,0,0,0,0,0,-,-,NA,NA,LOS ANGELES,POMONA,-117.74529006,34.07897001
8484176,2017,2017-11-15,1942,2017-08-30,1800,38019,1824,3,5,7,1942,0,0,0,R,0,18X96,94TH ST,SANFORD,20,W,N,A,-,N,NA,NA,NA,NA,NA,NA,NA,NA,NA,N,4,0,1,2,A,-,15,21201,A,F,A,G,A,A,H,-,A,D,0,NA,Y,NA,NA,Y,Y,L,04,0,0,1,0,0,0,1,0,0,-,-,NA,NA,LOS ANGELES,LOS ANGELES,-118.26306582,33.95111
8484178,2017,2017-11-30,1955,2017-10-21,1651,42081,84,6,5,6,1955,0,0,0,NA,0,004,RIO RANCHO RD,GAREY AV,0,NA,Y,A,-,N,NA,NA,NA,NA,NA,NA,NA,NA,NA,Y,3,0,1,2,A,-,09,21801,A,N,D,C,A,A,H,-,A,A,0,NA,NA,NA,NA,Y,NA,A,08,0,1,0,0,0,0,0,0,0,-,-,NA,NA,LOS ANGELES,POMONA,-117.74932007,34.03337009
8484180,2017,2017-11-15,1942,2017-08-30,1700,40643,0329,3,5,7,1942,0,0,0,C,0,24T57,ADAMS ST,FLOWER ST,23,W,N,A,-,N,NA,NA,NA,NA,NA,NA,NA,NA,NA,N,3,0,1,2,A,-,10,21950,A,F,G,B,B,A,H,-,A,A,0,Y,NA,NA,NA,Y,NA,-,99,0,1,0,0,1,0,0,0,0,-,-,NA,NA,LOS ANGELES,LOS ANGELES,-118.27498633,34.02767048
8484182,2017,2017-11-30,1955,2017-10-23,2355,41949,78,1,5,6,1955,0,0,0,NA,0,005,BUTTERFIELD RD,VEJAR AV,25,S,N,A,-,N,NA,NA,NA,NA,NA,NA,NA,NA,NA,Y,4,0,2,1,A,-,03,22350,NA,N,F,I,A,A,H,-,C,D,0,NA,NA,NA,NA,Y,NA,A,01,0,0,2,0,0,0,0,0,0,-,-,NA,NA,LOS ANGELES,POMONA,-117.77900549,34.05170865
8484184,2017,2017-11-15,1942,2017-08-29,1200,40260,646,2,5,7,1942,0,0,0,NA,0,6A36,SELMA AV,SCHRADER BL,0,NA,Y,A,-,N,NA,NA,NA,NA,NA,NA,NA,NA,NA,Y,4,0,1,2,A,-,03,22350,NA,N,A,C,A,A,H,-,A,D,0,NA,NA,NA,NA,Y,NA,A,01,0,0,1,0,0,0,0,0,0,-,-,NA,NA,LOS ANGELES,LOS ANGELES,-118.33246005,34.09976003
8484185,2017,2017-11-13,1928,2017-10-13,0438,398,501,5,5,5,1928,0,0,0,NA,0,501,EL SEGUNDO BL,HAWTHORNE BL,0,NA,Y,A,-,N,NA,NA,NA,NA,NA,NA,NA,NA,NA,N,4,0,1,2,A,-,10,21950,A,M,G,B,B,A,H,-,C,A,0,Y,NA,NA,NA,Y,NA,-,99,0,0,1,0,1,0,0,0,0,-,-,33.91642,-118.35255,LOS ANGELES,HAWTHORNE,-118.35270009,33.91642002
8484186,2017,2017-11-30,1955,2017-10-17,0628,41138,92,2,5,6,1955,0,0,0,NA,0,004,RESERVOIR ST,TRANSIT AV,50,S,N,A,-,N,NA,NA,NA,NA,NA,NA,NA,NA,NA,Y,3,0,2,4,A,-,09,21804,A,N,D,C,A,A,H,-,C,A,0,NA,NA,NA,NA,Y,NA,A,01,0,1,1,0,0,0,0,0,0,-,-,NA,NA,LOS ANGELES,POMONA,-117.73241522,34.050313010000004
8484188,2017,2017-12-06,1942,2017-08-30,0930,36664,0677,3,5,7,1942,0,0,0,F,0,6A15,MELROSE AV,PLYMOUTH,100,W,N,A,-,N,NA,NA,NA,NA,NA,NA,NA,NA,NA,Y,3,0,2,2,A,-,08,22103,NA,N,D,C,A,A,H,-,A,D,0,NA,NA,NA,NA,Y,NA,A,01,0,1,1,0,0,0,0,0,0,-,-,NA,NA,LOS ANGELES,LOS ANGELES,-118.32104938,34.08348
8484192,2017,2017-11-15,1942,2017-08-27,0200,41399,0643,7,5,7,1942,0,0,0,F,0,6A15,SUNSET BL,FULLER AV,0,NA,Y,A,-,N,NA,NA,NA,NA,NA,NA,NA,NA,NA,NA,3,0,1,4,A,-,09,21801,B,N,A,C,A,A,H,-,C,A,0,NA,NA,NA,NA,Y,NA,A,01,0,1,0,0,0,0,0,0,0,-,-,NA,NA,LOS ANGELES,LOS ANGELES,-118.34958,34.09800012
8484196,2017,2017-11-29,1942,2017-10-04,1005,33169,2013,3,5,7,1942,0,0,0,NA,0,34MQ17,OXFORD AV,1ST ST,0,NA,Y,A,-,N,NA,NA,NA,NA,NA,NA,NA,NA,NA,Y,4,0,2,2,A,-,12,22450,A,N,D,C,A,A,H,-,A,D,0,NA,NA,NA,NA,Y,NA,A,01,0,0,2,0,0,0,0,0,0,-,-,NA,NA,LOS ANGELES,LOS ANGELES,-118.30794004,34.07369002
8484201,2017,2017-11-13,1900,2017-10-12,1508,530043,2607,4,5,6,1950,0,0,0,NA,0,263T1,AVENUE R,47TH ST EAST,454,E,N,A,-,N,NA,NA,NA,NA,NA,NA,NA,NA,NA,N,4,0,3,2,A,-,09,21804,A,N,D,C,A,A,H,-,A,A,0,NA,NA,NA,NA,Y,NA,A,01,0,0,3,0,0,0,0,0,0,-,-,NA,NA,LOS ANGELES,PALMDALE,-118.04349946,34.57271796
8484204,2017,2017-12-04,1942,2017-10-23,1015,34959,2093,1,5,7,1942,0,0,0,NA,0,20TL59,WESTERN AV,WASHINGTON BL,64,S,N,A,-,N,NA,NA,NA,NA,NA,NA,NA,NA,NA,N,4,0,1,3,A,-,04,21703,NA,F,C,C,A,A,H,-,A,D,0,NA,NA,NA,NA,Y,NA,D,22,0,0,1,0,0,0,0,0,0,-,-,NA,NA,LOS ANGELES,LOS ANGELES,-118.30899,34.03974447
8484205,2017,2017-11-13,1900,2017-10-19,1439,527069,2612,4,5,6,1950,0,0,0,NA,0,263T1,RANCHO VISTA BL,AVENUE O-8,0,NA,Y,A,-,N,NA,NA,NA,NA,NA,NA,NA,NA,NA,Y,3,0,2,2,A,-,01,23152,A,N,D,C,A,A,H,-,A,A,0,NA,NA,NA,NA,Y,Y,A,01,0,2,0,0,0,0,0,0,0,-,-,NA,NA,LOS ANGELES,PALMDALE,-118.19220011,34.60773005
8484208,2017,2017-12-04,1942,2017-10-06,0500,36110,LOSAN,5,5,7,1942,0,0,0,NA,0,14A13,KNOWLTON AVE,LA TIJERA BL,0,NA,Y,A,-,N,NA,NA,NA,NA,NA,NA,NA,NA,NA,N,3,0,1,2,A,-,12,21453,A,N,B,C,A,A,H,-,C,A,0,NA,NA,NA,NA,Y,NA,A,01,0,1,0,0,0,0,0,0,0,-,-,NA,NA,LOS ANGELES,LOS ANGELES,-118.37318003,33.97612004