CASE_ID,ACCIDENT_YEAR,PROC_DATE,JURIS,COLLISION_DATE,COLLISION_TIME,OFFICER_ID,REPORTING_DISTRICT,DAY_OF_WEEK,CHP_SHIFT,POPULATION,CNTY_CITY_LOC,SPECIAL_COND,BEAT_TYPE,CHP_BEAT_TYPE,CITY_DIVISION_LAPD,CHP_BEAT_CLASS,BEAT_NUMBER,PRIMARY_RD,SECONDARY_RD,DISTANCE,DIRECTION,INTERSECTION,WEATHER_1,WEATHER_2,STATE_HWY_IND,CALTRANS_COUNTY,CALTRANS_DISTRICT,STATE_ROUTE,ROUTE_SUFFIX,POSTMILE_PREFIX,POSTMILE,LOCATION_TYPE,RAMP_INTERSECTION,SIDE_OF_HWY,TOW_AWAY,COLLISION_SEVERITY,NUMBER_KILLED,NUMBER_INJURED,PARTY_COUNT,PRIMARY_COLL_FACTOR,PCF_CODE_OF_VIOL,PCF_VIOL_CATEGORY,PCF_VIOLATION,PCF_VIOL_SUBSECTION,HIT_AND_RUN,TYPE_OF_COLLISION,MVIW,PED_ACTION,ROAD_SURFACE,ROAD_COND_1,ROAD_COND_2,LIGHTING,CONTROL_DEVICE,CHP_ROAD_TYPE,PEDESTRIAN_ACCIDENT,BICYCLE_ACCIDENT,MOTORCYCLE_ACCIDENT,TRUCK_ACCIDENT,NOT_PRIVATE_PROPERTY,ALCOHOL_INVOLVED,STWD_VEHTYPE_AT_FAULT,CHP_VEHTYPE_AT_FAULT,COUNT_SEVERE_INJ,COUNT_VISIBLE_INJ,COUNT_COMPLAINT_PAIN,COUNT_PED_KILLED,COUNT_PED_INJURED,COUNT_BICYCLIST_KILLED,COUNT_BICYCLIST_INJURED,COUNT_MC_KILLED,COUNT_MC_INJURED,PRIMARY_RAMP,SECONDARY_RAMP,LATITUDE,LONGITUDE,COUNTY,CITY,POINT_X,POINT_Y
8488448,2017,2018-02-01,1942,2017-09-22,1330,42833,1344,5,5,7,1942,0,0,0,M,0,13A85,AVALON BL,42ND PL,0,NA,Y,A,-,N,NA,NA,NA,NA,NA,NA,NA,NA,NA,Y,4,0,1,3,A,-,07,21658,A,M,D,E,A,A,H,-,A,A,0,NA,NA,NA,Y,Y,NA,A,08,0,0,1,0,0,0,0,0,0,-,-,NA,NA,LOS ANGELES,LOS ANGELES,-118.26528007,34.00660009
8488451,2017,2018-06-14,1942,2017-11-04,1430,43063,0215,6,5,7,1942,0,0,0,B,0,2A17,SILVERLAKE BL,RT 101,0,NA,Y,A,-,Y,LA,7,101,-,-,3.688,R,4,S,Y,4,0,2,2,A,-,09,21801,A,N,D,C,A,A,H,-,A,D,0,NA,NA,NA,NA,Y,NA,A,01,0,0,2,0,0,0,0,0,0,-,-,NA,NA,LOS ANGELES,LOS ANGELES,-118.28047485,34.07683695
8488459,2017,2017-12-07,1942,2017-11-03,1720,34426,1322,5,5,7,1942,0,0,0,M,0,13A13,MAPLE AV,22ND ST,120,S,N,A,-,N,NA,NA,NA,NA,NA,NA,NA,NA,NA,N,4,0,1,2,A,-,03,22350,NA,N,C,C,A,A,H,-,A,D,0,NA,NA,NA,NA,Y,NA,A,01,0,0,1,0,0,0,0,0,0,-,-,NA,NA,LOS ANGELES,LOS ANGELES,-118.26321813,34.02696057
8488460,2017,2017-11-21,1942,2017-09-14,1645,34426,1309,4,5,7,1942,0,0,0,M,0,13A9,E 20TH ST,S ALAMEDA ST,0,NA,Y,A,-,N,NA,NA,NA,NA,NA,NA,NA,NA,NA,N,4,0,1,2,A,-,09,21802,A,N,D,C,A,A,H,-,A,A,0,NA,NA,NA,Y,Y,NA,F,25,0,0,1,0,0,0,0,0,0,-,-,NA,NA,LOS ANGELES,LOS ANGELES,-118.23966008,34.01803001
8488464,2017,2017-11-21,1942,2017-09-09,0942,30380,1333,6,5,7,1942,0,0,0,M,0,13A43,S CENTRAL AVE,E 29TH ST,87,S,N,A,-,N,NA,NA,NA,NA,NA,NA,NA,NA,NA,N,3,0,1,2,A,-,03,22350,NA,N,C,E,A,A,H,-,A,D,0,NA,NA,NA,NA,Y,NA,A,08,0,1,0,0,0,0,0,0,0,-,-,NA,NA,LOS ANGELES,LOS ANGELES,-118.25630239,34.01548415
8488471,2017,2017-12-06,1942,2017-10-15,1700,41661,1146,7,5,7,1942,0,0,0,K,0,11A95,MELLON AV,PARTRIDGE AV,60,W,N,A,-,N,NA,NA,NA,NA,NA,NA,NA,NA,NA,N,4,0,3,2,A,-,05,21650,NA,N,B,C,A,A,H,-,A,D,0,NA,NA,NA,NA,Y,NA,A,07,0,0,3,0,0,0,0,0,0,-,-,NA,NA,LOS ANGELES,LOS ANGELES,-118.24853,34.10298
8488472,2017,2017-11-21,1942,2017-09-29,1615,41232,1394,5,5,7,1942,0,0,0,M,0,13A41,MAIN,FLORENCE,30,N,N,A,-,N,NA,NA,NA,NA,NA,NA,NA,NA,NA,N,4,0,1,3,A,-,00,21703,A,N,C,C,A,A,H,-,A,D,0,NA,NA,NA,NA,Y,NA,D,22,0,0,1,0,0,0,0,0,0,-,-,NA,NA,LOS ANGELES,LOS ANGELES,-118.27394,33.97476228
8488476,2017,2017-12-11,1942,2017-09-28,1540,38054,1122,4,5,7,1942,0,0,0,K,0,11A71,RIVERSIDE,LOS FELIZ,1500,S,N,A,-,N,NA,NA,NA,NA,NA,NA,NA,NA,NA,N,3,0,1,2,A,-,03,22350,NA,N,B,E,A,A,-,-,A,D,0,NA,NA,NA,NA,Y,NA,-,-,0,1,0,0,0,0,0,0,0,-,-,NA,NA,LOS ANGELES,LOS ANGELES,-118.2688872,34.11361833
8488480,2017,2017-11-21,1942,2017-09-15,1050,25753,1141,5,5,7,1942,0,0,0,K,0,11A1,NORMANDIE AV,HOLLYWOOD BL,415,N,N,B,-,N,NA,NA,NA,NA,NA,NA,NA,NA,NA,N,4,0,1,2,A,-,21,22106,NA,N,H,C,A,A,H,-,A,D,0,NA,NA,NA,NA,Y,NA,D,22,0,0,1,0,0,0,0,0,0,-,-,NA,NA,LOS ANGELES,LOS ANGELES,-118.30056441,34.10288815
8488483,2017,2017-12-04,1900,2017-10-19,1015,531281,1435,4,5,4,1937,0,0,0,NA,0,143T1,MAIN ST,DORA GUZMAN AV,700,E,N,A,-,N,NA,NA,NA,NA,NA,NA,NA,NA,NA,N,4,0,1,2,A,-,09,21804,A,N,D,C,A,A,-,-,A,D,0,NA,NA,NA,NA,Y,NA,A,01,0,0,1,0,0,0,0,0,0,-,-,34.0135,-117.92486,LOS ANGELES,LA PUENTE,-117.92504785,34.01345374
8488487,2017,2017-12-04,1900,2017-10-19,0515,515583,1410,4,5,1,1932,0,0,0,NA,0,141T1,CROSSROADS PARKWAY NORTH,CROSSROADS PARKWAY SOUTH,449,W,N,A,-,N,NA,NA,NA,NA,NA,NA,NA,NA,NA,Y,2,0,1,1,A,-,03,22350,NA,N,E,I,A,A,H,-,C,D,0,NA,NA,NA,NA,Y,NA,A,07,1,0,0,0,0,0,0,0,0,-,-,NA,NA,LOS ANGELES,INDUSTRY,-118.01281455,34.03060602
8488491,2017,2017-12-04,1900,2017-10-30,0900,540658,1139,1,5,6,1992,0,0,0,NA,0,112T1,55TH ST WEST,AVENUE L,0,NA,Y,A,-,N,NA,NA,NA,NA,NA,NA,NA,NA,NA,Y,4,0,2,2,A,-,09,21802,A,N,D,C,A,A,H,-,A,A,0,NA,NA,NA,NA,Y,NA,A,01,0,0,2,0,0,0,0,0,0,-,-,NA,NA,LOS ANGELES,LANCASTER,-118.22762008,34.66024006
8488495,2017,2018-06-26,1900,2017-10-28,1628,620752,1126,6,5,6,1992,0,0,0,NA,0,111T1,AVENUE K,RT 14,0,NA,Y,A,-,Y,LA,7,14,-,R,66.99,R,4,S,Y,4,0,1,2,A,-,12,21453,A,N,D,C,A,A,H,-,A,A,0,NA,NA,NA,NA,Y,NA,A,08,0,0,1,0,0,0,0,0,0,-,SF,NA,NA,LOS ANGELES,LANCASTER,-118.16032427,34.67751864
8488499,2017,2017-12-04,1900,2017-10-28,0225,611143,1132,6,5,6,1992,0,0,0,NA,0,111T1,TREVOR AV,NICOBAR ST,0,NA,Y,A,-,N,NA,NA,NA,NA,NA,NA,NA,NA,NA,N,3,0,1,1,A,-,03,22350,NA,N,F,I,A,A,H,-,C,D,0,NA,NA,Y,NA,Y,NA,C,02,0,1,0,0,0,0,0,0,1,-,-,NA,NA,LOS ANGELES,LANCASTER,-118.13288003,34.69454004
8488503,2017,2017-12-04,1900,2017-10-27,2131,620752,1122,5,5,6,1992,0,0,0,NA,0,111T1,10TH ST W,JACKMAN ST,0,NA,Y,A,-,N,NA,NA,NA,NA,NA,NA,NA,NA,NA,Y,3,0,1,3,A,-,09,21801,A,N,D,C,A,A,H,-,C,A,0,NA,NA,NA,NA,Y,NA,A,01,0,1,0,0,0,0,0,0,0,-,-,NA,NA,LOS ANGELES,LANCASTER,-118.14810011,34.70081007
8488507,2017,2017-12-04,1900,2017-10-24,1630,618055,1125,2,5,6,1992,0,0,0,NA,0,111T1,10TH ST W,AVE J,232,N,N,A,-,N,NA,NA,NA,NA,NA,NA,NA,NA,NA,N,4,0,1,2,A,-,05,21202,NA,N,D,C,A,A,H,-,A,D,0,NA,Y,NA,NA,Y,NA,L,04,0,0,1,0,0,0,1,0,0,-,-,NA,NA,LOS ANGELES,LANCASTER,-118.14802979,34.69008609
8488511,2017,2017-12-04,1900,2017-10-20,0550,618055,1127,5,5,6,1992,0,0,0,NA,0,111T1,AVE J-8,PRECISE ST,0,NA,Y,A,-,N,NA,NA,NA,NA,NA,NA,NA,NA,NA,N,3,0,1,2,A,-,09,21802,A,N,D,C,A,A,H,-,A,A,0,NA,NA,NA,NA,Y,NA,A,01,0,1,0,0,0,0,0,0,0,-,-,NA,NA,LOS ANGELES,LANCASTER,-118.18149,34.6821401
8488515,2017,2017-12-26,1900,2017-10-13,1723,510509,1127,5,5,6,1992,0,0,0,NA,0,111T2,60TH ST WEST,AVENUE J,0,NA,Y,A,-,N,NA,NA,NA,NA,NA,NA,NA,NA,NA,Y,4,0,2,2,A,-,09,21801,A,N,B,C,A,A,H,-,A,A,0,NA,NA,NA,NA,Y,NA,A,01,0,0,2,0,0,0,0,0,0,-,-,NA,NA,LOS ANGELES,LANCASTER,-118.2366301,34.68935009
8488519,2017,2017-12-04,1900,2017-10-28,1202,530045,2243,6,5,3,1989,0,0,0,NA,0,224T2,LAS VIRGENES RD,HORSESHOE CIR,51,N,N,A,-,N,NA,NA,NA,NA,NA,NA,NA,NA,NA,Y,3,0,1,2,A,-,01,23152,A,N,C,C,A,A,H,-,A,D,0,NA,NA,NA,NA,Y,Y,A,01,0,1,0,0,0,0,0,0,0,-,-,34.15829,-118.70092,LOS ANGELES,CALABASAS,-118.70123195,34.1584872
8488523,2017,2017-12-04,1900,2017-10-30,0850,505175,2241,1,5,3,1989,0,0,0,NA,0,22RT2,AGOURA RD,MALIBU HILLS RD,0,NA,Y,B,-,N,NA,NA,NA,NA,NA,NA,NA,NA,NA,N,4,0,1,2,A,-,09,21802,A,N,A,C,A,A,H,-,A,A,0,NA,NA,NA,NA,Y,NA,A,07,0,0,1,0,0,0,0,0,0,-,-,34.13799,-118.71354,LOS ANGELES,CALABASAS,-118.71351008,34.13799011
8488526,2017,2017-12-05,1941,2017-10-22,2328,10936,NA,7,5,7,1941,0,0,0,NA,0,NA,CHERRY AV,OCEAN BL,72,N,N,A,-,N,NA,NA,NA,NA,NA,NA,NA,NA,NA,N,4,0,1,2,A,-,04,21703,NA,N,C,C,A,A,H,-,C,A,0,NA,NA,NA,NA,Y,NA,M,NA,0,0,1,0,0,0,0,0,0,-,-,NA,NA,LOS ANGELES,LONG BEACH,-118.16838975,33.76470456
8488530,2017,2017-12-05,1941,2017-10-25,1310,5995,NA,3,5,7,1941,0,0,0,NA,0,NA,OLIVE AV,5TH ST,0,NA,Y,A,-,N,NA,NA,NA,NA,NA,NA,NA,NA,NA,N,3,0,1,2,A,-,12,22450,A,F,D,C,A,A,H,-,A,A,0,NA,NA,NA,NA,Y,NA,-,NA,0,1,0,0,0,0,0,0,0,-,-,NA,NA,LOS ANGELES,LONG BEACH,-118.18236002,33.77292002
8488534,2017,2017-12-05,1900,2017-10-30,1440,451502,1414,1,5,1,1932,0,0,0,NA,0,141T6P,VALLEY BL,RUSSELL ST,0,NA,N,A,-,N,NA,NA,NA,NA,NA,NA,NA,NA,NA,N,4,0,1,2,A,-,09,21802,A,N,D,B,A,A,H,-,A,D,0,NA,NA,NA,NA,Y,NA,A,01,0,0,1,0,0,0,0,0,0,-,-,34.01888,-117.95716,LOS ANGELES,INDUSTRY,-117.95716011,34.01893003
8488538,2017,2017-12-05,1900,2017-10-26,1700,526692,1434,4,5,4,1937,0,0,0,NA,0,143T1,VALLEY BL,CENTRAL AV,0,NA,Y,A,-,N,NA,NA,NA,NA,NA,NA,NA,NA,NA,N,4,0,2,2,A,-,09,21801,A,N,D,C,A,A,H,-,A,D,0,NA,NA,NA,NA,Y,NA,A,01,0,0,2,0,0,0,0,0,0,-,-,34.04094,-117.9723,LOS ANGELES,LA PUENTE,-117.94575009,34.01530005
8488542,2017,2017-12-05,1900,2017-10-24,2317,529400,1432,2,5,4,1937,0,0,0,NA,0,143T2,HACIENDA BL,AMAR RD,0,NA,Y,A,-,N,NA,NA,NA,NA,NA,NA,NA,NA,NA,N,4,0,2,3,A,-,12,21453,A,N,D,C,A,A,H,-,C,A,0,NA,NA,NA,NA,Y,NA,A,01,0,0,2,0,0,0,0,0,0,-,-,34.03707,-117.95,LOS ANGELES,LA PUENTE,-117.9499901,34.03708011
8488546,2017,2017-12-05,1900,2017-10-27,1041,529380,1418,5,5,1,1932,0,0,0,NA,0,141T2,NOGALES ST,ARENTH AV,0,NA,Y,A,-,N,NA,NA,NA,NA,NA,NA,NA,NA,NA,N,4,0,1,2,A,-,09,21801,A,N,A,C,A,A,H,-,A,A,0,NA,NA,NA,NA,Y,NA,A,07,0,0,1,0,0,0,0,0,0,-,-,34.00129,-117.88798,LOS ANGELES,INDUSTRY,-117.88787003,34.00124003
8488550,2017,2017-12-05,1900,2017-10-27,0652,529380,1415,5,5,1,1932,0,0,0,NA,0,141T2,STIMSON AV,GALE AV,139,N,N,A,-,N,NA,NA,NA,NA,NA,NA,NA,NA,NA,N,4,0,1,2,A,-,09,21804,A,N,D,C,A,A,H,-,A,A,0,NA,NA,NA,NA,Y,NA,A,01,0,0,1,0,0,0,0,0,0,-,-,34.00913,-117.95585,LOS ANGELES,INDUSTRY,-117.95589974,34.00904695
8488554,2017,2017-12-05,1900,2017-10-26,1827,478216,1412,4,5,1,1932,0,0,0,NA,0,141T6,BALDWIN PARK BL,AMAR RD,7,S,N,A,-,N,NA,NA,NA,NA,NA,NA,NA,NA,NA,N,3,0,1,2,A,-,12,21453,A,M,G,B,B,A,H,-,B,A,0,Y,NA,NA,NA,Y,NA,A,08,0,1,0,0,1,0,0,0,0,-,-,NA,NA,LOS ANGELES,INDUSTRY,-117.98799448,34.06112507
8488556,2017,2017-12-04,1976,2017-10-10,1511,449,1976,2,5,3,1964,0,0,0,NA,0,NA,LOS NIETOS RD,PAINTER AV,0,NA,Y,A,-,N,NA,NA,NA,NA,NA,NA,NA,NA,NA,Y,4,0,2,2,A,-,09,21801,A,N,A,C,A,A,H,-,A,A,0,NA,NA,NA,NA,Y,NA,A,01,0,0,2,0,0,0,0,0,0,-,-,NA,NA,LOS ANGELES,SANTA FE SPRINGS,-118.05209008,33.94412004
8488558,2017,2017-12-05,1900,2017-10-24,0510,525583,1419,2,5,1,1932,0,0,0,NA,0,141T1,VALLEY BL,PIERRE RD,500,W,N,A,-,N,NA,NA,NA,NA,NA,NA,NA,NA,NA,Y,3,0,1,1,A,-,03,22350,NA,N,E,I,A,A,H,-,B,D,0,NA,NA,NA,NA,Y,NA,A,01,0,1,0,0,0,0,0,0,0,-,-,NA,NA,LOS ANGELES,INDUSTRY,-117.85099888,34.01488887
8488560,2017,2017-12-04,1976,2017-10-10,1318,761,NA,2,5,3,1964,0,0,0,NA,0,NA,NORWALK BL,BELL RANCH DR,0,NA,Y,A,-,N,NA,NA,NA,NA,NA,NA,NA,NA,NA,Y,4,0,1,2,A,-,09,21802,A,N,D,C,A,A,H,-,A,A,0,NA,NA,NA,NA,Y,NA,A,01,0,0,1,0,0,0,0,0,0,-,-,NA,NA,LOS ANGELES,SANTA FE SPRINGS,-118.07271004,33.94996008
8488563,2017,2017-12-13,1942,2017-11-05,0003,41158,1569,7,5,7,1942,0,0,0,O,0,15A67,MOORPARK WY,RIVERSIDE DR,3,S,N,A,-,N,NA,NA,NA,NA,NA,NA,NA,NA,NA,Y,4,0,1,1,A,-,01,23152,A,N,E,I,A,-,H,-,C,D,0,NA,NA,NA,NA,Y,NA,A,07,0,0,1,0,0,0,0,0,0,-,-,NA,NA,LOS ANGELES,LOS ANGELES,-118.35711809,34.15219526
8488567,2017,2017-12-13,1942,2017-11-05,0139,41125,1586,7,5,7,1942,0,0,0,O,0,15A67,LANKERSHIM BL,CAMPO DE CAHUENGA,222,W,N,A,-,N,NA,NA,NA,NA,NA,NA,NA,NA,NA,Y,2,0,3,1,A,-,01,23152,A,N,E,I,A,A,H,-,C,A,0,NA,NA,NA,NA,Y,Y,A,01,2,1,0,0,0,0,0,0,0,-,-,NA,NA,LOS ANGELES,LOS ANGELES,-118.36249166,34.13843902
8488571,2017,2017-12-13,1942,2017-11-04,1945,36755,1015,6,5,7,1942,0,0,0,J,0,10A3,ETIWANDA AV,SATICOY ST,675,S,N,A,-,N,NA,NA,NA,NA,NA,NA,NA,NA,NA,Y,3,0,2,2,A,-,01,23152,A,N,D,C,A,A,H,-,D,A,0,NA,NA,NA,NA,Y,NA,A,01,0,1,1,0,0,0,0,0,0,-,-,NA,NA,LOS ANGELES,LOS ANGELES,-118.5316844,34.20654862
8488575,2017,2017-12-13,1942,2017-11-06,1920,40388,1513,1,5,7,1942,0,0,0,O,0,15A21,WHITSETT AV,SHERMAN WAY,0,NA,Y,A,-,N,NA,NA,NA,NA,NA,NA,NA,NA,NA,Y,4,0,4,2,A,-,12,21453,A,N,A,C,A,A,H,-,C,A,0,NA,NA,NA,NA,Y,NA,A,01,0,0,4,0,0,0,0,0,0,-,-,NA,NA,LOS ANGELES,LOS ANGELES,-118.40519012,34.20121001
8488579,2017,2018-01-30,1942,2017-11-07,0304,39410,1656,2,5,7,1942,0,0,0,P,0,16A35,FOOTHILL BL,SCOVILLE AV,30,W,N,A,-,N,NA,NA,NA,NA,NA,NA,NA,NA,NA,Y,3,0,1,1,A,-,03,22350,NA,M,A,I,A,A,H,-,C,A,0,NA,NA,NA,NA,Y,NA,A,01,0,1,0,0,0,0,0,0,0,-,-,NA,NA,LOS ANGELES,LOS ANGELES,-118.31409909,34.25969
8488583,2017,2018-01-03,1942,2017-11-04,0130,43027,2128,6,5,7,1942,0,0,0,NA,0,21A43,VARIEL AV,VICTORY BL,60,S,N,A,-,N,NA,NA,NA,NA,NA,NA,NA,NA,NA,Y,3,0,1,1,A,-,01,23152,A,M,E,I,A,A,H,-,C,D,0,NA,NA,NA,NA,Y,Y,A,01,0,1,0,0,0,0,0,0,0,-,-,NA,NA,LOS ANGELES,LOS ANGELES,-118.59276,34.1881954
8488587,2017,2018-01-04,1942,2017-11-02,1200,36733,1983,4,5,7,1942,0,0,0,NA,0,9TL56,SEPULVEDA BL,ROSCOE BL,200,N,N,A,-,N,NA,NA,NA,NA,NA,NA,NA,NA,NA,N,4,0,1,2,A,-,07,21658,A,N,D,C,A,A,H,-,A,D,0,NA,NA,NA,NA,Y,NA,A,07,0,0,1,0,0,0,0,0,0,-,-,NA,NA,LOS ANGELES,LOS ANGELES,-118.46773331,34.22193857
8488589,2017,2017-11-30,1976,2017-10-30,1027,382,NA,1,5,3,1964,0,0,0,NA,0,NA,SLAUSON AV,SORENSEN AV,15,E,N,A,-,N,NA,NA,NA,NA,NA,NA,NA,NA,NA,Y,4,0,1,2,A,-,03,22350,NA,N,B,C,A,A,H,-,A,A,0,NA,NA,NA,NA,Y,NA,A,07,0,0,1,0,0,0,0,0,0,-,-,NA,NA,LOS ANGELES,SANTA FE SPRINGS,-118.06038624,33.96354097
8488591,2017,2017-12-13,1942,2017-11-01,1450,34420,1999,3,5,7,1942,0,0,0,NA,0,19A93,ROSCOE BL,RANCHITO AV,300,E,N,A,-,N,NA,NA,NA,NA,NA,NA,NA,NA,NA,N,4,0,2,3,A,-,03,22350,NA,N,C,C,A,A,H,-,A,A,0,NA,NA,NA,NA,Y,NA,A,01,0,0,2,0,0,0,0,0,0,-,-,NA,NA,LOS ANGELES,LOS ANGELES,-118.43565941,34.22164059
8488593,2017,2017-11-30,1976,2017-10-27,1842,243,NA,5,5,3,1964,0,0,0,NA,0,001,SORENSEN AV,SLAUSON AV,18,S,N,A,-,N,NA,NA,NA,NA,NA,NA,NA,NA,NA,N,3,0,2,2,A,-,09,21801,A,N,A,C,A,A,H,-,C,A,0,NA,NA,NA,NA,Y,NA,A,01,0,1,1,0,0,0,0,0,0,-,-,NA,NA,LOS ANGELES,SANTA FE SPRINGS,-118.06043419,33.96351077
8488595,2017,2017-12-13,1942,2017-11-03,0630,41861,1913,5,5,7,1942,0,0,0,NA,0,19A1,ROXFORD ST,LOS OLIVOS RD,260,E,N,A,-,N,NA,NA,NA,NA,NA,NA,NA,NA,NA,Y,3,0,3,3,A,-,08,22107,NA,N,C,E,F,A,H,-,A,D,0,Y,NA,NA,NA,Y,NA,A,01,0,1,2,0,1,0,0,0,0,-,-,NA,NA,LOS ANGELES,LOS ANGELES,-118.46796689,34.31463615
8488597,2017,2017-11-30,1976,2017-10-23,0103,379,NA,1,5,3,1964,0,0,0,NA,0,001,BROADWAY AV,WASHINGTON BL,500,S,N,A,-,N,NA,NA,NA,NA,NA,NA,NA,NA,NA,N,3,0,1,2,A,-,08,22102,NA,N,D,C,A,A,H,-,C,D,0,NA,NA,Y,NA,Y,Y,A,07,0,1,0,0,0,0,0,0,1,-,-,NA,NA,LOS ANGELES,SANTA FE SPRINGS,-118.06973221,33.97016819
8488599,2017,2017-12-13,1942,2017-11-05,1858,32774,2137,7,5,7,1942,0,0,0,NA,0,21A5,DE SOTO AV,SHERMAN WAY,20,N,N,B,-,N,NA,NA,NA,NA,NA,NA,NA,NA,NA,Y,4,0,3,2,A,-,21,22106,NA,F,A,C,A,A,H,-,C,D,0,NA,NA,NA,NA,Y,NA,A,07,0,0,3,0,0,0,0,0,0,-,-,NA,NA,LOS ANGELES,LOS ANGELES,-118.58845091,34.20117486
8488601,2017,2018-03-05,1976,2017-10-19,1138,332,NA,4,5,3,1964,0,0,0,NA,0,NA,LOS NIETOS RD,GREENLEAF AV,0,NA,Y,A,-,N,NA,NA,NA,NA,NA,NA,NA,NA,NA,Y,4,0,1,2,A,-,12,21453,A,N,D,D,A,A,H,-,A,A,0,NA,NA,NA,NA,Y,NA,-,-,0,0,1,0,0,0,0,0,0,-,-,NA,NA,LOS ANGELES,SANTA FE SPRINGS,-118.05612012,33.94693004
8488603,2017,2017-12-13,1942,2017-11-04,1855,37304,1532,6,5,7,1942,0,0,0,O,0,15A33,OXNARD ST,SHADYGLADE AV,20,W,N,A,-,N,NA,NA,NA,NA,NA,NA,NA,NA,NA,N,3,0,1,2,A,-,01,23152,A,M,B,E,A,A,H,-,C,D,0,NA,NA,NA,NA,Y,NA,A,01,0,1,0,0,0,0,0,0,0,-,-,NA,NA,LOS ANGELES,LOS ANGELES,-118.402056,34.17941
8488605,2017,2017-11-30,1976,2017-10-18,2109,597,NA,3,5,3,1964,0,0,0,NA,0,NA,TELEGRAPH RD,SHOEMAKER AV,0,NA,Y,A,-,N,NA,NA,NA,NA,NA,NA,NA,NA,NA,Y,3,0,1,2,A,-,09,21801,A,N,F,A,A,A,H,-,C,A,0,NA,NA,Y,NA,Y,NA,A,01,0,1,0,0,0,0,0,0,1,-,-,NA,NA,LOS ANGELES,SANTA FE SPRINGS,-118.05528009,33.94180004
8488607,2017,2017-12-13,1942,2017-11-03,0035,33504,2196,5,5,7,1942,0,0,0,NA,0,21A73,TOPANGA CANYON BL,ALIZONDO,61,N,N,B,-,N,NA,NA,NA,NA,NA,NA,NA,NA,NA,Y,3,0,1,1,A,-,01,23152,A,N,E,I,A,A,H,-,C,A,0,NA,NA,NA,NA,Y,Y,A,07,0,1,0,0,0,0,0,0,0,-,-,NA,NA,LOS ANGELES,LOS ANGELES,-118.60575649,34.15347758
8488609,2017,2017-11-30,1976,2017-10-17,1800,748,NA,2,5,3,1964,0,0,0,NA,0,002,FLORENCE AV,PIONEER BL,0,NA,Y,A,-,N,NA,NA,NA,NA,NA,NA,NA,NA,NA,N,3,0,1,2,A,-,12,21453,A,N,D,C,A,A,H,-,C,A,0,NA,NA,NA,NA,Y,NA,A,01,0,1,0,0,0,0,0,0,0,-,-,NA,NA,LOS ANGELES,SANTA FE SPRINGS,-118.08184,33.9353201
8488611,2017,2017-12-13,1942,2017-11-01,1400,40119,2157,3,5,7,1942,0,0,0,NA,0,21A57,MASON AV,VANOWEN ST,0,NA,Y,A,-,N,NA,NA,NA,NA,NA,NA,NA,NA,NA,N,4,0,1,2,A,-,09,21801,A,N,D,C,A,-,H,-,A,A,0,NA,NA,NA,NA,Y,NA,A,01,0,0,1,0,0,0,0,0,0,-,-,NA,NA,LOS ANGELES,LOS ANGELES,-118.57970008,34.19378005
8488613,2017,2017-11-30,1976,2017-10-17,1627,391,NA,2,5,3,1964,0,0,0,NA,0,NA,SHOEMAKER AV,SUNDANCE AV,30,S,N,A,-,N,NA,NA,NA,NA,NA,NA,NA,NA,NA,N,4,0,1,2,A,-,03,22350,NA,N,C,C,A,A,H,-,A,D,0,NA,NA,NA,NA,Y,NA,A,01,0,0,1,0,0,0,0,0,0,-,-,NA,NA,LOS ANGELES,SANTA FE SPRINGS,NA,NA
8488615,2017,2017-12-13,1942,2017-11-02,0838,33886,2126,4,5,7,1942,0,0,0,NA,0,21A5,CANOGA AV,SATICOY ST,0,NA,Y,B,-,N,NA,NA,NA,NA,NA,NA,NA,NA,NA,Y,4,0,2,2,A,-,03,22350,NA,N,C,C,A,A,H,-,A,A,0,NA,NA,NA,NA,Y,NA,A,01,0,0,2,0,0,0,0,0,0,-,-,NA,NA,LOS ANGELES,LOS ANGELES,-118.5975101,34.20832012
8488617,2017,2017-11-30,1976,2017-10-16,1401,449,1976,1,5,3,1964,0,0,0,NA,0,001,PIONEER BL,ALBURTIS AV,0,NA,Y,A,-,N,NA,NA,NA,NA,NA,NA,NA,NA,NA,Y,4,0,1,2,D,-,00,NA,NA,N,D,C,A,A,H,-,A,A,0,NA,NA,NA,NA,Y,NA,-,-,0,0,1,0,0,0,0,0,0,-,-,NA,NA,LOS ANGELES,SANTA FE SPRINGS,-118.08211012,33.95032005
8488619,2017,2017-12-13,1942,2017-11-02,1600,42532,1017,4,5,7,1942,0,0,0,J,0,10A38,WHITE OAK AV,SATICOY ST,0,NA,Y,A,-,N,NA,NA,NA,NA,NA,NA,NA,NA,NA,Y,2,0,1,4,A,-,01,23152,A,F,C,C,A,A,H,-,A,A,0,NA,NA,NA,NA,Y,Y,A,08,1,0,0,0,0,0,0,0,0,-,-,NA,NA,LOS ANGELES,LOS ANGELES,-118.51860001,34.20841011
8488621,2017,2017-11-30,1976,2017-10-15,1700,748,NA,7,5,3,1964,0,0,0,NA,0,003,ALONDRA BL,MARQUARDT AV,0,NA,Y,A,-,N,NA,NA,NA,NA,NA,NA,NA,NA,NA,Y,4,0,4,2,A,-,03,22350,NA,N,C,C,A,A,H,-,A,A,0,NA,NA,NA,NA,Y,NA,A,01,0,0,4,0,0,0,0,0,0,-,-,NA,NA,LOS ANGELES,SANTA FE SPRINGS,-118.03783005,33.88792008
8488623,2017,2017-12-13,1942,2017-11-01,1840,40383,1687,3,5,7,1942,0,0,0,P,0,16T25,SUNLAND BL,SAN FERNANDO RD,170,N,N,A,-,N,NA,NA,NA,NA,NA,NA,NA,NA,NA,Y,4,0,1,2,A,-,01,23152,A,N,C,C,A,A,H,-,C,D,0,NA,NA,NA,NA,Y,NA,A,01,0,0,1,0,0,0,0,0,0,-,-,NA,NA,LOS ANGELES,LOS ANGELES,-118.36867232,34.21949438