CASE_ID,ACCIDENT_YEAR,PROC_DATE,JURIS,COLLISION_DATE,COLLISION_TIME,OFFICER_ID,REPORTING_DISTRICT,DAY_OF_WEEK,CHP_SHIFT,POPULATION,CNTY_CITY_LOC,SPECIAL_COND,BEAT_TYPE,CHP_BEAT_TYPE,CITY_DIVISION_LAPD,CHP_BEAT_CLASS,BEAT_NUMBER,PRIMARY_RD,SECONDARY_RD,DISTANCE,DIRECTION,INTERSECTION,WEATHER_1,WEATHER_2,STATE_HWY_IND,CALTRANS_COUNTY,CALTRANS_DISTRICT,STATE_ROUTE,ROUTE_SUFFIX,POSTMILE_PREFIX,POSTMILE,LOCATION_TYPE,RAMP_INTERSECTION,SIDE_OF_HWY,TOW_AWAY,COLLISION_SEVERITY,NUMBER_KILLED,NUMBER_INJURED,PARTY_COUNT,PRIMARY_COLL_FACTOR,PCF_CODE_OF_VIOL,PCF_VIOL_CATEGORY,PCF_VIOLATION,PCF_VIOL_SUBSECTION,HIT_AND_RUN,TYPE_OF_COLLISION,MVIW,PED_ACTION,ROAD_SURFACE,ROAD_COND_1,ROAD_COND_2,LIGHTING,CONTROL_DEVICE,CHP_ROAD_TYPE,PEDESTRIAN_ACCIDENT,BICYCLE_ACCIDENT,MOTORCYCLE_ACCIDENT,TRUCK_ACCIDENT,NOT_PRIVATE_PROPERTY,ALCOHOL_INVOLVED,STWD_VEHTYPE_AT_FAULT,CHP_VEHTYPE_AT_FAULT,COUNT_SEVERE_INJ,COUNT_VISIBLE_INJ,COUNT_COMPLAINT_PAIN,COUNT_PED_KILLED,COUNT_PED_INJURED,COUNT_BICYCLIST_KILLED,COUNT_BICYCLIST_INJURED,COUNT_MC_KILLED,COUNT_MC_INJURED,PRIMARY_RAMP,SECONDARY_RAMP,LATITUDE,LONGITUDE,COUNTY,CITY,POINT_X,POINT_Y
8489943,2017,2018-01-24,1975,2017-10-11,1316,353,NA,3,5,6,1975,0,0,0,NA,0,005,LARK ELLEN AV,FAIRGROVE AV,0,NA,Y,A,-,N,NA,NA,NA,NA,NA,NA,NA,NA,NA,Y,3,0,2,2,A,-,12,22450,A,N,D,C,A,A,H,-,A,A,0,NA,NA,NA,NA,Y,NA,-,-,0,2,0,0,0,0,0,0,0,-,-,NA,NA,LOS ANGELES,WEST COVINA,-117.92040003,34.04011001
8489947,2017,2018-01-04,1975,2017-10-10,0340,426,NA,2,5,6,1975,0,0,0,NA,0,001,PUENTE AV,WALNUTHAVEN DR,260,E,N,A,-,N,NA,NA,NA,NA,NA,NA,NA,NA,NA,Y,3,0,1,3,A,-,08,22107,NA,N,C,E,A,A,H,-,C,D,0,NA,NA,NA,NA,Y,NA,A,01,0,1,0,0,0,0,0,0,0,-,-,NA,NA,LOS ANGELES,WEST COVINA,-117.93065335,34.08273437
8489951,2017,2018-01-04,1975,2017-10-08,1558,449,NA,7,5,6,1975,0,0,0,NA,0,004,GLENDORA AV,VALINDA AV,0,NA,Y,A,-,N,NA,NA,NA,NA,NA,NA,NA,NA,NA,Y,3,0,3,4,A,-,00,2800,2,N,D,C,A,A,H,-,A,A,0,NA,NA,NA,NA,Y,NA,A,01,0,1,2,0,0,0,0,0,0,-,-,NA,NA,LOS ANGELES,WEST COVINA,-117.9257,34.06710001
8489955,2017,2018-01-04,1975,2017-10-08,1453,678,NA,7,5,6,1975,0,0,0,NA,0,001,LARK ELLEN AV,ECKERMAN,0,NA,Y,A,-,N,NA,NA,NA,NA,NA,NA,NA,NA,NA,N,4,0,1,2,A,-,03,22350,NA,N,C,C,A,A,H,-,A,D,0,NA,NA,NA,NA,Y,NA,-,NA,0,0,1,0,0,0,0,0,0,-,-,NA,NA,LOS ANGELES,WEST COVINA,-117.9165701,34.0818901
8489967,2017,2018-06-25,1955,2017-10-03,2040,42369,78,2,5,6,1955,0,0,0,NA,0,005,MISSION BL,RT 71,18,E,N,A,-,Y,LA,7,71,-,-,1.739,R,1,S,N,4,0,1,2,A,-,09,21453,B,N,G,B,A,A,H,-,C,A,0,NA,Y,NA,NA,Y,Y,A,01,0,0,1,0,0,0,1,0,0,-,-,NA,NA,LOS ANGELES,POMONA,-117.77997692,34.05213785
8489971,2017,2018-01-04,1955,2017-10-26,2143,42129,97,4,5,6,1955,0,0,0,NA,0,004,MISSION BL,RESERVOIR ST,0,NA,Y,A,-,N,NA,NA,NA,NA,NA,NA,NA,NA,NA,Y,3,0,4,2,A,-,09,21801,A,N,D,C,A,A,H,-,C,A,0,NA,NA,NA,NA,Y,NA,A,01,0,1,3,0,0,0,0,0,0,-,-,NA,NA,LOS ANGELES,POMONA,-117.73261011,34.05554009
8490029,2017,2019-04-10,1955,2017-07-20,1859,40437,28,4,5,6,1955,0,0,0,NA,0,002,BONITA AV,MELBOURNE AV,0,NA,Y,A,-,N,NA,NA,NA,NA,NA,NA,NA,NA,NA,N,1,1,0,2,A,-,10,21950,A,N,G,B,B,A,H,-,A,D,0,Y,NA,NA,NA,Y,NA,A,07,0,0,0,1,0,0,0,0,0,-,-,NA,NA,LOS ANGELES,POMONA,-117.74479008,34.09623006
8490091,2017,2017-11-17,1975,2017-09-14,0739,377,NA,4,5,6,1975,0,0,0,NA,0,NA,WESTPORT ST,GREENLEAF DR,0,NA,Y,A,-,N,NA,NA,NA,NA,NA,NA,NA,NA,NA,Y,3,0,1,2,A,-,09,21802,A,N,C,C,A,A,H,-,A,A,0,NA,NA,Y,NA,Y,NA,C,02,0,1,0,0,0,0,0,0,1,-,-,NA,NA,LOS ANGELES,WEST COVINA,-117.90700004,34.02700005
8490095,2017,2017-11-17,1942,2017-08-31,1415,39028,1147,4,5,7,1942,0,0,0,K,0,11A1,CYPRESS AV,FEDERICK ST,0,NA,Y,A,-,N,NA,NA,NA,NA,NA,NA,NA,NA,NA,N,4,0,1,2,A,-,09,21802,A,N,D,C,A,A,H,-,A,A,0,NA,NA,NA,NA,Y,NA,A,01,0,0,1,0,0,0,0,0,0,-,-,NA,NA,LOS ANGELES,LOS ANGELES,-118.23370003,34.09963005
8490100,2017,2017-11-28,1941,2017-10-27,1516,6278,NA,5,5,7,1941,0,0,0,NA,0,NA,ANAHEIM,LINDEN AV,10,E,N,A,-,N,NA,NA,NA,NA,NA,NA,NA,NA,NA,N,3,0,1,2,-,-,-,NA,NA,N,D,G,A,A,H,-,A,D,0,NA,Y,NA,NA,Y,NA,-,-,0,1,0,0,0,0,1,0,0,-,-,NA,NA,LOS ANGELES,LONG BEACH,-118.18663716,33.78261
8490104,2017,2017-11-17,1941,2017-10-13,1933,10649,NA,5,5,7,1941,0,0,0,NA,0,NA,SPRING ST,LONG BEACH BL,50,W,N,A,-,N,NA,NA,NA,NA,NA,NA,NA,NA,NA,Y,4,0,1,3,A,-,03,22350,NA,N,C,C,A,A,H,-,C,A,0,NA,NA,NA,NA,Y,NA,A,NA,0,0,1,0,0,0,0,0,0,-,-,NA,NA,LOS ANGELES,LONG BEACH,-118.18964426,33.81165
8490116,2017,2017-11-17,1941,2017-10-26,1109,10938,NA,4,5,7,1941,0,0,0,NA,0,NA,3RD ST,CHERRY,110,E,N,A,-,N,NA,NA,NA,NA,NA,NA,NA,NA,NA,N,4,0,1,2,A,-,21,22106,NA,N,D,C,A,A,H,-,A,D,0,NA,NA,NA,NA,Y,NA,A,NA,0,0,1,0,0,0,0,0,0,-,-,NA,NA,LOS ANGELES,LONG BEACH,-118.16731454,33.76892647
8490140,2017,2017-11-20,1942,2017-09-29,1320,41316,1785,5,5,7,1942,0,0,0,Q,0,17A67,RESEDA BL,PRAIRIE ST,100,S,N,A,-,N,NA,NA,NA,NA,NA,NA,NA,NA,NA,Y,4,0,1,2,A,-,09,21804,A,F,D,C,A,A,H,-,A,D,0,NA,NA,NA,NA,Y,NA,-,99,0,0,1,0,0,0,0,0,0,-,-,NA,NA,LOS ANGELES,LOS ANGELES,-118.53608362,34.23885574
8490144,2017,2017-12-07,1942,2017-09-23,1440,38017,1785,6,5,7,1942,0,0,0,Q,0,35M67,NORDHOFF ST,RESEDA BL,0,NA,Y,A,-,N,NA,NA,NA,NA,NA,NA,NA,NA,NA,N,4,0,1,2,A,-,11,21950,B,F,G,B,B,A,H,-,A,A,0,Y,NA,NA,NA,Y,NA,N,60,0,0,1,0,1,0,0,0,0,-,-,NA,NA,LOS ANGELES,LOS ANGELES,-118.53609012,34.23544007
8490147,2017,2017-11-17,1900,2017-09-27,1035,514681,0612,3,5,6,1985,0,0,0,NA,0,63T1,SIERRA HWY,WHISPERING LEAVES,0,NA,Y,A,-,N,NA,NA,NA,NA,NA,NA,NA,NA,NA,Y,3,0,2,2,A,-,12,21453,A,N,D,C,A,A,H,-,A,A,0,NA,NA,NA,NA,Y,NA,A,01,0,1,1,0,0,0,0,0,0,-,-,NA,NA,LOS ANGELES,SANTA CLARITA,-118.46941005,34.40263007
8490148,2017,2017-11-20,1942,2017-09-30,0125,40857,1775,6,5,7,1942,0,0,0,Q,0,17A95,BALBOA BL,PLUMMER ST,0,NA,Y,A,-,N,NA,NA,NA,NA,NA,NA,NA,NA,NA,Y,4,0,1,2,A,-,00,21453,NA,F,D,C,A,A,H,-,C,A,0,NA,NA,NA,NA,Y,NA,-,99,0,0,1,0,0,0,0,0,0,-,-,NA,NA,LOS ANGELES,LOS ANGELES,-118.50246009,34.24301011
8490151,2017,2017-11-17,1900,2017-09-29,1750,609736,0642,5,5,6,1985,0,0,0,NA,0,64T1,MCBEAN PKWY,BAYWOOD LN,31,N,N,A,-,N,NA,NA,NA,NA,NA,NA,NA,NA,NA,N,4,0,1,3,A,-,04,21703,NA,M,C,C,A,A,H,-,A,D,0,NA,NA,NA,NA,Y,NA,A,01,0,0,1,0,0,0,0,0,0,-,-,NA,NA,LOS ANGELES,SANTA CLARITA,-118.55920865,34.42966817
8490155,2017,2017-11-20,1900,2017-09-30,1100,523421,0643,6,5,6,1985,0,0,0,NA,0,64T1,NEWHALL RANCH RD,GOLDEN VALLEY RD,1584,W,N,A,-,N,NA,NA,NA,NA,NA,NA,NA,NA,NA,Y,3,0,1,2,A,-,03,22350,NA,N,C,C,A,A,H,-,A,D,0,NA,NA,NA,NA,Y,NA,A,01,0,1,0,0,0,0,0,0,0,-,-,NA,NA,LOS ANGELES,SANTA CLARITA,-118.51239483,34.42697338
8490159,2017,2017-11-20,1900,2017-09-03,1145,523421,0642,7,5,6,1985,0,0,0,NA,0,64T1,NEWHALL RANCH RD,MCBEAN PKWY,14,W,N,A,-,N,NA,NA,NA,NA,NA,NA,NA,NA,NA,N,4,0,1,2,A,-,03,22350,NA,N,C,C,A,A,H,-,A,A,0,NA,NA,NA,NA,Y,NA,A,07,0,0,1,0,0,0,0,0,0,-,-,NA,NA,LOS ANGELES,SANTA CLARITA,-118.55768406,34.43145605
8490163,2017,2017-12-11,1941,2017-11-01,1156,11011,NA,3,5,7,1941,0,0,0,NA,0,NA,PACIFIC COAST HWY,DAISY AV,25,E,N,A,-,N,NA,NA,NA,NA,NA,NA,NA,NA,NA,Y,4,0,1,3,A,-,07,21658,A,M,C,C,A,A,H,-,A,D,0,NA,NA,NA,Y,Y,NA,A,NA,0,0,1,0,0,0,0,0,0,-,-,NA,NA,LOS ANGELES,LONG BEACH,-118.19946789,33.78987
8490164,2017,2017-12-11,1926,2017-11-01,1955,28,4,3,5,5,1926,0,0,0,NA,0,NA,SUNFLOWER AV,GLADSTONE ST,0,NA,Y,A,-,N,NA,NA,NA,NA,NA,NA,NA,NA,NA,Y,4,0,1,2,A,-,12,21453,A,N,D,C,A,A,H,-,C,A,0,NA,NA,NA,NA,Y,NA,A,08,0,0,1,0,0,0,0,0,0,-,-,NA,NA,LOS ANGELES,GLENDORA,-117.84637003,34.11393011
8490168,2017,2017-12-11,1926,2017-11-07,0803,22,3,2,5,5,1926,0,0,0,NA,0,NA,VALLEY CENTER AV,FOOTHILL BL,0,NA,Y,B,-,N,NA,NA,NA,NA,NA,NA,NA,NA,NA,Y,3,0,2,2,A,-,09,21801,A,N,A,C,A,A,H,-,A,A,0,NA,NA,NA,NA,Y,NA,A,01,0,2,0,0,0,0,0,0,0,-,-,NA,NA,LOS ANGELES,GLENDORA,-117.83771011,34.13613006
8490210,2017,2017-12-05,1973,2017-10-31,0824,638,1973,2,5,1,1973,0,0,0,NA,0,002,SOTO ST,26TH ST,495,S,N,A,-,N,NA,NA,NA,NA,NA,NA,NA,NA,NA,N,4,0,2,2,A,-,08,22107,NA,N,D,C,A,A,H,-,A,A,0,NA,NA,NA,NA,Y,NA,A,01,0,0,2,0,0,0,0,0,0,-,-,NA,NA,LOS ANGELES,VERNON,-118.21985333,34.01305336
8490212,2017,2017-12-11,1967,2017-11-01,1006,121,NA,3,5,2,1967,0,0,0,NA,0,NORTH,WILLOW,CALIFORNIA AV,0,NA,Y,B,-,N,NA,NA,NA,NA,NA,NA,NA,NA,NA,Y,3,0,1,2,A,-,09,21801,A,F,D,C,A,A,H,-,A,A,0,NA,NA,NA,NA,Y,NA,A,01,0,1,0,0,0,0,0,0,0,-,-,NA,NA,LOS ANGELES,SIGNAL HILL,-118.18071012,33.80439005
8490214,2017,2017-12-06,1973,2017-10-30,0705,638,1973,1,5,1,1973,0,0,0,NA,0,001,ALAMEDA ST,VERNON AV,385,S,N,A,-,N,NA,NA,NA,NA,NA,NA,NA,NA,NA,N,4,0,2,3,A,-,03,22350,NA,N,C,C,A,A,H,-,B,A,0,NA,NA,NA,NA,Y,NA,A,01,0,0,2,0,0,0,0,0,0,-,-,NA,NA,LOS ANGELES,VERNON,-118.23910827,34.00287586
8490215,2017,2017-12-26,1956,2017-11-01,1807,1281,22,3,5,5,1956,0,0,0,NA,0,002,PROSPECT AV,VINCENT ST,0,NA,Y,A,-,N,NA,NA,NA,NA,NA,NA,NA,NA,NA,Y,4,0,1,2,A,-,09,21801,A,N,A,C,A,A,H,-,B,A,0,NA,NA,NA,NA,Y,NA,A,01,0,0,1,0,0,0,0,0,0,-,-,NA,NA,LOS ANGELES,REDONDO BEACH,-118.3774101,33.84684003
8490218,2017,2017-12-06,1973,2017-10-27,1320,606,1973,5,5,1,1973,0,0,0,NA,0,0A1,PACIFIC BL,LEONIS BL,0,NA,Y,A,-,N,NA,NA,NA,NA,NA,NA,NA,NA,NA,Y,4,0,2,2,A,-,12,21453,A,N,D,C,A,A,H,-,A,A,0,NA,NA,NA,NA,Y,NA,-,NA,0,0,2,0,0,0,0,0,0,-,-,NA,NA,LOS ANGELES,VERNON,-118.22525013,34.0000101
8490222,2017,2017-12-06,1973,2017-01-16,1425,639,1973,1,5,1,1973,0,0,0,NA,0,002,SOTO ST,26TH ST,0,NA,Y,A,-,N,NA,NA,NA,NA,NA,NA,NA,NA,NA,Y,4,0,3,2,A,-,09,21801,A,N,D,C,A,A,H,-,A,A,0,NA,NA,NA,NA,Y,NA,-,NA,0,0,3,0,0,0,0,0,0,-,-,NA,NA,LOS ANGELES,VERNON,-118.21991005,34.01441002
8490226,2017,2017-12-05,1973,2017-10-06,1710,613,1973,5,5,1,1973,0,0,0,NA,0,001,SOTO ST,54TH ST,450,S,N,A,-,N,NA,NA,NA,NA,NA,NA,NA,NA,NA,N,3,0,1,2,A,-,07,21658,A,F,D,C,A,A,H,-,A,D,0,NA,NA,NA,NA,Y,NA,-,NA,0,1,0,0,0,0,0,0,0,-,-,NA,NA,LOS ANGELES,VERNON,-118.21941,33.9923864
8490230,2017,2017-12-06,1973,2017-10-06,0622,614,1973,5,5,1,1973,0,0,0,NA,0,002,BOYLE AV,54TH ST,21,S,N,A,-,N,NA,NA,NA,NA,NA,NA,NA,NA,NA,N,4,0,1,2,A,-,03,22350,NA,N,C,C,A,A,H,-,A,D,0,NA,NA,NA,NA,Y,NA,A,01,0,0,1,0,0,0,0,0,0,-,-,NA,NA,LOS ANGELES,VERNON,-118.2129,33.99368241
8490234,2017,2017-12-06,1973,2017-10-06,0528,575,1973,5,5,1,1973,0,0,0,NA,0,0A1,SANTA FE AV,37TH ST,0,NA,Y,A,-,N,NA,NA,NA,NA,NA,NA,NA,NA,NA,N,4,0,1,2,A,-,12,21453,A,N,D,C,A,A,H,-,C,A,0,NA,NA,NA,NA,Y,NA,A,01,0,0,1,0,0,0,0,0,0,-,-,NA,NA,LOS ANGELES,VERNON,-118.23029005,34.00895002
8490238,2017,2017-12-06,1973,2017-10-05,2147,575,1973,4,5,1,1973,0,0,0,NA,0,0A1,SANTA FE AV,27TH ST,20,N,N,A,-,N,NA,NA,NA,NA,NA,NA,NA,NA,NA,N,4,0,1,2,A,-,07,21658,A,N,C,C,A,A,H,-,C,A,0,NA,NA,NA,NA,Y,NA,A,01,0,0,1,0,0,0,0,0,0,-,-,NA,NA,LOS ANGELES,VERNON,-118.2303211,34.01285484
8490241,2017,2017-12-04,1941,2017-10-26,0807,11011,NA,4,5,7,1941,0,0,0,NA,0,NA,27TH ST,MAINE AV,7,W,N,A,-,N,NA,NA,NA,NA,NA,NA,NA,NA,NA,N,4,0,1,3,A,-,12,21453,A,N,G,B,B,A,H,-,A,A,0,Y,NA,NA,NA,Y,NA,A,NA,0,0,1,0,1,0,0,0,0,-,-,NA,NA,LOS ANGELES,LONG BEACH,-118.20031299,33.80623979
8490245,2017,2017-12-04,1941,2017-10-07,1018,10915,NA,6,5,7,1941,0,0,0,NA,0,NA,SANTA FE AV,WARDLOW RD,40,S,N,A,-,N,NA,NA,NA,NA,NA,NA,NA,NA,NA,N,4,0,1,2,A,-,11,21954,A,N,H,B,D,A,H,-,A,D,0,Y,NA,NA,NA,Y,Y,N,NA,0,0,1,0,1,0,0,0,0,-,-,NA,NA,LOS ANGELES,LONG BEACH,-118.21553,33.82428065
8490249,2017,2017-12-26,1941,2017-10-28,2003,10861,NA,6,5,7,1941,0,0,0,NA,0,NA,LONG BEACH BL,16TH ST,0,NA,Y,A,-,N,NA,NA,NA,NA,NA,NA,NA,NA,NA,Y,3,0,3,2,-,-,-,NA,NA,N,D,C,A,A,H,-,C,A,0,NA,NA,NA,NA,Y,NA,-,-,0,2,1,0,0,0,0,0,0,-,-,NA,NA,LOS ANGELES,LONG BEACH,-118.18950003,33.78715002
8490253,2017,2017-12-04,1941,2017-10-29,0551,10546,NA,7,5,7,1941,0,0,0,NA,0,NA,WILLOW ST,BALTIC AV,18,E,N,A,-,N,NA,NA,NA,NA,NA,NA,NA,NA,NA,Y,4,0,1,1,A,-,07,21658,A,N,E,I,A,A,H,-,B,D,0,NA,NA,NA,NA,Y,NA,A,NA,0,0,1,0,0,0,0,0,0,-,-,NA,NA,LOS ANGELES,LONG BEACH,-118.21323087,33.80439
8490257,2017,2018-06-18,1941,2017-10-29,1013,10546,NA,7,5,7,1941,0,0,0,NA,0,NA,PACIFIC COAST HWY,WALNUT AV,0,NA,Y,B,-,Y,LA,7,1,-,-,5.261,I,5,S,Y,3,0,2,3,D,-,00,NA,NA,N,D,C,A,A,H,-,A,A,0,NA,NA,NA,NA,Y,NA,-,-,0,2,0,0,0,0,0,0,0,-,-,NA,NA,LOS ANGELES,LONG BEACH,-118.17191282,33.7898077
8490258,2017,2017-12-19,1942,2017-10-04,0700,42155,1966,3,5,7,1942,0,0,0,NA,0,19A75,VAN NUYS BL,PLUMMER ST,580,S,N,A,-,N,NA,NA,NA,NA,NA,NA,NA,NA,NA,N,4,0,1,2,A,-,08,22107,NA,F,G,B,F,A,H,-,A,A,0,Y,NA,NA,NA,Y,NA,-,99,0,0,1,0,1,0,0,0,0,-,-,NA,NA,LOS ANGELES,LOS ANGELES,-118.45023,34.24108911
8490261,2017,2017-12-04,1941,2017-10-28,1735,11018,NA,6,5,7,1941,0,0,0,NA,0,NA,LONG BEACH BL,10TH ST,20,N,N,A,-,N,NA,NA,NA,NA,NA,NA,NA,NA,NA,N,4,0,1,2,A,-,03,22350,A,N,D,C,A,A,H,-,A,D,0,NA,NA,NA,NA,Y,NA,M,NA,0,0,1,0,0,0,0,0,0,-,-,NA,NA,LOS ANGELES,LONG BEACH,-118.1894793,33.77902484
8490262,2017,2017-12-20,1942,2017-10-13,0810,39473,1987,5,5,7,1942,0,0,0,NA,0,19A75,WOODMAN AV,NORDHOFF,25,N,N,A,-,N,NA,NA,NA,NA,NA,NA,NA,NA,NA,N,3,0,1,2,A,-,08,22107,NA,F,B,C,A,A,H,-,A,A,0,NA,NA,Y,NA,Y,NA,-,99,0,1,0,0,0,0,0,0,1,-,-,NA,NA,LOS ANGELES,LOS ANGELES,-118.4404815,34.23539928
8490265,2017,2018-06-18,1941,2017-10-25,0830,5478,NA,3,5,7,1941,0,0,0,NA,0,NA,CLARK AV,PACIFIC COAST HWY,34,N,N,A,-,Y,LA,7,1,-,-,2.871,I,6,N,N,4,0,1,2,A,-,03,22350,NA,N,C,C,A,A,H,-,A,A,0,NA,NA,NA,NA,Y,NA,I,NA,0,0,1,0,0,0,0,0,0,-,-,NA,NA,LOS ANGELES,LONG BEACH,-118.1341039,33.78390381
8490266,2017,2017-12-20,1942,2017-10-16,1905,36755,1924,1,5,7,1942,0,0,0,NA,0,19A43,LAUREL CANYON BL,RINALDI ST,15,S,N,A,-,N,NA,NA,NA,NA,NA,NA,NA,NA,NA,N,4,0,2,3,A,-,10,21950,A,F,G,B,B,A,H,-,C,A,0,Y,NA,NA,NA,Y,NA,-,99,0,0,2,0,2,0,0,0,0,-,-,NA,NA,LOS ANGELES,LOS ANGELES,-118.45449762,34.27981885
8490269,2017,2017-12-04,1941,2017-10-25,1004,5767,NA,3,5,7,1941,0,0,0,NA,0,NA,EAST 6TH ST,ELM AV,0,NA,Y,A,-,N,NA,NA,NA,NA,NA,NA,NA,NA,NA,Y,2,0,1,3,A,-,08,22107,NA,N,D,B,F,A,H,-,A,A,0,Y,NA,NA,NA,Y,NA,A,NA,1,0,0,0,1,0,0,0,0,-,-,NA,NA,LOS ANGELES,LONG BEACH,-118.18765008,33.77416001
8490270,2017,2017-12-20,1942,2017-10-12,1715,40398,1984,4,5,7,1942,0,0,0,NA,0,19A85,RAYEN ST,CEDROS AV,0,NA,Y,A,-,N,NA,NA,NA,NA,NA,NA,NA,NA,NA,N,3,0,1,2,A,-,11,21950,B,F,G,B,B,A,H,-,A,A,0,Y,NA,NA,NA,Y,NA,N,60,0,1,0,0,1,0,0,0,0,-,-,NA,NA,LOS ANGELES,LOS ANGELES,-118.45353005,34.23181008
8490273,2017,2017-12-26,1941,2017-10-29,1906,10939,NA,7,5,7,1941,0,0,0,NA,0,NA,10TH ST,TEMPLE AV,0,NA,Y,-,-,N,NA,NA,NA,NA,NA,NA,NA,NA,NA,N,3,0,1,2,A,-,08,22107,NA,M,G,B,E,-,-,-,-,-,0,Y,NA,NA,NA,Y,NA,-,NA,0,1,0,0,1,0,0,0,0,-,-,NA,NA,LOS ANGELES,LONG BEACH,-118.15896004,33.77895
8490274,2017,2017-12-20,1942,2017-10-23,1847,40155,1917,1,5,7,1942,0,0,0,NA,0,9T57,ASTORIA ST,FOOTHILL BL,23,E,N,A,-,N,NA,NA,NA,NA,NA,NA,NA,NA,NA,Y,4,0,2,1,A,-,03,22350,NA,M,-,I,A,-,H,-,C,A,0,NA,NA,NA,NA,Y,NA,A,01,0,0,2,0,0,0,0,0,0,-,-,NA,NA,LOS ANGELES,LOS ANGELES,-118.4372072,34.31288539
8490277,2017,2018-06-15,1942,2017-10-20,1415,40059,1494,5,5,7,1942,0,0,0,N,0,LAX,SOUTH SEPULVEDA BL,EAST IMPERIAL HWY,0,NA,Y,A,-,Y,LA,7,1,-,-,25.921,I,5,S,N,4,0,1,2,A,-,08,22107,NA,N,B,C,A,A,H,-,A,D,0,NA,NA,Y,NA,Y,NA,-,-,0,0,1,0,0,0,0,0,1,-,-,NA,NA,LOS ANGELES,LOS ANGELES,-118.39623797,33.93142276
8490278,2017,2017-12-20,1942,2017-10-23,1950,37304,1916,1,5,7,1942,0,0,0,NA,0,19A7,HUBBARD ST,GLENOAKS BL,445,W,N,A,-,N,NA,NA,NA,NA,NA,NA,NA,NA,NA,N,4,0,1,2,A,-,09,21804,A,F,D,C,A,A,H,-,C,A,0,NA,NA,NA,NA,Y,NA,-,99,0,0,1,0,0,0,0,0,0,-,-,NA,NA,LOS ANGELES,LOS ANGELES,-118.44022292,34.29859023
8490281,2017,2017-12-04,1942,2017-10-17,1700,31255,1437,2,5,7,1942,0,0,0,N,0,7TL38,VENICE BL,HURON AV,0,NA,Y,A,-,N,NA,NA,NA,NA,NA,NA,NA,NA,NA,Y,3,0,1,2,A,-,09,21801,A,N,D,C,A,A,H,-,A,D,0,NA,NA,NA,NA,Y,NA,A,07,0,1,0,0,0,0,0,0,0,-,-,NA,NA,LOS ANGELES,LOS ANGELES,-118.4139001,34.01474001
8490282,2017,2017-12-20,1942,2017-10-22,1910,38613,2148,7,5,7,1942,0,0,0,NA,0,21A29,SHERMAN WY,COZYCROFT AV,0,NA,Y,A,-,N,NA,NA,NA,NA,NA,NA,NA,NA,NA,N,4,0,1,2,A,-,09,21802,A,F,D,C,A,A,H,-,C,A,0,NA,NA,NA,NA,Y,NA,-,99,0,0,1,0,0,0,0,0,0,-,-,NA,NA,LOS ANGELES,LOS ANGELES,-118.58191005,34.2011201
8490284,2017,2017-11-28,1942,2017-10-31,0847,38980,1787,2,5,7,1942,0,0,0,Q,0,19T73,WOODMAN AV,CHASE ST,0,NA,Y,B,-,N,NA,NA,NA,NA,NA,NA,NA,NA,NA,N,4,0,3,3,A,-,12,21453,A,N,D,C,A,B,H,-,A,A,0,NA,NA,NA,NA,Y,NA,A,01,0,0,3,0,0,0,0,0,0,-,-,NA,NA,LOS ANGELES,LOS ANGELES,-118.43439002,34.22795005
8490285,2017,2017-12-05,1942,2017-10-13,2001,37550,1463,5,5,7,1942,0,0,0,N,0,6T7,JEFFERSON BL,WEST LINCOLN BL,2168,NA,N,A,-,N,NA,NA,NA,NA,NA,NA,NA,NA,NA,N,4,0,4,3,A,-,03,22350,NA,N,C,C,A,A,H,-,D,D,0,NA,NA,NA,NA,Y,NA,A,01,0,0,4,0,0,0,0,0,0,-,-,NA,NA,LOS ANGELES,LOS ANGELES,-118.43033006,33.97196012
8490286,2017,2017-12-20,1942,2017-10-13,1145,41316,1971,5,5,7,1942,0,0,0,NA,0,19A61,ORION AV,NORDHOFF ST,30,S,N,A,-,N,NA,NA,NA,NA,NA,NA,NA,NA,NA,N,4,0,1,3,A,-,21,22106,NA,F,G,B,E,A,H,-,A,D,0,Y,NA,NA,NA,Y,NA,-,99,0,0,1,0,1,0,0,0,0,-,-,NA,NA,LOS ANGELES,LOS ANGELES,-118.47195136,34.23547772
8490287,2017,2017-11-29,1969,2017-10-23,0729,10156,TRAFF,1,5,5,1969,0,0,0,NA,0,003,MISSOURI AV,SAN GABRIEL AV,0,NA,Y,A,-,N,NA,NA,NA,NA,NA,NA,NA,NA,NA,N,3,0,4,2,A,-,09,21802,A,N,D,C,A,A,H,-,A,A,0,NA,NA,NA,NA,Y,NA,A,01,0,1,3,0,0,0,0,0,0,-,-,NA,NA,LOS ANGELES,SOUTH GATE,-118.20393007,33.94621007
8490288,2017,2017-11-28,1942,2017-10-06,1900,40108,1962,5,5,7,1942,0,0,0,NA,0,19X62,PARTHENIA PL,SEPULVEDA BL,5,E,N,A,-,N,NA,NA,NA,NA,NA,NA,NA,NA,NA,N,3,0,1,2,A,-,10,21950,A,F,G,B,B,A,H,-,D,D,0,Y,NA,NA,NA,Y,NA,-,99,0,1,0,0,1,0,0,0,0,-,-,NA,NA,LOS ANGELES,LOS ANGELES,-118.46746654,34.23153659
8490290,2017,2017-12-20,1942,2017-10-20,1550,42344,1985,5,5,7,1942,0,0,0,NA,0,19TL74,ROSCOE BL,VAN NUYS BL,0,NA,Y,A,-,N,NA,NA,NA,NA,NA,NA,NA,NA,NA,N,3,0,1,2,A,-,12,21453,A,F,A,C,A,A,H,-,A,A,0,NA,NA,NA,NA,Y,NA,-,99,0,1,0,0,0,0,0,0,0,-,-,NA,NA,LOS ANGELES,LOS ANGELES,-118.44878005,34.2215301
8490291,2017,2017-11-29,1969,2017-10-23,0825,10209,PATRO,1,5,5,1969,0,0,0,NA,0,003,SAN VINCENTE AV,TENAYA AV,0,NA,Y,A,-,N,NA,NA,NA,NA,NA,NA,NA,NA,NA,Y,4,0,1,2,A,-,12,22450,NA,N,D,C,A,A,H,-,A,A,0,NA,NA,NA,NA,Y,NA,A,07,0,0,1,0,0,0,0,0,0,-,-,NA,NA,LOS ANGELES,SOUTH GATE,-118.20038009,33.93824002