CASE_ID,ACCIDENT_YEAR,PROC_DATE,JURIS,COLLISION_DATE,COLLISION_TIME,OFFICER_ID,REPORTING_DISTRICT,DAY_OF_WEEK,CHP_SHIFT,POPULATION,CNTY_CITY_LOC,SPECIAL_COND,BEAT_TYPE,CHP_BEAT_TYPE,CITY_DIVISION_LAPD,CHP_BEAT_CLASS,BEAT_NUMBER,PRIMARY_RD,SECONDARY_RD,DISTANCE,DIRECTION,INTERSECTION,WEATHER_1,WEATHER_2,STATE_HWY_IND,CALTRANS_COUNTY,CALTRANS_DISTRICT,STATE_ROUTE,ROUTE_SUFFIX,POSTMILE_PREFIX,POSTMILE,LOCATION_TYPE,RAMP_INTERSECTION,SIDE_OF_HWY,TOW_AWAY,COLLISION_SEVERITY,NUMBER_KILLED,NUMBER_INJURED,PARTY_COUNT,PRIMARY_COLL_FACTOR,PCF_CODE_OF_VIOL,PCF_VIOL_CATEGORY,PCF_VIOLATION,PCF_VIOL_SUBSECTION,HIT_AND_RUN,TYPE_OF_COLLISION,MVIW,PED_ACTION,ROAD_SURFACE,ROAD_COND_1,ROAD_COND_2,LIGHTING,CONTROL_DEVICE,CHP_ROAD_TYPE,PEDESTRIAN_ACCIDENT,BICYCLE_ACCIDENT,MOTORCYCLE_ACCIDENT,TRUCK_ACCIDENT,NOT_PRIVATE_PROPERTY,ALCOHOL_INVOLVED,STWD_VEHTYPE_AT_FAULT,CHP_VEHTYPE_AT_FAULT,COUNT_SEVERE_INJ,COUNT_VISIBLE_INJ,COUNT_COMPLAINT_PAIN,COUNT_PED_KILLED,COUNT_PED_INJURED,COUNT_BICYCLIST_KILLED,COUNT_BICYCLIST_INJURED,COUNT_MC_KILLED,COUNT_MC_INJURED,PRIMARY_RAMP,SECONDARY_RAMP,LATITUDE,LONGITUDE,COUNTY,CITY,POINT_X,POINT_Y
8492128,2017,2018-06-26,1900,2017-10-10,0935,600125,0627,2,5,6,1985,0,0,0,NA,0,62T1,SIERRA HWY,PLACERITA CANYON RD,34,N,N,A,-,Y,LA,7,14,U,T,27.91,H,-,S,N,4,0,1,2,A,-,21,22106,NA,N,C,C,A,A,H,-,A,D,0,NA,NA,NA,NA,Y,NA,A,08,0,0,1,0,0,0,0,0,0,-,-,NA,NA,LOS ANGELES,SANTA CLARITA,-118.49416141,34.37827961
8492179,2017,2018-06-15,1941,2017-10-26,1012,6049,NA,4,5,7,1941,0,0,0,NA,0,NA,PACIFIC COAST HWY,ATLANTIC AV,0,NA,Y,A,-,Y,LA,7,1,-,-,6.021,I,5,N,Y,3,0,1,3,A,-,12,21453,A,N,D,C,A,A,H,-,A,A,0,NA,NA,NA,NA,Y,NA,A,NA,0,1,0,0,0,0,0,0,0,-,-,NA,NA,LOS ANGELES,LONG BEACH,-118.18518689,33.78991821
8492247,2017,2018-03-06,1900,2017-10-13,2222,548793,0461,5,5,4,1936,0,0,0,NA,0,43T1/E,ROSECRANS AV,BIOLA AV,52,W,N,A,-,N,NA,NA,NA,NA,NA,NA,NA,NA,NA,Y,2,0,1,4,A,-,01,23152,E,F,B,C,A,A,H,-,C,A,0,NA,NA,NA,NA,Y,NA,A,01,1,0,0,0,0,0,0,0,0,-,-,NA,NA,LOS ANGELES,LA MIRADA,-118.01946878,33.90088794
8492279,2017,2017-11-22,1900,2017-09-15,1456,449712,2924,5,5,5,1990,0,0,0,NA,0,292K3P,EVERGREEN SPRING DR,PATHFINDER RD,0,NA,Y,B,-,N,NA,NA,NA,NA,NA,NA,NA,NA,NA,Y,3,0,4,2,A,-,09,21801,A,N,D,C,A,A,H,-,A,A,0,NA,NA,NA,NA,Y,NA,A,01,0,1,3,0,0,0,0,0,0,-,-,NA,NA,LOS ANGELES,DIAMOND BAR,-117.83686009,33.98371005
8492296,2017,2017-11-21,1900,2017-10-26,1005,542313,0454,4,5,6,1949,0,0,0,NA,0,43T1,NORWALK BL,ADOREE ST,19,S,N,A,-,N,NA,NA,NA,NA,NA,NA,NA,NA,NA,Y,4,0,1,2,A,-,12,21453,A,N,C,C,A,A,H,-,A,A,0,NA,NA,NA,NA,Y,NA,A,01,0,0,1,0,0,0,0,0,0,-,-,NA,NA,LOS ANGELES,NORWALK,-118.07312345,33.91278599
8492312,2017,2017-11-21,1900,2017-10-24,1542,548793,0454,2,5,6,1949,0,0,0,NA,0,43T1,IMPERIAL HWY,BLOOMFIELD AV,800,W,N,A,-,N,NA,NA,NA,NA,NA,NA,NA,NA,NA,Y,4,0,1,2,A,-,09,21801,A,N,D,C,A,A,H,-,A,A,0,NA,NA,NA,NA,Y,NA,A,01,0,0,1,0,0,0,0,0,0,-,-,NA,NA,LOS ANGELES,NORWALK,-118.06652491,33.917092770000004
8492316,2017,2017-11-27,1900,2017-10-06,1756,517022,465,5,5,4,1936,0,0,0,NA,0,46T1/P,STAGE RD,BLUEFIELD AV,23,N,N,A,-,N,NA,NA,NA,NA,NA,NA,NA,NA,NA,N,4,0,1,2,A,-,04,21703,NA,M,C,C,A,A,H,-,C,D,0,NA,NA,NA,NA,Y,NA,A,01,0,0,1,0,0,0,0,0,0,-,-,NA,NA,LOS ANGELES,LA MIRADA,-118.00822263,33.88603533
8492320,2017,2017-11-27,1900,2017-10-10,0725,520746,0453,2,5,6,1949,0,0,0,NA,0,43T1,ROSECRANS AV,CROSSDALE ST,11,W,N,B,-,N,NA,NA,NA,NA,NA,NA,NA,NA,NA,N,2,0,1,2,A,-,10,21950,A,N,G,B,B,A,H,-,A,A,0,Y,NA,NA,NA,Y,NA,A,01,1,0,0,0,1,0,0,0,0,-,-,NA,NA,LOS ANGELES,NORWALK,-118.09741,33.90229
8492326,2017,2018-07-09,1941,2017-10-27,2144,6172,NA,5,5,7,1941,0,0,0,NA,0,NA,ANAHEIM ST,RT 710,0,NA,Y,A,-,Y,LA,7,710,-,-,6.51,R,4,N,Y,3,0,3,3,A,-,01,23152,A,N,C,C,A,A,H,-,C,D,0,NA,NA,NA,NA,Y,Y,A,NA,0,1,2,0,0,0,0,0,0,-,-,NA,NA,LOS ANGELES,LONG BEACH,-118.20754506,33.78450946
8492351,2017,2017-12-13,1955,2017-11-03,1519,40437,14,5,5,6,1955,0,0,0,NA,0,003,HOLT AV,RESERVOIR ST,0,NA,Y,B,-,N,NA,NA,NA,NA,NA,NA,NA,NA,NA,N,4,0,1,3,A,-,06,21755,A,N,C,E,E,A,H,-,A,D,0,Y,NA,NA,NA,Y,NA,A,01,0,0,1,0,1,0,0,0,0,-,-,NA,NA,LOS ANGELES,POMONA,-117.73282008,34.0628001
8492353,2017,2017-11-29,1955,2017-10-25,2029,41149,99,3,5,6,1955,0,0,0,NA,0,003,HOLT AV,RESERVIOR ST,0,NA,Y,A,-,N,NA,NA,NA,NA,NA,NA,NA,NA,NA,N,3,0,1,2,A,-,11,21954,A,N,D,B,D,A,H,-,C,D,0,Y,NA,NA,NA,Y,NA,N,60,0,1,0,0,1,0,0,0,0,-,-,NA,NA,LOS ANGELES,POMONA,-117.73282008,34.0628001
8492377,2017,2017-11-29,1955,2017-10-24,1818,41949,43,2,5,6,1955,0,0,0,NA,0,001,MURCHISON AV,AUGUSTA ST,0,NA,Y,A,-,N,NA,NA,NA,NA,NA,NA,NA,NA,NA,N,4,0,1,2,A,-,09,21801,A,N,D,C,A,A,H,-,B,D,0,NA,NA,Y,NA,Y,NA,A,01,0,0,1,0,0,0,0,0,1,-,-,NA,NA,LOS ANGELES,POMONA,-117.79695008,34.06923008
8492379,2017,2017-12-13,1900,2017-11-08,1715,449495,0463,3,5,4,1936,0,0,0,NA,0,46T1P,SANTA GERTRUDES AV,LEMON DR,20,N,N,A,-,N,NA,NA,NA,NA,NA,NA,NA,NA,NA,Y,4,0,1,2,A,-,09,21801,A,N,D,C,A,A,H,-,A,A,0,NA,NA,NA,NA,Y,NA,A,08,0,0,1,0,0,0,0,0,0,-,-,NA,NA,LOS ANGELES,LA MIRADA,-117.99441114,33.92453483
8492383,2017,2017-12-13,1955,2017-11-01,0804,030354,35,3,5,6,1955,0,0,0,NA,0,002,ARTESIA ST,ALAMEDA ST,250,W,N,B,-,N,NA,NA,NA,NA,NA,NA,NA,NA,NA,Y,4,0,1,2,A,-,09,21804,A,N,D,C,A,A,H,-,A,A,0,NA,NA,NA,NA,Y,NA,A,01,0,0,1,0,0,0,0,0,0,-,-,NA,NA,LOS ANGELES,POMONA,-117.75643411,34.07841538
8492407,2017,2017-11-27,1900,2017-09-10,2105,516343,1431,7,5,4,1937,0,0,0,NA,0,143T2,UNRUH AV,NELSON AV,0,NA,Y,A,-,N,NA,NA,NA,NA,NA,NA,NA,NA,NA,Y,4,0,1,2,A,-,12,21453,A,N,B,C,A,A,H,-,C,A,0,NA,NA,NA,NA,Y,NA,A,01,0,0,1,0,0,0,0,0,0,-,-,34.02995,-117.96254,LOS ANGELES,LA PUENTE,-117.96259004,34.02996008
8492444,2017,2017-11-29,1900,2017-10-05,0750,438096,2914,4,5,4,1974,0,0,0,NA,0,829T,GRAND AV,LA PUENTE RD,717,N,N,A,-,N,NA,NA,NA,NA,NA,NA,NA,NA,NA,NA,3,0,1,3,A,-,04,21703,NA,N,C,C,A,A,H,-,A,D,0,NA,NA,NA,NA,Y,NA,A,01,0,1,0,0,0,0,0,0,0,-,-,NA,NA,LOS ANGELES,WALNUT,-117.83824966,34.03167665
8492455,2017,2018-01-16,1942,2017-09-11,1830,42879,0895,1,5,7,1942,0,0,0,H,0,8X48,MOTOR AV,PICO BL,300,S,N,A,-,N,NA,NA,NA,NA,NA,NA,NA,NA,NA,Y,4,0,1,2,A,-,03,22350,NA,N,C,C,A,A,H,-,A,A,0,NA,NA,NA,NA,Y,NA,A,01,0,0,1,0,0,0,0,0,0,-,-,NA,NA,LOS ANGELES,LOS ANGELES,-118.41010172,34.0493453
8492459,2017,2018-01-16,1942,2017-09-14,0915,41401,0839,4,5,7,1942,0,0,0,H,0,8A59,OLYMPIC,AVENUE OF THE STARS,0,NA,Y,A,-,N,NA,NA,NA,NA,NA,NA,NA,NA,NA,N,3,0,1,2,A,-,08,22107,NA,N,B,C,A,A,H,-,A,D,0,NA,NA,Y,NA,Y,NA,A,01,0,1,0,0,0,0,0,0,1,-,-,NA,NA,LOS ANGELES,LOS ANGELES,-118.4137701,34.05635
8492462,2017,2017-11-21,1942,2017-08-17,2115,35161,0859,4,5,7,1942,0,0,0,H,0,8A59,BEDFORD ST,PICKFORD ST,0,NA,Y,A,-,N,NA,NA,NA,NA,NA,NA,NA,NA,NA,N,4,0,1,2,A,-,12,22450,A,N,B,C,A,A,H,-,C,A,0,NA,NA,NA,NA,Y,NA,A,01,0,0,1,0,0,0,0,0,0,-,-,NA,NA,LOS ANGELES,LOS ANGELES,-118.38115003,34.0500101
8492463,2017,2018-01-16,1942,2017-09-01,1055,37600,1375,5,5,7,1942,0,0,0,M,0,13A75,CENTRAL AV,57TH ST,0,NA,Y,A,-,N,NA,NA,NA,NA,NA,NA,NA,NA,NA,N,4,0,1,2,A,-,12,21453,A,F,G,B,B,A,H,-,A,D,0,Y,NA,NA,NA,Y,NA,-,99,0,0,1,0,1,0,0,0,0,-,-,NA,NA,LOS ANGELES,LOS ANGELES,-118.25645008,33.99110009
8492467,2017,2018-01-16,1942,2017-09-01,0530,42689,1317,5,5,7,1942,0,0,0,M,0,13A9,10TH ST,CENTRAL AV,18,W,N,A,-,N,NA,NA,NA,NA,NA,NA,NA,NA,NA,N,4,0,2,2,A,-,08,22107,NA,F,D,C,A,A,H,-,B,D,0,NA,NA,NA,NA,Y,NA,-,-,0,0,2,0,0,0,0,0,0,-,-,NA,NA,LOS ANGELES,LOS ANGELES,-118.24453897,34.03151784
8492722,2017,2017-12-12,1900,2017-10-31,0710,281409,2912,2,5,4,1974,0,0,0,NA,0,291KEP,TEMPLE AV,BONITA AV,1320,E,N,B,-,N,NA,NA,NA,NA,NA,NA,NA,NA,NA,Y,4,0,1,2,A,-,03,22350,NA,N,C,C,A,A,H,-,A,D,0,NA,NA,NA,NA,Y,NA,A,07,0,0,1,0,0,0,0,0,0,-,-,NA,NA,LOS ANGELES,WALNUT,-117.83616872,34.04747516
8492743,2017,2017-12-12,1900,2017-10-06,1757,517022,0465,5,5,4,1936,0,0,0,NA,0,46T1PM,STAGE RD,BLUEFIELD AV,88,N,N,A,-,N,NA,NA,NA,NA,NA,NA,NA,NA,NA,N,4,0,1,2,A,-,05,21460,A,M,D,C,A,A,H,-,C,D,0,NA,NA,NA,NA,Y,NA,A,01,0,0,1,0,0,0,0,0,0,-,-,NA,NA,LOS ANGELES,LA MIRADA,-118.00839963,33.88613518
8492830,2017,2017-11-21,1942,2017-10-28,1840,25495,0777,6,5,7,1942,0,0,0,G,0,7T23,CRENSHAW BL,VENICE BL,320,S,N,A,-,N,NA,NA,NA,NA,NA,NA,NA,NA,NA,N,4,0,1,2,A,-,03,22350,NA,N,E,J,A,A,H,-,C,D,0,NA,NA,NA,NA,Y,NA,A,01,0,0,1,0,0,0,0,0,0,-,-,NA,NA,LOS ANGELES,LOS ANGELES,-118.32885393,34.04390395
8492834,2017,2017-11-21,1942,2017-10-27,2205,25495,0736,5,5,7,1942,0,0,0,G,0,7T23,W 3RD ST,ARDEN BL,80,E,N,A,-,N,NA,NA,NA,NA,NA,NA,NA,NA,NA,N,3,0,1,2,A,-,03,22350,NA,N,C,C,A,A,H,-,C,D,0,NA,NA,Y,NA,Y,NA,A,01,0,1,0,0,0,0,0,0,1,-,-,NA,NA,LOS ANGELES,LOS ANGELES,-118.32571635,34.06896
8492836,2017,2017-12-06,1955,2017-11-01,1418,40951,83,3,5,6,1955,0,0,0,NA,0,005,PARK AV,RIO RANCHO RD,0,NA,Y,A,-,N,NA,NA,NA,NA,NA,NA,NA,NA,NA,Y,3,0,4,2,A,-,12,21453,A,N,D,C,A,A,H,-,A,A,0,NA,NA,NA,NA,Y,NA,D,22,0,4,0,0,0,0,0,0,0,-,-,NA,NA,LOS ANGELES,POMONA,-117.75362009,34.03353007
8492838,2017,2018-01-09,1942,2017-10-27,1830,25495,0749,5,5,7,1942,0,0,0,G,0,7T23,CRENSHAW BL,OLYMPIC BL,326,N,N,A,-,N,NA,NA,NA,NA,NA,NA,NA,NA,NA,N,4,0,1,3,D,-,00,NA,NA,N,C,C,A,A,H,-,B,D,0,NA,NA,NA,NA,Y,NA,-,-,0,0,1,0,0,0,0,0,0,-,-,NA,NA,LOS ANGELES,LOS ANGELES,-118.32255582,34.05547406
8492842,2017,2017-11-21,1942,2017-10-12,1350,33191,0742,4,5,7,1942,0,0,0,G,0,8TL35,ORLANDO AVE,OLYMPIC BL,160,S,N,A,-,N,NA,NA,NA,NA,NA,NA,NA,NA,NA,N,3,0,1,2,A,-,11,21956,A,N,G,B,D,A,H,-,A,D,0,Y,NA,NA,NA,Y,NA,N,60,0,1,0,0,1,0,0,0,0,-,-,NA,NA,LOS ANGELES,LOS ANGELES,-118.37378991,34.05888503
8492849,2017,2017-12-06,1910,2017-11-05,1345,03494,NA,7,5,4,1910,0,0,0,NA,0,007,OLYMPIC BL,BEVERLY DR,15,W,N,A,-,N,NA,NA,NA,NA,NA,NA,NA,NA,NA,Y,4,0,2,2,A,-,03,22350,NA,N,C,C,A,B,H,-,A,A,0,NA,NA,NA,NA,Y,NA,A,01,0,0,2,0,0,0,0,0,0,-,-,NA,NA,LOS ANGELES,BEVERLY HILLS,-118.39862825,34.05962894
8492853,2017,2017-12-06,1910,2017-11-07,0820,03633,NA,2,5,4,1910,0,0,0,NA,0,009,LA CIENEGA,CLIFTON WY,0,NA,Y,A,-,N,NA,NA,NA,NA,NA,NA,NA,NA,NA,NA,3,0,2,2,A,-,09,21800,A,N,D,C,A,A,H,-,A,A,0,NA,NA,NA,NA,Y,NA,A,01,0,2,0,0,0,0,0,0,0,-,-,NA,NA,LOS ANGELES,BEVERLY HILLS,-118.37635002,34.06931008
8492857,2017,2017-12-06,1910,2017-11-04,1133,03438,NA,6,5,4,1910,0,0,0,NA,0,006,N REXFORD DR,LOMITAS AV,0,NA,Y,A,-,N,NA,NA,NA,NA,NA,NA,NA,NA,NA,Y,4,0,1,2,A,-,09,21802,A,N,D,C,A,A,H,-,A,A,0,NA,NA,NA,NA,Y,NA,A,01,0,0,1,0,0,0,0,0,0,-,-,NA,NA,LOS ANGELES,BEVERLY HILLS,-118.40820011,34.08166002
8492882,2017,2017-12-07,1942,2017-10-19,1740,40099,0132,4,5,7,1942,0,0,0,A,0,1A1,W 2ND ST,FIGUEROA ST,3,W,N,A,-,N,NA,NA,NA,NA,NA,NA,NA,NA,NA,N,4,0,1,2,A,-,08,22100,A,F,D,G,A,A,H,-,A,A,0,NA,Y,NA,NA,Y,NA,-,99,0,0,1,0,0,0,1,0,0,-,-,NA,NA,LOS ANGELES,LOS ANGELES,-118.25312784,34.05655501
8492889,2017,2017-12-04,1942,2017-10-29,1525,39395,NA,7,5,7,1942,0,0,0,NA,0,NA,MARIPOSA AV,SUNSET BL,100,N,N,A,-,N,NA,NA,NA,NA,NA,NA,NA,NA,NA,Y,4,0,1,2,A,-,05,21650,NA,F,B,C,A,A,H,-,A,D,0,NA,NA,NA,NA,Y,NA,A,01,0,0,1,0,0,0,0,0,0,-,-,NA,NA,LOS ANGELES,LOS ANGELES,-118.29944192,34.09839425
8492890,2017,2018-01-24,1942,2017-10-30,1335,42948,0174,1,5,7,1942,0,0,0,A,0,11A37,E 8TH ST,S MAIN ST,0,NA,Y,B,-,N,NA,NA,NA,NA,NA,NA,NA,NA,NA,N,3,0,1,2,A,-,12,21453,A,N,D,C,A,A,H,-,A,A,0,NA,NA,NA,NA,Y,NA,-,-,0,1,0,0,0,0,0,0,0,-,-,NA,NA,LOS ANGELES,LOS ANGELES,-118.25320006,34.04275001
8492893,2017,2017-12-04,1942,2017-10-25,1545,40643,1119,3,5,7,1942,0,0,0,K,0,11A17,COLORADO BL,LOS ROBLES ST,0,NA,Y,A,-,N,NA,NA,NA,NA,NA,NA,NA,NA,NA,Y,4,0,1,2,A,-,09,21802,A,F,D,C,A,A,H,-,A,A,0,NA,NA,NA,NA,Y,NA,A,01,0,0,1,0,0,0,0,0,0,-,-,NA,NA,LOS ANGELES,LOS ANGELES,-118.19648007,34.13938005
8492894,2017,2017-12-07,1942,2017-10-20,0855,40275,1303,5,5,7,1942,0,0,0,M,0,1349,EAST 10TH ST,CENTRAL AV,204,W,N,A,-,N,NA,NA,NA,NA,NA,NA,NA,NA,NA,N,2,0,1,2,A,-,10,21952,NA,N,G,B,E,A,H,-,A,D,0,Y,NA,NA,NA,Y,NA,M,44,1,0,0,0,1,0,0,0,0,-,-,NA,NA,LOS ANGELES,LOS ANGELES,-118.24504494,34.03180548
8492898,2017,2017-12-07,1942,2017-10-13,1303,31152,0121,5,5,7,1942,0,0,0,A,0,1A1,FREMONT AV,TEMPLE ST,10,S,N,A,-,N,NA,NA,NA,NA,NA,NA,NA,NA,NA,N,3,0,1,2,A,-,10,21950,A,F,G,B,B,A,H,-,A,A,0,Y,NA,NA,NA,Y,NA,-,99,0,1,0,0,1,0,0,0,0,-,-,NA,NA,LOS ANGELES,LOS ANGELES,-118.24940831,34.06064597
8492901,2017,2017-12-26,1942,2017-10-14,2059,36814,NA,6,5,7,1942,0,0,0,NA,0,NA,E 41ST PL,SAN PEDRO PL,0,NA,Y,A,-,N,NA,NA,NA,NA,NA,NA,NA,NA,NA,N,4,0,2,2,A,-,12,21453,A,N,D,C,A,A,H,-,C,A,0,NA,NA,NA,NA,Y,NA,-,-,0,0,2,0,0,0,0,0,0,-,-,NA,NA,LOS ANGELES,LOS ANGELES,-118.26991008,34.00819003
8492902,2017,2017-12-07,1942,2017-10-07,1945,41629,0195,6,5,7,1942,0,0,0,A,0,1A85,S MAIN ST,E 17TH ST,0,NA,Y,A,-,N,NA,NA,NA,NA,NA,NA,NA,NA,NA,Y,4,0,3,2,A,-,12,21453,A,N,D,C,A,A,H,-,C,A,0,NA,NA,NA,NA,Y,NA,-,-,0,0,3,0,0,0,0,0,0,-,-,NA,NA,LOS ANGELES,LOS ANGELES,-118.26315008,34.03285007
8492903,2017,2017-12-06,1923,2017-10-29,1259,493,311,7,5,3,1923,0,0,0,NA,0,3L3D,GRAND AV,CONTINENTAL BL,0,NA,Y,B,-,N,NA,NA,NA,NA,NA,NA,NA,NA,NA,Y,3,0,1,2,A,-,12,21453,A,N,D,C,A,A,H,-,A,A,0,NA,NA,NA,NA,Y,NA,A,07,0,1,0,0,0,0,0,0,0,-,-,33.91941,-118.39086,LOS ANGELES,EL SEGUNDO,-118.39099003,33.91947007
8492906,2017,2017-12-07,1942,2017-10-10,0655,35291,0111,2,5,7,1942,0,0,0,A,0,1A1,N ALAMEDA ST,ALPINE ST,0,NA,Y,A,-,N,NA,NA,NA,NA,NA,NA,NA,NA,NA,Y,4,0,1,3,A,-,08,22107,NA,N,D,C,A,A,H,-,A,B,0,NA,NA,NA,NA,Y,NA,A,01,0,0,1,0,0,0,0,0,0,-,-,NA,NA,LOS ANGELES,LOS ANGELES,-118.23632002,34.06163006
8492910,2017,2017-12-07,1942,2017-10-26,1124,38982,0133,4,5,7,1942,0,0,0,A,0,1A1,S BROADWAY,2ND,176,S,N,A,-,N,NA,NA,NA,NA,NA,NA,NA,NA,NA,N,4,0,1,2,A,-,09,21804,A,N,-,C,A,-,H,-,A,D,0,NA,NA,NA,NA,Y,NA,A,07,0,0,1,0,0,0,0,0,0,-,-,NA,NA,LOS ANGELES,LOS ANGELES,-118.24705331,34.05202728
8492911,2017,2017-12-06,1976,2017-10-31,2000,507,NA,2,5,5,1976,0,0,0,NA,0,001,GREENLEAF AV,PHILADELPHIA ST,150,N,N,A,-,N,NA,NA,NA,NA,NA,NA,NA,NA,NA,N,4,0,1,2,A,-,21,22106,NA,N,H,C,A,A,H,-,C,D,0,NA,NA,NA,NA,Y,NA,A,01,0,0,1,0,0,0,0,0,0,-,-,NA,NA,LOS ANGELES,WHITTIER,-118.03738,33.97950128
8492914,2017,2017-12-07,1942,2017-10-26,2115,42640,0111,4,5,7,1942,0,0,0,A,0,1A1,BERNARD ST,BROADWAY AV,0,NA,Y,A,-,N,NA,NA,NA,NA,NA,NA,NA,NA,NA,N,3,0,1,2,A,-,09,21801,A,N,A,G,A,A,H,-,C,A,0,NA,Y,NA,NA,Y,NA,A,01,0,1,0,0,0,0,1,0,0,-,-,NA,NA,LOS ANGELES,LOS ANGELES,-118.23587001,34.0667801
8492918,2017,2017-12-07,1942,2017-10-28,0940,42139,0111,6,5,7,1942,0,0,0,A,0,1A41,COLLEGE,HILL,0,NA,Y,A,-,N,NA,NA,NA,NA,NA,NA,NA,NA,NA,Y,4,0,1,2,A,-,09,21801,A,N,D,C,A,A,H,-,A,A,0,NA,NA,NA,NA,Y,NA,A,01,0,0,1,0,0,0,0,0,0,-,-,NA,NA,LOS ANGELES,LOS ANGELES,-118.23872007,34.06443003
8492919,2017,2017-12-06,1976,2017-10-21,1529,449,1976,6,5,5,1976,0,0,0,NA,0,003,WALNUT ST,BRIGHT AV,0,NA,Y,A,-,N,NA,NA,NA,NA,NA,NA,NA,NA,NA,N,4,0,1,2,A,-,05,21650,NA,N,H,G,A,A,H,-,A,A,0,NA,Y,NA,NA,Y,NA,L,04,0,0,1,0,0,0,1,0,0,-,-,NA,NA,LOS ANGELES,WHITTIER,-118.03617008,33.97181001
8492922,2017,2017-12-07,1942,2017-10-27,0200,35024,NA,5,5,7,1942,0,0,0,NA,0,NA,E 3RD ST,S BROADWAY,0,NA,Y,A,-,N,NA,NA,NA,NA,NA,NA,NA,NA,NA,Y,3,0,2,2,A,-,17,21657,NA,N,A,C,A,A,H,-,C,A,0,NA,NA,NA,NA,Y,NA,A,01,0,1,1,0,0,0,0,0,0,-,-,NA,NA,LOS ANGELES,LOS ANGELES,-118.2480401,34.05097001
8492923,2017,2017-12-06,1976,2017-10-26,1300,409,NA,4,5,5,1976,0,0,0,NA,0,001,BEVERLY BL,MAGNOLIA AV,80,W,N,A,-,N,NA,NA,NA,NA,NA,NA,NA,NA,NA,N,4,0,1,2,A,-,03,22350,NA,N,C,C,A,A,H,-,A,D,0,NA,NA,NA,NA,Y,NA,A,01,0,0,1,0,0,0,0,0,0,-,-,NA,NA,LOS ANGELES,WHITTIER,-118.05046347,33.99143909
8492926,2017,2017-12-07,1942,2017-10-23,0700,36238,0118,1,5,7,1942,0,0,0,A,0,1A1,BRUNO ST,MAIN ST,0,NA,Y,A,-,N,NA,NA,NA,NA,NA,NA,NA,NA,NA,Y,4,0,1,2,A,-,09,21802,A,N,D,C,A,A,H,-,A,D,0,NA,NA,NA,NA,Y,NA,A,01,0,0,1,0,0,0,0,0,0,-,-,NA,NA,LOS ANGELES,LOS ANGELES,-118.23460007,34.06207009
8492927,2017,2017-12-06,1910,2017-10-25,1518,03438,NA,3,5,4,1910,0,0,0,NA,0,004,WILSHIRE BL,TRENTON DR,25,E,N,A,-,N,NA,NA,NA,NA,NA,NA,NA,NA,NA,N,4,0,1,2,A,-,21,22106,NA,N,C,C,A,A,H,-,A,D,0,NA,NA,NA,NA,Y,NA,A,01,0,0,1,0,0,0,0,0,0,-,-,NA,NA,LOS ANGELES,BEVERLY HILLS,-118.4129676,34.06707
8492929,2017,2017-12-04,1942,2017-10-17,1725,37966,0769,2,5,7,1942,0,0,0,G,0,6TL2,3RD AV,W PICO BL,0,NA,Y,A,-,N,NA,NA,NA,NA,NA,NA,NA,NA,NA,Y,4,0,2,2,A,-,09,21802,A,N,D,C,A,A,H,-,A,A,0,NA,NA,NA,NA,Y,NA,A,01,0,0,2,0,0,0,0,0,0,-,-,NA,NA,LOS ANGELES,LOS ANGELES,-118.32008013,34.0472301
8492930,2017,2017-12-07,1942,2017-10-25,0009,42521,1172,3,5,7,1942,0,0,0,K,0,11A71,GLENDALE BL,EFFIE,10,S,N,A,-,N,NA,NA,NA,NA,NA,NA,NA,NA,NA,Y,4,0,1,2,A,-,01,23152,A,N,C,C,A,A,H,-,C,D,0,NA,NA,NA,NA,Y,Y,A,01,0,0,1,0,0,0,0,0,0,-,-,NA,NA,LOS ANGELES,LOS ANGELES,-118.25992348,34.085754970000004
8492931,2017,2017-12-06,1910,2017-10-20,1943,04407,NA,5,5,4,1910,0,0,0,NA,0,005,SOUTH SANTA MONICA BL,WILSHIRE BL,0,NA,Y,A,-,N,NA,NA,NA,NA,NA,NA,NA,NA,NA,Y,3,0,1,1,A,-,01,23152,A,N,E,I,A,A,H,-,C,A,0,NA,NA,NA,NA,Y,Y,A,01,0,1,0,0,0,0,0,0,0,-,-,34.06724,-118.40916,LOS ANGELES,BEVERLY HILLS,-118.40946001,34.06708009
8492934,2017,2017-12-07,1942,2017-10-29,2210,39759,0105,7,5,7,1942,0,0,0,A,0,1A1,PARK ROW,BROADWAY,487,N,N,A,-,N,NA,NA,NA,NA,NA,NA,NA,NA,NA,Y,4,0,1,1,A,-,03,22350,NA,N,E,I,A,A,H,-,D,D,0,NA,NA,NA,NA,Y,NA,A,01,0,0,1,0,0,0,0,0,0,-,-,NA,NA,LOS ANGELES,LOS ANGELES,-118.22657027,34.07285298
8492935,2017,2017-12-06,1967,2017-10-28,1433,91,NA,6,5,2,1967,0,0,0,NA,0,SOUTH,HILL,CHERRY AV,7,W,N,A,-,N,NA,NA,NA,NA,NA,NA,NA,NA,NA,N,2,0,1,2,A,-,12,21453,A,N,H,G,A,A,H,-,A,A,0,NA,Y,NA,NA,Y,NA,L,04,1,0,0,0,0,0,1,0,0,-,-,NA,NA,LOS ANGELES,SIGNAL HILL,-118.16770299,33.79714
8492937,2017,2017-12-04,1942,2017-10-17,1230,40690,0702,2,5,7,1942,0,0,0,G,0,7A1,N CURSON AV,MELROSE AV,0,NA,Y,A,-,N,NA,NA,NA,NA,NA,NA,NA,NA,NA,N,4,0,1,2,A,-,10,21950,A,N,G,B,B,A,H,-,A,A,0,Y,NA,NA,NA,Y,NA,A,01,0,0,1,0,1,0,0,0,0,-,-,NA,NA,LOS ANGELES,LOS ANGELES,-118.35531007,34.08369009
8492938,2017,2017-12-07,1942,2017-10-29,0240,39062,0152,7,5,7,1942,0,0,0,A,0,1A41,W 5TH ST,S FIGUEROA ST,0,NA,Y,B,-,N,NA,NA,NA,NA,NA,NA,NA,NA,NA,N,4,0,2,2,A,-,12,21453,A,N,D,C,A,A,H,-,C,A,0,NA,NA,NA,NA,Y,NA,A,01,0,0,2,0,0,0,0,0,0,-,-,NA,NA,LOS ANGELES,LOS ANGELES,-118.25712004,34.05228002