CASE_ID,ACCIDENT_YEAR,PROC_DATE,JURIS,COLLISION_DATE,COLLISION_TIME,OFFICER_ID,REPORTING_DISTRICT,DAY_OF_WEEK,CHP_SHIFT,POPULATION,CNTY_CITY_LOC,SPECIAL_COND,BEAT_TYPE,CHP_BEAT_TYPE,CITY_DIVISION_LAPD,CHP_BEAT_CLASS,BEAT_NUMBER,PRIMARY_RD,SECONDARY_RD,DISTANCE,DIRECTION,INTERSECTION,WEATHER_1,WEATHER_2,STATE_HWY_IND,CALTRANS_COUNTY,CALTRANS_DISTRICT,STATE_ROUTE,ROUTE_SUFFIX,POSTMILE_PREFIX,POSTMILE,LOCATION_TYPE,RAMP_INTERSECTION,SIDE_OF_HWY,TOW_AWAY,COLLISION_SEVERITY,NUMBER_KILLED,NUMBER_INJURED,PARTY_COUNT,PRIMARY_COLL_FACTOR,PCF_CODE_OF_VIOL,PCF_VIOL_CATEGORY,PCF_VIOLATION,PCF_VIOL_SUBSECTION,HIT_AND_RUN,TYPE_OF_COLLISION,MVIW,PED_ACTION,ROAD_SURFACE,ROAD_COND_1,ROAD_COND_2,LIGHTING,CONTROL_DEVICE,CHP_ROAD_TYPE,PEDESTRIAN_ACCIDENT,BICYCLE_ACCIDENT,MOTORCYCLE_ACCIDENT,TRUCK_ACCIDENT,NOT_PRIVATE_PROPERTY,ALCOHOL_INVOLVED,STWD_VEHTYPE_AT_FAULT,CHP_VEHTYPE_AT_FAULT,COUNT_SEVERE_INJ,COUNT_VISIBLE_INJ,COUNT_COMPLAINT_PAIN,COUNT_PED_KILLED,COUNT_PED_INJURED,COUNT_BICYCLIST_KILLED,COUNT_BICYCLIST_INJURED,COUNT_MC_KILLED,COUNT_MC_INJURED,PRIMARY_RAMP,SECONDARY_RAMP,LATITUDE,LONGITUDE,COUNTY,CITY,POINT_X,POINT_Y
8493866,2017,2017-11-30,1942,2017-10-11,1950,41393,1273,3,5,7,1942,0,0,0,L,0,12XL59,WESTERN AV,87TH ST,0,NA,N,A,-,N,NA,NA,NA,NA,NA,NA,NA,NA,NA,N,4,0,1,2,A,-,09,21804,A,N,D,C,A,A,H,-,C,D,0,NA,NA,NA,NA,Y,NA,A,01,0,0,1,0,0,0,0,0,0,-,-,NA,NA,LOS ANGELES,LOS ANGELES,-118.30901,33.95906
8493867,2017,2018-06-13,1942,2017-10-13,1125,42007,1219,5,5,7,1942,0,0,0,L,0,NA,54TH ST,FIGUEROA,0,NA,N,A,-,N,NA,NA,NA,NA,NA,NA,NA,NA,NA,N,4,0,1,3,A,-,03,22350,NA,F,C,C,A,A,H,-,A,A,0,NA,NA,NA,NA,Y,NA,-,NA,0,0,1,0,0,0,0,0,0,-,-,NA,NA,LOS ANGELES,LOS ANGELES,-118.28268005,33.99329009
8493869,2017,2017-11-27,1942,2017-10-12,1445,42903,1112,4,5,7,1942,0,0,0,K,0,11A37,VERDUGO RD,WAWONA ST,0,NA,Y,A,-,N,NA,NA,NA,NA,NA,NA,NA,NA,NA,Y,3,0,2,2,A,-,09,21801,A,N,D,C,A,A,H,-,A,A,0,NA,NA,NA,NA,Y,NA,A,01,0,2,0,0,0,0,0,0,0,-,-,NA,NA,LOS ANGELES,LOS ANGELES,-118.23215,34.1271301
8493870,2017,2017-12-01,1942,2017-10-12,1730,40921,1269,4,5,7,1942,0,0,0,L,0,12X18,MANCHESTER AV,WADSWORTH AV,0,NA,Y,A,-,N,NA,NA,NA,NA,NA,NA,NA,NA,NA,N,4,0,2,3,A,-,09,21802,A,N,B,C,A,A,H,-,B,A,0,NA,NA,NA,NA,Y,NA,A,01,0,0,2,0,0,0,0,0,0,-,-,NA,NA,LOS ANGELES,LOS ANGELES,-118.25862002,33.96016004
8493871,2017,2018-02-01,1942,2017-10-13,1600,42612,1259,5,5,7,1942,0,0,0,L,0,13X94W,FLORENCE AV,SAN PEDRO ST,0,NA,Y,A,-,N,NA,NA,NA,NA,NA,NA,NA,NA,NA,Y,4,0,1,2,A,-,12,21453,A,N,B,C,A,A,H,-,A,A,0,NA,NA,NA,NA,Y,NA,A,01,0,0,1,0,0,0,0,0,0,-,-,NA,NA,LOS ANGELES,LOS ANGELES,-118.26957001,33.97469008
8493873,2017,2017-11-27,1942,2017-06-13,0535,41669,1152,2,5,7,1942,0,0,0,K,0,NA,HILLHURST AV,CLINTON ST,105,S,N,A,-,N,NA,NA,NA,NA,NA,NA,NA,NA,NA,N,4,0,1,2,A,-,08,22107,NA,N,C,G,A,A,H,-,C,D,0,NA,Y,NA,NA,Y,NA,L,04,0,0,1,0,0,0,1,0,0,-,-,NA,NA,LOS ANGELES,LOS ANGELES,NA,NA
8493874,2017,2018-03-05,1942,2017-10-11,1955,R6541,1239,3,5,7,1942,0,0,0,L,0,12Z18,HOOVER ST,SLAUSON AV,0,NA,Y,A,-,N,NA,NA,NA,NA,NA,NA,NA,NA,NA,N,4,0,1,2,A,-,09,21801,A,N,D,C,A,A,H,-,C,A,0,NA,NA,NA,NA,Y,NA,A,08,0,0,1,0,0,0,0,0,0,-,-,NA,NA,LOS ANGELES,LOS ANGELES,-118.2871401,33.98914004
8493875,2017,2017-11-29,1942,2017-10-06,2245,42873,1245,5,5,7,1942,0,0,0,L,0,13A85,GAGE,VERMONT,46,E,N,A,-,N,NA,NA,NA,NA,NA,NA,NA,NA,NA,N,4,0,1,2,A,-,03,22350,NA,F,C,C,A,A,H,-,C,A,0,NA,NA,NA,NA,Y,NA,-,99,0,0,1,0,0,0,0,0,0,-,-,NA,NA,LOS ANGELES,LOS ANGELES,-118.29138857,33.98191143
8493877,2017,2017-11-27,1942,2017-10-09,1545,39129,1162,1,5,7,1942,0,0,0,K,0,NA,VERMONT,LA MIRADA AV,0,NA,Y,A,-,N,NA,NA,NA,NA,NA,NA,NA,NA,NA,N,4,0,1,2,A,-,08,22107,B,N,D,C,A,A,H,-,A,D,0,NA,NA,NA,NA,Y,NA,A,01,0,0,1,0,0,0,0,0,0,-,-,NA,NA,LOS ANGELES,LOS ANGELES,-118.29175004,34.09456012
8493878,2017,2017-11-30,1942,2017-10-11,0650,42962,1263,3,5,7,1942,0,0,0,L,0,12A73,MANCHESTER AV,HARVARD BL,0,NA,Y,A,-,N,NA,NA,NA,NA,NA,NA,NA,NA,NA,Y,4,0,2,2,A,-,08,22107,NA,N,D,C,A,A,H,-,A,A,0,NA,NA,NA,NA,Y,NA,A,01,0,0,2,0,0,0,0,0,0,-,-,NA,NA,LOS ANGELES,LOS ANGELES,-118.30683012,33.95997009
8493879,2017,2017-11-29,1942,2017-10-03,1640,37949,1205,2,5,7,1942,0,0,0,L,0,12X58,50TH ST,DALTON AV,50,E,N,A,-,N,NA,NA,NA,NA,NA,NA,NA,NA,NA,N,3,0,1,2,A,-,03,22350,NA,F,G,B,D,A,-,-,A,D,0,Y,NA,NA,NA,Y,Y,-,99,0,1,0,0,1,0,0,0,0,-,-,NA,NA,LOS ANGELES,LOS ANGELES,-118.30329537,33.99822151
8493881,2017,2017-11-27,1942,2017-10-09,0904,31152,1122,1,5,7,1942,0,0,0,K,0,24TL21,LOS FELIZ BL,RIVERSIDE DR,15,E,N,A,-,N,NA,NA,NA,NA,NA,NA,NA,NA,NA,N,4,0,1,2,A,-,09,21801,A,N,D,G,A,A,H,-,A,A,0,NA,Y,NA,NA,Y,NA,A,01,0,0,1,0,0,0,1,0,0,-,-,NA,NA,LOS ANGELES,LOS ANGELES,-118.27169,34.117
8493882,2017,2017-11-30,1942,2017-10-07,0950,42479,1245,6,5,7,1942,0,0,0,L,0,12A69,71ST ST,DHALLDALE AV,0,NA,Y,A,-,N,NA,NA,NA,NA,NA,NA,NA,NA,NA,Y,4,0,1,2,A,-,12,22450,A,N,D,C,A,A,H,-,A,A,0,NA,NA,NA,NA,Y,NA,A,01,0,0,1,0,0,0,0,0,0,-,-,NA,NA,LOS ANGELES,LOS ANGELES,-118.30244,33.97538
8493883,2017,2017-11-29,1942,2017-10-18,1715,41489,1253,3,5,7,1942,0,0,0,L,0,12X4W7,FLORENCE AV,SAINT ANDREWS PL,0,NA,Y,A,-,N,NA,NA,NA,NA,NA,NA,NA,NA,NA,Y,4,0,2,2,A,-,09,21801,A,N,D,C,A,A,H,-,A,A,0,NA,NA,NA,NA,Y,NA,A,01,0,0,2,0,0,0,0,0,0,-,-,NA,NA,LOS ANGELES,LOS ANGELES,-118.31119012,33.97457012
8493885,2017,2017-11-27,1942,2017-10-02,0817,31152,0424,1,5,7,1942,0,0,0,D,0,24TL21,MISSION RD,LINCOLN PARK AV,0,NA,Y,B,-,N,NA,NA,NA,NA,NA,NA,NA,NA,NA,Y,4,0,1,2,A,-,09,21801,A,N,D,C,A,A,H,-,A,D,0,NA,NA,Y,NA,Y,NA,A,01,0,0,1,0,0,0,0,0,1,-,-,NA,NA,LOS ANGELES,LOS ANGELES,-118.20243007,34.06781003
8493886,2017,2017-11-30,1942,2017-10-15,0405,41477,018,7,5,7,1942,0,0,0,A,0,1XL27,MAIN ST,MESNAGERS ST,300,N,N,A,-,N,NA,NA,NA,NA,NA,NA,NA,NA,NA,Y,3,0,1,1,A,-,08,22107,NA,N,E,I,A,A,H,-,C,D,0,NA,NA,NA,NA,Y,NA,A,01,0,1,0,0,0,0,0,0,0,-,-,NA,NA,LOS ANGELES,LOS ANGELES,NA,NA
8493887,2017,2017-11-29,1942,2017-10-19,1330,26101,1263,4,5,7,1942,0,0,0,L,0,12A53,85TH ST,HARVARD BL,0,NA,N,A,-,N,NA,NA,NA,NA,NA,NA,NA,NA,NA,N,4,0,1,2,A,-,09,21802,A,F,H,G,A,A,H,-,A,A,0,NA,Y,NA,NA,Y,NA,-,99,0,0,1,0,0,0,1,0,0,-,-,NA,NA,LOS ANGELES,LOS ANGELES,-118.30684012,33.96090005
8493889,2017,2018-01-30,1942,2017-10-04,1945,42967,0459,3,5,7,1942,0,0,0,D,0,4A59,CESAR CHAVEZ AV,EZRA AV,70,W,N,A,-,N,NA,NA,NA,NA,NA,NA,NA,NA,NA,Y,4,0,1,5,A,-,03,22350,NA,N,C,C,A,A,H,-,C,A,0,NA,NA,NA,NA,Y,NA,A,01,0,0,1,0,0,0,0,0,0,-,-,NA,NA,LOS ANGELES,LOS ANGELES,-118.195775,34.041494
8493890,2017,2017-11-30,1942,2017-10-14,1535,42666,0144,6,5,7,1942,0,0,0,A,0,1A61,47TH ST,MAIN ST,40,E,N,A,-,N,NA,NA,NA,NA,NA,NA,NA,NA,NA,N,4,0,1,2,A,-,16,29003,A,N,C,C,A,A,H,-,A,D,0,NA,NA,NA,NA,Y,NA,B,01,0,0,1,0,0,0,0,0,0,-,-,NA,NA,LOS ANGELES,LOS ANGELES,-118.27384831,34.00104209
8493891,2017,2017-11-29,1942,2017-10-17,1813,38804,1255,2,5,7,1942,0,0,0,L,0,NA,W FLORENCE AV,DALTON,0,NA,Y,A,-,N,NA,NA,NA,NA,NA,NA,NA,NA,NA,Y,4,0,1,2,A,-,09,21804,NA,N,F,C,A,A,H,-,B,D,0,NA,NA,NA,NA,Y,NA,A,01,0,0,1,0,0,0,0,0,0,-,-,NA,NA,LOS ANGELES,LOS ANGELES,-118.30354004,33.97457007
8493892,2017,2017-11-28,1942,2017-10-27,2225,42247,1203,5,5,7,1942,0,0,0,L,0,12U1,45TH ST,DENKER AV,0,NA,Y,A,-,N,NA,NA,NA,NA,NA,NA,NA,NA,NA,Y,2,0,1,2,A,-,09,21801,A,M,D,E,A,A,H,-,D,D,0,NA,NA,NA,NA,Y,NA,-,NA,1,0,0,0,0,0,0,0,0,-,-,NA,NA,LOS ANGELES,LOS ANGELES,-118.30457007,34.00278001
8493893,2017,2017-11-27,1942,2017-10-04,2150,41121,0438,3,5,7,1942,0,0,0,D,0,4A58,MARIONDALE AV,VALLEY BL,15,N,N,A,-,N,NA,NA,NA,NA,NA,NA,NA,NA,NA,N,4,0,1,2,A,-,09,21801,A,N,D,C,A,A,H,-,C,A,0,NA,NA,NA,NA,Y,NA,A,01,0,0,1,0,0,0,0,0,0,-,-,NA,NA,LOS ANGELES,LOS ANGELES,-118.16506774,34.07415985
8493894,2017,2017-11-30,1942,2017-10-09,1310,42312,0139,1,5,7,1942,0,0,0,A,0,1X92,ALAMEDA ST,2ND ST,0,NA,Y,A,-,N,NA,NA,NA,NA,NA,NA,NA,NA,NA,Y,4,0,2,2,A,-,09,21801,A,N,D,C,A,A,H,-,A,A,0,NA,NA,NA,NA,Y,NA,A,01,0,0,2,0,0,0,0,0,0,-,-,NA,NA,LOS ANGELES,LOS ANGELES,-118.23811,34.04715
8493895,2017,2017-11-29,1942,2017-10-17,1740,37743,1255,2,5,7,1942,0,0,0,L,0,12X4,FLORENCE AV,NORMANDIE AV,20,S,N,A,-,N,NA,NA,NA,NA,NA,NA,NA,NA,NA,Y,4,0,1,2,A,-,09,21801,A,N,D,C,A,A,H,-,A,A,0,NA,NA,NA,NA,Y,NA,A,01,0,0,1,0,0,0,0,0,0,-,-,NA,NA,LOS ANGELES,LOS ANGELES,-118.3003,33.97458
8493896,2017,2017-11-28,1942,2017-10-28,0800,41747,1258,6,5,7,1942,0,0,0,L,0,25TL43,W BROADWAY ST,74TH ST,150,S,N,A,-,N,NA,NA,NA,NA,NA,NA,NA,NA,NA,N,4,0,1,3,A,-,07,21658,A,N,D,C,A,A,H,-,A,A,0,NA,Y,NA,NA,Y,NA,A,01,0,0,1,0,0,0,1,0,0,-,-,NA,NA,LOS ANGELES,LOS ANGELES,-118.27832,33.97231862
8493897,2017,2017-11-27,1942,2017-10-11,1915,42518,0111,3,5,7,1942,0,0,0,A,0,20AB,COLLEGE ST,HILL ST,0,NA,Y,A,-,N,NA,NA,NA,NA,NA,NA,NA,NA,NA,N,4,0,2,2,A,-,09,21801,B,N,D,C,A,A,H,-,A,A,0,NA,NA,NA,NA,Y,NA,A,01,0,0,2,0,0,0,0,0,0,-,-,NA,NA,LOS ANGELES,LOS ANGELES,-118.23872007,34.06443003
8493898,2017,2017-11-30,1942,2017-10-11,1630,35059,101,3,5,7,1942,0,0,0,J,0,2S92,SUNSET BL,BEAUDRY AV,0,NA,Y,A,-,N,NA,NA,NA,NA,NA,NA,NA,NA,NA,Y,4,0,2,2,A,-,12,21453,A,N,D,C,A,A,H,-,A,A,0,NA,NA,NA,NA,Y,NA,A,01,0,0,2,0,0,0,0,0,0,-,-,NA,NA,LOS ANGELES,LOS ANGELES,-118.24924007,34.06525009
8493899,2017,2017-11-29,1942,2017-10-16,1720,42005,1213,1,5,7,1942,0,0,0,L,0,12XL7,DENKER AV,58TH ST,0,NA,Y,A,-,N,NA,NA,NA,NA,NA,NA,NA,NA,NA,N,4,0,1,2,A,-,10,21950,A,N,D,G,A,A,H,-,A,D,0,NA,Y,NA,NA,Y,NA,A,01,0,0,1,0,0,0,1,0,0,-,-,NA,NA,LOS ANGELES,LOS ANGELES,-118.30446007,33.98969009
8493900,2017,2017-11-28,1942,2017-10-27,1950,41683,1208,5,5,7,1942,0,0,0,L,0,25T27,VERNON AV,FIGUEROA ST,10,W,N,A,-,N,NA,NA,NA,NA,NA,NA,NA,NA,NA,N,3,0,1,2,A,-,11,21956,A,F,D,B,E,A,H,-,C,A,0,Y,NA,NA,NA,Y,NA,N,60,0,1,0,0,1,0,0,0,0,-,-,NA,NA,LOS ANGELES,LOS ANGELES,-118.28277292,34.00374949
8493901,2017,2018-03-16,1942,2017-10-21,0250,42042,0157,6,5,7,1942,0,0,0,A,0,1X11W3,7TH ST,TOWNE,10,E,N,A,-,N,NA,NA,NA,NA,NA,NA,NA,NA,NA,Y,4,0,1,2,A,-,07,21658,A,F,B,C,A,A,H,-,C,A,0,NA,NA,NA,NA,Y,Y,-,99,0,0,1,0,0,0,0,0,0,-,-,NA,NA,LOS ANGELES,LOS ANGELES,-118.24510477,34.03952237
8493902,2017,2017-12-01,1942,2017-10-11,2202,39586,0176,3,5,7,1942,0,0,0,A,0,24T32,7TH ST,SAN PEDRO ST E,20,E,N,A,-,N,NA,NA,NA,NA,NA,NA,NA,NA,NA,N,3,0,1,2,A,-,03,22350,NA,N,B,C,A,-,H,-,C,A,0,NA,NA,Y,NA,Y,NA,C,02,0,1,0,0,0,0,0,0,1,-,-,NA,NA,LOS ANGELES,LOS ANGELES,-118.2467294,34.04066488
8493903,2017,2017-11-29,1942,2017-10-14,2310,41207,1273,6,5,7,1942,0,0,0,L,0,12A53,WESTERN AV,89TH ST,2,S,N,A,-,N,NA,NA,NA,NA,NA,NA,NA,NA,NA,N,4,0,1,2,A,-,09,21801,NA,N,A,B,B,A,H,-,C,A,0,Y,NA,NA,NA,Y,NA,A,01,0,0,1,0,1,0,0,0,0,-,-,NA,NA,LOS ANGELES,LOS ANGELES,-118.309016,33.956325
8493904,2017,2017-11-28,1942,2017-10-24,1945,42201,1273,2,5,7,1942,0,0,0,L,0,77TH,MANCHESTER,DENKER,8,S,N,A,-,N,NA,NA,NA,NA,NA,NA,NA,NA,NA,N,4,0,3,2,A,-,03,22350,NA,F,C,C,A,A,-,-,C,-,0,NA,NA,NA,NA,Y,NA,-,99,0,0,3,0,0,0,0,0,0,-,-,NA,NA,LOS ANGELES,LOS ANGELES,-118.30465,33.95999
8493905,2017,2017-11-27,1942,2017-10-01,1920,37644,0421,7,5,7,1942,0,0,0,D,0,4A53,N BROADWAY,WORKMAN AV,30,E,N,B,-,N,NA,NA,NA,NA,NA,NA,NA,NA,NA,N,4,0,1,2,A,-,09,21801,B,N,D,C,A,A,H,-,C,D,0,NA,NA,NA,NA,Y,NA,A,01,0,0,1,0,0,0,0,0,0,-,-,NA,NA,LOS ANGELES,LOS ANGELES,-118.21425115,34.07366157
8493906,2017,2017-11-30,1942,2017-10-07,2245,42602,0142,6,5,7,1942,0,0,0,A,0,1A41,4TH ANITA DR,HOPE ST,500,W,N,A,-,N,NA,NA,NA,NA,NA,NA,NA,NA,NA,Y,4,0,1,1,A,-,07,21658,A,N,E,I,A,A,H,-,C,D,0,NA,NA,NA,NA,Y,NA,A,01,0,0,1,0,0,0,0,0,0,-,-,NA,NA,LOS ANGELES,LOS ANGELES,NA,NA
8493907,2017,2017-11-29,1942,2017-10-15,1830,41761,1218,7,5,7,1942,0,0,0,L,0,12A15,VERMONT AV,57TH ST,0,NA,Y,A,-,N,NA,NA,NA,NA,NA,NA,NA,NA,NA,N,4,0,1,2,A,-,09,21801,NA,F,A,C,A,A,H,-,C,D,0,NA,NA,NA,NA,Y,NA,-,99,0,0,1,0,0,0,0,0,0,-,-,NA,NA,LOS ANGELES,LOS ANGELES,-118.291491,33.990474
8493908,2017,2017-11-28,1942,2017-10-25,2010,43078,1213,3,5,7,1942,0,0,0,L,0,77TH,WESTERN AV,55TH ST,0,NA,Y,A,-,N,NA,NA,NA,NA,NA,NA,NA,NA,NA,Y,4,0,2,2,A,-,09,21801,B,N,D,C,A,A,H,-,C,D,0,NA,NA,NA,NA,Y,NA,A,08,0,0,2,0,0,0,0,0,0,-,-,NA,NA,LOS ANGELES,LOS ANGELES,-118.30894,33.99234
8493909,2017,2018-06-25,1942,2017-10-04,0657,37540,0478,3,5,7,1942,0,0,0,D,0,4A97,WHITTIER BL,RT 60,0,NA,Y,A,-,Y,LA,7,60,-,R,1.236,R,4,E,Y,4,0,2,2,A,-,09,21802,A,N,D,C,A,A,H,-,A,A,0,NA,NA,NA,NA,Y,NA,A,01,0,0,2,0,0,0,0,0,0,-,-,NA,NA,LOS ANGELES,LOS ANGELES,-118.20403734,34.0286184
8493910,2017,2017-12-01,1942,2017-10-07,2039,35024,0141,6,5,7,1942,0,0,0,A,0,1A41,S FIGUEROA ST,W 5TH ST,19,S,N,A,-,N,NA,NA,NA,NA,NA,NA,NA,NA,NA,Y,4,0,1,2,A,-,08,22100,A,N,D,C,A,A,H,-,C,A,0,NA,NA,Y,NA,Y,NA,A,01,0,0,1,0,0,0,0,0,1,-,-,NA,NA,LOS ANGELES,LOS ANGELES,-118.25716005,34.05223995
8493911,2017,2017-11-29,1942,2017-10-16,0000,38503,1265,1,5,7,1942,0,0,0,L,0,25T45,MANCHESTER AV,BUDLONG AV,0,NA,Y,A,-,N,NA,NA,NA,NA,NA,NA,NA,NA,NA,N,3,0,1,2,A,-,09,21802,A,N,D,-,A,A,H,-,-,A,0,NA,NA,NA,NA,Y,NA,A,01,0,1,0,0,0,0,0,0,0,-,-,NA,NA,LOS ANGELES,LOS ANGELES,-118.29592003,33.9600101
8493912,2017,2017-11-28,1942,2017-10-15,1150,42452,1249,7,5,7,1942,0,0,0,L,0,13X71,FLORENCE AV,FLOWER,0,NA,Y,A,-,N,NA,NA,NA,NA,NA,NA,NA,NA,NA,N,3,0,2,2,A,-,12,21453,A,N,D,C,A,A,H,-,A,A,0,NA,NA,NA,NA,Y,NA,-,NA,0,1,1,0,0,0,0,0,0,-,-,NA,NA,LOS ANGELES,LOS ANGELES,-118.28126007,33.9746501
8493913,2017,2017-11-27,1942,2017-10-04,0808,37505,0422,3,5,7,1942,0,0,0,D,0,4A15,GATES ST,BROADWAY,173,E,N,A,-,N,NA,NA,NA,NA,NA,NA,NA,NA,NA,N,4,0,1,2,A,-,09,21804,A,N,D,C,A,A,H,-,A,D,0,NA,NA,NA,NA,Y,NA,A,01,0,0,1,0,0,0,0,0,0,-,-,NA,NA,LOS ANGELES,LOS ANGELES,-118.20655,34.07377
8493914,2017,2017-12-01,1942,2017-10-07,0435,42670,171,6,5,7,1942,0,0,0,Q,0,1A61,PICO BL,LA LIVE WY,0,NA,Y,A,-,N,NA,NA,NA,NA,NA,NA,NA,NA,NA,Y,3,0,1,2,A,-,12,21453,A,N,D,C,A,A,H,-,C,A,0,NA,NA,NA,NA,Y,NA,A,01,0,1,0,0,0,0,0,0,0,-,-,NA,NA,LOS ANGELES,LOS ANGELES,-118.27179007,34.04229008
8493916,2017,2017-11-28,1942,2017-10-19,1820,42005,1259,4,5,7,1942,0,0,0,L,0,12X52,CENTRAL AV,79TH ST,0,NA,Y,A,-,N,NA,NA,NA,NA,NA,NA,NA,NA,NA,N,4,0,1,2,A,-,10,21950,NA,N,G,B,B,A,-,-,A,A,0,Y,NA,NA,NA,Y,NA,-,NA,0,0,1,0,1,0,0,0,0,-,-,NA,NA,LOS ANGELES,LOS ANGELES,-118.25643013,33.96746008
8493917,2017,2017-11-27,1942,2017-10-05,0839,37540,0438,4,5,7,1942,0,0,0,D,0,4A9,VALLEY BL,MARIONDALE AV,0,NA,Y,A,-,N,NA,NA,NA,NA,NA,NA,NA,NA,NA,Y,3,0,1,2,A,-,09,21801,A,N,D,C,A,A,H,-,A,A,0,NA,NA,NA,NA,Y,NA,A,07,0,1,0,0,0,0,0,0,0,-,-,NA,NA,LOS ANGELES,LOS ANGELES,-118.1650801,34.0741201
8493918,2017,2017-12-01,1942,2017-10-14,1540,41661,0195,6,5,7,1942,0,0,0,A,0,1A61,S HILL ST,W VENICE BL,0,NA,Y,A,-,N,NA,NA,NA,NA,NA,NA,NA,NA,NA,Y,3,0,3,2,A,-,09,21801,A,N,D,C,A,A,H,-,A,A,0,NA,NA,NA,NA,Y,NA,A,01,0,3,0,0,0,0,0,0,0,-,-,NA,NA,LOS ANGELES,LOS ANGELES,-118.26456004,34.03472011
8493920,2017,2017-11-28,1942,2017-10-19,1720,42240,1257,4,5,7,1942,0,0,0,L,0,12X32,FLOWER ST,W 76TH ST,0,NA,Y,A,-,N,NA,NA,NA,NA,NA,NA,NA,NA,NA,N,3,0,1,2,A,-,09,21801,A,N,D,G,A,A,H,-,B,D,0,NA,Y,NA,NA,Y,NA,A,01,0,1,0,0,0,0,1,0,0,-,-,NA,NA,LOS ANGELES,LOS ANGELES,-118.28131013,33.97079007
8493949,2017,2017-12-11,1942,2017-11-03,0920,40053,373,5,5,7,1942,0,0,0,NA,0,25TL43,W MARTIN LUTHER KING JR BL,DEGNAN BL,2,NA,N,A,-,N,NA,NA,NA,NA,NA,NA,NA,NA,NA,Y,2,0,1,2,A,-,09,21801,A,N,D,C,A,A,H,-,A,A,0,NA,NA,Y,NA,Y,NA,A,01,1,0,0,0,0,0,0,0,1,-,-,NA,NA,LOS ANGELES,LOS ANGELES,-118.33141007,34.01091011
8493953,2017,2017-12-13,1942,2017-11-06,1447,41921,362,1,5,7,1942,0,0,0,NA,0,251L22,RODEO LN,W RODEO RD,0,NA,Y,A,-,N,NA,NA,NA,NA,NA,NA,NA,NA,NA,Y,4,0,1,3,A,-,09,21801,A,F,D,C,A,A,H,-,A,D,0,NA,NA,NA,NA,Y,NA,A,01,0,0,1,0,0,0,0,0,0,-,-,NA,NA,LOS ANGELES,LOS ANGELES,-118.34863006,34.02136001
8493957,2017,2017-12-13,1942,2017-11-01,1830,36065,563,3,5,7,1942,0,0,0,NA,0,585,GAFFEY ST,13TH ST,6,N,N,A,-,N,NA,NA,NA,NA,NA,NA,NA,NA,NA,N,2,0,1,2,A,-,10,21950,A,F,G,B,B,A,H,-,C,A,0,Y,NA,NA,NA,Y,NA,-,99,1,0,0,0,1,0,0,0,0,-,-,NA,NA,LOS ANGELES,LOS ANGELES,-118.29237,33.73242646
8493961,2017,2017-12-11,1942,2017-11-06,2013,42338,0376,1,5,7,1942,0,0,0,C,0,25T45,S WESTERN AV,EXPOSITION BL,10,S,N,A,-,N,NA,NA,NA,NA,NA,NA,NA,NA,NA,N,4,0,1,2,A,-,00,21951,A,N,G,B,B,A,H,-,C,A,0,Y,NA,NA,NA,Y,NA,-,99,0,0,1,0,1,0,0,0,0,-,-,NA,NA,LOS ANGELES,LOS ANGELES,-118.30892,34.01843257
8493965,2017,2017-12-13,1942,2017-11-01,0758,40053,376,3,5,7,1942,0,0,0,NA,0,25TL41,W MARTIN LUTHER KING BL,DENKER AV,0,NA,Y,B,-,N,NA,NA,NA,NA,NA,NA,NA,NA,NA,Y,4,0,2,2,A,-,09,21801,A,N,D,C,A,A,H,-,A,A,0,NA,NA,NA,NA,Y,NA,A,01,0,0,2,0,0,0,0,0,0,-,-,NA,NA,LOS ANGELES,LOS ANGELES,-118.30455006,34.01085005
8493969,2017,2018-03-16,1942,2017-11-07,0440,41271,1373,2,5,7,1942,0,0,0,M,0,34T31,AVALON BL,E 52ND ST,11,S,N,A,-,N,NA,NA,NA,NA,NA,NA,NA,NA,NA,N,2,0,1,2,A,-,11,21956,A,N,G,B,E,A,H,-,C,D,0,Y,NA,NA,NA,Y,NA,N,60,1,0,0,0,1,0,0,0,0,-,-,NA,NA,LOS ANGELES,LOS ANGELES,-118.26523,33.99570983
8493973,2017,2017-12-13,1942,2017-11-05,2300,39062,2,7,5,7,1942,0,0,0,NA,0,003,S BONNIE BRAE ST,6TH ST,250,S,N,A,-,N,NA,NA,NA,NA,NA,NA,NA,NA,NA,N,3,0,3,2,A,-,01,23152,A,N,A,C,A,A,H,-,C,A,0,NA,NA,NA,NA,Y,Y,A,01,0,1,2,0,0,0,0,0,0,-,-,NA,NA,LOS ANGELES,LOS ANGELES,-118.27294833,34.05792986
8493977,2017,2017-12-13,1942,2017-11-04,0900,40008,423,6,5,7,1942,0,0,0,NA,0,4A15,DALY ST,MAIN ST,30,N,N,A,-,N,NA,NA,NA,NA,NA,NA,NA,NA,NA,N,4,0,1,2,A,-,08,22107,NA,F,B,C,A,A,H,-,A,D,0,NA,NA,NA,NA,Y,NA,-,99,0,0,1,0,0,0,0,0,0,-,-,NA,NA,LOS ANGELES,LOS ANGELES,-118.21547201,34.06606225
8493981,2017,2017-12-13,1942,2017-11-03,1415,42139,0119,5,5,7,1942,0,0,0,A,0,1A41,BAUCHET ST,N VIGNES,355,E,N,A,-,N,NA,NA,NA,NA,NA,NA,NA,NA,NA,N,3,0,1,2,A,-,11,21954,A,F,G,B,E,A,H,-,A,D,0,Y,NA,NA,NA,Y,NA,N,60,0,1,0,0,1,0,0,0,0,-,-,NA,NA,LOS ANGELES,LOS ANGELES,-118.23121902,34.05919343
8493994,2017,2017-11-28,1942,2017-09-22,0155,38712,1321,5,5,7,1942,0,0,0,M,0,13A13,W ADAMS,CENTRAL,300,W,N,A,-,N,NA,NA,NA,NA,NA,NA,NA,NA,NA,Y,4,0,1,2,A,-,03,22350,NA,M,C,C,A,A,H,-,C,A,0,NA,NA,NA,NA,Y,NA,D,NA,0,0,1,0,0,0,0,0,0,-,-,NA,NA,LOS ANGELES,LOS ANGELES,-118.25581505,34.01915206