CASE_ID,ACCIDENT_YEAR,PROC_DATE,JURIS,COLLISION_DATE,COLLISION_TIME,OFFICER_ID,REPORTING_DISTRICT,DAY_OF_WEEK,CHP_SHIFT,POPULATION,CNTY_CITY_LOC,SPECIAL_COND,BEAT_TYPE,CHP_BEAT_TYPE,CITY_DIVISION_LAPD,CHP_BEAT_CLASS,BEAT_NUMBER,PRIMARY_RD,SECONDARY_RD,DISTANCE,DIRECTION,INTERSECTION,WEATHER_1,WEATHER_2,STATE_HWY_IND,CALTRANS_COUNTY,CALTRANS_DISTRICT,STATE_ROUTE,ROUTE_SUFFIX,POSTMILE_PREFIX,POSTMILE,LOCATION_TYPE,RAMP_INTERSECTION,SIDE_OF_HWY,TOW_AWAY,COLLISION_SEVERITY,NUMBER_KILLED,NUMBER_INJURED,PARTY_COUNT,PRIMARY_COLL_FACTOR,PCF_CODE_OF_VIOL,PCF_VIOL_CATEGORY,PCF_VIOLATION,PCF_VIOL_SUBSECTION,HIT_AND_RUN,TYPE_OF_COLLISION,MVIW,PED_ACTION,ROAD_SURFACE,ROAD_COND_1,ROAD_COND_2,LIGHTING,CONTROL_DEVICE,CHP_ROAD_TYPE,PEDESTRIAN_ACCIDENT,BICYCLE_ACCIDENT,MOTORCYCLE_ACCIDENT,TRUCK_ACCIDENT,NOT_PRIVATE_PROPERTY,ALCOHOL_INVOLVED,STWD_VEHTYPE_AT_FAULT,CHP_VEHTYPE_AT_FAULT,COUNT_SEVERE_INJ,COUNT_VISIBLE_INJ,COUNT_COMPLAINT_PAIN,COUNT_PED_KILLED,COUNT_PED_INJURED,COUNT_BICYCLIST_KILLED,COUNT_BICYCLIST_INJURED,COUNT_MC_KILLED,COUNT_MC_INJURED,PRIMARY_RAMP,SECONDARY_RAMP,LATITUDE,LONGITUDE,COUNTY,CITY,POINT_X,POINT_Y
8494762,2017,2017-11-28,1942,2017-10-13,1516,32372,1612,5,5,7,1942,0,0,0,P,0,16TL28,DE HAVEN AV,VAN NUYS BL,21,S,N,A,-,N,NA,NA,NA,NA,NA,NA,NA,NA,NA,N,2,0,1,2,D,-,00,NA,NA,N,G,B,B,A,H,-,A,D,0,Y,NA,NA,NA,Y,NA,-,-,1,0,0,0,1,0,0,0,0,-,-,NA,NA,LOS ANGELES,LOS ANGELES,-118.41250408,34.27303682
8494766,2017,2017-11-28,1942,2017-10-13,1910,40388,1657,5,5,7,1942,0,0,0,P,0,16A59,TUJUNGA CANYON BL,VALMONT ST,0,NA,Y,A,-,N,NA,NA,NA,NA,NA,NA,NA,NA,NA,N,4,0,3,2,A,-,09,21802,A,N,D,C,A,A,H,-,C,A,0,NA,NA,NA,NA,Y,NA,A,07,0,0,3,0,0,0,0,0,0,-,-,NA,NA,LOS ANGELES,LOS ANGELES,-118.29106008,34.25233012
8494770,2017,2017-11-28,1942,2017-10-21,1300,38354,1675,6,5,7,1942,0,0,0,P,0,10TL38,SUNLAND AV,TUXFORD ST,0,NA,Y,A,-,N,NA,NA,NA,NA,NA,NA,NA,NA,NA,Y,3,0,1,2,A,-,12,21453,A,N,D,C,A,A,H,-,A,A,0,NA,NA,NA,NA,Y,NA,A,01,0,1,0,0,0,0,0,0,0,-,-,NA,NA,LOS ANGELES,LOS ANGELES,-118.36765005,34.23757012
8494771,2017,2017-11-29,1928,2017-10-26,2319,400,507,4,5,5,1928,0,0,0,NA,0,502,CRENSHAW BL,120TH ST,0,NA,Y,A,-,N,NA,NA,NA,NA,NA,NA,NA,NA,NA,Y,4,0,1,3,A,-,03,22350,NA,N,C,C,A,A,H,-,C,A,0,NA,NA,NA,NA,Y,NA,A,01,0,0,1,0,0,0,0,0,0,-,-,33.92371,-118.32647,LOS ANGELES,HAWTHORNE,-118.32651005,33.9237301
8494774,2017,2017-11-28,1942,2017-10-15,1058,42460,1638,7,5,7,1942,0,0,0,P,0,16A59,PLAINVIEW AV,MACHREA ST,0,NA,Y,A,-,N,NA,NA,NA,NA,NA,NA,NA,NA,NA,Y,3,0,1,2,A,-,05,21650,NA,N,A,C,A,A,H,-,A,D,0,NA,NA,NA,NA,Y,NA,A,01,0,1,0,0,0,0,0,0,0,-,-,NA,NA,LOS ANGELES,LOS ANGELES,-118.29792012,34.25883002
8494777,2017,2017-11-29,1942,2017-10-29,0940,30989,1684,7,5,7,1942,0,0,0,P,0,35M27,LANKERSHIM BL,TUXFORD ST,130,N,N,A,-,N,NA,NA,NA,NA,NA,NA,NA,NA,NA,Y,3,0,1,1,A,-,03,22350,NA,N,A,I,A,A,H,-,A,D,0,NA,NA,NA,NA,Y,NA,A,07,0,1,0,0,0,0,0,0,0,-,-,NA,NA,LOS ANGELES,LOS ANGELES,-118.3878,34.22283656
8494778,2017,2017-11-28,1942,2017-10-18,1950,33504,1669,3,5,7,1942,0,0,0,P,0,16A59,FOOTHILL BL,PALI AV,0,NA,Y,A,-,N,NA,NA,NA,NA,NA,NA,NA,NA,NA,N,3,0,3,2,A,-,09,21801,A,N,D,C,A,A,H,-,C,A,0,NA,NA,Y,NA,Y,NA,C,06,0,1,2,0,0,0,0,0,0,-,-,NA,NA,LOS ANGELES,LOS ANGELES,-118.27051012,34.24313006
8494781,2017,2017-11-29,1942,2017-10-29,2010,41158,1656,7,5,7,1942,0,0,0,P,0,16A35,FOOTHILL BL,WOODWARD AV,8,E,N,A,-,N,NA,NA,NA,NA,NA,NA,NA,NA,NA,N,3,0,1,2,A,-,10,21950,A,N,G,B,B,A,H,-,C,A,0,Y,NA,NA,NA,Y,NA,A,07,0,1,0,0,1,0,0,0,0,-,-,NA,NA,LOS ANGELES,LOS ANGELES,-118.30703358,34.25965
8494782,2017,2017-11-28,1942,2017-10-24,1815,33768,1538,2,5,7,1942,0,0,0,O,0,15A39,FAIR AVE,BURBANK BL,0,NA,Y,A,-,N,NA,NA,NA,NA,NA,NA,NA,NA,NA,N,4,0,1,2,A,-,07,21658,A,F,B,C,A,A,-,-,C,D,0,NA,NA,NA,NA,Y,Y,-,99,0,0,1,0,0,0,0,0,0,-,-,NA,NA,LOS ANGELES,LOS ANGELES,-118.37460007,34.17215001
8494785,2017,2018-01-31,1942,2017-10-30,1700,42170,1689,1,5,7,1942,0,0,0,P,0,16EL2,CROCKETT ST,ROSCOE BL,20,S,N,A,-,N,NA,NA,NA,NA,NA,NA,NA,NA,NA,Y,4,0,1,1,A,-,03,22350,NA,N,E,I,A,A,H,-,B,D,0,NA,NA,NA,NA,Y,NA,A,01,0,0,1,0,0,0,0,0,0,-,-,NA,NA,LOS ANGELES,LOS ANGELES,-118.37006801,34.22140606
8494789,2017,2018-02-06,1942,2017-10-28,1855,42571,1612,6,5,7,1942,0,0,0,P,0,16A37,DAVENTRY ST,GLEN OAKS BL,0,NA,Y,A,-,N,NA,NA,NA,NA,NA,NA,NA,NA,NA,Y,4,0,3,2,A,-,09,21802,A,N,D,C,A,-,H,-,C,D,0,NA,NA,NA,NA,Y,NA,A,01,0,0,3,0,0,0,0,0,0,-,-,NA,NA,LOS ANGELES,LOS ANGELES,-118.41747012,34.27882009
8494790,2017,2018-01-19,1942,2017-10-26,1100,41342,0969,4,5,7,1942,0,0,0,I,0,NA,RIVERSIDE DR,S RIVERSIDE DR,20,N,N,A,-,N,NA,NA,NA,NA,NA,NA,NA,NA,NA,N,4,0,1,2,A,-,03,22350,NA,F,D,C,A,A,H,-,A,-,0,NA,NA,NA,NA,Y,NA,-,99,0,0,1,0,0,0,0,0,0,-,-,NA,NA,LOS ANGELES,LOS ANGELES,-118.4487,34.15801
8494793,2017,2017-11-29,1942,2017-10-30,0740,35867,1612,1,5,7,1942,0,0,0,P,0,16A11,GLENOAKS BL,DESMOND ST,92,S,N,B,-,N,NA,NA,NA,NA,NA,NA,NA,NA,NA,Y,3,0,1,2,A,-,09,21801,B,N,D,C,A,A,H,-,A,D,0,NA,NA,NA,NA,Y,NA,A,07,0,1,0,0,0,0,0,0,0,-,-,NA,NA,LOS ANGELES,LOS ANGELES,-118.42015231,34.2816883
8494794,2017,2017-11-28,1942,2017-10-28,2205,41625,1651,6,5,7,1942,0,0,0,P,0,16A23,OSBORNE ST,REMICK AV,285,W,N,A,-,N,NA,NA,NA,NA,NA,NA,NA,NA,NA,Y,4,0,1,2,A,-,03,22350,NA,F,C,C,A,A,H,-,C,D,0,NA,NA,NA,NA,Y,NA,-,99,0,0,1,0,0,0,0,0,0,-,-,NA,NA,LOS ANGELES,LOS ANGELES,-118.42162842,34.24533553
8494796,2017,2017-12-04,1961,2017-10-27,0619,10437,1961,5,5,3,1961,0,0,0,NA,0,001,NORTH MACLAY AV,KNOX ST,120,S,N,A,-,N,NA,NA,NA,NA,NA,NA,NA,NA,NA,Y,4,0,1,2,A,-,08,22107,NA,N,C,E,A,A,H,-,C,D,0,NA,NA,NA,Y,Y,NA,A,01,0,0,1,0,0,0,0,0,0,-,-,NA,NA,LOS ANGELES,SAN FERNANDO,-118.42488843,34.29531326
8494797,2017,2017-11-29,1942,2017-10-27,1025,42835,1612,5,5,7,1942,0,0,0,P,0,16A35,PINNEY ST,BRADLEY,0,NA,Y,A,-,N,NA,NA,NA,NA,NA,NA,NA,NA,NA,Y,4,0,1,2,A,-,12,22450,NA,N,D,C,A,A,H,-,A,D,0,NA,NA,NA,NA,Y,NA,A,01,0,0,1,0,0,0,0,0,0,-,-,NA,NA,LOS ANGELES,LOS ANGELES,-118.41909004,34.2696701
8494798,2017,2017-11-28,1942,2017-10-27,1725,39569,1514,5,5,7,1942,0,0,0,O,0,15X36,VANOWEN ST,RADFORD AV,60,W,N,A,-,N,NA,NA,NA,NA,NA,NA,NA,NA,NA,NA,3,0,1,3,A,-,03,22350,NA,M,C,C,A,A,H,-,A,A,0,NA,NA,NA,NA,Y,NA,A,01,0,1,0,0,0,0,0,0,0,-,-,NA,NA,LOS ANGELES,LOS ANGELES,-118.39235805,34.19394
8494800,2017,2017-12-04,1961,2017-10-27,1518,10437,1961,5,5,3,1961,0,0,0,NA,0,003,WORKMAN ST,PICO ST,0,NA,Y,A,-,N,NA,NA,NA,NA,NA,NA,NA,NA,NA,N,3,0,1,2,A,-,12,22450,A,N,G,G,A,A,H,-,A,D,0,NA,Y,NA,NA,Y,NA,L,04,0,1,0,0,0,0,1,0,0,-,-,NA,NA,LOS ANGELES,SAN FERNANDO,-118.4467801,34.28553
8494801,2017,2017-12-06,1942,2017-11-01,1425,42051,1675,3,5,7,1942,0,0,0,P,0,16A77,GLENOAKS BL,PENDLETON ST,0,NA,Y,B,-,N,NA,NA,NA,NA,NA,NA,NA,NA,NA,N,4,0,2,2,A,-,09,21801,A,N,A,C,A,A,H,-,A,A,0,NA,NA,NA,NA,Y,NA,A,01,0,0,2,0,0,0,0,0,0,-,-,NA,NA,LOS ANGELES,LOS ANGELES,-118.37450008,34.23745008
8494805,2017,2017-12-06,1942,2017-11-06,1445,42051,1676,1,5,7,1942,0,0,0,P,0,16A77,LAMKINS ST,SUNLAND BL,420,E,N,A,-,N,NA,NA,NA,NA,NA,NA,NA,NA,NA,N,2,0,1,2,A,-,10,21954,B,F,G,B,D,A,H,-,A,D,0,Y,NA,NA,NA,Y,NA,-,99,1,0,0,0,1,0,0,0,0,-,-,NA,NA,LOS ANGELES,LOS ANGELES,-118.3658134,34.23469396
8494809,2017,2017-12-06,1942,2017-11-06,2048,41125,1675,1,5,7,1942,0,0,0,P,0,16A77,SUNLAND BL,PENROSE ST,40,S,N,A,-,N,NA,NA,NA,NA,NA,NA,NA,NA,NA,N,4,0,1,2,A,-,04,21703,NA,F,C,C,A,A,H,-,C,A,0,NA,NA,NA,NA,Y,NA,-,99,0,0,1,0,0,0,0,0,0,-,-,NA,NA,LOS ANGELES,LOS ANGELES,-118.36682504,34.232261
8494813,2017,2017-12-06,1942,2017-11-01,1800,32372,1588,3,5,7,1942,0,0,0,O,0,6A15,CAHUENGA BL W,BARHAM AV,500,N,N,B,-,N,NA,NA,NA,NA,NA,NA,NA,NA,NA,N,4,0,1,2,A,-,07,21658,A,F,B,C,A,A,H,-,C,D,0,NA,NA,NA,NA,Y,NA,-,99,0,0,1,0,0,0,0,0,0,-,-,NA,NA,LOS ANGELES,LOS ANGELES,-118.34851033,34.12935405
8494815,2017,2017-12-06,1906,2017-11-11,1734,4414,1906,6,5,5,1906,0,0,0,NA,0,003,GARDEN VIEW LN,DALEWOOD ST,0,NA,Y,A,-,N,NA,NA,NA,NA,NA,NA,NA,NA,NA,N,4,0,1,3,A,-,09,21803,A,F,D,B,E,A,H,-,C,A,0,Y,NA,NA,NA,Y,Y,-,NA,0,0,1,0,1,0,0,0,0,-,-,NA,NA,LOS ANGELES,BALDWIN PARK,-117.96107,34.06936
8494817,2017,2018-06-08,1942,2017-11-01,1425,32372,1529,3,5,7,1942,0,0,0,O,0,15A39,WHITNALL HWY,OXNARD ST,15,S,N,B,-,N,NA,NA,NA,NA,NA,NA,NA,NA,NA,N,4,0,2,2,A,-,03,22350,NA,F,C,C,A,A,H,-,A,A,0,NA,NA,NA,NA,Y,NA,-,99,0,0,2,0,0,0,0,0,0,-,-,NA,NA,LOS ANGELES,LOS ANGELES,-118.3663066,34.17938964
8494819,2017,2017-12-06,1906,2017-11-13,1929,4429,NA,1,5,5,1906,0,0,0,NA,0,003,PACIFIC AV,EDISON POLE  #421304E,36,W,N,A,-,N,NA,NA,NA,NA,NA,NA,NA,NA,NA,N,4,0,1,2,A,-,08,22107,NA,N,B,C,A,A,H,-,C,D,0,NA,NA,Y,NA,Y,NA,A,01,0,0,1,0,0,0,0,0,1,-,-,NA,NA,LOS ANGELES,BALDWIN PARK,NA,NA
8494821,2017,2017-12-06,1942,2017-11-04,0210,38980,1503,6,5,7,1942,0,0,0,O,0,19TL73,LAUREL CANYON BL,SATICOY ST,0,NA,Y,A,-,N,NA,NA,NA,NA,NA,NA,NA,NA,NA,Y,4,0,1,2,A,-,12,21453,A,F,D,C,A,A,H,-,A,A,0,NA,NA,NA,NA,Y,NA,-,99,0,0,1,0,0,0,0,0,0,-,-,NA,NA,LOS ANGELES,LOS ANGELES,-118.39651011,34.20848003
8494826,2017,2018-01-24,1961,2017-11-02,1110,10388,3,4,5,3,1961,0,0,0,NA,0,003,SAN FERNANDO RD,WOLFSKILL ST,0,NA,Y,B,-,N,NA,NA,NA,NA,NA,NA,NA,NA,NA,N,4,0,2,2,A,-,12,21453,A,N,D,C,A,B,H,-,A,A,0,NA,NA,NA,NA,Y,NA,-,-,0,0,2,0,0,0,0,0,0,-,-,NA,NA,LOS ANGELES,SAN FERNANDO,-118.43804002,34.27950009
8494830,2017,2018-01-22,1961,2017-11-03,1826,10334,1961,5,5,3,1961,0,0,0,NA,0,001,NORTH BRAND BL,3RD ST,0,NA,Y,A,-,N,NA,NA,NA,NA,NA,NA,NA,NA,NA,N,4,0,1,5,A,-,12,21453,A,N,G,B,B,A,H,-,C,A,0,Y,NA,NA,NA,Y,NA,A,08,0,0,1,0,1,0,0,0,0,-,-,NA,NA,LOS ANGELES,SAN FERNANDO,-118.43633001,34.28426003
8494858,2017,2017-12-07,1955,2017-11-02,1110,40437,26,4,5,6,1955,0,0,0,NA,0,002,HEATHER WY,ROBERTS ST,300,N,N,B,-,N,NA,NA,NA,NA,NA,NA,NA,NA,NA,Y,2,0,1,2,C,-,18,NA,NA,N,A,E,A,A,H,-,A,D,0,NA,NA,NA,NA,Y,NA,-,-,1,0,0,0,0,0,0,0,0,-,-,NA,NA,LOS ANGELES,POMONA,-117.74866976,34.08582229
8494862,2017,2017-12-07,1955,2017-11-06,1749,40624,7,1,5,6,1955,0,0,0,NA,0,003,GAREY AV,MONTEREY AV,0,NA,Y,A,-,N,NA,NA,NA,NA,NA,NA,NA,NA,NA,N,4,0,1,2,A,-,10,21950,A,F,G,B,B,A,H,-,A,A,0,Y,NA,NA,NA,Y,NA,A,01,0,0,1,0,1,0,0,0,0,-,-,NA,NA,LOS ANGELES,POMONA,-117.75025006,34.06053004
8494866,2017,2017-12-07,1955,2017-11-04,1700,42085,20,6,5,6,1955,0,0,0,NA,0,002,TOWNE AV,HARRISON AV,0,NA,Y,A,-,N,NA,NA,NA,NA,NA,NA,NA,NA,NA,Y,3,0,1,2,A,-,12,21453,A,N,D,C,A,A,H,-,A,A,0,NA,NA,NA,NA,Y,NA,A,01,0,1,0,0,0,0,0,0,0,-,-,NA,NA,LOS ANGELES,POMONA,-117.73674009,34.09884002
8494870,2017,2017-12-07,1906,2017-11-06,1352,4410,NA,1,5,5,1906,0,0,0,NA,0,003,RAMONA BL,BADILLO ST,0,NA,Y,A,-,N,NA,NA,NA,NA,NA,NA,NA,NA,NA,N,4,0,1,2,A,-,05,21650,1,N,H,G,A,A,H,-,A,A,0,NA,Y,NA,NA,Y,NA,L,04,0,0,1,0,0,0,1,0,0,-,-,NA,NA,LOS ANGELES,BALDWIN PARK,-117.95489007,34.08748011
8494968,2017,2017-12-05,1942,2017-10-03,0700,42499,0374,2,5,7,1942,0,0,0,C,0,3A99,W MARTIN LUTHER KING JR BL,2ND AV,25,W,N,A,-,N,NA,NA,NA,NA,NA,NA,NA,NA,NA,Y,4,0,3,2,A,-,04,21703,NA,N,C,C,A,A,H,-,A,D,0,NA,NA,NA,NA,Y,NA,A,07,0,0,3,0,0,0,0,0,0,-,-,NA,NA,LOS ANGELES,LOS ANGELES,-118.31937232,34.0108085
8494972,2017,2017-12-05,1942,2017-10-24,1105,41747,0358,2,5,7,1942,0,0,0,C,0,3A57,JEFFERSON BL,VERMONT AV,150,W,N,A,-,N,NA,NA,NA,NA,NA,NA,NA,NA,NA,N,4,0,1,2,A,-,03,22350,NA,F,C,C,A,A,H,-,A,A,0,NA,NA,NA,NA,Y,NA,-,99,0,0,1,0,0,0,0,0,0,-,-,NA,NA,LOS ANGELES,LOS ANGELES,-118.29201408,34.02551
8494976,2017,2017-12-05,1942,2017-10-10,1635,42945,0566,2,5,7,1942,0,0,0,E,0,5A59,PACIFIC AV,9TH HELENA DR,180,S,N,A,-,N,NA,NA,NA,NA,NA,NA,NA,NA,NA,N,3,0,2,1,A,-,03,22350,NA,N,E,I,A,A,H,-,A,A,0,NA,NA,NA,NA,Y,NA,A,01,0,1,1,0,0,0,0,0,0,-,-,NA,NA,LOS ANGELES,LOS ANGELES,NA,NA
8494980,2017,2017-12-05,1942,2017-10-02,1100,38819,0529,1,5,7,1942,0,0,0,E,0,5A25,HENRY FORD AV,HENRY FORD,114,E,N,A,-,N,NA,NA,NA,NA,NA,NA,NA,NA,NA,N,3,0,1,2,A,-,03,22350,NA,N,C,G,A,A,H,-,A,D,0,NA,Y,NA,NA,Y,NA,L,04,0,1,0,0,0,0,1,0,0,-,-,NA,NA,LOS ANGELES,LOS ANGELES,-118.24251151,33.78617837
8494984,2017,2017-12-05,1942,2017-10-05,1020,42862,0521,4,5,7,1942,0,0,0,E,0,5A55,GAFFEY ST,WESTMONT DR,0,NA,Y,A,-,N,NA,NA,NA,NA,NA,NA,NA,NA,NA,Y,4,0,1,2,A,-,09,21801,A,N,D,C,A,A,H,-,A,A,0,NA,NA,NA,NA,Y,NA,A,01,0,0,1,0,0,0,0,0,0,-,-,NA,NA,LOS ANGELES,LOS ANGELES,-118.2934201,33.76392012
8494988,2017,2017-12-05,1942,2017-10-05,1640,36659,505,4,5,7,1942,0,0,0,NA,0,5Z3,VERMONT AV,DEL AMO BL,150,N,N,A,-,N,NA,NA,NA,NA,NA,NA,NA,NA,NA,Y,4,0,1,2,A,-,07,21658,A,N,B,C,A,A,H,-,A,A,0,NA,NA,NA,NA,Y,NA,A,01,0,0,1,0,0,0,0,0,0,-,-,NA,NA,LOS ANGELES,LOS ANGELES,-118.29040732,33.84666114
8494992,2017,2017-12-05,1942,2017-10-14,2015,42300,0376,6,5,7,1942,0,0,0,C,0,3A98,EXPOSITION BL,DENKER AV,0,NA,Y,A,-,N,NA,NA,NA,NA,NA,NA,NA,NA,NA,Y,4,0,2,2,A,-,12,21453,A,N,H,C,A,A,H,-,C,A,0,NA,NA,NA,NA,Y,NA,-,-,0,0,2,0,0,0,0,0,0,-,-,NA,NA,LOS ANGELES,LOS ANGELES,-118.30452003,34.01840008
8494996,2017,2017-12-05,1942,2017-10-06,1320,40786,363,5,5,7,1942,0,0,0,NA,0,3A41,BUCKINGHAM RD,MARTIN LUTHER KING JR BL,0,NA,Y,A,-,N,NA,NA,NA,NA,NA,NA,NA,NA,NA,N,4,0,1,2,A,-,04,21703,NA,N,C,C,A,A,H,-,A,A,0,NA,NA,NA,NA,Y,NA,A,01,0,0,1,0,0,0,0,0,0,-,-,NA,NA,LOS ANGELES,LOS ANGELES,-118.34173005,34.01481003
8495000,2017,2017-12-05,1942,2017-10-31,0200,41983,0319,2,5,7,1942,0,0,0,C,0,3A18,S FIGUEROA ST,23RD ST,100,S,N,A,-,N,NA,NA,NA,NA,NA,NA,NA,NA,NA,Y,4,0,1,3,A,-,03,22350,NA,N,C,C,A,A,H,-,A,A,0,NA,NA,NA,NA,Y,NA,A,01,0,0,1,0,0,0,0,0,0,-,-,NA,NA,LOS ANGELES,LOS ANGELES,-118.27441,34.03072
8495004,2017,2018-01-10,1942,2017-10-22,1340,41810,0392,7,5,7,1942,0,0,0,C,0,03A57,48TH ST,CRENSHAW BL,0,NA,Y,A,-,N,NA,NA,NA,NA,NA,NA,NA,NA,NA,Y,3,0,2,2,A,-,12,21453,A,N,D,C,A,A,C,-,A,A,0,NA,NA,NA,NA,Y,NA,-,-,0,1,1,0,0,0,0,0,0,-,-,NA,NA,LOS ANGELES,LOS ANGELES,-118.33084,34.0000001
8495008,2017,2017-12-05,1942,2017-10-31,1600,41704,0335,2,5,7,1942,0,0,0,C,0,25T22,ARLINGTON AV,31ST ST,20,N,N,A,-,N,NA,NA,NA,NA,NA,NA,NA,NA,NA,N,4,0,1,2,A,-,04,21703,NA,N,C,C,A,A,H,-,A,A,0,NA,NA,NA,NA,Y,NA,A,01,0,0,1,0,0,0,0,0,0,-,-,NA,NA,LOS ANGELES,LOS ANGELES,-118.317662,34.026495
8495012,2017,2017-12-05,1942,2017-10-25,0735,26101,0332,3,5,7,1942,0,0,0,C,0,25T71,JEFFERSON BL,CHESAPEAKE AV,330,N,N,A,-,N,NA,NA,NA,NA,NA,NA,NA,NA,NA,N,4,0,1,2,A,-,21,22106,NA,N,D,C,A,A,H,-,A,D,0,NA,NA,NA,NA,Y,Y,-,99,0,0,1,0,0,0,0,0,0,-,-,NA,NA,LOS ANGELES,LOS ANGELES,-118.34501,34.02554
8495016,2017,2017-12-05,1942,2017-10-06,0610,27259,0362,5,5,7,1942,0,0,0,C,0,25T25,RODEO RD,CHESAPEAKE AV,6,W,N,A,-,N,NA,NA,NA,NA,NA,NA,NA,NA,NA,N,4,0,1,2,A,-,10,21950,A,N,G,B,B,A,H,-,C,A,0,Y,NA,NA,NA,Y,NA,A,01,0,0,1,0,1,0,0,0,0,-,-,NA,NA,LOS ANGELES,LOS ANGELES,-118.34523976,34.02147034
8495020,2017,2017-12-05,1942,2017-10-18,0630,33201,1824,3,5,7,1942,0,0,0,R,0,18A97,CENTURY BL,CLOVIS AV,20,W,N,A,-,N,NA,NA,NA,NA,NA,NA,NA,NA,NA,Y,4,0,1,3,A,-,09,21802,A,F,D,C,A,A,H,-,A,D,0,NA,NA,NA,NA,Y,NA,-,99,0,0,1,0,0,0,0,0,0,-,-,NA,NA,LOS ANGELES,LOS ANGELES,-118.25659581,33.94566
8495024,2017,2018-01-10,1942,2017-10-17,1320,38753,1844,2,5,7,1942,0,0,0,R,0,18A1,SAN PEDRO,112TH ST,3,E,N,A,-,N,NA,NA,NA,NA,NA,NA,NA,NA,NA,N,3,0,1,2,A,-,09,21453,B,N,D,G,A,A,H,-,A,A,0,NA,Y,NA,NA,Y,NA,-,-,0,1,0,0,0,0,1,0,0,-,-,NA,NA,LOS ANGELES,LOS ANGELES,-118.26956,33.93298
8495028,2017,2017-12-05,1942,2017-10-17,1800,41492,1842,2,5,7,1942,0,0,0,R,0,18X96,MAIN ST,112TH ST,0,NA,Y,A,-,N,NA,NA,NA,NA,NA,NA,NA,NA,NA,Y,4,0,1,2,A,-,12,21453,A,N,B,C,A,A,H,-,A,A,0,NA,NA,NA,NA,Y,NA,A,01,0,0,1,0,0,0,0,0,0,-,-,NA,NA,LOS ANGELES,LOS ANGELES,-118.27389014,33.93298002
8495032,2017,2017-12-05,1942,2017-10-19,0736,32850,1849,4,5,7,1942,0,0,0,R,0,18A49,S MONA BL,N IMPERIAL HWY,14,N,N,A,-,N,NA,NA,NA,NA,NA,NA,NA,NA,NA,N,4,0,1,2,A,-,03,22350,NA,F,B,C,A,A,H,-,A,A,0,NA,NA,NA,NA,Y,NA,A,01,0,0,1,0,0,0,0,0,0,-,-,NA,NA,LOS ANGELES,LOS ANGELES,-118.23035987,33.9290375
8495036,2017,2018-01-26,1942,2017-10-23,1325,41500,1871,1,5,7,1942,0,0,0,R,0,18X36,VERMONT,135TH ST,0,NA,Y,A,-,N,NA,NA,NA,NA,NA,NA,NA,NA,NA,Y,4,0,3,2,A,-,09,21801,A,N,D,C,A,A,H,-,A,A,0,NA,NA,NA,NA,Y,NA,-,NA,0,0,3,0,0,0,0,0,0,-,-,NA,NA,LOS ANGELES,LOS ANGELES,-118.29161,33.90915
8495040,2017,2017-12-05,1942,2017-10-23,0800,37055,1803,1,5,7,1942,0,0,0,R,0,18A3,87TH PL,S SAN PEDRO ST,200,E,N,A,-,N,NA,NA,NA,NA,NA,NA,NA,NA,NA,N,4,0,1,2,A,-,10,21950,A,N,G,B,D,A,H,-,A,D,0,Y,NA,NA,NA,Y,NA,A,01,0,0,1,0,1,0,0,0,0,-,-,NA,NA,LOS ANGELES,LOS ANGELES,-118.26885179,33.95805461
8495137,2017,2018-01-10,1900,2017-10-28,1729,517002,0469,6,5,4,1936,0,0,0,NA,0,46T1PM,VALLEY VIEW AV,ADOREE ST,295,S,N,A,-,N,NA,NA,NA,NA,NA,NA,NA,NA,NA,N,3,0,1,1,A,-,08,22107,NA,N,D,A,A,A,H,-,A,D,0,NA,NA,Y,NA,Y,NA,C,02,0,1,0,0,0,0,0,0,1,-,-,NA,NA,LOS ANGELES,LA MIRADA,-118.02934791,33.91362129
8495200,2017,2018-01-24,1900,2017-10-26,2030,535057,2840,4,5,5,1915,0,0,0,NA,0,283T3,ALAMEDA ST W,COMPTON BL,110,S,N,A,-,N,NA,NA,NA,NA,NA,NA,NA,NA,NA,Y,4,0,1,2,A,-,08,22107,NA,N,B,C,A,A,H,-,C,D,0,NA,NA,NA,Y,Y,NA,-,-,0,0,1,0,0,0,0,0,0,-,-,NA,NA,LOS ANGELES,COMPTON,-118.22036781,33.89567953
8495201,2017,2017-12-19,1900,2017-10-26,0414,600319,2825,4,5,5,1915,0,0,0,NA,0,282T1,ROSECRANS AV,BRADFIELD AV,5,E,N,A,-,N,NA,NA,NA,NA,NA,NA,NA,NA,NA,N,4,0,1,2,A,-,12,21453,A,N,-,G,A,A,H,-,A,A,0,NA,Y,NA,NA,Y,NA,-,-,0,0,1,0,0,0,1,0,0,-,-,NA,NA,LOS ANGELES,COMPTON,-118.20503356,33.90354024
8495205,2017,2017-11-30,1900,2017-10-16,0938,532570,2813,1,5,5,1915,0,0,0,NA,0,283A,ROSECRANS AV,MATTHISEN AV,19,E,N,A,-,N,NA,NA,NA,NA,NA,NA,NA,NA,NA,N,4,0,1,2,A,-,10,21950,A,N,G,B,B,A,H,-,A,A,0,Y,NA,NA,NA,Y,NA,D,22,0,0,1,0,1,0,0,0,0,-,-,NA,NA,LOS ANGELES,COMPTON,-118.23428751,33.90337
8495210,2017,2017-12-01,1900,2017-10-01,1020,625463,1360,7,5,5,1952,0,0,0,NA,0,136B,ROSECRANS AV,ORANGE AV,60,W,N,A,-,N,NA,NA,NA,NA,NA,NA,NA,NA,NA,N,4,0,5,2,-,-,-,NA,NA,M,B,C,A,A,H,-,A,A,0,NA,NA,NA,NA,Y,NA,-,-,0,0,5,0,0,0,0,0,0,-,-,NA,NA,LOS ANGELES,PARAMOUNT,-118.17776733,33.90359
8495217,2017,2017-12-06,1900,2017-10-04,1339,512462,1324,3,5,5,1935,0,0,0,NA,0,132T2,DELAMO BL,COLDBROOK AV,54,W,N,A,-,N,NA,NA,NA,NA,NA,NA,NA,NA,NA,Y,3,0,2,3,A,-,03,22350,NA,N,C,C,A,A,H,-,A,D,0,NA,NA,NA,NA,Y,NA,D,22,0,2,0,0,0,0,0,0,0,-,-,NA,NA,LOS ANGELES,LAKEWOOD,-118.12256745,33.84686209