CASE_ID,ACCIDENT_YEAR,PROC_DATE,JURIS,COLLISION_DATE,COLLISION_TIME,OFFICER_ID,REPORTING_DISTRICT,DAY_OF_WEEK,CHP_SHIFT,POPULATION,CNTY_CITY_LOC,SPECIAL_COND,BEAT_TYPE,CHP_BEAT_TYPE,CITY_DIVISION_LAPD,CHP_BEAT_CLASS,BEAT_NUMBER,PRIMARY_RD,SECONDARY_RD,DISTANCE,DIRECTION,INTERSECTION,WEATHER_1,WEATHER_2,STATE_HWY_IND,CALTRANS_COUNTY,CALTRANS_DISTRICT,STATE_ROUTE,ROUTE_SUFFIX,POSTMILE_PREFIX,POSTMILE,LOCATION_TYPE,RAMP_INTERSECTION,SIDE_OF_HWY,TOW_AWAY,COLLISION_SEVERITY,NUMBER_KILLED,NUMBER_INJURED,PARTY_COUNT,PRIMARY_COLL_FACTOR,PCF_CODE_OF_VIOL,PCF_VIOL_CATEGORY,PCF_VIOLATION,PCF_VIOL_SUBSECTION,HIT_AND_RUN,TYPE_OF_COLLISION,MVIW,PED_ACTION,ROAD_SURFACE,ROAD_COND_1,ROAD_COND_2,LIGHTING,CONTROL_DEVICE,CHP_ROAD_TYPE,PEDESTRIAN_ACCIDENT,BICYCLE_ACCIDENT,MOTORCYCLE_ACCIDENT,TRUCK_ACCIDENT,NOT_PRIVATE_PROPERTY,ALCOHOL_INVOLVED,STWD_VEHTYPE_AT_FAULT,CHP_VEHTYPE_AT_FAULT,COUNT_SEVERE_INJ,COUNT_VISIBLE_INJ,COUNT_COMPLAINT_PAIN,COUNT_PED_KILLED,COUNT_PED_INJURED,COUNT_BICYCLIST_KILLED,COUNT_BICYCLIST_INJURED,COUNT_MC_KILLED,COUNT_MC_INJURED,PRIMARY_RAMP,SECONDARY_RAMP,LATITUDE,LONGITUDE,COUNTY,CITY,POINT_X,POINT_Y
8495455,2017,2017-12-07,1900,2017-11-14,0650,524692,2911,2,5,4,1974,0,0,0,NA,0,291K2,AMAR RD,SUNSET BLUFF,4,E,N,B,-,N,NA,NA,NA,NA,NA,NA,NA,NA,NA,N,4,0,1,2,A,-,00,20015,NA,F,G,B,B,A,H,-,A,A,0,Y,NA,NA,NA,Y,NA,A,01,0,0,1,0,1,0,0,0,0,-,-,NA,NA,LOS ANGELES,WALNUT,-117.85152797,34.04183448
8495457,2017,2017-12-08,1900,2017-11-14,1550,514712,541,2,5,3,1921,0,0,0,NA,0,58T1PM,HUNTINGTON DR,BRYCEDALE AV,9,W,N,A,-,N,NA,NA,NA,NA,NA,NA,NA,NA,NA,Y,4,0,3,2,A,-,09,21802,A,N,D,C,A,A,H,-,A,D,0,NA,NA,NA,NA,Y,NA,A,07,0,0,3,0,0,0,0,0,0,-,-,34.13959,-117.97436,LOS ANGELES,DUARTE,-117.97447966,34.13968066
8495458,2017,2017-12-08,1909,2017-11-18,0921,524,1909,6,5,4,1909,0,0,0,NA,0,001,EASTERN AV,SHULL ST,0,NA,Y,A,-,N,NA,NA,NA,NA,NA,NA,NA,NA,NA,Y,4,0,4,2,A,-,09,21801,A,N,D,C,A,A,H,-,A,D,0,NA,NA,NA,NA,Y,NA,-,NA,0,0,4,0,0,0,0,0,0,-,-,NA,NA,LOS ANGELES,BELL GARDENS,-118.16390001,33.95566003
8495459,2017,2017-12-07,1900,2017-11-13,1457,520671,2924,1,5,5,1990,0,0,0,NA,0,292K2D,GOLDEN SPRINGS DR,GATEWAY CENTER DR,0,NA,Y,A,-,N,NA,NA,NA,NA,NA,NA,NA,NA,NA,Y,3,0,2,2,A,-,09,21801,A,N,D,C,A,A,H,-,A,A,0,NA,NA,NA,NA,Y,NA,A,01,0,2,0,0,0,0,0,0,0,-,-,NA,NA,LOS ANGELES,DIAMOND BAR,-117.83252002,34.00192009
8495461,2017,2017-12-08,1900,2017-11-11,1802,600819,525,6,5,4,1971,0,0,0,NA,0,52T1PM,WELLAND AV,LIVE OAK AV,300,S,N,A,-,N,NA,NA,NA,NA,NA,NA,NA,NA,NA,Y,3,0,1,2,A,-,08,22107,NA,N,C,E,A,A,H,-,C,D,0,NA,NA,NA,NA,Y,NA,A,01,0,1,0,0,0,0,0,0,0,-,-,34.106,-118.0325,LOS ANGELES,TEMPLE CITY,-118.03270183,34.10627848
8495462,2017,2017-12-08,1909,2017-11-14,1650,389,1909,2,5,4,1909,0,0,0,NA,0,NORTH,GAGE AV,GAGE AV BLK 5500,16,S,N,B,-,N,NA,NA,NA,NA,NA,NA,NA,NA,NA,N,4,0,5,2,A,-,03,22350,NA,N,C,C,A,A,H,-,A,D,0,NA,NA,NA,NA,Y,NA,A,01,0,0,5,0,0,0,0,0,0,-,-,NA,NA,LOS ANGELES,BELL GARDENS,NA,NA
8495464,2017,2017-12-08,1941,2017-11-08,1409,5615,NA,3,5,7,1941,0,0,0,NA,0,NA,E SPRING ST,WOODRUFF AV,150,W,N,A,-,N,NA,NA,NA,NA,NA,NA,NA,NA,NA,N,4,0,1,2,A,-,05,21202,A,N,D,G,A,A,H,-,A,D,0,NA,Y,NA,NA,Y,NA,L,NA,0,0,1,0,0,0,1,0,0,-,-,NA,NA,LOS ANGELES,LONG BEACH,-118.11517275,33.81059
8495465,2017,2017-12-08,1900,2017-11-09,2202,526901,531,4,5,5,1959,0,0,0,NA,0,53FPM,VALLEY BL,MERWYN C GILL WAY,10,W,N,A,-,N,NA,NA,NA,NA,NA,NA,NA,NA,NA,Y,4,0,2,2,A,-,04,21703,NA,N,C,C,A,A,H,-,C,A,0,NA,NA,NA,NA,Y,NA,A,01,0,0,2,0,0,0,0,0,0,-,-,34.08125,-118.0611,LOS ANGELES,ROSEMEAD,-118.06110293,34.08124897
8495466,2017,2017-12-08,1909,2017-11-12,1420,583,1909,7,5,4,1909,0,0,0,NA,0,SOUTH,GARFIELD AV,EASTERN AV,0,NA,Y,A,-,N,NA,NA,NA,NA,NA,NA,NA,NA,NA,Y,3,0,1,1,A,-,03,22350,NA,N,C,C,A,A,H,-,A,A,0,NA,NA,NA,NA,Y,NA,-,NA,0,1,0,0,0,0,0,0,0,-,-,NA,NA,LOS ANGELES,BELL GARDENS,-118.16389005,33.95351008
8495468,2017,2017-12-07,1941,2017-11-06,0745,6286,NA,1,5,7,1941,0,0,0,NA,0,NA,ARTESIA BL,ATLANTIC,1000,W,N,A,-,N,NA,NA,NA,NA,NA,NA,NA,NA,NA,Y,4,0,1,1,A,-,08,22107,NA,N,E,I,A,A,H,-,A,D,0,NA,NA,NA,NA,Y,NA,A,NA,0,0,1,0,0,0,0,0,0,-,-,NA,NA,LOS ANGELES,LONG BEACH,-118.18946761,33.87439
8495470,2017,2017-12-08,1909,2017-11-09,2134,536,1909,4,5,4,1909,0,0,0,NA,0,NORTH,GAGE AV,EMIL AV,13,E,N,A,-,N,NA,NA,NA,NA,NA,NA,NA,NA,NA,N,4,0,1,2,A,-,05,21650,1,N,A,G,A,A,H,-,C,A,0,NA,Y,NA,NA,Y,NA,L,04,0,0,1,0,0,0,1,0,0,-,-,NA,NA,LOS ANGELES,BELL GARDENS,-118.14065759,33.97307529
8495474,2017,2017-12-08,1909,2017-11-12,1250,585,1909,7,5,4,1909,0,0,0,NA,0,SOUTH,EASTERN AV,GOTHAM ST,277,N,N,A,-,N,NA,NA,NA,NA,NA,NA,NA,NA,NA,N,4,0,1,2,A,-,09,21804,A,N,B,C,A,A,H,-,A,D,0,NA,NA,Y,NA,Y,NA,A,01,0,0,1,0,0,0,0,0,1,-,-,NA,NA,LOS ANGELES,BELL GARDENS,-118.16562489,33.96192453
8495478,2017,2017-12-08,1909,2017-11-06,0716,560,1909,1,5,4,1909,0,0,0,NA,0,SOUTH,GARFIELD AV,MULLER ST,0,NA,Y,B,-,N,NA,NA,NA,NA,NA,NA,NA,NA,NA,Y,4,0,2,2,A,-,03,22350,NA,N,C,C,A,A,H,-,A,D,0,NA,NA,NA,NA,Y,NA,A,01,0,0,2,0,0,0,0,0,0,-,-,NA,NA,LOS ANGELES,BELL GARDENS,-118.15896006,33.9577301
8495482,2017,2017-12-08,1909,2017-11-07,0917,584,1909,2,5,4,1909,0,0,0,NA,0,NORTH,LOVELAND ST,GARFIELD AV,0,NA,Y,A,-,N,NA,NA,NA,NA,NA,NA,NA,NA,NA,Y,3,0,2,2,A,-,09,21801,A,N,D,C,A,A,H,-,A,A,0,NA,NA,NA,NA,Y,NA,A,01,0,1,1,0,0,0,0,0,0,-,-,NA,NA,LOS ANGELES,BELL GARDENS,-118.14909003,33.97010007
8495500,2017,2017-12-07,1942,2017-11-09,1620,33947,0932,4,5,7,1942,0,0,0,I,0,35M48,KESTER AV,GILMORE ST,0,NA,Y,A,-,N,NA,NA,NA,NA,NA,NA,NA,NA,NA,Y,3,0,1,1,A,-,03,22350,NA,N,A,I,A,A,H,-,A,D,0,NA,NA,NA,NA,Y,NA,A,01,0,1,0,0,0,0,0,0,0,-,-,NA,NA,LOS ANGELES,LOS ANGELES,-118.45746003,34.18766004
8495504,2017,2017-12-07,1942,2017-11-13,0945,31931,1503,1,5,7,1942,0,0,0,O,0,35M39,LAUREL CANYON BL,SATICOY ST,0,NA,Y,A,-,N,NA,NA,NA,NA,NA,NA,NA,NA,NA,N,4,0,1,2,A,-,12,21453,A,N,A,C,A,A,H,-,A,A,0,NA,NA,Y,NA,Y,NA,A,08,0,0,1,0,0,0,0,0,0,-,-,NA,NA,LOS ANGELES,LOS ANGELES,-118.39651011,34.20848003
8495508,2017,2017-12-07,1942,2017-11-02,0630,41425,1063,4,5,7,1942,0,0,0,J,0,10A83,BURBANK BL,RESEDA BL,0,NA,Y,A,-,N,NA,NA,NA,NA,NA,NA,NA,NA,NA,N,4,0,1,2,A,-,08,22107,NA,N,D,C,A,A,H,-,A,A,0,NA,NA,NA,NA,Y,NA,A,01,0,0,1,0,0,0,0,0,0,-,-,NA,NA,LOS ANGELES,LOS ANGELES,-118.53600001,34.17234005
8495510,2017,2017-12-08,1969,2017-11-06,0045,10205,NA,1,5,5,1969,0,0,0,NA,0,005,GARFIELD AV,IMPERIAL HWY,50,N,N,A,-,N,NA,NA,NA,NA,NA,NA,NA,NA,NA,Y,3,0,1,1,A,-,08,22107,NA,N,E,J,A,A,H,-,C,D,0,NA,NA,NA,NA,Y,NA,A,01,0,1,0,0,0,0,0,0,0,-,-,NA,NA,LOS ANGELES,SOUTH GATE,-118.16807899,33.93003035
8495513,2017,2017-12-08,1902,2017-11-13,1257,668,35,1,5,5,1902,0,0,0,NA,0,005,LOWER AZUSA RD,QUARRY AV,340,W,N,A,-,N,NA,NA,NA,NA,NA,NA,NA,NA,NA,Y,4,0,2,2,A,-,09,21804,A,N,D,C,A,A,H,-,A,D,0,NA,NA,NA,NA,Y,NA,A,01,0,0,2,0,0,0,0,0,0,-,-,NA,NA,LOS ANGELES,ARCADIA,NA,NA
8495514,2017,2017-12-08,1969,2017-11-05,2009,10165,NA,7,5,5,1969,0,0,0,NA,0,001,BEAUDINE AV,GLENWOOD AV,4,N,N,A,-,N,NA,NA,NA,NA,NA,NA,NA,NA,NA,N,4,0,1,2,A,-,11,21954,A,F,G,B,D,A,H,-,A,D,0,Y,NA,NA,NA,Y,NA,N,60,0,0,1,0,1,0,0,0,0,-,-,NA,NA,LOS ANGELES,SOUTH GATE,-118.22757266,33.95423074
8495516,2017,2017-12-07,1942,2017-11-04,1345,42344,1798,6,5,7,1942,0,0,0,Q,0,16T28,NORDHOFF ST,ORION AV,0,NA,Y,A,-,N,NA,NA,NA,NA,NA,NA,NA,NA,NA,N,3,0,1,2,A,-,09,21802,A,F,A,C,A,A,H,-,A,D,0,NA,NA,Y,NA,Y,NA,-,99,0,1,0,0,0,0,0,0,1,-,-,NA,NA,LOS ANGELES,LOS ANGELES,-118.47195,34.23556008
8495517,2017,2018-07-09,1902,2017-11-09,1208,668,13,4,5,5,1902,0,0,0,NA,0,001,BALDWIN AV,RT 210,35,N,N,A,-,Y,LA,7,210,-,R,30.66,R,4,E,Y,4,0,1,2,A,-,03,22350,NA,N,C,C,A,A,H,-,A,A,0,NA,NA,NA,NA,Y,NA,-,NA,0,0,1,0,0,0,0,0,0,-,EF,NA,NA,LOS ANGELES,ARCADIA,-118.05312884,34.14866458
8495520,2017,2017-12-08,1942,2017-11-02,1955,40337,1523,4,5,7,1942,0,0,0,O,0,15A33,VICTORY BL,BELLAIRE AV,30,E,N,A,-,N,NA,NA,NA,NA,NA,NA,NA,NA,NA,N,4,0,2,3,A,-,03,22350,NA,N,C,C,A,A,H,-,C,A,0,NA,NA,NA,NA,Y,NA,A,01,0,0,2,0,0,0,0,0,0,-,-,NA,NA,LOS ANGELES,LOS ANGELES,-118.40933097999999,34.18686
8495612,2017,2017-12-01,1942,2017-10-29,1030,42601,1265,7,5,7,1942,0,0,0,L,0,12A57,83RD ST,HALLDALE AV,0,NA,Y,A,-,N,NA,NA,NA,NA,NA,NA,NA,NA,NA,N,3,0,1,2,A,-,09,21804,A,N,B,C,A,A,H,-,A,A,0,NA,NA,NA,NA,Y,NA,A,01,0,1,0,0,0,0,0,0,0,-,-,NA,NA,LOS ANGELES,LOS ANGELES,-118.30247004,33.96366002
8495620,2017,2017-12-01,1942,2017-10-24,1900,40383,1521,2,5,7,1942,0,0,0,O,0,9T57,VANOWEN ST,ATOLL AV,300,E,N,A,-,N,NA,NA,NA,NA,NA,NA,NA,NA,NA,Y,4,0,2,6,A,-,00,22651,B,N,B,D,A,A,H,-,C,D,0,NA,NA,NA,NA,Y,NA,A,01,0,0,2,0,0,0,0,0,0,-,-,NA,NA,LOS ANGELES,LOS ANGELES,-118.42008982,34.19394803
8495624,2017,2017-12-01,1941,2017-10-31,0739,5612,NA,2,5,7,1941,0,0,0,NA,0,NA,WARDLOW,BELLFLOWER,100,E,N,A,-,N,NA,NA,NA,NA,NA,NA,NA,NA,NA,Y,4,0,1,3,A,-,03,22350,NA,N,C,C,A,A,H,-,A,A,0,NA,NA,NA,NA,Y,NA,A,NA,0,0,1,0,0,0,0,0,0,-,-,NA,NA,LOS ANGELES,LONG BEACH,-118.12515147,33.81888
8495628,2017,2017-12-01,1942,2017-10-17,2232,39410,1527,2,5,7,1942,0,0,0,O,0,15A27,VINELAND AV,CALVERT ST,63,S,N,A,-,N,NA,NA,NA,NA,NA,NA,NA,NA,NA,Y,3,0,2,7,A,-,08,22107,NA,N,D,I,A,A,H,-,C,A,0,NA,NA,NA,NA,Y,NA,A,07,0,1,1,0,0,0,0,0,0,-,-,NA,NA,LOS ANGELES,LOS ANGELES,-118.3703,34.18106721
8495632,2017,2017-12-01,1942,2017-10-02,0640,42779,1523,1,5,7,1942,0,0,0,O,0,15A43,WHITSETT AV,SYLVAN ST,90,N,N,A,-,N,NA,NA,NA,NA,NA,NA,NA,NA,NA,N,4,0,2,2,A,-,08,22102,NA,N,B,C,A,A,H,-,A,D,0,NA,NA,NA,NA,Y,NA,A,01,0,0,2,0,0,0,0,0,0,-,-,NA,NA,LOS ANGELES,LOS ANGELES,-118.40526,34.18511685
8495640,2017,2017-12-19,1900,2017-10-26,0830,604456,1137,4,5,6,1992,0,0,0,NA,0,112A,AVENUE K,30TH ST E,0,NA,Y,A,-,N,NA,NA,NA,NA,NA,NA,NA,NA,NA,N,4,0,3,2,A,-,12,21453,A,N,D,C,A,A,H,-,A,A,0,NA,NA,NA,NA,Y,NA,A,01,0,0,3,0,0,0,0,0,0,-,-,NA,NA,LOS ANGELES,LANCASTER,-118.07694008,34.67524005
8495652,2017,2017-12-01,1965,2017-10-31,0908,3833,0B1G,2,5,5,1965,0,0,0,NA,0,B001,OLYMPIC DR,4TH ST,0,NA,Y,A,-,N,NA,NA,NA,NA,NA,NA,NA,NA,NA,Y,4,0,1,2,A,-,12,21453,A,N,D,C,A,A,H,-,A,A,0,NA,NA,NA,NA,Y,NA,A,07,0,0,1,0,0,0,0,0,0,-,-,NA,NA,LOS ANGELES,SANTA MONICA,-118.49003008,34.01205003
8495664,2017,2017-12-01,1900,2017-10-30,1900,615114,2112,1,5,5,1943,0,0,0,NA,0,212T3,STATE ST,TWEEDY BL,5,N,N,A,-,N,NA,NA,NA,NA,NA,NA,NA,NA,NA,Y,4,0,1,2,A,-,08,22107,NA,N,A,C,A,A,H,-,A,A,0,NA,NA,NA,NA,Y,NA,A,01,0,0,1,0,0,0,0,0,0,-,-,NA,NA,LOS ANGELES,LYNWOOD,-118.21361821,33.94508363
8495668,2017,2018-06-15,1942,2017-10-19,1645,41536,0503,4,5,7,1942,0,0,0,E,0,25T24,W PACIFIC COAST HWY,FIGUEROA PL,360,W,N,A,-,Y,LA,7,1,-,-,11.73,H,-,N,N,4,0,2,2,A,-,07,21658,A,N,C,C,A,A,H,-,A,D,0,NA,NA,NA,NA,Y,NA,A,01,0,0,2,0,0,0,0,0,0,-,-,NA,NA,LOS ANGELES,LOS ANGELES,-118.28419617,33.79089062
8495680,2017,2017-12-01,1900,2017-10-29,0859,528119,0533,7,5,5,1959,0,0,0,NA,0,53T1D,GARVEY AV,WALNUT GROVE AV,186,W,N,A,-,N,NA,NA,NA,NA,NA,NA,NA,NA,NA,N,4,0,1,2,A,-,08,22100,A,N,B,C,A,A,H,-,A,D,0,NA,NA,NA,NA,Y,NA,A,01,0,0,1,0,0,0,0,0,0,-,-,34.06264,-118.08249,LOS ANGELES,ROSEMEAD,-118.0825928,34.06268
8495704,2017,2017-12-13,1942,2017-11-08,1015,30734,2177,3,5,7,1942,0,0,0,NA,0,21A73,CANOGA AV,BURBANK BL,0,NA,Y,A,-,N,NA,NA,NA,NA,NA,NA,NA,NA,NA,Y,3,0,2,2,A,-,09,21801,A,N,D,C,A,A,H,-,A,A,0,NA,NA,NA,NA,Y,NA,A,01,0,2,0,0,0,0,0,0,0,-,-,NA,NA,LOS ANGELES,LOS ANGELES,-118.59746009,34.17328006
8495708,2017,2017-12-13,1951,2017-11-07,1654,748,712,2,5,3,1951,0,0,0,NA,0,002,PALOS  VERDES  DR N,VIA ALAMITA,12,W,N,A,-,N,NA,NA,NA,NA,NA,NA,NA,NA,NA,N,3,0,1,2,A,-,00,21760,NA,N,C,F,A,A,H,-,B,D,0,NA,Y,NA,NA,Y,NA,A,01,0,1,0,0,0,0,1,0,0,NO,-,NA,NA,LOS ANGELES,PALOS VERDES EST,-118.38142933,33.802248
8495712,2017,2017-12-13,1953,2017-11-04,1707,8981,PASAD,6,5,6,1953,0,0,0,NA,0,003,WASHINGTON BL,ALLEN AV,200,E,N,A,-,N,NA,NA,NA,NA,NA,NA,NA,NA,NA,Y,4,0,1,4,A,-,09,21804,NA,M,D,C,A,A,H,-,A,D,0,NA,NA,NA,NA,Y,NA,A,07,0,0,1,0,0,0,0,0,0,-,-,NA,NA,LOS ANGELES,PASADENA,-118.11236023,34.16914
8495737,2017,2018-01-10,1900,2017-10-23,1616,615114,2112,1,5,5,1943,0,0,0,NA,0,212T3,TWEEDY BL,STATE ST,0,NA,Y,A,-,N,NA,NA,NA,NA,NA,NA,NA,NA,NA,Y,4,0,1,2,A,-,09,21801,A,N,A,C,A,A,H,-,A,D,0,NA,NA,NA,NA,Y,NA,A,01,0,0,1,0,0,0,0,0,0,-,-,NA,NA,LOS ANGELES,LYNWOOD,-118.21362011,33.94507007
8495741,2017,2017-12-01,1909,2017-10-29,1739,574,1909,7,5,4,1909,0,0,0,NA,0,NORTH,FLORENCE AV,EMIL AV,275,E,N,A,-,N,NA,NA,NA,NA,NA,NA,NA,NA,NA,N,4,0,1,2,A,-,08,22107,NA,N,B,C,A,A,H,-,A,D,0,NA,NA,NA,NA,Y,Y,A,01,0,0,1,0,0,0,0,0,0,-,-,NA,NA,LOS ANGELES,BELL GARDENS,-118.14699144,33.96234424
8495745,2017,2017-12-01,1909,2017-10-23,1531,486,1909,1,5,4,1909,0,0,0,NA,0,SOUTH,EASTERN AV,PRIORY ST,83,S,N,A,-,N,NA,NA,NA,NA,NA,NA,NA,NA,NA,Y,3,0,1,3,A,-,08,22107,NA,N,C,C,A,A,H,-,A,D,0,NA,NA,NA,NA,Y,NA,A,01,0,1,0,0,0,0,0,0,0,-,-,NA,NA,LOS ANGELES,BELL GARDENS,-118.16535101,33.96400307
8495753,2017,2017-12-01,1969,2017-10-30,0523,20201,TRAFF,1,5,5,1969,0,0,0,NA,0,004,FIRESTONE BL,ATLANTIC AV,15,E,N,A,-,N,NA,NA,NA,NA,NA,NA,NA,NA,NA,N,4,0,1,2,A,-,05,21650,NA,N,D,G,A,A,H,-,C,A,0,NA,Y,NA,NA,Y,NA,L,04,0,0,1,0,0,0,1,0,0,-,-,NA,NA,LOS ANGELES,SOUTH GATE,-118.183252,33.9520104
8495757,2017,2017-12-01,1969,2017-10-10,1704,10203,PATRO,2,5,5,1969,0,0,0,NA,0,001,SANTA FE AV,FIRESTONE BL,160,N,N,A,-,N,NA,NA,NA,NA,NA,NA,NA,NA,NA,N,4,0,1,2,A,-,11,21955,NA,N,G,B,D,A,H,-,A,D,0,Y,NA,NA,NA,Y,NA,A,01,0,0,1,0,1,0,0,0,0,-,-,NA,NA,LOS ANGELES,SOUTH GATE,-118.2249031,33.95653453
8495761,2017,2018-02-02,1942,2017-10-15,1650,42989,1835,7,5,7,1942,0,0,0,R,0,18A34,CENTRAL AV,103RD PL,100,S,N,A,-,N,NA,NA,NA,NA,NA,NA,NA,NA,NA,N,3,0,1,3,A,-,03,22350,NA,N,C,D,A,A,H,-,A,A,0,NA,NA,NA,NA,Y,NA,A,07,0,1,0,0,0,0,0,0,0,-,-,NA,NA,LOS ANGELES,LOS ANGELES,-118.25414,33.94237575
8495763,2017,2017-12-07,1942,2017-10-21,1640,42734,1266,6,5,7,1942,0,0,0,L,0,18A44,BROADWAY BL,78TH ST,55,N,N,A,-,N,NA,NA,NA,NA,NA,NA,NA,NA,NA,N,3,0,2,2,A,-,04,21703,NA,N,C,C,A,A,H,-,A,D,0,NA,NA,NA,NA,Y,NA,A,01,0,1,1,0,0,0,0,0,0,-,-,NA,NA,LOS ANGELES,LOS ANGELES,-118.2783,33.96902084
8495765,2017,2017-12-05,1942,2017-10-15,1410,42783,1823,7,5,7,1942,0,0,0,R,0,18A26,SAN PEDRO,101ST ST,5,N,N,A,-,N,NA,NA,NA,NA,NA,NA,NA,NA,NA,Y,4,0,1,3,A,-,03,22350,NA,N,C,C,A,A,H,-,A,A,0,NA,NA,NA,NA,Y,NA,A,01,0,0,1,0,0,0,0,0,0,-,-,NA,NA,LOS ANGELES,LOS ANGELES,-118.26952015,33.944673710000004
8495766,2017,2018-01-03,1942,2017-10-07,2240,42589,9999,6,5,7,1942,0,0,0,NA,0,12A45,MONA BL,SANTA ANA BL,0,NA,N,A,-,N,NA,NA,NA,NA,NA,NA,NA,NA,NA,N,3,0,2,2,A,-,12,22450,A,N,D,C,A,A,H,-,C,D,0,NA,NA,NA,NA,Y,NA,-,-,0,1,1,0,0,0,0,0,0,-,-,NA,NA,LOS ANGELES,LOS ANGELES,-118.23026002,33.9339901
8495767,2017,2018-01-10,1942,2017-10-22,0920,40053,1204,7,5,7,1942,0,0,0,L,0,12A3,W VERNON AV,S BUDLONG AV,0,NA,Y,A,-,N,NA,NA,NA,NA,NA,NA,NA,NA,NA,Y,4,0,1,2,A,-,12,21453,A,N,D,C,A,A,H,-,A,A,0,NA,NA,NA,NA,Y,NA,-,-,0,0,1,0,0,0,0,0,0,-,-,NA,NA,LOS ANGELES,LOS ANGELES,-118.29591012,34.00369006
8495769,2017,2017-12-05,1942,2017-10-16,2235,38698,1836,1,5,7,1942,0,0,0,R,0,18A97,E 108TH ST,CENTRAL,1540,E,N,A,-,N,NA,NA,NA,NA,NA,NA,NA,NA,NA,N,3,0,1,2,A,-,09,21801,A,N,D,G,A,A,H,-,C,D,0,NA,Y,NA,NA,Y,NA,A,01,0,1,0,0,0,0,1,0,0,-,-,NA,NA,LOS ANGELES,LOS ANGELES,-118.25419,33.93826
8495770,2017,2018-06-15,1942,2017-10-12,1930,42580,513,4,5,7,1942,0,0,0,NA,0,5A1,PACIFIC COAST HWY,FIGUEROA PL,200,W,N,A,-,Y,LA,7,1,-,-,11.7,H,-,S,Y,3,0,3,2,A,-,09,21801,A,N,D,C,A,A,H,-,D,D,0,NA,NA,NA,NA,Y,NA,A,01,0,2,1,0,0,0,0,0,0,-,-,NA,NA,LOS ANGELES,LOS ANGELES,-118.28369859,33.79069676
8495771,2017,2017-12-07,1942,2017-10-27,0810,41923,1256,5,5,7,1942,0,0,0,L,0,25TL41,W FLORENCE AV,ESTRELLA AV,12,E,N,A,-,N,NA,NA,NA,NA,NA,NA,NA,NA,NA,Y,4,0,2,3,A,-,07,21658,A,N,B,C,A,A,H,-,A,D,0,NA,NA,NA,NA,Y,NA,A,01,0,0,2,0,0,0,0,0,0,-,-,NA,NA,LOS ANGELES,LOS ANGELES,-118.2848505,33.97466
8495773,2017,2017-12-05,1942,2017-10-16,1425,41027,1864,1,5,7,1942,0,0,0,R,0,18A1,CENTRAL AV,120TH ST E,50,S,N,A,-,N,NA,NA,NA,NA,NA,NA,NA,NA,NA,Y,4,0,1,2,A,-,09,21804,A,N,D,C,A,A,H,-,A,D,0,NA,NA,NA,NA,Y,NA,A,01,0,0,1,0,0,0,0,0,0,-,-,NA,NA,LOS ANGELES,LOS ANGELES,-118.25436,33.92359288
8495774,2017,2017-12-04,1942,2017-10-26,2056,41270,RD055,4,5,7,1942,0,0,0,NA,0,5A55,PACIFIC AV,SANTA CRUZ,5,N,N,A,-,N,NA,NA,NA,NA,NA,NA,NA,NA,NA,N,4,0,1,2,A,-,05,21650,1,N,A,G,A,A,H,-,C,A,0,NA,Y,NA,NA,Y,NA,L,04,0,0,1,0,0,0,1,0,0,-,-,NA,NA,LOS ANGELES,LOS ANGELES,-118.28788,33.74423371
8495777,2017,2017-12-05,1942,2017-10-17,0910,36828,1827,2,5,7,1942,0,0,0,R,0,18A41,103RD ST,WILMINGTON AV,9,S,N,A,-,N,NA,NA,NA,NA,NA,NA,NA,NA,NA,N,4,0,1,2,A,-,09,21453,B,N,D,G,A,A,H,-,A,A,0,NA,Y,NA,NA,Y,NA,A,07,0,0,1,0,0,0,1,0,0,-,-,NA,NA,LOS ANGELES,LOS ANGELES,-118.23909,33.94316
8495778,2017,2017-12-04,1942,2017-10-17,1725,31288,0551,2,5,7,1942,0,0,0,E,0,25T22,WESTERN,WEYMOUTH AV,27,S,N,A,-,N,NA,NA,NA,NA,NA,NA,NA,NA,NA,Y,4,0,2,2,A,-,04,21703,NA,N,C,C,A,A,H,-,B,A,0,NA,NA,NA,NA,Y,NA,A,01,0,0,2,0,0,0,0,0,0,-,-,NA,NA,LOS ANGELES,LOS ANGELES,-118.31023608,33.74199922
8495781,2017,2017-12-05,1942,2017-10-07,0620,40543,1864,6,5,7,1942,0,0,0,R,0,12A69,CENTRAL AV,120TH ST,0,NA,Y,A,-,N,NA,NA,NA,NA,NA,NA,NA,NA,NA,N,4,0,1,2,A,-,08,22107,NA,F,D,C,A,A,H,-,A,A,0,NA,NA,NA,NA,Y,NA,-,99,0,0,1,0,0,0,0,0,0,-,-,NA,NA,LOS ANGELES,LOS ANGELES,-118.2543601,33.92373
8495782,2017,2018-06-15,1942,2017-10-27,0650,42770,0528,5,5,7,1942,0,0,0,E,0,5A15,PACIFIC COAST HWY,WATSON AV,0,NA,Y,A,-,Y,LA,7,1,-,-,9.681,I,5,S,N,3,0,2,2,A,-,09,21801,A,N,A,C,A,A,H,-,A,A,0,NA,NA,NA,NA,Y,NA,A,01,0,1,1,0,0,0,0,0,0,-,-,NA,NA,LOS ANGELES,LOS ANGELES,-118.24811018,33.7908905
8495785,2017,2017-12-05,1942,2017-10-14,0243,42914,1831,6,5,7,1942,0,0,0,R,0,18A97,LACONIA BL,FIGUEROA ST,60,E,N,A,-,N,NA,NA,NA,NA,NA,NA,NA,NA,NA,Y,4,0,1,2,A,-,07,21658,A,N,A,C,A,A,H,-,C,-,0,NA,NA,NA,NA,Y,NA,A,01,0,0,1,0,0,0,0,0,0,-,-,NA,NA,LOS ANGELES,LOS ANGELES,-118.28289306,33.91951231
8495786,2017,2017-12-04,1942,2017-10-19,0750,42603,0517,4,5,7,1942,0,0,0,E,0,5A85,BROAD AV,L ST,0,NA,Y,B,-,N,NA,NA,NA,NA,NA,NA,NA,NA,NA,N,4,0,2,2,A,-,12,22450,A,N,D,C,A,A,H,-,A,A,0,NA,NA,NA,NA,Y,NA,-,-,0,0,2,0,0,0,0,0,0,-,-,NA,NA,LOS ANGELES,LOS ANGELES,-118.26135009,33.78681006