CASE_ID,ACCIDENT_YEAR,PROC_DATE,JURIS,COLLISION_DATE,COLLISION_TIME,OFFICER_ID,REPORTING_DISTRICT,DAY_OF_WEEK,CHP_SHIFT,POPULATION,CNTY_CITY_LOC,SPECIAL_COND,BEAT_TYPE,CHP_BEAT_TYPE,CITY_DIVISION_LAPD,CHP_BEAT_CLASS,BEAT_NUMBER,PRIMARY_RD,SECONDARY_RD,DISTANCE,DIRECTION,INTERSECTION,WEATHER_1,WEATHER_2,STATE_HWY_IND,CALTRANS_COUNTY,CALTRANS_DISTRICT,STATE_ROUTE,ROUTE_SUFFIX,POSTMILE_PREFIX,POSTMILE,LOCATION_TYPE,RAMP_INTERSECTION,SIDE_OF_HWY,TOW_AWAY,COLLISION_SEVERITY,NUMBER_KILLED,NUMBER_INJURED,PARTY_COUNT,PRIMARY_COLL_FACTOR,PCF_CODE_OF_VIOL,PCF_VIOL_CATEGORY,PCF_VIOLATION,PCF_VIOL_SUBSECTION,HIT_AND_RUN,TYPE_OF_COLLISION,MVIW,PED_ACTION,ROAD_SURFACE,ROAD_COND_1,ROAD_COND_2,LIGHTING,CONTROL_DEVICE,CHP_ROAD_TYPE,PEDESTRIAN_ACCIDENT,BICYCLE_ACCIDENT,MOTORCYCLE_ACCIDENT,TRUCK_ACCIDENT,NOT_PRIVATE_PROPERTY,ALCOHOL_INVOLVED,STWD_VEHTYPE_AT_FAULT,CHP_VEHTYPE_AT_FAULT,COUNT_SEVERE_INJ,COUNT_VISIBLE_INJ,COUNT_COMPLAINT_PAIN,COUNT_PED_KILLED,COUNT_PED_INJURED,COUNT_BICYCLIST_KILLED,COUNT_BICYCLIST_INJURED,COUNT_MC_KILLED,COUNT_MC_INJURED,PRIMARY_RAMP,SECONDARY_RAMP,LATITUDE,LONGITUDE,COUNTY,CITY,POINT_X,POINT_Y
8498758,2017,2017-12-08,1942,2017-11-10,1620,27595,1971,5,5,7,1942,0,0,0,NA,0,35M31,SEPULVEDA BL,NORDHOFF ST,60,N,N,A,-,N,NA,NA,NA,NA,NA,NA,NA,NA,NA,N,4,0,4,2,A,-,21,22106,NA,N,C,C,A,A,H,-,A,D,0,NA,NA,NA,NA,Y,NA,A,01,0,0,4,0,0,0,0,0,0,-,-,NA,NA,LOS ANGELES,LOS ANGELES,-118.46771,34.23569458
8498760,2017,2017-12-08,1941,2017-11-15,1503,5462,NA,3,5,7,1941,0,0,0,NA,0,NA,WARDLOW RD,BELLFLOWER,0,NA,Y,A,-,N,NA,NA,NA,NA,NA,NA,NA,NA,NA,Y,4,0,1,3,A,-,09,21801,A,N,A,C,A,A,H,-,A,A,0,NA,NA,NA,NA,Y,NA,A,NA,0,0,1,0,0,0,0,0,0,-,-,NA,NA,LOS ANGELES,LONG BEACH,-118.12548012,33.81888008
8498761,2017,2017-12-07,1942,2017-11-18,1740,42684,0938,6,5,7,1942,0,0,0,I,0,9A1,SATICOY ST,KESTER,0,NA,Y,A,-,N,NA,NA,NA,NA,NA,NA,NA,NA,NA,Y,3,0,2,3,A,-,09,21801,A,N,A,C,A,A,H,-,B,A,0,NA,NA,NA,NA,Y,NA,A,01,0,1,1,0,0,0,0,0,0,-,-,NA,NA,LOS ANGELES,LOS ANGELES,-118.45747003,34.20847004
8498762,2017,2017-12-07,1942,2017-11-11,1345,38980,1908,6,5,7,1942,0,0,0,NA,0,19TL73,HUBBARD ST,FENTON AV,125,E,N,A,-,N,NA,NA,NA,NA,NA,NA,NA,NA,NA,N,4,0,1,2,A,-,07,21658,A,N,D,C,A,-,H,-,A,D,0,NA,NA,NA,NA,Y,NA,A,01,0,0,1,0,0,0,0,0,0,-,-,NA,NA,LOS ANGELES,LOS ANGELES,-118.42408934,34.31297162
8498765,2017,2017-12-07,1942,2017-11-17,2315,41775,939,5,5,7,1942,0,0,0,NA,0,9A41,FULTON,OXNARD ST,0,NA,Y,A,-,N,NA,NA,NA,NA,NA,NA,NA,NA,NA,Y,4,0,1,3,A,-,12,21453,A,N,D,C,A,A,H,-,C,A,0,NA,NA,NA,NA,Y,Y,A,07,0,0,1,0,0,0,0,0,0,-,-,NA,NA,LOS ANGELES,LOS ANGELES,-118.42251001,34.17940005
8498766,2017,2017-12-08,1942,2017-11-06,1800,39863,1654,1,5,7,1942,0,0,0,P,0,16A37,OSBORNE ST,BRADLEY AV,200,E,N,B,-,N,NA,NA,NA,NA,NA,NA,NA,NA,NA,N,4,0,2,2,A,-,03,22350,NA,F,C,C,A,A,H,-,C,D,0,NA,NA,NA,NA,Y,NA,-,99,0,0,2,0,0,0,0,0,0,-,-,NA,NA,LOS ANGELES,LOS ANGELES,-118.40521112,34.25734952
8498769,2017,2017-12-06,1942,2017-11-19,0745,42950,0905,7,5,7,1942,0,0,0,I,0,9A5,VALERIO ST,VAN NUYS BL,25,W,N,A,-,N,NA,NA,NA,NA,NA,NA,NA,NA,NA,Y,3,0,1,1,A,-,03,22350,NA,N,A,I,A,A,H,-,A,A,0,NA,NA,NA,NA,Y,NA,A,01,0,1,0,0,0,0,0,0,0,-,-,NA,NA,LOS ANGELES,LOS ANGELES,-118.44883252,34.20482891
8498770,2017,2017-12-08,1942,2017-11-01,2335,42045,16,3,5,7,1942,0,0,0,P,0,16A35,TUJUNGA CANYON,ALTA GRACIA DR,208,S,N,A,-,N,NA,NA,NA,NA,NA,NA,NA,NA,NA,NA,4,0,1,2,A,-,05,21651,B,F,C,C,A,A,H,-,C,D,0,NA,NA,NA,NA,Y,NA,A,01,0,0,1,0,0,0,0,0,0,-,-,NA,NA,LOS ANGELES,LOS ANGELES,-118.27395289,34.24296503
8498773,2017,2017-12-06,1942,2017-11-22,0845,38980,0926,3,5,7,1942,0,0,0,I,0,9A19,HAMLIN ST,SYLMAR AV,12,E,N,A,-,N,NA,NA,NA,NA,NA,NA,NA,NA,NA,N,3,0,1,2,A,-,10,21950,A,N,G,B,B,A,H,-,A,A,0,Y,NA,NA,NA,Y,NA,A,01,0,1,0,0,1,0,0,0,0,-,-,NA,NA,LOS ANGELES,LOS ANGELES,-118.44648039,34.18868
8498774,2017,2019-01-17,1942,2017-11-25,1510,34427,1581,6,5,7,1942,0,0,0,O,0,17TL16,COLDWATER CANYON AV,WOODBRIDGE ST,189,S,N,A,-,N,NA,NA,NA,NA,NA,NA,NA,NA,NA,Y,4,0,1,2,A,-,04,21703,NA,F,C,C,A,A,H,-,A,D,0,NA,NA,NA,NA,Y,NA,A,01,0,0,1,0,0,0,0,0,0,-,-,NA,NA,LOS ANGELES,LOS ANGELES,-118.41379,34.1476916
8498777,2017,2017-12-07,1942,2017-11-23,1030,37080,0964,4,5,7,1942,0,0,0,I,0,9A63,MAGNOLIA BL,VAN NUYS BL,36,E,N,A,-,N,NA,NA,NA,NA,NA,NA,NA,NA,NA,Y,3,0,1,2,A,-,08,22102,NA,N,D,C,A,A,H,-,-,-,0,NA,NA,Y,NA,Y,NA,A,01,0,1,0,0,0,0,0,0,1,-,-,NA,NA,LOS ANGELES,LOS ANGELES,-118.44859123,34.16486805
8498778,2017,2017-12-08,1942,2017-11-04,1900,41158,1622,6,5,7,1942,0,0,0,P,0,16A11,SAN FERNANDO RD,PAXTON ST,11,S,N,A,-,N,NA,NA,NA,NA,NA,NA,NA,NA,NA,N,4,0,1,2,A,-,10,21950,A,F,G,B,B,A,H,-,C,A,0,Y,NA,NA,NA,Y,NA,-,99,0,0,1,0,1,0,0,0,0,-,-,NA,NA,LOS ANGELES,LOS ANGELES,-118.4284256,34.27200764
8498781,2017,2017-12-07,1942,2017-11-27,1805,35481,0948,1,5,7,1942,0,0,0,I,0,9A37,HATTERAS ST,WOODMAN AV,0,NA,Y,A,-,N,NA,NA,NA,NA,NA,NA,NA,NA,NA,N,4,0,1,2,A,-,10,21950,A,N,G,B,B,A,H,-,C,A,0,Y,NA,NA,NA,Y,NA,A,01,0,0,1,0,1,0,0,0,0,-,-,NA,NA,LOS ANGELES,LOS ANGELES,-118.43124002,34.17573009
8498782,2017,2017-12-08,1942,2017-11-08,0850,33700,0939,3,5,7,1942,0,0,0,I,0,35M35,COLDWATER CANYON,ERWIN ST,215,S,N,A,-,N,NA,NA,NA,NA,NA,NA,NA,NA,NA,Y,4,0,2,3,A,-,03,22350,NA,N,C,C,A,A,H,-,A,A,0,NA,NA,NA,NA,Y,NA,A,01,0,0,2,0,0,0,0,0,0,-,-,NA,NA,LOS ANGELES,LOS ANGELES,-118.41379,34.18245029
8498785,2017,2017-12-06,1942,2017-11-25,1830,41553,2169,6,5,7,1942,0,0,0,NA,0,21A29,WINNETKA AV,OXNARD ST,170,S,N,A,-,N,NA,NA,NA,NA,NA,NA,NA,NA,NA,Y,4,0,1,2,A,-,03,22350,NA,F,C,C,A,A,H,-,C,A,0,NA,NA,NA,NA,Y,NA,A,01,0,0,1,0,0,0,0,0,0,-,-,NA,NA,LOS ANGELES,LOS ANGELES,-118.57100236,34.17976404
8498786,2017,2017-12-08,1942,2017-11-10,0828,42029,0969,5,5,7,1942,0,0,0,I,0,9A37,N COLDWATER CANYON AV,CHANDLER BL,32,N,N,A,-,N,NA,NA,NA,NA,NA,NA,NA,NA,NA,Y,4,0,3,4,A,-,05,21650,NA,N,B,C,A,A,H,-,A,D,0,NA,NA,NA,NA,Y,NA,A,08,0,0,3,0,0,0,0,0,0,-,-,NA,NA,LOS ANGELES,LOS ANGELES,-118.4138,34.16875777
8498789,2017,2017-12-06,1942,2017-11-24,2250,41553,1037,5,5,7,1942,0,0,0,J,0,10A17,VANOWEN ST,WHITE OAK AV,0,NA,Y,A,-,N,NA,NA,NA,NA,NA,NA,NA,NA,NA,Y,4,0,1,2,A,-,09,21801,A,F,D,C,A,A,H,-,C,A,0,NA,NA,NA,NA,Y,NA,A,01,0,0,1,0,0,0,0,0,0,-,-,NA,NA,LOS ANGELES,LOS ANGELES,-118.51858013,34.1938701
8498790,2017,2017-12-08,1942,2017-11-17,1740,40131,NA,5,5,7,1942,0,0,0,NA,0,2149,CORBIN AV,KITTRIDGE ST,0,NA,Y,A,-,N,NA,NA,NA,NA,NA,NA,NA,NA,NA,Y,4,0,1,2,A,-,09,21802,A,F,D,C,A,A,H,-,C,D,0,NA,NA,NA,NA,Y,NA,-,99,0,0,1,0,0,0,0,0,0,-,-,NA,NA,LOS ANGELES,LOS ANGELES,-118.56222005,34.19102001
8498793,2017,2017-12-06,1942,2017-11-18,1910,38857,1685,6,5,7,1942,0,0,0,P,0,10TL35,TUJUNGA AV,STRATHERN ST,300,N,N,A,-,N,NA,NA,NA,NA,NA,NA,NA,NA,NA,N,3,0,1,2,A,-,11,21954,A,F,G,B,E,A,H,-,D,A,0,Y,NA,NA,NA,Y,Y,N,60,0,1,0,0,1,0,0,0,0,-,-,NA,NA,LOS ANGELES,LOS ANGELES,-118.37905478,34.21652281
8498794,2017,2017-12-08,1942,2017-11-23,1430,34599,1756,4,5,7,1942,0,0,0,Q,0,17A49,WHITE OAK AV,MERRIDY ST,150,N,N,A,-,N,NA,NA,NA,NA,NA,NA,NA,NA,NA,N,4,0,1,2,A,-,17,22517,NA,F,B,E,A,A,H,-,A,D,0,NA,NA,NA,NA,Y,NA,A,07,0,0,1,0,0,0,0,0,0,-,-,NA,NA,LOS ANGELES,LOS ANGELES,-118.51980149,34.25260135
8498797,2017,2017-12-06,1942,2017-11-15,0800,40165,1654,3,5,7,1942,0,0,0,P,0,9TL55,GLENOAKS BL,N BRANFORD ST,565,NA,N,A,-,N,NA,NA,NA,NA,NA,NA,NA,NA,NA,N,3,0,1,2,A,-,08,21460,5,N,G,B,E,A,H,-,A,D,0,Y,NA,NA,NA,Y,NA,-,99,0,1,0,0,1,0,0,0,0,-,-,NA,NA,LOS ANGELES,LOS ANGELES,-118.39340003,34.25538001
8498798,2017,2018-02-28,1942,2017-11-19,1500,40119,1788,7,5,7,1942,0,0,0,Q,0,15TL46,BALBOA BL,NORDHOFF ST,15,N,N,A,-,N,NA,NA,NA,NA,NA,NA,NA,NA,NA,N,4,0,2,2,A,-,04,21703,NA,F,C,C,A,A,H,-,A,A,0,NA,NA,NA,NA,Y,NA,-,99,0,0,2,0,0,0,0,0,0,-,-,NA,NA,LOS ANGELES,LOS ANGELES,-118.50250897,34.23576114
8498941,2017,2017-12-06,1900,2017-10-30,1012,236600,2318,1,5,5,1919,0,0,0,NA,0,230TD,MARQUARDT AV,ARTESIA BL,0,NA,Y,A,-,N,NA,NA,NA,NA,NA,NA,NA,NA,NA,Y,4,0,1,2,A,-,12,21453,A,N,D,C,A,A,H,-,A,A,0,NA,NA,NA,NA,Y,NA,A,01,0,0,1,0,0,0,0,0,0,-,-,NA,NA,LOS ANGELES,CERRITOS,-118.03777007,33.8733501
8498991,2017,2017-12-11,1944,2017-11-02,2231,358,M12,4,5,4,1944,0,0,0,NA,0,0M3,HIGHLAND AV,15TH ST,0,NA,Y,A,-,N,NA,NA,NA,NA,NA,NA,NA,NA,NA,Y,2,0,2,2,A,-,09,21801,A,N,A,C,A,A,H,-,C,A,0,NA,NA,Y,NA,Y,NA,A,01,1,1,0,0,0,0,0,0,2,-,-,NA,NA,LOS ANGELES,MANHATTAN BEACH,-118.41117003,33.8875401
8499019,2017,2017-12-11,1900,2017-11-07,1750,525144,2924,2,5,5,1990,0,0,0,NA,0,292T1P,DIAMOND BAR BL,KIOWA CREST DR,0,NA,Y,A,-,N,NA,NA,NA,NA,NA,NA,NA,NA,NA,Y,4,0,3,2,A,-,09,21801,A,N,A,C,A,A,H,-,A,A,0,NA,NA,NA,NA,Y,NA,A,01,0,0,3,0,0,0,0,0,0,-,-,NA,NA,LOS ANGELES,DIAMOND BAR,-117.82453013,33.98691004
8499042,2017,2017-11-22,1900,2017-10-28,1854,533363,2619,6,5,6,1950,0,0,0,NA,0,262T1,10TH ST W,TECHNOLOGY DR,0,NA,Y,A,-,N,NA,NA,NA,NA,NA,NA,NA,NA,NA,Y,2,0,2,2,A,-,12,21453,A,N,D,C,A,A,H,-,C,A,0,NA,NA,NA,NA,Y,Y,A,08,1,1,0,0,0,0,0,0,0,-,-,NA,NA,LOS ANGELES,PALMDALE,-118.14762006,34.59447011
8499046,2017,2017-11-22,1900,2017-10-30,1250,444712,2608,1,5,6,1950,0,0,0,NA,0,263T1,PALMDALE BL,20TH ST E,243,E,N,A,-,N,NA,NA,NA,NA,NA,NA,NA,NA,NA,N,4,0,1,2,A,-,03,22350,NA,N,C,C,A,A,H,-,A,A,0,NA,NA,NA,NA,Y,NA,A,01,0,0,1,0,0,0,0,0,0,-,-,NA,NA,LOS ANGELES,PALMDALE,-118.09331126,34.57990522
8499050,2017,2018-06-26,1900,2017-10-26,1602,517840,2611,4,5,6,1950,0,0,0,NA,0,263T1,AVENUE S,RT 14,0,NA,Y,A,-,Y,LA,7,14,-,R,58.398,R,4,N,Y,4,0,2,2,A,-,09,21801,A,N,D,C,A,A,H,-,A,A,0,NA,NA,NA,NA,Y,NA,A,01,0,0,2,0,0,0,0,0,0,-,NO,NA,NA,LOS ANGELES,PALMDALE,-118.13262027,34.56097328
8499070,2017,2017-11-29,1955,2017-11-03,1057,40437,90,5,5,6,1955,0,0,0,NA,0,004,MISSION BL,EASTEND AV,0,NA,Y,B,-,N,NA,NA,NA,NA,NA,NA,NA,NA,NA,Y,3,0,1,2,A,-,12,21453,A,N,D,C,A,A,H,-,A,A,0,NA,NA,NA,NA,Y,NA,A,01,0,1,0,0,0,0,0,0,0,-,-,NA,NA,LOS ANGELES,POMONA,-117.72382002,34.05576004
8499074,2017,2017-11-29,1955,2017-11-08,1501,40624,85,3,5,6,1955,0,0,0,NA,0,004,FRANKLIN AV,GAREY AV,30,W,N,A,-,N,NA,NA,NA,NA,NA,NA,NA,NA,NA,N,4,0,1,3,A,-,03,22350,NA,N,C,C,A,A,H,-,A,A,0,NA,NA,NA,NA,Y,NA,A,07,0,0,1,0,0,0,0,0,0,-,-,NA,NA,LOS ANGELES,POMONA,-117.74969872,34.04053726
8499078,2017,2017-11-29,1900,2017-11-01,0646,527069,2607,3,5,6,1950,0,0,0,NA,0,263T1,AVENUE S,65TH ST EAST,0,NA,Y,A,-,N,NA,NA,NA,NA,NA,NA,NA,NA,NA,N,4,0,1,2,A,-,05,21650,NA,N,D,G,A,A,H,-,A,A,0,NA,Y,NA,NA,Y,NA,L,04,0,0,1,0,0,0,1,0,0,-,-,NA,NA,LOS ANGELES,PALMDALE,-118.01382008,34.55779004
8499082,2017,2017-11-29,1900,2017-11-01,2341,527381,2619,3,5,6,1950,0,0,0,NA,0,262T1,10TH ST WEST,AUTO CENTER DR,0,NA,Y,A,-,N,NA,NA,NA,NA,NA,NA,NA,NA,NA,Y,4,0,3,2,A,-,09,21802,A,N,D,C,A,A,H,-,C,A,0,NA,NA,NA,NA,Y,NA,A,01,0,0,3,0,0,0,0,0,0,-,-,NA,NA,LOS ANGELES,PALMDALE,-118.14753005,34.59143002
8499086,2017,2017-11-29,1900,2017-11-03,0750,546525,2608,5,5,6,1950,0,0,0,NA,0,262T1,AVENUE S,25TH ST EAST,493,E,N,A,-,N,NA,NA,NA,NA,NA,NA,NA,NA,NA,Y,3,0,2,2,A,-,09,21801,A,N,D,C,A,A,H,-,A,A,0,NA,NA,NA,NA,Y,NA,A,01,0,1,1,0,0,0,0,0,0,-,-,NA,NA,LOS ANGELES,PALMDALE,-118.08325626,34.55809
8499090,2017,2017-11-29,1900,2017-11-02,1930,533363,2610,4,5,6,1950,0,0,0,NA,0,262T1,10TH ST EAST,AVENUE Q-3,0,NA,Y,A,-,N,NA,NA,NA,NA,NA,NA,NA,NA,NA,N,4,0,1,2,A,-,11,21954,A,N,G,B,D,A,H,-,C,D,0,Y,NA,NA,NA,Y,NA,N,60,0,0,1,0,1,0,0,0,0,-,-,NA,NA,LOS ANGELES,PALMDALE,-118.11197004,34.58437006
8499094,2017,2017-11-29,1900,2017-11-03,1515,533363,2611,5,5,6,1950,0,0,0,NA,0,262T1,AVENUE R,6TH ST EAST,0,NA,Y,A,-,N,NA,NA,NA,NA,NA,NA,NA,NA,NA,N,4,0,1,2,A,-,12,22450,A,M,D,C,A,A,H,-,A,A,0,NA,NA,NA,NA,Y,NA,A,01,0,0,1,0,0,0,0,0,0,-,-,NA,NA,LOS ANGELES,PALMDALE,-118.11814008,34.57257002
8499098,2017,2017-11-29,1900,2017-11-04,1535,618391,2612,6,5,6,1950,0,0,0,NA,0,263T1,PAXTON AV,VICKER CT,10,E,N,A,-,N,NA,NA,NA,NA,NA,NA,NA,NA,NA,N,2,0,2,1,A,-,03,22350,NA,N,E,I,A,A,H,-,A,D,0,NA,NA,Y,NA,Y,NA,C,06,1,1,0,0,0,0,0,0,2,-,-,NA,NA,LOS ANGELES,PALMDALE,-118.18663684,34.59842
8499102,2017,2017-11-29,1900,2017-11-07,0909,517840,2603,2,5,6,1950,0,0,0,NA,0,264T1,PEARBLOSSOM HWY,25TH ST EAST,0,NA,Y,A,-,N,NA,NA,NA,NA,NA,NA,NA,NA,NA,Y,4,0,2,2,A,-,03,22350,NA,M,C,C,A,A,H,-,A,A,0,NA,NA,NA,NA,Y,NA,A,01,0,0,2,0,0,0,0,0,0,-,-,NA,NA,LOS ANGELES,PALMDALE,-118.08254007,34.53795006
8499111,2017,2017-11-22,1900,2017-10-16,0745,517840,2603,1,5,6,1950,0,0,0,NA,0,264T1,AVENUE S,25TH ST EAST,0,NA,Y,A,-,N,NA,NA,NA,NA,NA,NA,NA,NA,NA,N,3,0,1,2,A,-,10,21950,A,N,G,B,B,A,H,-,A,A,0,Y,NA,NA,NA,Y,NA,A,01,0,1,0,0,1,0,0,0,0,-,-,NA,NA,LOS ANGELES,PALMDALE,-118.08489006,34.55808011
8499115,2017,2017-11-22,1900,2017-10-15,2223,552336,2619,7,5,6,1950,0,0,0,NA,0,262T1,3RD ST EAST,RANCHO VISTA BL,0,NA,Y,A,-,N,NA,NA,NA,NA,NA,NA,NA,NA,NA,N,4,0,1,2,A,-,03,22350,NA,M,C,C,A,A,H,-,C,A,0,NA,NA,NA,NA,Y,NA,A,07,0,0,1,0,0,0,0,0,0,-,-,NA,NA,LOS ANGELES,PALMDALE,-118.12551,34.60176
8499119,2017,2017-11-22,1900,2017-10-28,1240,601485,2612,6,5,6,1950,0,0,0,NA,0,264T1,10TH ST WEST,MARKETPLACE DR,0,NA,Y,A,-,N,NA,NA,NA,NA,NA,NA,NA,NA,NA,N,4,0,2,2,A,-,03,22350,NA,N,C,C,A,A,H,-,A,A,0,NA,NA,NA,NA,Y,NA,A,07,0,0,2,0,0,0,0,0,0,-,-,NA,NA,LOS ANGELES,PALMDALE,-118.14764004,34.59803001
8499165,2017,2017-12-01,1900,2017-10-16,1048,546182,1137,1,5,6,1992,0,0,0,NA,0,112T2,20TH ST EAST,AVENUE L,0,NA,Y,A,-,N,NA,NA,NA,NA,NA,NA,NA,NA,NA,Y,4,0,1,2,D,-,00,NA,NA,N,D,C,A,A,H,-,A,A,0,NA,NA,NA,Y,Y,NA,-,-,0,0,1,0,0,0,0,0,0,-,-,NA,NA,LOS ANGELES,LANCASTER,-118.09453013,34.66051007
8499178,2017,2017-12-11,1900,2017-10-31,1654,462487,2608,2,5,6,1950,0,0,0,NA,0,263T1,AVENUE Q,20TH ST E,385,E,N,A,-,N,NA,NA,NA,NA,NA,NA,NA,NA,NA,N,4,0,1,3,A,-,04,21703,NA,N,C,C,A,A,H,-,A,D,0,NA,NA,NA,NA,Y,NA,A,07,0,0,1,0,0,0,0,0,0,-,-,NA,NA,LOS ANGELES,PALMDALE,-118.09300362,34.58742444
8499181,2017,2018-07-09,1900,2017-11-14,1640,527381,2607,2,5,6,1950,0,0,0,NA,0,264T1,RT 138,MINSTREL DR,14,S,N,A,-,Y,LA,7,138,-,-,49.81,H,-,W,Y,4,0,1,2,A,-,09,21801,A,N,B,C,A,A,H,-,A,D,0,NA,NA,NA,NA,Y,NA,A,08,0,0,1,0,0,0,0,0,0,-,-,NA,NA,LOS ANGELES,PALMDALE,-118.04516481,34.56068875
8499185,2017,2017-11-29,1900,2017-10-29,1930,444712,2607,7,5,6,1950,0,0,0,NA,0,264T1,PEARBLOSSOM HWY,AVENUE T,591,S,N,A,-,N,NA,NA,NA,NA,NA,NA,NA,NA,NA,N,4,0,1,2,A,-,08,22107,NA,N,C,C,A,A,H,-,D,D,0,NA,NA,NA,NA,Y,NA,D,22,0,0,1,0,0,0,0,0,0,-,-,NA,NA,LOS ANGELES,PALMDALE,-118.0288888,34.54166078
8499186,2017,2017-12-11,1900,2017-10-26,1345,279901,2924,4,5,5,1990,0,0,0,NA,0,29214,GOLDEN SPRINGS DR,GATEWAY CENTER DR,10,N,N,A,-,N,NA,NA,NA,NA,NA,NA,NA,NA,NA,Y,4,0,1,2,A,-,09,21801,A,N,A,C,A,A,H,-,A,A,0,NA,NA,NA,NA,Y,NA,A,01,0,0,1,0,0,0,0,0,0,-,-,NA,NA,LOS ANGELES,DIAMOND BAR,-117.83249033,34.00193187
8499193,2017,2017-12-07,1900,2017-11-06,1750,513111,2610,1,5,6,1950,0,0,0,NA,0,262T1,SIERRA HWY,AVENUE N,2206,NA,N,A,-,N,NA,NA,NA,NA,NA,NA,NA,NA,NA,Y,4,0,2,2,A,-,02,22400,A,N,C,C,A,A,H,-,D,D,0,NA,NA,NA,NA,Y,NA,A,01,0,0,2,0,0,0,0,0,0,-,-,NA,NA,LOS ANGELES,PALMDALE,-118.12594001,34.63112008
8499230,2017,2018-06-13,1965,2017-11-16,1330,3028,NA,4,5,5,1965,0,0,0,NA,0,NA,LINCOLN BL,OCEAN PARK BL,250,S,N,A,-,N,NA,NA,NA,NA,NA,NA,NA,NA,NA,N,4,0,1,2,A,-,09,21801,A,N,D,C,A,A,H,-,A,D,0,NA,NA,NA,NA,Y,NA,A,01,0,0,1,0,0,0,0,0,0,-,-,36.99814,-120.99926,LOS ANGELES,SANTA MONICA,-118.47570274,34.00649619
8499236,2017,2017-11-29,1942,2017-10-13,1135,41439,0504,5,5,7,1942,0,0,0,E,0,5A1,190TH ST,NORMANDIE AV,316,W,N,A,-,N,NA,NA,NA,NA,NA,NA,NA,NA,NA,N,4,0,1,2,A,-,03,22350,NA,F,B,E,A,A,H,-,A,D,0,NA,NA,NA,NA,Y,NA,-,99,0,0,1,0,0,0,0,0,0,-,-,NA,NA,LOS ANGELES,LOS ANGELES,-118.30028872,33.85834857
8499237,2017,2017-12-05,1900,2017-10-16,1930,532436,2843,1,5,5,1915,0,0,0,NA,0,283T1,ALAMEDA ST W,INDIGO ST,56,N,N,A,-,N,NA,NA,NA,NA,NA,NA,NA,NA,NA,Y,4,0,1,3,A,-,08,22107,NA,N,B,D,A,A,H,-,C,D,0,NA,NA,NA,NA,Y,NA,A,01,0,0,1,0,0,0,0,0,0,-,-,NA,NA,LOS ANGELES,COMPTON,-118.21987041,33.89158263
8499240,2017,2017-12-04,1942,2017-10-19,1456,41536,0519,4,5,7,1942,0,0,0,E,0,25T24,ALAMEDA ST,COLON ST,0,NA,Y,A,-,N,NA,NA,NA,NA,NA,NA,NA,NA,NA,N,3,0,2,2,A,-,09,21801,A,N,D,C,A,A,H,-,A,D,0,NA,NA,NA,Y,Y,NA,F,21,0,1,1,0,0,0,0,0,0,-,-,NA,NA,LOS ANGELES,LOS ANGELES,-118.24105005,33.79216006
8499244,2017,2018-06-15,1942,2017-10-30,1050,42770,0519,1,5,7,1942,0,0,0,E,0,5A15,PACIFIC COAST HWY,COIL AV,0,NA,Y,A,-,Y,LA,7,1,-,-,9.451,I,5,S,Y,3,0,1,2,A,-,09,21802,A,N,D,C,A,A,H,-,A,A,0,NA,NA,NA,Y,Y,NA,F,27,0,1,0,0,0,0,0,0,0,-,-,NA,NA,LOS ANGELES,LOS ANGELES,-118.24419544,33.79105112
8499248,2017,2017-11-29,1942,2017-10-30,1313,4299,HARBO,1,5,7,1942,0,0,0,NA,0,5A59,W MIRAFLORES AV,GAFFEY ST,3,E,N,B,-,N,NA,NA,NA,NA,NA,NA,NA,NA,NA,NA,3,0,1,2,A,-,05,21650,1,N,D,G,A,A,H,-,A,A,0,NA,Y,NA,NA,Y,NA,L,04,0,1,0,0,0,0,1,0,0,-,-,NA,NA,LOS ANGELES,LOS ANGELES,-118.29308056,33.75282764
8499254,2017,2017-12-05,1965,2017-11-14,0840,3693,0B2B,2,5,5,1965,0,0,0,NA,0,B002,OCEAN PARK BL,16TH ST,0,NA,Y,A,-,N,NA,NA,NA,NA,NA,NA,NA,NA,NA,Y,4,0,2,2,A,-,09,21802,A,N,D,C,A,A,H,-,A,A,0,NA,NA,NA,NA,Y,NA,D,22,0,0,2,0,0,0,0,0,0,-,-,NA,NA,LOS ANGELES,SANTA MONICA,-118.46862,34.01144005
8499291,2017,2017-12-04,1969,2017-10-10,0456,10219,PATRO,2,5,5,1969,0,0,0,NA,0,004,WRIGHT RD,ABBOTT RD,17,N,N,A,-,N,NA,NA,NA,NA,NA,NA,NA,NA,NA,N,4,0,1,2,D,-,00,NA,NA,N,B,C,A,A,H,-,C,A,0,NA,NA,Y,NA,Y,NA,-,-,0,0,1,0,0,0,0,0,1,-,-,NA,NA,LOS ANGELES,SOUTH GATE,-118.18052807,33.93385613
8499295,2017,2017-12-04,1969,2017-10-04,1755,20226,TRAFF,3,5,5,1969,0,0,0,NA,0,005,IMPERIAL HWY,MADGE AV,3,E,N,A,-,N,NA,NA,NA,NA,NA,NA,NA,NA,NA,Y,4,0,2,2,A,-,00,21640,C,N,D,C,A,A,H,-,A,A,0,NA,NA,NA,NA,Y,NA,A,01,0,0,2,0,0,0,0,0,0,-,-,NA,NA,LOS ANGELES,SOUTH GATE,-118.16643021,33.92974897
8499308,2017,2017-12-06,1942,2017-10-12,1358,42889,0587,4,5,7,1942,0,0,0,E,0,5A59,27TH ST,GAFFEY ST,210,E,N,A,-,N,NA,NA,NA,NA,NA,NA,NA,NA,NA,N,4,0,1,2,A,-,04,21703,NA,N,C,C,A,A,H,-,A,A,0,NA,NA,NA,NA,Y,NA,-,-,0,0,1,0,0,0,0,0,0,-,-,NA,NA,LOS ANGELES,LOS ANGELES,-118.2921809,33.71970861