CASE_ID,ACCIDENT_YEAR,PROC_DATE,JURIS,COLLISION_DATE,COLLISION_TIME,OFFICER_ID,REPORTING_DISTRICT,DAY_OF_WEEK,CHP_SHIFT,POPULATION,CNTY_CITY_LOC,SPECIAL_COND,BEAT_TYPE,CHP_BEAT_TYPE,CITY_DIVISION_LAPD,CHP_BEAT_CLASS,BEAT_NUMBER,PRIMARY_RD,SECONDARY_RD,DISTANCE,DIRECTION,INTERSECTION,WEATHER_1,WEATHER_2,STATE_HWY_IND,CALTRANS_COUNTY,CALTRANS_DISTRICT,STATE_ROUTE,ROUTE_SUFFIX,POSTMILE_PREFIX,POSTMILE,LOCATION_TYPE,RAMP_INTERSECTION,SIDE_OF_HWY,TOW_AWAY,COLLISION_SEVERITY,NUMBER_KILLED,NUMBER_INJURED,PARTY_COUNT,PRIMARY_COLL_FACTOR,PCF_CODE_OF_VIOL,PCF_VIOL_CATEGORY,PCF_VIOLATION,PCF_VIOL_SUBSECTION,HIT_AND_RUN,TYPE_OF_COLLISION,MVIW,PED_ACTION,ROAD_SURFACE,ROAD_COND_1,ROAD_COND_2,LIGHTING,CONTROL_DEVICE,CHP_ROAD_TYPE,PEDESTRIAN_ACCIDENT,BICYCLE_ACCIDENT,MOTORCYCLE_ACCIDENT,TRUCK_ACCIDENT,NOT_PRIVATE_PROPERTY,ALCOHOL_INVOLVED,STWD_VEHTYPE_AT_FAULT,CHP_VEHTYPE_AT_FAULT,COUNT_SEVERE_INJ,COUNT_VISIBLE_INJ,COUNT_COMPLAINT_PAIN,COUNT_PED_KILLED,COUNT_PED_INJURED,COUNT_BICYCLIST_KILLED,COUNT_BICYCLIST_INJURED,COUNT_MC_KILLED,COUNT_MC_INJURED,PRIMARY_RAMP,SECONDARY_RAMP,LATITUDE,LONGITUDE,COUNTY,CITY,POINT_X,POINT_Y
8500907,2017,2018-01-16,1926,2017-11-16,1741,0031,2,4,5,5,1926,0,0,0,NA,0,002,BASELINE RD,BARRANCA AV,0,NA,Y,A,-,N,NA,NA,NA,NA,NA,NA,NA,NA,NA,Y,3,0,2,2,A,-,09,21801,A,N,A,C,A,A,H,-,C,A,0,NA,NA,NA,NA,Y,NA,A,01,0,1,1,0,0,0,0,0,0,-,-,NA,NA,LOS ANGELES,GLENDORA,-117.88138006,34.12142003
8500911,2017,2018-01-16,1926,2017-11-21,0853,0022,1,2,5,5,1926,0,0,0,NA,0,NA,FOOTHILL BL,VERMONT AV,0,NA,Y,A,-,N,NA,NA,NA,NA,NA,NA,NA,NA,NA,Y,4,0,1,2,A,-,12,21453,A,N,D,C,A,A,H,-,A,A,0,NA,NA,NA,NA,Y,NA,A,01,0,0,1,0,0,0,0,0,0,-,-,NA,NA,LOS ANGELES,GLENDORA,-117.86681011,34.1360101
8500915,2017,2018-01-16,1926,2017-11-18,1327,0097,4,6,5,5,1926,0,0,0,NA,0,004,S SUNFLOWER AV,JUANITA AV,0,NA,Y,A,-,N,NA,NA,NA,NA,NA,NA,NA,NA,NA,Y,2,0,1,2,A,-,12,21453,A,N,D,C,A,A,H,-,A,A,0,NA,NA,NA,NA,Y,Y,A,01,1,0,0,0,0,0,0,0,0,-,-,34.11031,-117.84635,LOS ANGELES,GLENDORA,-117.84638002,34.11029001
8500933,2017,2018-01-25,1942,2017-11-13,1520,40690,2056,1,5,7,1942,0,0,0,NA,0,8TL35,W PICO BL,BERENDO ST,60,W,N,A,-,N,NA,NA,NA,NA,NA,NA,NA,NA,NA,N,3,0,1,2,C,-,18,NA,NA,N,H,G,A,A,H,-,A,D,0,NA,Y,NA,NA,Y,NA,-,-,0,1,0,0,0,0,1,0,0,-,-,NA,NA,LOS ANGELES,LOS ANGELES,-118.29388767,34.04727905
8500937,2017,2018-01-25,1942,2017-11-14,1200,41858,2021,2,5,7,1942,0,0,0,NA,0,8TL26,W 6TH ST,S GRAMERCY PL,0,NA,Y,A,-,N,NA,NA,NA,NA,NA,NA,NA,NA,NA,Y,3,0,2,2,A,-,09,21802,A,N,D,C,A,A,H,-,A,-,0,NA,NA,NA,NA,Y,NA,A,01,0,1,1,0,0,0,0,0,0,-,-,NA,NA,LOS ANGELES,LOS ANGELES,-118.31284012,34.0635201
8500941,2017,2018-01-25,1942,2017-11-08,1905,33757,2088,3,5,7,1942,0,0,0,NA,0,6TL7,VENICE BL,WESTMORELAND AV,100,E,N,A,-,N,NA,NA,NA,NA,NA,NA,NA,NA,NA,Y,4,0,2,2,A,-,09,21804,A,N,D,C,A,A,H,-,C,D,0,NA,NA,NA,NA,Y,NA,A,01,0,0,2,0,0,0,0,0,0,-,-,NA,NA,LOS ANGELES,LOS ANGELES,-118.28891086,34.0442682
8500945,2017,2018-01-25,1942,2017-11-17,1150,40315,2079,5,5,7,1942,0,0,0,NA,0,20T56,W VENICE BL,ARAPAHOE ST,106,E,N,A,-,N,NA,NA,NA,NA,NA,NA,NA,NA,NA,Y,4,0,3,2,A,-,07,21658,A,N,B,C,A,A,H,-,A,A,0,NA,NA,NA,NA,Y,NA,A,01,0,0,3,0,0,0,0,0,0,-,-,NA,NA,LOS ANGELES,LOS ANGELES,-118.28501259,34.04399502
8500949,2017,2018-01-25,1942,2017-11-21,1950,41089,2027,2,5,7,1942,0,0,0,NA,0,7T23,CATALINA ST,6TH ST,40,N,N,A,-,N,NA,NA,NA,NA,NA,NA,NA,NA,NA,N,4,0,1,2,A,-,08,22107,NA,N,B,C,A,A,H,-,C,D,0,NA,NA,NA,NA,Y,NA,A,07,0,0,1,0,0,0,0,0,0,-,-,NA,NA,LOS ANGELES,LOS ANGELES,-118.29537244,34.06371968
8500953,2017,2018-01-25,1942,2017-11-01,0855,40157,2025,3,5,7,1942,0,0,0,NA,0,6TL7,MARIPOSA AV,3RD ST,0,NA,Y,A,-,N,NA,NA,NA,NA,NA,NA,NA,NA,NA,N,4,0,1,2,A,-,09,21802,A,N,D,C,A,A,H,-,A,A,0,NA,NA,NA,NA,Y,NA,A,01,0,0,1,0,0,0,0,0,0,-,-,NA,NA,LOS ANGELES,LOS ANGELES,-118.29915014,34.06902005
8500957,2017,2018-01-25,1942,2017-11-04,2350,38090,2079,6,5,7,1942,0,0,0,NA,0,20T59,VERMONT AV,PICO BL,10,N,N,A,-,N,NA,NA,NA,NA,NA,NA,NA,NA,NA,N,4,0,1,2,A,-,10,21950,A,N,G,B,B,A,H,-,C,A,0,Y,NA,NA,NA,Y,NA,A,01,0,0,1,0,1,0,0,0,0,-,-,NA,NA,LOS ANGELES,LOS ANGELES,-118.2916,34.04728743
8501140,2017,2018-01-19,1941,2017-11-20,1722,10953,NA,1,5,7,1941,0,0,0,NA,0,NA,BAY SHORE AV,2ND ST,6,S,N,A,-,N,NA,NA,NA,NA,NA,NA,NA,NA,NA,Y,2,0,1,2,A,-,00,29150,A,N,G,B,B,A,H,-,B,A,0,Y,NA,NA,NA,Y,Y,A,NA,1,0,0,0,1,0,0,0,0,-,-,NA,NA,LOS ANGELES,LONG BEACH,-118.13019912,33.75826542
8501169,2017,2017-12-08,1942,2017-11-13,0745,41704,0376,1,5,7,1942,0,0,0,C,0,3A99,W MARTIN LUTHER KING BL,S NORMANDIE AV,0,NA,Y,A,-,N,NA,NA,NA,NA,NA,NA,NA,NA,NA,Y,4,0,2,2,A,-,12,21453,A,N,D,C,A,A,H,-,A,A,0,NA,NA,NA,NA,Y,NA,A,01,0,0,2,0,0,0,0,0,0,-,-,NA,NA,LOS ANGELES,LOS ANGELES,-118.30018003,34.01087009
8501173,2017,2017-12-08,1942,2017-11-05,1110,41747,0313,7,5,7,1942,0,0,0,C,0,3TL5,ADAMS BL,MONTCLAIR ST,0,NA,Y,A,-,N,NA,NA,NA,NA,NA,NA,NA,NA,NA,N,4,0,1,1,A,-,03,22350,NA,N,E,I,A,A,H,-,A,D,0,NA,NA,Y,NA,Y,NA,C,02,0,0,1,0,0,0,0,0,1,-,-,NA,NA,LOS ANGELES,LOS ANGELES,-118.33273013,34.03258005
8501177,2017,2017-12-08,1942,2017-11-13,1740,38503,0328,1,5,7,1942,0,0,0,C,0,25TL22,FIGUEROA ST,28TH ST,8,N,N,A,-,N,NA,NA,NA,NA,NA,NA,NA,NA,NA,N,3,0,1,2,A,-,05,21650,1,N,D,G,A,A,H,-,C,D,0,NA,Y,NA,NA,Y,NA,L,04,0,1,0,0,0,0,1,0,0,-,-,NA,NA,LOS ANGELES,LOS ANGELES,-118.27734732,34.02610923
8501181,2017,2017-12-08,1942,2017-11-20,0650,41747,0392,1,5,7,1942,0,0,0,C,0,25T43,48TH ST,ARLINGTON AV,0,NA,Y,A,-,N,NA,NA,NA,NA,NA,NA,NA,NA,NA,N,4,0,2,2,A,-,09,21801,A,N,D,C,A,A,H,-,A,D,0,NA,NA,NA,NA,Y,NA,A,01,0,0,2,0,0,0,0,0,0,-,-,NA,NA,LOS ANGELES,LOS ANGELES,-118.31816003,34.00003007
8501185,2017,2017-12-08,1942,2017-11-16,1630,40059,0355,4,5,7,1942,0,0,0,C,0,3A55,WESTERN AV,EXPOSITION BL,145,S,N,A,-,N,NA,NA,NA,NA,NA,NA,NA,NA,NA,N,4,0,1,2,A,-,05,21650,1,N,D,G,A,A,H,-,B,D,0,NA,Y,NA,NA,Y,NA,L,04,0,0,1,0,0,0,1,0,0,-,-,NA,NA,LOS ANGELES,LOS ANGELES,-118.30892,34.01806232
8501189,2017,2017-12-08,1942,2017-11-13,1650,39745,0396,1,5,7,1942,0,0,0,C,0,25MQ61,VERMONT AV,43RD ST,30,N,N,A,-,N,NA,NA,NA,NA,NA,NA,NA,NA,NA,N,3,0,1,2,A,-,03,22350,NA,N,C,C,A,A,H,-,C,D,0,NA,NA,NA,NA,Y,NA,A,01,0,1,0,0,0,0,0,0,0,-,-,NA,NA,LOS ANGELES,LOS ANGELES,-118.291554,34.005565
8501193,2017,2017-12-08,1942,2017-11-12,0936,31288,0335,7,5,7,1942,0,0,0,C,0,3A55,W JEFFERSON BL,2ND AV,55,W,N,B,-,N,NA,NA,NA,NA,NA,NA,NA,NA,NA,Y,4,0,1,2,A,-,08,22102,NA,N,B,C,A,A,H,-,A,D,0,NA,NA,NA,NA,Y,NA,A,01,0,0,1,0,0,0,0,0,0,-,-,NA,NA,LOS ANGELES,LOS ANGELES,-118.31905117,34.02554
8501214,2017,2017-12-08,1942,2017-09-26,1730,41536,0341,2,5,7,1942,0,0,0,C,0,3A41,RODEO RD,LA CIENEGA BL,230,E,N,A,-,N,NA,NA,NA,NA,NA,NA,NA,NA,NA,N,3,0,3,2,A,-,09,21801,A,N,D,C,A,A,H,-,A,D,0,NA,NA,NA,NA,Y,NA,A,01,0,1,2,0,0,0,0,0,0,-,-,NA,NA,LOS ANGELES,LOS ANGELES,-118.37160292,34.0216777
8501218,2017,2017-12-08,1942,2017-09-20,1655,38086,0333,3,5,7,1942,0,0,0,C,0,3SL73,CRENSHAW BL,29TH ST,350,S,N,A,-,N,NA,NA,NA,NA,NA,NA,NA,NA,NA,Y,4,0,1,2,A,-,09,21801,A,N,D,C,A,A,H,-,A,A,0,NA,NA,NA,NA,Y,NA,A,01,0,0,1,0,0,0,0,0,0,-,-,NA,NA,LOS ANGELES,LOS ANGELES,-118.335103,34.028487
8501222,2017,2017-12-08,1942,2017-09-28,1624,37961,0343,4,5,7,1942,0,0,0,C,0,12A31,RODEO RD,LA BREA AV,100,E,N,A,-,N,NA,NA,NA,NA,NA,NA,NA,NA,NA,N,4,0,1,2,A,-,11,21955,NA,N,D,B,D,A,H,-,A,D,0,Y,NA,NA,NA,Y,NA,N,60,0,0,1,0,1,0,0,0,0,-,-,NA,NA,LOS ANGELES,LOS ANGELES,-118.35528062,34.02152737
8501223,2017,2017-12-12,1942,2017-11-22,1820,40953,2062,3,5,7,1942,0,0,0,NA,0,6A36,PICO BL,MANHATTAN PL,0,NA,Y,A,-,N,NA,NA,NA,NA,NA,NA,NA,NA,NA,N,4,0,3,2,A,-,09,21802,A,N,D,C,A,A,H,-,C,D,0,NA,NA,NA,NA,Y,NA,A,01,0,0,3,0,0,0,0,0,0,-,-,NA,NA,LOS ANGELES,LOS ANGELES,-118.31016004,34.04720002
8501230,2017,2017-12-08,1900,2017-09-28,1100,540340,0332,4,5,4,1939,0,0,0,NA,0,35T1,145TH ST,HAWTHORNE BL,0,NA,Y,A,-,N,NA,NA,NA,NA,NA,NA,NA,NA,NA,N,4,0,1,2,A,-,09,21802,A,N,D,C,A,A,H,-,A,A,0,NA,NA,NA,NA,Y,NA,A,01,0,0,1,0,0,0,0,0,0,-,-,NA,NA,LOS ANGELES,LAWNDALE,-118.35275008,33.90011001
8501231,2017,2017-12-08,1975,2017-11-08,0749,427,NA,3,5,6,1975,0,0,0,NA,0,002,ROWLAND AV,PHILLIPS AV,0,NA,Y,A,-,N,NA,NA,NA,NA,NA,NA,NA,NA,NA,Y,3,0,1,2,A,-,03,22350,NA,N,D,C,A,A,H,-,A,D,0,NA,NA,NA,NA,Y,NA,-,NA,0,1,0,0,0,0,0,0,0,-,-,NA,NA,LOS ANGELES,WEST COVINA,-117.90556007,34.07903003
8501247,2017,2017-12-12,1942,2017-11-11,1545,40053,0391,6,5,7,1942,0,0,0,C,0,12TL43,STOCKER ST,DON LORENZO DR,11,W,N,A,-,N,NA,NA,NA,NA,NA,NA,NA,NA,NA,Y,2,0,2,1,A,-,01,23152,A,N,E,I,A,A,H,-,A,A,0,NA,NA,NA,NA,Y,Y,A,01,1,0,1,0,0,0,0,0,0,-,-,NA,NA,LOS ANGELES,LOS ANGELES,-118.35534756,34.00123042
8501251,2017,2017-12-12,1942,2017-11-09,0700,26608,0363,4,5,7,1942,0,0,0,C,0,25MQ11,DEGNAN BL,COLISEUM ST,8,N,N,B,-,N,NA,NA,NA,NA,NA,NA,NA,NA,NA,N,3,0,1,2,A,-,17,21451,A,F,G,B,B,A,H,-,A,A,0,Y,NA,NA,NA,Y,NA,-,-,0,1,0,0,1,0,0,0,0,-,-,NA,NA,LOS ANGELES,LOS ANGELES,-118.33004,34.01825194
8501255,2017,2017-12-12,1942,2017-11-04,0650,42788,0357,6,5,7,1942,0,0,0,C,0,3A18,NORMANDIE AV,35TH ST,127,S,N,A,-,N,NA,NA,NA,NA,NA,NA,NA,NA,NA,N,2,0,1,2,A,-,11,21955,NA,N,G,B,D,A,H,-,C,D,0,Y,NA,NA,NA,Y,NA,A,01,1,0,0,0,1,0,0,0,0,-,-,NA,NA,LOS ANGELES,LOS ANGELES,-118.30024,34.02428169
8501259,2017,2017-12-12,1942,2017-11-04,0630,39065,0334,6,5,7,1942,0,0,0,C,0,3A55,JEFFERSON BL,CRENSHAW BL,5,E,N,A,-,N,NA,NA,NA,NA,NA,NA,NA,NA,NA,N,4,0,1,2,A,-,12,21453,A,F,G,B,B,A,H,-,A,A,0,Y,NA,NA,NA,Y,NA,-,99,0,0,1,0,1,0,0,0,0,-,-,NA,NA,LOS ANGELES,LOS ANGELES,-118.33509354,34.02558034
8501263,2017,2017-12-12,1942,2017-11-08,2235,42708,0376,3,5,7,1942,0,0,0,C,0,3A18,WESTERN AV,39TH ST,91,N,N,A,-,N,NA,NA,NA,NA,NA,NA,NA,NA,NA,N,4,0,1,2,A,-,11,21955,NA,N,G,B,D,A,H,-,C,D,0,Y,NA,NA,NA,Y,NA,A,07,0,0,1,0,1,0,0,0,0,-,-,NA,NA,LOS ANGELES,LOS ANGELES,-118.308906,34.014839
8501267,2017,2017-12-12,1942,2017-11-08,1825,36615,0363,3,5,7,1942,0,0,0,C,0,3X94,W MARTIN LUTHER KING JR BL,BUCKINGHAM RD,30,W,N,A,-,N,NA,NA,NA,NA,NA,NA,NA,NA,NA,N,4,0,1,2,A,-,03,22350,NA,N,B,C,A,A,H,-,C,A,0,NA,NA,NA,NA,Y,NA,A,01,0,0,1,0,0,0,0,0,0,-,-,NA,NA,LOS ANGELES,LOS ANGELES,-118.34180797,34.01486054
8501271,2017,2017-12-12,1942,2017-11-03,1945,41746,NA,5,5,7,1942,0,0,0,NA,0,3A31,CRENSHAW,JEFFERSON,0,NA,Y,B,-,N,NA,NA,NA,NA,NA,NA,NA,NA,NA,N,4,0,1,2,A,-,12,21453,A,N,B,C,A,A,H,-,B,D,0,NA,Y,NA,NA,Y,NA,A,01,0,0,1,0,0,0,1,0,0,-,-,NA,NA,LOS ANGELES,LOS ANGELES,-118.33511009,34.02558009
8501272,2017,2017-12-18,1900,2017-11-17,1911,551344,2822,5,5,5,1915,0,0,0,NA,0,283T1,ROSECRANS AV,SLOAN AV,0,NA,Y,A,-,N,NA,NA,NA,NA,NA,NA,NA,NA,NA,N,3,0,1,2,A,-,10,21950,A,F,G,B,B,A,H,-,C,D,0,Y,NA,NA,NA,Y,NA,D,22,0,1,0,0,1,0,0,0,0,-,-,NA,NA,LOS ANGELES,COMPTON,-118.21095013,33.90349001
8501275,2017,2017-12-12,1942,2017-11-05,0740,39065,0361,7,5,7,1942,0,0,0,C,0,3A41,COLISEUM ST,STEVELY AV,6,W,N,B,-,N,NA,NA,NA,NA,NA,NA,NA,NA,NA,N,3,0,1,2,A,-,10,21950,A,N,G,B,B,B,H,-,A,A,0,Y,NA,NA,NA,Y,NA,-,99,0,1,0,0,1,0,0,0,0,-,-,NA,NA,LOS ANGELES,LOS ANGELES,-118.35366976,34.0182902
8501277,2017,2017-12-08,1942,2017-09-29,2300,36466,1985,5,5,7,1942,0,0,0,NA,0,0A1,WAKEFIELD AV,PARTHENIA ST,0,NA,Y,A,-,N,NA,NA,NA,NA,NA,NA,NA,NA,NA,N,3,0,1,2,A,-,21,22106,NA,N,G,B,-,A,H,-,C,D,0,Y,NA,NA,NA,Y,NA,A,01,0,1,0,0,1,0,0,0,0,-,-,NA,NA,LOS ANGELES,LOS ANGELES,-118.44702001,34.22902003
8501279,2017,2017-12-12,1942,2017-11-05,0015,42415,0378,7,5,7,1942,0,0,0,C,0,3A58,MLK BL,MENLO AV,10,E,N,A,-,N,NA,NA,NA,NA,NA,NA,NA,NA,NA,N,4,0,1,2,A,-,11,21106,B,N,G,B,B,A,H,-,C,A,0,Y,NA,NA,NA,Y,NA,N,60,0,0,1,0,1,0,0,0,0,-,-,NA,NA,LOS ANGELES,LOS ANGELES,-118.29008721,34.01093252
8501284,2017,2017-12-07,1942,2017-10-22,0030,42334,0631,7,5,7,1942,0,0,0,F,0,6A31,DOHENY DR,SUNSET HILLS RD,0,S,N,A,-,N,NA,NA,NA,NA,NA,NA,NA,NA,NA,Y,4,0,1,1,A,-,03,22350,NA,N,A,I,A,A,H,-,C,D,0,NA,NA,Y,NA,Y,NA,C,02,0,0,1,0,0,0,0,0,1,-,-,NA,NA,LOS ANGELES,LOS ANGELES,-118.39190012,34.09225006
8501285,2017,2017-12-08,1942,2017-10-09,2340,42582,2029,1,5,7,1942,0,0,0,NA,0,20A45,S VERMONT AV,6TH ST,0,NA,Y,A,-,N,NA,NA,NA,NA,NA,NA,NA,NA,NA,N,4,0,1,2,A,-,11,21456,B,N,G,B,B,A,H,-,C,A,0,Y,NA,Y,NA,Y,NA,N,60,0,0,1,0,1,0,0,0,0,-,-,NA,NA,LOS ANGELES,LOS ANGELES,-118.29164004,34.06364001
8501287,2017,2018-01-17,1942,2017-10-02,2300,42894,0615,1,5,7,1942,0,0,0,F,0,06A,W CAHUENGA,WOOD ROW WILSON DR,500,N,N,A,-,N,NA,NA,NA,NA,NA,NA,NA,NA,NA,N,4,0,1,1,A,-,08,22107,NA,N,E,I,A,A,H,-,C,A,0,NA,NA,NA,NA,Y,NA,A,01,0,0,1,0,0,0,0,0,0,-,-,NA,NA,LOS ANGELES,LOS ANGELES,-118.34393689,34.12460714
8501288,2017,2017-12-07,1942,2017-10-25,0855,40543,1239,3,5,7,1942,0,0,0,L,0,12A51,FIGUEROA ST,59TH ST,0,NA,N,A,-,N,NA,NA,NA,NA,NA,NA,NA,NA,NA,N,3,0,1,2,A,-,10,21950,A,N,G,B,E,A,H,-,A,A,0,Y,NA,NA,NA,Y,NA,A,01,0,1,0,0,1,0,0,0,0,-,-,NA,NA,LOS ANGELES,LOS ANGELES,-118.28269002,33.98760003
8501289,2017,2017-12-08,1942,2017-10-11,0845,40487,2049,3,5,7,1942,0,0,0,NA,0,20A13,JAMES M WOOD BL,HOOVER ST,0,NA,Y,A,-,N,NA,NA,NA,NA,NA,NA,NA,NA,NA,N,4,0,1,2,A,-,04,21703,NA,N,C,C,A,A,H,-,A,D,0,NA,NA,NA,NA,Y,NA,A,01,0,0,1,0,0,0,0,0,0,-,-,NA,NA,LOS ANGELES,LOS ANGELES,-118.28425,34.05586
8501290,2017,2018-01-22,1942,2017-11-17,0740,32921,2074,5,5,7,1942,0,0,0,NA,0,34MQ15,VENICE BL,HOBART BL,0,NA,Y,B,-,N,NA,NA,NA,NA,NA,NA,NA,NA,NA,N,4,0,1,2,A,-,09,21802,A,N,D,C,A,B,H,-,A,A,0,NA,NA,NA,NA,Y,NA,A,01,0,0,1,0,0,0,0,0,0,-,-,NA,NA,LOS ANGELES,LOS ANGELES,-118.30529008,34.04361009
8501292,2017,2017-12-07,1942,2017-10-15,1700,41849,0327,7,5,7,1942,0,0,0,C,0,12X18,ADAMS BL,ORCHARD AV,70,W,N,A,-,N,NA,NA,NA,NA,NA,NA,NA,NA,NA,N,4,0,1,2,A,-,08,22103,NA,N,D,C,A,A,H,-,A,D,0,NA,NA,NA,NA,Y,NA,A,01,0,0,1,0,0,0,0,0,0,-,-,NA,NA,LOS ANGELES,LOS ANGELES,-118.28768058,34.03276831
8501293,2017,2017-12-08,1942,2017-10-16,0950,31264,2015,1,5,7,1942,0,0,0,NA,0,20A45,NORMANDIE AV,1ST ST,0,NA,Y,A,-,N,NA,NA,NA,NA,NA,NA,NA,NA,NA,N,4,0,1,2,A,-,10,21950,A,N,G,B,B,A,H,-,A,A,0,Y,NA,NA,NA,Y,NA,A,01,0,0,1,0,1,0,0,0,0,-,-,NA,NA,LOS ANGELES,LOS ANGELES,-118.30040005,34.07374001
8501294,2017,2017-12-12,1942,2017-11-21,0830,33169,2071,2,5,7,1942,0,0,0,NA,0,34MQ17,PICO BL,SAINT ANDREWS PL,171,W,N,A,-,N,NA,NA,NA,NA,NA,NA,NA,NA,NA,N,4,0,1,2,A,-,21,22106,NA,N,-,C,A,-,H,-,A,D,0,NA,NA,NA,NA,Y,NA,A,01,0,0,1,0,0,0,0,0,0,-,-,NA,NA,LOS ANGELES,LOS ANGELES,-118.31216341,34.0472
8501296,2017,2017-12-07,1942,2017-10-22,2010,42745,0356,7,5,7,1942,0,0,0,C,0,3A99,HALLDALE AV,37TH PL,126,N,N,A,-,N,NA,NA,NA,NA,NA,NA,NA,NA,NA,N,4,0,1,4,A,-,03,22350,NA,F,C,B,E,A,H,-,C,D,0,Y,NA,NA,NA,Y,NA,-,99,0,0,1,0,0,0,0,0,0,-,-,NA,NA,LOS ANGELES,LOS ANGELES,-118.30291353,34.02033555
8501297,2017,2017-12-08,1942,2017-10-16,1855,42908,2027,1,5,7,1942,0,0,0,NA,0,20A45,KENMORE AV,WILSHIRE BL,0,NA,Y,A,-,N,NA,NA,NA,NA,NA,NA,NA,NA,NA,N,4,0,1,2,A,-,12,22450,A,N,D,G,A,A,H,-,B,D,0,NA,Y,NA,NA,Y,NA,A,01,0,0,1,0,0,0,1,0,0,-,-,NA,NA,LOS ANGELES,LOS ANGELES,-118.29668001,34.06177001
8501298,2017,2017-12-12,1942,2017-11-08,1410,34882,2062,3,5,7,1942,0,0,0,NA,0,34M125,OLYMPIC BL,MANHATTAN PL,0,NA,Y,A,-,N,NA,NA,NA,NA,NA,NA,NA,NA,NA,N,4,0,3,2,A,-,09,21802,A,N,A,C,A,A,H,-,A,D,0,NA,NA,NA,NA,Y,NA,A,07,0,0,3,0,0,0,0,0,0,-,-,NA,NA,LOS ANGELES,LOS ANGELES,-118.31013011,34.05265004
8501300,2017,2017-12-07,1942,2017-10-21,0720,42996,HABOR,6,5,7,1942,0,0,0,NA,0,5A15,GAFFEY ST,ANAHEIM ST,8,S,N,A,-,N,NA,NA,NA,NA,NA,NA,NA,NA,NA,N,4,0,1,2,A,-,03,22350,NA,F,C,C,A,A,H,-,A,A,0,NA,NA,NA,NA,Y,NA,-,99,0,0,1,0,0,0,0,0,0,-,-,NA,NA,LOS ANGELES,LOS ANGELES,-118.29752115,33.78207934
8501301,2017,2017-12-08,1942,2017-10-07,1930,36286,2033,6,5,7,1942,0,0,0,NA,0,20A45,VERMONT AV,9TH ST,10,N,N,A,-,N,NA,NA,NA,NA,NA,NA,NA,NA,NA,N,4,0,1,2,A,-,08,22107,NA,N,B,C,A,A,H,-,C,A,0,NA,NA,NA,NA,Y,Y,A,01,0,0,1,0,0,0,0,0,0,-,-,NA,NA,LOS ANGELES,LOS ANGELES,NA,NA
8501302,2017,2017-12-12,1942,2017-11-15,1825,41957,2099,3,5,7,1942,0,0,0,NA,0,20T59,VERMONT AV,20TH ST,100,N,N,A,-,N,NA,NA,NA,NA,NA,NA,NA,NA,NA,Y,4,0,1,2,A,-,03,22350,NA,N,C,C,A,A,H,-,C,D,0,NA,NA,NA,NA,Y,NA,A,07,0,0,1,0,0,0,0,0,0,-,-,NA,NA,LOS ANGELES,LOS ANGELES,-118.291552,34.038438
8501304,2017,2017-12-08,1942,2017-10-17,1708,39395,0279,2,5,7,1942,0,0,0,B,0,2A91,W OCEAN BLVD,BLAINE ST,80,W,N,A,-,N,NA,NA,NA,NA,NA,NA,NA,NA,NA,N,4,0,1,2,A,-,03,22350,NA,F,C,C,A,A,H,-,A,D,0,NA,NA,NA,NA,Y,NA,-,99,0,0,1,0,0,0,0,0,0,-,-,NA,NA,LOS ANGELES,LOS ANGELES,NA,NA
8501305,2017,2017-12-08,1942,2017-10-29,0250,42011,2019,7,5,7,1942,0,0,0,NA,0,20A97,VERMONT AV,1ST ST,0,NA,Y,A,-,N,NA,NA,NA,NA,NA,NA,NA,NA,NA,Y,4,0,2,3,A,-,09,21801,NA,N,A,C,A,A,H,-,C,A,0,NA,NA,NA,NA,Y,NA,A,01,0,0,2,0,0,0,0,0,0,-,-,NA,NA,LOS ANGELES,LOS ANGELES,-118.29169,34.07276
8501306,2017,2017-12-12,1942,2017-11-22,0930,42161,2011,3,5,7,1942,0,0,0,NA,0,20TL59,N MANHATTAN PL,BEVERLY BL,5,S,N,A,-,N,NA,NA,NA,NA,NA,NA,NA,NA,NA,N,4,0,1,2,A,-,05,21650,1,N,H,G,A,A,H,-,A,D,0,NA,Y,NA,NA,Y,NA,L,04,0,0,1,0,0,0,1,0,0,-,-,NA,NA,LOS ANGELES,LOS ANGELES,-118.31026008,34.07622629
8501308,2017,2017-12-08,1942,2017-10-28,1400,42611,0292,6,5,7,1942,0,0,0,B,0,2A4,WASHINGTON BL,UNION AV,5,E,N,A,-,N,NA,NA,NA,NA,NA,NA,NA,NA,NA,N,4,0,1,2,A,-,10,21950,A,N,G,B,B,A,H,-,C,A,0,Y,NA,NA,NA,Y,NA,A,01,0,0,1,0,1,0,0,0,0,-,-,NA,NA,LOS ANGELES,LOS ANGELES,-118.28114539,34.03850366
8501309,2017,2017-12-07,1942,2017-10-21,1700,40123,2005,6,5,7,1942,0,0,0,NA,0,20XL4,BEVERLY BL,KINGSLEY DR,0,NA,Y,A,-,N,NA,NA,NA,NA,NA,NA,NA,NA,NA,N,4,0,1,2,A,-,08,22107,NA,N,D,C,A,A,-,-,A,D,0,NA,NA,NA,NA,Y,NA,-,NA,0,0,1,0,0,0,0,0,0,-,-,NA,NA,LOS ANGELES,LOS ANGELES,-118.30352012,34.07627012
8501310,2017,2018-01-22,1942,2017-11-22,1125,33169,2056,3,5,7,1942,0,0,0,NA,0,34MQ17,OLYMPIC BL,BERENDO BL,70,E,N,A,-,N,NA,NA,NA,NA,NA,NA,NA,NA,NA,N,4,0,1,2,A,-,03,22350,NA,N,C,C,A,A,H,-,A,D,0,NA,NA,NA,NA,Y,NA,A,07,0,0,1,0,0,0,0,0,0,-,-,NA,NA,LOS ANGELES,LOS ANGELES,-118.29345935,34.05267
8501312,2017,2017-12-08,1942,2017-10-17,0730,42328,0211,2,5,7,1942,0,0,0,B,0,NA,CLINTON ST,N ALEXANDRIA AV,20,W,N,A,-,N,NA,NA,NA,NA,NA,NA,NA,NA,NA,N,3,0,1,2,A,-,05,21660,NA,N,C,G,A,A,H,-,A,D,0,NA,Y,NA,NA,Y,NA,A,01,0,1,0,0,0,0,1,0,0,-,-,NA,NA,LOS ANGELES,LOS ANGELES,-118.29812592,34.08122