CASE_ID,ACCIDENT_YEAR,PROC_DATE,JURIS,COLLISION_DATE,COLLISION_TIME,OFFICER_ID,REPORTING_DISTRICT,DAY_OF_WEEK,CHP_SHIFT,POPULATION,CNTY_CITY_LOC,SPECIAL_COND,BEAT_TYPE,CHP_BEAT_TYPE,CITY_DIVISION_LAPD,CHP_BEAT_CLASS,BEAT_NUMBER,PRIMARY_RD,SECONDARY_RD,DISTANCE,DIRECTION,INTERSECTION,WEATHER_1,WEATHER_2,STATE_HWY_IND,CALTRANS_COUNTY,CALTRANS_DISTRICT,STATE_ROUTE,ROUTE_SUFFIX,POSTMILE_PREFIX,POSTMILE,LOCATION_TYPE,RAMP_INTERSECTION,SIDE_OF_HWY,TOW_AWAY,COLLISION_SEVERITY,NUMBER_KILLED,NUMBER_INJURED,PARTY_COUNT,PRIMARY_COLL_FACTOR,PCF_CODE_OF_VIOL,PCF_VIOL_CATEGORY,PCF_VIOLATION,PCF_VIOL_SUBSECTION,HIT_AND_RUN,TYPE_OF_COLLISION,MVIW,PED_ACTION,ROAD_SURFACE,ROAD_COND_1,ROAD_COND_2,LIGHTING,CONTROL_DEVICE,CHP_ROAD_TYPE,PEDESTRIAN_ACCIDENT,BICYCLE_ACCIDENT,MOTORCYCLE_ACCIDENT,TRUCK_ACCIDENT,NOT_PRIVATE_PROPERTY,ALCOHOL_INVOLVED,STWD_VEHTYPE_AT_FAULT,CHP_VEHTYPE_AT_FAULT,COUNT_SEVERE_INJ,COUNT_VISIBLE_INJ,COUNT_COMPLAINT_PAIN,COUNT_PED_KILLED,COUNT_PED_INJURED,COUNT_BICYCLIST_KILLED,COUNT_BICYCLIST_INJURED,COUNT_MC_KILLED,COUNT_MC_INJURED,PRIMARY_RAMP,SECONDARY_RAMP,LATITUDE,LONGITUDE,COUNTY,CITY,POINT_X,POINT_Y
8505289,2017,2017-12-01,1948,2017-08-31,1741,374,1948,4,5,5,1948,0,0,0,NA,0,004,METRO DR,AZTEC WY,81,E,N,B,-,N,NA,NA,NA,NA,NA,NA,NA,NA,NA,Y,3,0,1,2,A,-,21,22106,NA,N,D,C,A,A,H,-,A,A,0,NA,NA,NA,NA,Y,NA,A,07,0,1,0,0,0,0,0,0,0,-,-,NA,NA,LOS ANGELES,MONTEREY PARK,-118.11166037,34.05101846
8505293,2017,2017-12-01,1948,2017-09-30,1933,449,1948,6,5,5,1948,0,0,0,NA,0,003,S MCPHERRIN AV,W NEWMARK AV,0,NA,Y,A,-,N,NA,NA,NA,NA,NA,NA,NA,NA,NA,N,4,0,1,2,A,-,10,21950,A,N,G,B,B,A,H,-,C,D,0,Y,NA,NA,NA,Y,NA,-,NA,0,0,1,0,1,0,0,0,0,-,-,NA,NA,LOS ANGELES,MONTEREY PARK,-118.12754005,34.05978004
8505301,2017,2017-12-01,1948,2017-09-13,1332,374,1948,3,5,5,1948,0,0,0,NA,0,004,E POMONA BL,FULTON AV,61,W,N,A,-,N,NA,NA,NA,NA,NA,NA,NA,NA,NA,Y,3,0,2,1,A,-,08,22107,NA,N,E,I,A,A,H,-,A,D,0,NA,NA,NA,NA,Y,NA,-,NA,0,1,1,0,0,0,0,0,0,-,-,NA,NA,LOS ANGELES,MONTEREY PARK,-118.12300091,34.0336187
8505305,2017,2017-12-01,1948,2017-09-21,1755,456,1948,4,5,5,1948,0,0,0,NA,0,001,MONTEREY PASS RD,VAGABOND RD,87,N,N,A,-,N,NA,NA,NA,NA,NA,NA,NA,NA,NA,Y,3,0,4,2,A,-,09,21804,NA,N,D,C,A,A,H,-,A,A,0,NA,NA,NA,NA,Y,NA,A,07,0,3,1,0,0,0,0,0,0,-,-,NA,NA,LOS ANGELES,MONTEREY PARK,-118.15077731,34.05346019
8505306,2017,2018-03-05,1948,2017-10-12,1514,374,1948,4,5,5,1948,0,0,0,NA,0,002,E GARVEY AVE,N NICHOLSON AV,0,NA,Y,A,-,N,NA,NA,NA,NA,NA,NA,NA,NA,NA,Y,4,0,2,2,A,-,12,21453,A,N,-,C,A,A,H,-,A,A,0,NA,NA,NA,NA,Y,NA,-,-,0,0,2,0,0,0,0,0,0,-,-,NA,NA,LOS ANGELES,MONTEREY PARK,-118.11882011,34.06258012
8505309,2017,2017-12-01,1948,2017-09-14,1836,452,1948,4,5,5,1948,0,0,0,NA,0,004,GARFIELD AV,GRAVES AV,64,S,N,A,-,N,NA,NA,NA,NA,NA,NA,NA,NA,NA,Y,4,0,3,3,A,-,08,22107,NA,N,D,C,A,A,H,-,C,A,0,NA,NA,NA,NA,Y,NA,A,01,0,0,3,0,0,0,0,0,0,-,-,NA,NA,LOS ANGELES,MONTEREY PARK,-118.12593272,34.05503238
8505310,2017,2017-11-30,1948,2017-10-15,1527,364,1948,7,5,5,1948,0,0,0,NA,0,NA,S SEFTON AVE,NEWMARK AV,510,S,N,A,-,N,NA,NA,NA,NA,NA,NA,NA,NA,NA,N,4,0,1,2,A,-,09,21804,A,N,D,C,A,A,H,-,A,D,0,NA,NA,NA,NA,Y,NA,-,NA,0,0,1,0,0,0,0,0,0,-,-,NA,NA,LOS ANGELES,MONTEREY PARK,-118.11457754,34.05841159
8505318,2017,2017-11-30,1948,2017-10-03,1519,460,ALHAM,2,5,5,1948,0,0,0,NA,0,001,SOUTH ATLANTIC BL,AVENIDA CESAR CHAVEZ,35,N,N,B,-,N,NA,NA,NA,NA,NA,NA,NA,NA,NA,Y,4,0,2,2,A,-,03,22350,NA,N,C,C,A,A,H,-,A,A,0,NA,NA,NA,NA,Y,NA,A,01,0,0,2,0,0,0,0,0,0,-,-,NA,NA,LOS ANGELES,MONTEREY PARK,-118.14634755,34.03756734
8505320,2017,2017-12-12,1948,2017-11-01,1509,356,1948,3,5,5,1948,0,0,0,NA,0,023,GARFIELD AV,GARFIELD PL,126,N,N,A,-,N,NA,NA,NA,NA,NA,NA,NA,NA,NA,Y,4,0,1,4,A,-,08,22107,NA,N,C,C,A,A,H,-,A,A,0,NA,NA,NA,NA,Y,NA,A,01,0,0,1,0,0,0,0,0,0,-,-,NA,NA,LOS ANGELES,MONTEREY PARK,-118.12875042,34.04270541
8505321,2017,2017-12-01,1948,2017-10-03,1937,418,1948,2,5,5,1948,0,0,0,NA,0,002,HELLMAN AV,ALHAMA AV,19,W,N,A,-,N,NA,NA,NA,NA,NA,NA,NA,NA,NA,Y,3,0,2,2,A,-,09,21801,A,N,-,C,A,A,H,-,C,A,0,NA,NA,NA,NA,Y,NA,-,NA,0,1,1,0,0,0,0,0,0,-,-,NA,NA,LOS ANGELES,MONTEREY PARK,-118.116942,34.069773
8505322,2017,2017-11-30,1948,2017-10-03,1408,460,ALHAM,2,5,5,1948,0,0,0,NA,0,002,EAST GARVEY AV,S LINCOLN AV,150,W,N,B,-,N,NA,NA,NA,NA,NA,NA,NA,NA,NA,N,4,0,1,2,A,-,21,22106,NA,N,B,C,A,A,H,-,A,D,0,NA,NA,NA,NA,Y,NA,A,01,0,0,1,0,0,0,0,0,0,-,-,NA,NA,LOS ANGELES,MONTEREY PARK,-118.12165421,34.06255
8505324,2017,2017-12-12,1948,2017-11-08,1709,374,1948,3,5,5,1948,0,0,0,NA,0,003,ATLANTIC BL,NEWMAN AV,539,W,N,A,-,N,NA,NA,NA,NA,NA,NA,NA,NA,NA,Y,4,0,1,2,A,-,09,21801,A,N,D,C,A,A,H,-,A,D,0,NA,NA,NA,NA,Y,NA,A,01,0,0,1,0,0,0,0,0,0,-,-,NA,NA,LOS ANGELES,MONTEREY PARK,NA,NA
8505325,2017,2017-12-01,1948,2017-09-12,1151,374,1948,2,5,5,1948,0,0,0,NA,0,001,SOUTH ATLANTIC BL,W FLORAL DR,544,S,N,A,-,N,NA,NA,NA,NA,NA,NA,NA,NA,NA,N,4,0,1,2,D,-,00,NA,NA,N,D,C,A,A,H,-,A,A,0,NA,NA,NA,NA,Y,NA,-,-,0,0,1,0,0,0,0,0,0,-,-,NA,NA,LOS ANGELES,MONTEREY PARK,-118.14496436,34.03843424
8505326,2017,2017-11-30,1948,2017-10-01,1544,438,1948,7,5,5,1948,0,0,0,NA,0,003,SOUTH ATLANTIC BL,1ST ST,100,N,N,A,-,N,NA,NA,NA,NA,NA,NA,NA,NA,NA,N,4,0,1,2,A,-,21,22106,NA,N,B,C,A,A,H,-,A,D,0,NA,NA,NA,NA,Y,NA,-,NA,0,0,1,0,0,0,0,0,0,-,-,NA,NA,LOS ANGELES,MONTEREY PARK,-118.14786038,34.03658875
8505329,2017,2017-12-01,1948,2017-10-04,1812,460,NA,3,5,5,1948,0,0,0,NA,0,001,MONTEREY PASS RD,S FREMONT AV,0,NA,Y,A,-,N,NA,NA,NA,NA,NA,NA,NA,NA,NA,Y,3,0,1,2,A,-,09,21801,A,N,A,C,A,A,H,-,B,A,0,NA,NA,NA,NA,Y,NA,A,01,0,1,0,0,0,0,0,0,0,-,-,NA,NA,LOS ANGELES,MONTEREY PARK,-118.14463005,34.05855009
8505332,2017,2017-12-12,1948,2017-11-24,1133,450,1948,5,5,5,1948,0,0,0,NA,0,004,POMONA BL,JUNEWAY RD,297,W,N,A,-,N,NA,NA,NA,NA,NA,NA,NA,NA,NA,Y,3,0,1,2,A,-,08,22107,NA,N,B,E,A,A,H,-,A,D,0,NA,NA,NA,NA,Y,NA,A,01,0,1,0,0,0,0,0,0,0,-,-,NA,NA,LOS ANGELES,MONTEREY PARK,-118.12826816,34.0335915
8505333,2017,2017-12-01,1948,2017-09-11,1612,397,1948,1,5,5,1948,0,0,0,NA,0,003,SOUTH ATLANTIC BL,FLORAL DR,60,S,N,A,-,N,NA,NA,NA,NA,NA,NA,NA,NA,NA,N,4,0,2,2,B,-,22,NA,NA,M,D,E,A,A,H,-,A,D,0,NA,NA,NA,NA,Y,NA,-,-,0,0,2,0,0,0,0,0,0,-,-,NA,NA,LOS ANGELES,MONTEREY PARK,-118.14370558,34.03924854
8505334,2017,2017-11-30,1948,2017-10-17,0749,383,NA,2,5,5,1948,0,0,0,NA,0,002,HELLMAN AV,RURAL DR,6,W,N,A,-,N,NA,NA,NA,NA,NA,NA,NA,NA,NA,N,3,0,1,2,A,-,03,22350,NA,N,G,B,C,A,H,-,A,D,0,Y,NA,NA,NA,Y,NA,-,NA,0,1,0,0,1,0,0,0,0,-,-,NA,NA,LOS ANGELES,MONTEREY PARK,-118.11411976,34.06979953
8505336,2017,2017-12-12,1948,2017-11-16,1851,459,1948,4,5,5,1948,0,0,0,NA,0,001,GARVEY AV,MARGUERITA AV,0,NA,Y,A,-,N,NA,NA,NA,NA,NA,NA,NA,NA,NA,N,4,0,1,2,A,-,10,21950,A,N,G,B,-,A,H,-,C,A,0,Y,NA,NA,NA,Y,NA,A,01,0,0,1,0,1,0,0,0,0,-,-,NA,NA,LOS ANGELES,MONTEREY PARK,-118.13785008,34.06251008
8505337,2017,2017-12-01,1948,2017-09-22,2330,452,1948,5,5,5,1948,0,0,0,NA,0,004,GARFIELD AV,GARVEY AV,78,S,N,A,-,N,NA,NA,NA,NA,NA,NA,NA,NA,NA,Y,4,0,1,2,A,-,01,23152,A,N,C,C,A,A,H,-,C,A,0,NA,NA,NA,NA,Y,Y,A,01,0,0,1,0,0,0,0,0,0,-,-,NA,NA,LOS ANGELES,MONTEREY PARK,-118.12282,34.06245
8505339,2017,2017-12-07,1948,2017-11-16,1638,388,1948,4,5,5,1948,0,0,0,NA,0,003,W POMONA BL,ISABELLA AV,52,W,N,A,-,N,NA,NA,NA,NA,NA,NA,NA,NA,NA,Y,3,0,1,2,A,-,08,22107,NA,N,C,E,A,A,H,-,C,D,0,NA,NA,NA,NA,Y,NA,-,NA,0,1,0,0,0,0,0,0,0,-,-,NA,NA,LOS ANGELES,MONTEREY PARK,-118.13136127,34.03357
8505340,2017,2017-12-12,1948,2017-11-17,0939,388,1948,5,5,5,1948,0,0,0,NA,0,002,ATLANTIC BL,GARVEY AV,25,N,N,A,-,N,NA,NA,NA,NA,NA,NA,NA,NA,NA,N,4,0,1,2,A,-,03,22350,NA,N,B,C,A,A,H,-,A,A,0,NA,NA,NA,NA,Y,NA,A,01,0,0,1,0,0,0,0,0,0,-,-,NA,NA,LOS ANGELES,MONTEREY PARK,-118.1342418,34.06256854
8505342,2017,2017-11-30,1948,2017-10-30,1815,374,1948,1,5,5,1948,0,0,0,NA,0,002,EAST GARVEY AV,N ALHAMBRA AV,163,E,N,B,-,N,NA,NA,NA,NA,NA,NA,NA,NA,NA,N,4,0,1,2,A,-,03,22350,NA,N,C,C,A,A,H,-,C,A,0,NA,NA,NA,NA,Y,NA,A,07,0,0,1,0,0,0,0,0,0,-,-,NA,NA,LOS ANGELES,MONTEREY PARK,-118.11626299,34.06259722
8505343,2017,2017-12-07,1948,2017-11-18,2134,448,1948,6,5,5,1948,0,0,0,NA,0,002,NEW AV,EMERSON AV,14,S,N,A,-,N,NA,NA,NA,NA,NA,NA,NA,NA,NA,Y,4,0,2,2,A,-,09,21801,A,N,B,C,A,A,H,-,C,A,0,NA,NA,NA,NA,Y,NA,-,NA,0,0,2,0,0,0,0,0,0,-,-,NA,NA,LOS ANGELES,MONTEREY PARK,-118.1081489,34.06618162
8505344,2017,2017-12-12,1948,2017-11-09,1626,374,1948,4,5,5,1948,0,0,0,NA,0,003,GARFIELD AV,ROSELYN PL,166,N,N,A,-,N,NA,NA,NA,NA,NA,NA,NA,NA,NA,N,4,0,2,2,A,-,07,21658,A,N,D,C,A,A,H,-,A,D,0,NA,NA,NA,NA,Y,NA,A,01,0,0,2,0,0,0,0,0,0,-,-,NA,NA,LOS ANGELES,MONTEREY PARK,-118.12281,34.06173519
8505346,2017,2017-11-30,1948,2017-10-27,1318,420,1948,5,5,5,1948,0,0,0,NA,0,002,GARFIELD AV,HILLIARD AV,116,N,N,A,-,N,NA,NA,NA,NA,NA,NA,NA,NA,NA,N,4,0,1,3,A,-,08,22107,NA,N,C,C,A,A,H,-,A,A,0,NA,NA,NA,NA,Y,NA,-,NA,0,0,1,0,0,0,0,0,0,-,-,NA,NA,LOS ANGELES,MONTEREY PARK,-118.122896,34.06765804
8505347,2017,2017-12-07,1948,2017-11-16,0619,450,1948,4,5,5,1948,0,0,0,NA,0,004,SOUTH GARFIELD AV,GARFIELD AV,33,E,N,A,-,N,NA,NA,NA,NA,NA,NA,NA,NA,NA,Y,4,0,1,1,A,-,08,22107,NA,N,E,I,A,A,H,-,A,D,0,NA,NA,NA,NA,Y,NA,-,NA,0,0,1,0,0,0,0,0,0,-,-,NA,NA,LOS ANGELES,MONTEREY PARK,-118.13051928,34.03662995
8505348,2017,2017-12-12,1948,2017-11-08,1738,453,1948,3,5,5,1948,0,0,0,NA,0,001,ATLANTIC BL,1ST ST,15.8,S,N,A,-,N,NA,NA,NA,NA,NA,NA,NA,NA,NA,N,4,0,1,2,A,-,09,21804,A,N,D,C,A,A,H,-,A,A,0,NA,NA,NA,NA,Y,NA,A,01,0,0,1,0,0,0,0,0,0,-,-,NA,NA,LOS ANGELES,MONTEREY PARK,-118.14816724,34.03640183
8505350,2017,2017-11-30,1948,2017-10-07,2159,452,1948,6,5,5,1948,0,0,0,NA,0,002,HELLMAN AV,NEW AV,24,E,N,A,-,N,NA,NA,NA,NA,NA,NA,NA,NA,NA,Y,4,0,1,2,A,-,08,22107,NA,N,A,C,A,A,H,-,C,A,0,NA,NA,NA,NA,Y,NA,A,01,0,0,1,0,0,0,0,0,0,-,-,NA,NA,LOS ANGELES,MONTEREY PARK,-118.10807093,34.06984076
8505352,2017,2017-12-12,1948,2017-11-08,1158,374,1948,3,5,5,1948,0,0,0,NA,0,004,GRAVES AV,ALHAMBRA AV,0,NA,Y,A,-,N,NA,NA,NA,NA,NA,NA,NA,NA,NA,N,4,0,1,2,A,-,09,21802,A,N,D,C,A,A,H,-,A,A,0,NA,NA,NA,NA,Y,NA,A,01,0,0,1,0,0,0,0,0,0,-,-,NA,NA,LOS ANGELES,MONTEREY PARK,-118.11675003,34.05533009
8505356,2017,2017-12-12,1948,2017-11-08,1849,453,1948,3,5,5,1948,0,0,0,NA,0,001,1ST ST,SCHOOLSIDE AV,0,NA,Y,A,-,N,NA,NA,NA,NA,NA,NA,NA,NA,NA,N,4,0,1,3,A,-,09,21804,A,N,D,C,A,A,H,-,C,A,0,NA,NA,NA,NA,Y,NA,A,01,0,0,1,0,0,0,0,0,0,-,-,NA,NA,LOS ANGELES,MONTEREY PARK,-118.15131004,34.03756009
8505481,2017,2018-07-06,1923,2017-11-07,0756,445,NA,2,5,3,1923,0,0,0,NA,0,3L2D,SEPULVEDA BL,EL SEGUNDO BL,422,S,N,A,-,Y,LA,7,1,-,-,24.83,H,-,N,N,4,0,1,2,A,-,03,22350,NA,N,C,C,A,A,H,-,A,A,0,NA,NA,NA,NA,Y,NA,A,01,0,0,1,0,0,0,0,0,0,-,-,33.91637,-118.39599,LOS ANGELES,EL SEGUNDO,-118.39587385,33.91494713
8505482,2017,2017-12-08,1923,2017-11-14,1110,467,113,2,5,3,1923,0,0,0,NA,0,3M3,EL SEGUNDO BL,MAIN ST,15,E,N,A,-,N,NA,NA,NA,NA,NA,NA,NA,NA,NA,Y,3,0,3,2,A,-,12,22450,A,N,C,C,A,A,H,-,A,A,0,NA,NA,NA,NA,Y,NA,A,01,0,1,2,0,0,0,0,0,0,-,-,33.9164,-118.41595,LOS ANGELES,EL SEGUNDO,-118.41595,33.91637
8505486,2017,2018-07-06,1923,2017-11-13,0821,469,NA,1,5,3,1923,0,0,0,NA,0,3L2D,MAPLE AV,SEPULVEDA BL,0,NA,Y,A,-,Y,LA,7,1,-,-,25.681,I,5,N,N,4,0,1,2,A,-,08,22107,NA,N,A,C,A,A,H,-,A,A,0,NA,NA,NA,NA,Y,NA,D,22,0,0,1,0,0,0,0,0,0,-,-,33.92704,-118.39627,LOS ANGELES,EL SEGUNDO,-118.39619518,33.927020830000004
8505487,2017,2018-07-09,1905,2017-11-16,1330,1157,131,4,5,4,1905,0,0,0,NA,0,001,AZUSA AV,RT 210,14,S,N,A,-,Y,LA,7,210,-,R,39.435,R,4,E,N,4,0,1,3,A,-,12,21453,A,N,D,C,A,A,H,-,A,A,0,NA,NA,NA,NA,Y,NA,D,22,0,0,1,0,0,0,0,0,0,-,SF,34.11827,-117.90757,LOS ANGELES,AZUSA,-117.91048004,34.1212121
8505494,2017,2017-12-07,1905,2017-10-14,0241,1152,316,6,5,4,1905,0,0,0,NA,0,002,FOOTHILL BL,LOREN AV,40,W,N,A,-,N,NA,NA,NA,NA,NA,NA,NA,NA,NA,N,4,0,1,2,A,-,08,22107,NA,N,C,C,A,A,H,-,C,D,0,NA,NA,NA,NA,Y,NA,A,01,0,0,1,0,0,0,0,0,0,-,-,NA,NA,LOS ANGELES,AZUSA,-117.92392183,34.13369275
8505505,2017,2018-07-06,1923,2017-11-02,0646,480,NA,4,5,3,1923,0,0,0,NA,0,NA,SEPULVEDA BL,MAPLE AV,69,N,N,C,-,Y,LA,7,1,-,-,25.7,H,-,N,N,4,0,1,3,A,-,03,22350,NA,N,C,C,A,B,H,-,A,A,0,NA,NA,NA,NA,Y,NA,A,01,0,0,1,0,0,0,0,0,0,-,-,33.92704,-118.39627,LOS ANGELES,EL SEGUNDO,-118.39619704,33.92729577
8505506,2017,2018-01-09,1905,2017-10-16,0838,1165,215,1,5,4,1905,0,0,0,NA,0,002,3RD ST,ASPAN AV,135,E,N,A,-,N,NA,NA,NA,NA,NA,NA,NA,NA,NA,N,4,0,1,2,A,-,01,23152,A,N,B,E,A,A,H,-,C,A,0,NA,NA,NA,NA,Y,Y,D,22,0,0,1,0,0,0,0,0,0,-,-,NA,NA,LOS ANGELES,AZUSA,-117.91914498,34.1262773
8505524,2017,2017-12-06,1955,2017-11-15,1522,41871,80,3,5,6,1955,0,0,0,NA,0,005,WHITE AV,11TH ST,0,NA,Y,A,-,N,NA,NA,NA,NA,NA,NA,NA,NA,NA,Y,3,0,4,4,A,-,03,22350,NA,N,C,C,A,A,H,-,A,A,0,NA,NA,NA,NA,Y,NA,A,01,0,1,3,0,0,0,0,0,0,-,-,NA,NA,LOS ANGELES,POMONA,-117.75860009,34.04943007
8505526,2017,2017-12-05,1905,2017-11-05,1504,2019,431,7,5,4,1905,0,0,0,NA,0,001,AZUSA AV,ARROW HWY,4,S,N,B,-,N,NA,NA,NA,NA,NA,NA,NA,NA,NA,Y,2,0,1,2,D,-,00,NA,NA,F,D,G,A,A,H,-,A,A,0,NA,Y,NA,NA,Y,Y,-,-,1,0,0,0,0,0,1,0,0,-,-,NA,NA,LOS ANGELES,AZUSA,-117.90774,34.10675
8505528,2017,2017-12-05,1955,2017-11-18,0112,42129,50,6,5,6,1955,0,0,0,NA,0,001,MONTEREY AV,WHITE AV,0,NA,Y,A,-,N,NA,NA,NA,NA,NA,NA,NA,NA,NA,Y,4,0,1,1,A,-,08,22107,NA,M,E,I,A,A,H,-,C,A,0,NA,NA,NA,NA,Y,Y,A,01,0,0,1,0,0,0,0,0,0,-,-,NA,NA,LOS ANGELES,POMONA,-117.75898013,34.06032012
8505534,2017,2017-12-05,1905,2017-11-07,1650,1161,416,2,5,4,1905,0,0,0,NA,0,002,FOOTHILL BL,TODD AV,500,W,N,A,-,N,NA,NA,NA,NA,NA,NA,NA,NA,NA,Y,4,0,1,2,A,-,09,21801,A,N,D,C,A,A,H,-,A,A,0,NA,NA,NA,NA,Y,NA,A,01,0,0,1,0,0,0,0,0,0,-,-,34.13369,-117.9249,LOS ANGELES,AZUSA,-117.92652828,34.13356841
8505547,2017,2017-12-01,1905,2017-10-13,1305,1098,225,5,5,4,1905,0,0,0,NA,0,003,ALOSTA AV,5TH ST,0,NA,Y,A,-,N,NA,NA,NA,NA,NA,NA,NA,NA,NA,Y,4,0,2,2,A,-,09,21804,A,N,D,C,A,A,H,-,A,A,0,NA,NA,NA,NA,Y,NA,A,01,0,0,2,0,0,0,0,0,0,-,-,34.13002,-117.89373,LOS ANGELES,AZUSA,-117.89342003,34.12982001
8505548,2017,2017-12-06,1923,2017-11-14,0456,491,309,2,5,3,1923,0,0,0,NA,0,3A2M,DOUGLAS ST,ATWOOD WY,0,NA,Y,A,-,N,NA,NA,NA,NA,NA,NA,NA,NA,NA,N,4,0,1,2,A,-,12,21453,A,N,D,C,A,A,H,-,C,A,0,NA,NA,NA,NA,Y,NA,A,07,0,0,1,0,0,0,0,0,0,-,-,33.92883,-118.38323,LOS ANGELES,EL SEGUNDO,-118.38312011,33.92884011
8505552,2017,2017-12-06,1923,2017-11-14,1035,467,113,2,5,3,1923,0,0,0,NA,0,3M3,GRAND AV,STANDARD ST,0,NA,Y,A,-,N,NA,NA,NA,NA,NA,NA,NA,NA,NA,Y,4,0,2,2,A,-,09,21802,A,N,D,C,A,A,H,-,A,A,0,NA,NA,NA,NA,Y,NA,A,01,0,0,2,0,0,0,0,0,0,-,-,33.91928,-118.41473,LOS ANGELES,EL SEGUNDO,-118.41475009,33.91933009
8505554,2017,2017-12-04,1905,2017-10-18,1621,1161,814,3,5,4,1905,0,0,0,NA,0,002,SIERRA MADRE AV,LORI ANN AV,0,NA,Y,A,-,N,NA,NA,NA,NA,NA,NA,NA,NA,NA,Y,4,0,1,1,A,-,08,22107,NA,N,A,I,A,A,H,-,A,A,0,NA,NA,NA,NA,Y,NA,A,01,0,0,1,0,0,0,0,0,0,-,-,NA,NA,LOS ANGELES,AZUSA,-117.91534007999999,34.14454009
8505555,2017,2017-12-01,1905,2017-10-14,0127,1164,411,6,5,4,1905,0,0,0,NA,0,002,SAN GABRIEL AV,9TH ST,288,S,N,A,-,N,NA,NA,NA,NA,NA,NA,NA,NA,NA,Y,2,0,1,2,A,-,08,22107,NA,N,B,C,A,A,H,-,A,A,0,NA,NA,NA,NA,Y,NA,-,-,1,0,0,0,0,0,0,0,0,-,-,34.13722,-117.90879,LOS ANGELES,AZUSA,-117.90879,34.13642046
8505559,2017,2017-12-01,1905,2017-10-13,1636,1168,345,5,5,4,1905,0,0,0,NA,0,001,GLADSTONE ST,FAIRVALLEY AV,63,E,N,A,-,N,NA,NA,NA,NA,NA,NA,NA,NA,NA,N,4,0,1,3,A,-,03,22350,NA,N,C,C,A,A,H,-,A,A,0,NA,NA,NA,NA,Y,NA,A,01,0,0,1,0,0,0,0,0,0,-,-,34.11393,-117.88409,LOS ANGELES,AZUSA,-117.88748236,34.11408
8505563,2017,2017-12-01,1905,2017-10-11,1915,1137,345,3,5,4,1905,0,0,0,NA,0,001,GLADSTONE ST,CITRUS AV,120,W,N,A,-,N,NA,NA,NA,NA,NA,NA,NA,NA,NA,N,2,0,1,2,A,-,11,21954,A,N,G,B,-,A,H,-,A,A,0,Y,NA,NA,NA,Y,NA,N,60,1,0,0,0,1,0,0,0,0,-,-,NA,NA,LOS ANGELES,AZUSA,-117.89060546,34.11414549
8505567,2017,2017-12-01,1905,2017-10-16,1930,1114,225,1,5,4,1905,0,0,0,NA,0,003,CITRUS AV,ALOSTA AV,560,S,N,A,-,N,NA,NA,NA,NA,NA,NA,NA,NA,NA,Y,4,0,2,2,A,-,03,22350,NA,N,C,C,A,A,H,-,A,D,0,NA,NA,NA,NA,Y,NA,A,01,0,0,2,0,0,0,0,0,0,-,-,34.12762,-117.88995,LOS ANGELES,AZUSA,-117.89011,34.12731488
8505571,2017,2017-12-01,1905,2017-10-26,1445,1153,143,4,5,4,1905,0,0,0,NA,0,001,CERRITOS AV,MCKINLEY ST,0,NA,Y,A,-,N,NA,NA,NA,NA,NA,NA,NA,NA,NA,N,3,0,1,2,A,-,05,21650,NA,N,C,G,A,A,H,-,A,A,0,NA,Y,NA,NA,Y,NA,L,04,0,1,0,0,0,0,1,0,0,-,-,34.1207,-117.8994,LOS ANGELES,AZUSA,-117.89939003,34.12070003
8505575,2017,2017-12-01,1905,2017-10-18,0637,1161,121,3,5,4,1905,0,0,0,NA,0,002,ALAMEDA AV,SECOND ST,419,S,N,A,-,N,NA,NA,NA,NA,NA,NA,NA,NA,NA,N,4,0,1,2,A,-,09,21804,A,N,D,C,A,A,H,-,B,A,0,NA,NA,NA,NA,Y,NA,A,01,0,0,1,0,0,0,0,0,0,-,-,34.12161,-117.90632,LOS ANGELES,AZUSA,-117.90631407,34.12326139
8505579,2017,2017-12-01,1905,2017-10-26,1159,1153,131,4,5,4,1905,0,0,0,NA,0,001,AZUSA AV,PARAMOUNT ST,0,NA,Y,A,-,N,NA,NA,NA,NA,NA,NA,NA,NA,NA,Y,3,0,2,2,A,-,09,21801,A,N,D,C,A,A,H,-,A,A,0,NA,NA,NA,NA,Y,NA,A,01,0,2,0,0,0,0,0,0,0,-,-,34.11799,-117.90771,LOS ANGELES,AZUSA,-117.9077101,34.11800001
8505583,2017,2017-12-01,1905,2017-10-17,0833,1161,312,2,5,4,1905,0,0,0,NA,0,002,FOOTHILL BL,SUNSET AV,101,E,N,A,-,N,NA,NA,NA,NA,NA,NA,NA,NA,NA,Y,4,0,1,3,A,-,03,22350,NA,N,C,C,A,A,H,-,A,A,0,NA,NA,NA,NA,Y,NA,A,07,0,0,1,0,0,0,0,0,0,-,-,34.1335,-117.91136,LOS ANGELES,AZUSA,-117.91100702,34.13363
8505587,2017,2017-12-01,1905,2017-10-05,1425,1153,324,4,5,4,1905,0,0,0,NA,0,003,FOOTHILL BL,ROCKVALE AV,115,E,N,A,-,N,NA,NA,NA,NA,NA,NA,NA,NA,NA,N,3,0,1,2,A,-,11,21954,A,N,G,B,-,A,H,-,A,A,0,Y,NA,NA,NA,Y,NA,N,60,0,1,0,0,1,0,0,0,0,-,-,NA,NA,LOS ANGELES,AZUSA,-117.89587092,34.13347686
8505588,2017,2017-12-06,1923,2017-11-13,1006,467,323,1,5,3,1923,0,0,0,NA,0,3M3,EL SEGUNDO BL,AVIATION BL,0,NA,Y,A,-,N,NA,NA,NA,NA,NA,NA,NA,NA,NA,Y,4,0,2,2,A,-,09,21453,C,N,A,C,A,A,H,-,A,A,0,NA,NA,NA,NA,Y,NA,A,01,0,0,2,0,0,0,0,0,0,-,-,33.91637,-118.37843,LOS ANGELES,EL SEGUNDO,-118.37844002,33.916290000000004