CASE_ID,ACCIDENT_YEAR,PROC_DATE,JURIS,COLLISION_DATE,COLLISION_TIME,OFFICER_ID,REPORTING_DISTRICT,DAY_OF_WEEK,CHP_SHIFT,POPULATION,CNTY_CITY_LOC,SPECIAL_COND,BEAT_TYPE,CHP_BEAT_TYPE,CITY_DIVISION_LAPD,CHP_BEAT_CLASS,BEAT_NUMBER,PRIMARY_RD,SECONDARY_RD,DISTANCE,DIRECTION,INTERSECTION,WEATHER_1,WEATHER_2,STATE_HWY_IND,CALTRANS_COUNTY,CALTRANS_DISTRICT,STATE_ROUTE,ROUTE_SUFFIX,POSTMILE_PREFIX,POSTMILE,LOCATION_TYPE,RAMP_INTERSECTION,SIDE_OF_HWY,TOW_AWAY,COLLISION_SEVERITY,NUMBER_KILLED,NUMBER_INJURED,PARTY_COUNT,PRIMARY_COLL_FACTOR,PCF_CODE_OF_VIOL,PCF_VIOL_CATEGORY,PCF_VIOLATION,PCF_VIOL_SUBSECTION,HIT_AND_RUN,TYPE_OF_COLLISION,MVIW,PED_ACTION,ROAD_SURFACE,ROAD_COND_1,ROAD_COND_2,LIGHTING,CONTROL_DEVICE,CHP_ROAD_TYPE,PEDESTRIAN_ACCIDENT,BICYCLE_ACCIDENT,MOTORCYCLE_ACCIDENT,TRUCK_ACCIDENT,NOT_PRIVATE_PROPERTY,ALCOHOL_INVOLVED,STWD_VEHTYPE_AT_FAULT,CHP_VEHTYPE_AT_FAULT,COUNT_SEVERE_INJ,COUNT_VISIBLE_INJ,COUNT_COMPLAINT_PAIN,COUNT_PED_KILLED,COUNT_PED_INJURED,COUNT_BICYCLIST_KILLED,COUNT_BICYCLIST_INJURED,COUNT_MC_KILLED,COUNT_MC_INJURED,PRIMARY_RAMP,SECONDARY_RAMP,LATITUDE,LONGITUDE,COUNTY,CITY,POINT_X,POINT_Y
8509240,2017,2017-12-05,1942,2017-10-04,1015,39075,1525,3,5,7,1942,0,0,0,O,0,15A39W,AGNES AV,VICTORY BL,40,S,N,-,-,N,NA,NA,NA,NA,NA,NA,NA,NA,NA,Y,4,0,1,1,B,-,22,NA,NA,N,-,-,A,-,-,-,-,-,0,NA,NA,NA,NA,Y,NA,-,NA,0,0,1,0,0,0,0,0,0,-,-,NA,NA,LOS ANGELES,LOS ANGELES,-118.39544,34.18657029
8509241,2017,2017-12-13,1942,2017-11-07,0840,42743,LOSAN,2,5,7,1942,0,0,0,NA,0,16A81,ARMINTA ST,LANKERSHIM BL,0,NA,Y,A,-,N,NA,NA,NA,NA,NA,NA,NA,NA,NA,N,2,0,1,2,A,-,10,21950,A,N,G,B,B,A,-,-,A,A,0,Y,NA,NA,NA,Y,NA,-,NA,1,0,0,0,1,0,0,0,0,-,-,NA,NA,LOS ANGELES,LOS ANGELES,-118.38778009,34.21389001
8509243,2017,2017-12-07,1953,2017-10-30,1945,0311,1953,1,5,6,1953,0,0,0,NA,0,005,WALNUT ST,MENTOR AV,0,NA,Y,C,-,N,NA,NA,NA,NA,NA,NA,NA,NA,NA,Y,4,0,1,2,A,-,12,21453,A,N,D,C,A,B,H,-,A,A,0,NA,NA,NA,NA,Y,NA,A,01,0,0,1,0,0,0,0,0,0,-,-,NA,NA,LOS ANGELES,PASADENA,-118.13088,34.14959011
8509244,2017,2017-12-05,1942,2017-10-24,0930,38876,1559,2,5,7,1942,0,0,0,O,0,16A77,CAMARILLO ST,CLYBOURN AV,0,NA,Y,A,-,N,NA,NA,NA,NA,NA,NA,NA,NA,NA,Y,3,0,1,2,A,-,09,21802,A,N,D,C,A,A,H,-,A,A,0,NA,NA,NA,NA,Y,NA,A,01,0,1,0,0,0,0,0,0,0,-,-,NA,NA,LOS ANGELES,LOS ANGELES,-118.3518301,34.15826004
8509245,2017,2017-12-13,1942,2017-11-07,2200,38647,1679,2,5,7,1942,0,0,0,P,0,16A77,LA TUNA CANYON RD,LA TUNA CANYON RD 8400,0,NA,Y,A,-,N,NA,NA,NA,NA,NA,NA,NA,NA,NA,N,3,0,2,1,B,-,22,NA,NA,N,-,A,A,A,H,-,D,D,0,NA,NA,NA,NA,Y,NA,A,01,0,2,0,0,0,0,0,0,0,-,-,NA,NA,LOS ANGELES,LOS ANGELES,-118.303469,34.233585
8509247,2017,2017-12-07,1953,2017-10-24,1502,7720,1953,2,5,6,1953,0,0,0,NA,0,002,LINCOLN AV,FOREST AV,0,NA,Y,A,-,N,NA,NA,NA,NA,NA,NA,NA,NA,NA,Y,3,0,1,2,A,-,09,21801,A,N,D,C,A,A,H,-,A,D,0,NA,NA,NA,NA,Y,NA,A,01,0,1,0,0,0,0,0,0,0,-,-,NA,NA,LOS ANGELES,PASADENA,-118.16058001,34.16282001
8509249,2017,2018-02-28,1942,2017-11-08,1100,39440,1028,3,5,7,1942,0,0,0,J,0,10A17,VANOWEN ST,DE CELIS PL,0,NA,Y,A,-,N,NA,NA,NA,NA,NA,NA,NA,NA,NA,NA,4,0,2,2,A,-,09,21802,A,N,D,C,A,A,H,-,A,D,0,NA,NA,NA,NA,Y,NA,A,01,0,0,2,0,0,0,0,0,0,-,-,NA,NA,LOS ANGELES,LOS ANGELES,-118.49459005,34.19390003
8509253,2017,2017-12-13,1941,2017-11-04,0224,10539,NA,6,5,7,1941,0,0,0,NA,0,NA,MAGNOLIA AV,190TH,15,S,N,A,-,N,NA,NA,NA,NA,NA,NA,NA,NA,NA,Y,4,0,1,1,A,-,08,22107,NA,N,H,J,A,A,H,-,C,D,0,NA,NA,NA,NA,Y,NA,A,NA,0,0,1,0,0,0,0,0,0,-,-,NA,NA,LOS ANGELES,LONG BEACH,NA,NA
8509261,2017,2017-12-13,1900,2017-11-08,2051,610417,1348,3,5,3,1903,0,0,0,NA,0,134,PIONEER BL,ASHWORTH ST,0,NA,Y,A,-,N,NA,NA,NA,NA,NA,NA,NA,NA,NA,N,3,0,1,2,A,-,00,21850,A,F,-,B,B,A,H,-,C,A,0,Y,NA,NA,NA,Y,NA,A,08,0,1,0,0,1,0,0,0,0,-,-,NA,NA,LOS ANGELES,ARTESIA,-118.0823001,33.86842002
8509265,2017,2017-12-13,1900,2017-11-11,1100,602250,1327,6,5,5,1935,0,0,0,NA,0,132T1,CARSON BL,NECTAR ST,91,W,N,A,-,N,NA,NA,NA,NA,NA,NA,NA,NA,NA,Y,4,0,2,3,A,-,03,22350,NA,N,C,E,A,A,H,-,A,D,0,NA,NA,NA,NA,Y,NA,A,07,0,0,2,0,0,0,0,0,0,-,-,NA,NA,LOS ANGELES,LAKEWOOD,-118.088269,33.83151
8509267,2017,2017-12-05,1900,2017-09-15,1030,438027,0631,5,5,6,1985,0,0,0,NA,0,61T1,SOLEDAD CANYON RD,KENROY AV,0,NA,Y,A,-,N,NA,NA,NA,NA,NA,NA,NA,NA,NA,Y,4,0,1,2,A,-,12,21453,A,N,D,C,A,A,H,-,A,A,0,NA,NA,NA,NA,Y,NA,A,01,0,0,1,0,0,0,0,0,0,-,-,NA,NA,LOS ANGELES,SANTA CLARITA,-118.42559011,34.42690003
8509274,2017,2018-01-20,1942,2017-10-19,2145,38948,1008,4,5,7,1942,0,0,0,J,0,10A39,VALJEAN AV,SHERMAN WY,0,NA,-,A,-,N,NA,NA,NA,NA,NA,NA,NA,NA,NA,Y,3,0,1,2,A,-,09,21801,A,N,D,C,A,A,H,-,C,A,0,NA,NA,NA,NA,Y,NA,A,07,0,1,0,0,0,0,0,0,0,-,-,NA,NA,LOS ANGELES,LOS ANGELES,-118.48591008,34.20118007
8509275,2017,2017-12-05,1942,2017-09-01,2100,42334,0643,5,5,7,1942,0,0,0,F,0,6A31,SUNSET BL,VISTA ST,25,E,N,A,-,N,NA,NA,NA,NA,NA,NA,NA,NA,NA,N,4,0,1,2,A,-,04,21703,NA,N,C,C,A,A,H,-,A,A,0,NA,NA,NA,NA,Y,NA,A,01,0,0,1,0,0,0,0,0,0,-,-,NA,NA,LOS ANGELES,LOS ANGELES,-118.35165758,34.09801
8509279,2017,2017-12-05,1907,2017-09-30,1627,237,2,6,5,4,1907,0,0,0,NA,0,NA,FLORENCE AV,WILCOX AV,95,W,N,A,-,N,NA,NA,NA,NA,NA,NA,NA,NA,NA,N,4,0,1,2,A,-,03,22350,NA,N,C,C,A,A,H,-,A,A,0,NA,NA,NA,NA,Y,NA,A,01,0,0,1,0,0,0,0,0,0,-,-,33.96952,-118.17785,LOS ANGELES,BELL,-118.17816037,33.96927156
8509310,2017,2017-12-05,1942,2017-10-25,0850,40241,941,3,5,7,1942,0,0,0,NA,0,19A93,CHANDLER BL,TYRONE AV,0,NA,Y,A,-,N,NA,NA,NA,NA,NA,NA,NA,NA,NA,N,3,0,1,3,A,-,12,22450,NA,N,D,C,A,A,H,-,A,A,0,NA,NA,NA,NA,Y,NA,-,-,0,1,0,0,0,0,0,0,0,-,-,NA,NA,LOS ANGELES,LOS ANGELES,-118.44435005,34.16855002
8509314,2017,2018-01-10,1947,2017-10-01,0008,1382,NA,7,5,5,1947,0,0,0,NA,0,00E,S GREENWOOD AV,E TELEGRAPH RD E,0,NA,Y,A,-,N,NA,NA,NA,NA,NA,NA,NA,NA,NA,Y,3,0,1,1,A,-,03,22350,NA,M,E,I,A,A,H,-,C,A,0,NA,NA,NA,NA,Y,NA,A,01,0,1,0,0,0,0,0,0,0,-,-,33.97974,-118.12834,LOS ANGELES,MONTEBELLO,-118.12835001,33.97975002
8509316,2017,2017-12-19,1905,2017-11-17,1040,1165,811,5,5,4,1905,0,0,0,NA,0,002,N SAN GABRIEL CANYON RD,MIRADOR DR,4,N,N,A,-,N,NA,NA,NA,NA,NA,NA,NA,NA,NA,Y,3,0,2,2,A,-,03,22350,NA,N,C,C,A,A,H,-,A,A,0,NA,NA,NA,NA,Y,NA,D,22,0,1,1,0,0,0,0,0,0,-,-,NA,NA,LOS ANGELES,AZUSA,-117.91117523,34.15807022
8509318,2017,2017-12-05,1947,2017-10-21,1852,1349,NA,6,5,5,1947,0,0,0,NA,0,00B,LINCOLN AV,WILCOX AV,0,NA,Y,A,-,N,NA,NA,NA,NA,NA,NA,NA,NA,NA,N,4,0,2,2,A,-,09,21801,A,N,A,C,A,A,H,-,C,A,0,NA,NA,NA,NA,Y,NA,-,-,0,0,2,0,0,0,0,0,0,-,-,NA,NA,LOS ANGELES,MONTEBELLO,-118.12181012,34.02427001
8509319,2017,2017-12-18,1976,2017-11-11,0806,421,NA,6,5,5,1976,0,0,0,NA,0,002,PAINTER AV,CULLEN ST,0,NA,Y,A,-,N,NA,NA,NA,NA,NA,NA,NA,NA,NA,Y,4,0,1,2,A,-,12,21453,A,N,D,C,A,A,H,-,A,A,0,NA,NA,NA,NA,Y,NA,D,22,0,0,1,0,0,0,0,0,0,-,-,NA,NA,LOS ANGELES,WHITTIER,-118.03499013,33.9611901
8509326,2017,2017-12-05,1947,2017-10-15,1329,1407,NA,7,5,5,1947,0,0,0,NA,0,00F,W LINCOLN AV,MONTEBELLO BL,200,W,N,A,-,N,NA,NA,NA,NA,NA,NA,NA,NA,NA,N,3,0,1,2,A,-,05,21650,A,N,D,G,A,A,-,-,A,D,0,NA,Y,NA,NA,Y,NA,-,-,0,1,0,0,0,0,1,0,0,-,-,34.02103,-118.10605,LOS ANGELES,MONTEBELLO,-118.10559856,34.02086428
8509334,2017,2017-12-05,1947,2017-10-23,0746,1407,NA,1,5,5,1947,0,0,0,NA,0,00B,W CLEVELAND AV,N 20TH ST N,0,NA,Y,A,-,N,NA,NA,NA,NA,NA,NA,NA,NA,NA,N,4,0,1,2,A,-,11,21954,A,N,G,B,-,A,H,-,A,D,0,Y,NA,NA,NA,Y,NA,-,-,0,0,1,0,1,0,0,0,0,-,-,34.01509,-118.12234,LOS ANGELES,MONTEBELLO,-118.12181008,34.01492002
8509338,2017,2017-12-05,1947,2017-10-06,1232,1351,NA,5,5,5,1947,0,0,0,NA,0,00A,E VIA CAMPO,N FINDLAY AV N,0,NA,Y,A,-,N,NA,NA,NA,NA,NA,NA,NA,NA,NA,Y,4,0,2,2,A,-,09,21802,A,N,D,C,A,A,H,-,A,A,0,NA,NA,NA,NA,Y,NA,-,-,0,0,2,0,0,0,0,0,0,-,-,34.03267,-118.13791,LOS ANGELES,MONTEBELLO,-118.13796001,34.03266001
8509342,2017,2017-12-05,1947,2017-10-26,1500,1351,NA,4,5,5,1947,0,0,0,NA,0,00B,N WILCOX AV,SAN ANTONIO,76,S,N,A,-,N,NA,NA,NA,NA,NA,NA,NA,NA,NA,NA,4,0,1,2,A,-,03,22350,NA,N,C,D,A,A,A,H,A,D,0,NA,NA,NA,NA,Y,NA,-,-,0,0,1,0,0,0,0,0,0,-,-,34.02501,-118.12157,LOS ANGELES,MONTEBELLO,-118.12166793,34.02479726
8509346,2017,2017-12-05,1947,2017-10-12,1225,1351,NA,4,5,5,1947,0,0,0,NA,0,00E,W WHITTIER BL,S CALIFORNIA AV S,0,NA,Y,A,-,N,NA,NA,NA,NA,NA,NA,NA,NA,NA,Y,4,0,1,1,A,-,08,22107,NA,M,E,I,A,A,H,-,A,D,0,NA,NA,NA,NA,Y,NA,-,-,0,0,1,0,0,0,0,0,0,-,-,34.01191,-118.11665,LOS ANGELES,MONTEBELLO,-118.11769007,34.01201003
8509347,2017,2017-12-07,1900,2017-11-10,1245,540312,1624,5,5,5,1977,0,0,0,NA,0,168T,224TH ST,GRACE AV,0,NA,Y,A,-,N,NA,NA,NA,NA,NA,NA,NA,NA,NA,N,3,0,2,2,A,-,09,21802,A,N,D,C,A,A,H,-,A,D,0,NA,NA,NA,NA,Y,NA,A,07,0,2,0,0,0,0,0,0,0,-,-,NA,NA,LOS ANGELES,CARSON,-118.26803007,33.82333009
8509350,2017,2017-12-05,1947,2017-10-04,1400,1407,NA,3,5,5,1947,0,0,0,NA,0,00B,WEST BEVERLY BL,ELAINE KIRCHNER LN,0,NA,Y,A,-,N,NA,NA,NA,NA,NA,NA,NA,NA,NA,NA,4,0,1,2,A,-,09,21800,A,N,A,G,A,A,H,-,A,A,0,NA,Y,NA,NA,Y,NA,-,-,0,0,1,0,0,0,1,0,0,-,-,34.01939,-118.11607,LOS ANGELES,MONTEBELLO,-118.116486,34.019454
8509351,2017,2017-12-07,1900,2017-11-09,1845,603388,1616,4,5,5,1977,0,0,0,NA,0,164T1,CENTRAL AV,UNIVERSITY DR,0,NA,Y,A,-,N,NA,NA,NA,NA,NA,NA,NA,NA,NA,Y,4,0,1,3,A,-,12,21453,A,N,B,C,A,A,H,-,A,A,0,NA,NA,NA,NA,Y,NA,D,22,0,0,1,0,0,0,0,0,0,-,-,NA,NA,LOS ANGELES,CARSON,-118.2486301,33.85776007
8509354,2017,2018-01-09,1947,2017-10-29,0252,1414,NA,7,5,5,1947,0,0,0,NA,0,00A,NORTH GARFIELD AV,VIA CAMPO,0,NA,Y,A,-,N,NA,NA,NA,NA,NA,NA,NA,NA,NA,Y,4,0,1,2,A,-,01,23152,A,N,D,C,A,A,H,-,C,A,0,NA,NA,NA,NA,Y,NA,A,01,0,0,1,0,0,0,0,0,0,-,-,34.03274,-118.12997,LOS ANGELES,MONTEBELLO,-118.12997009,34.03274011
8509355,2017,2017-12-12,1900,2017-10-19,1540,523558,622,4,5,5,1977,0,0,0,NA,0,164T1,SANTA FE AV,WARDLOW RD,588,N,N,A,-,N,NA,NA,NA,NA,NA,NA,NA,NA,NA,Y,4,0,1,1,A,-,17,35250,A,N,E,I,A,A,H,-,A,D,0,NA,NA,NA,Y,Y,NA,G,27,0,0,1,0,0,0,0,0,0,-,-,NA,NA,LOS ANGELES,CARSON,-118.2154,33.82436679
8509358,2017,2017-12-05,1942,2017-10-19,1415,39440,1031,4,5,7,1942,0,0,0,J,0,10A83,VICTORY,BELMAR AV,80,W,N,A,-,N,NA,NA,NA,NA,NA,NA,NA,NA,NA,N,3,0,1,2,A,-,06,21755,A,N,B,C,A,A,H,-,A,A,0,NA,NA,Y,NA,Y,NA,C,02,0,1,0,0,0,0,0,0,1,-,-,NA,NA,LOS ANGELES,LOS ANGELES,-118.55847408,34.18656
8509388,2017,2018-01-18,1942,2017-11-07,1326,41179,0835,2,5,7,1942,0,0,0,H,0,20TL58,WESTWOOD BL,SANTA MONICA BL,8,N,N,A,-,N,NA,NA,NA,NA,NA,NA,NA,NA,NA,Y,4,0,1,2,A,-,03,22350,NA,N,C,C,A,A,H,-,A,A,0,NA,NA,NA,NA,Y,NA,-,-,0,0,1,0,0,0,0,0,0,-,-,NA,NA,LOS ANGELES,LOS ANGELES,-118.43699842,34.04983569
8509392,2017,2018-07-09,1942,2017-11-15,0930,40690,0872,3,5,7,1942,0,0,0,H,0,6TL7,RT 1,ENTRADA DR,580,S,N,A,-,Y,LA,7,1,-,-,36.89,H,-,N,Y,4,0,2,2,A,-,05,21651,B,N,B,C,A,A,H,-,A,D,0,NA,NA,NA,Y,Y,NA,A,01,0,0,2,0,0,0,0,0,0,-,-,NA,NA,LOS ANGELES,LOS ANGELES,-118.51721502,34.02700424
8509395,2017,2017-12-20,1946,2017-09-19,1424,P20,PASAD,2,5,4,1946,0,0,0,NA,0,003,HUNTINGTON,MYRTLE,0,NA,Y,A,-,N,NA,NA,NA,NA,NA,NA,NA,NA,NA,Y,4,0,1,2,A,-,12,21453,A,N,D,C,A,A,H,-,A,A,0,NA,NA,NA,NA,Y,NA,D,22,0,0,1,0,0,0,0,0,0,-,-,NA,NA,LOS ANGELES,MONROVIA,-118.00084006,34.14052002
8509403,2017,2017-12-20,1946,2017-09-08,1302,P56,NA,5,5,4,1946,0,0,0,NA,0,001,FOOTHILL,MYRTLE,114,W,N,A,-,N,NA,NA,NA,NA,NA,NA,NA,NA,NA,N,3,0,1,2,A,-,17,22517,NA,N,B,C,A,A,H,-,A,D,0,NA,NA,NA,Y,Y,NA,F,26,0,1,0,0,0,0,0,0,0,-,-,NA,NA,LOS ANGELES,MONROVIA,-118.00142585,34.15134304
8509404,2017,2017-12-19,1942,2017-11-15,0850,33122,1309,3,5,7,1942,0,0,0,M,0,24MQ48,WASHINGTON BL,ALAMEDA ST,100,E,N,B,-,N,NA,NA,NA,NA,NA,NA,NA,NA,NA,N,4,0,2,2,A,-,09,21804,A,N,D,D,A,A,H,-,A,D,0,NA,NA,NA,Y,Y,NA,A,01,0,0,2,0,0,0,0,0,0,-,-,NA,NA,LOS ANGELES,LOS ANGELES,-118.23922367,34.01989365
8509407,2017,2018-06-13,1946,2017-10-10,1614,P38,1946,2,5,4,1946,0,0,0,NA,0,003,CALIFORNIA,CENTRAL,0,NA,Y,A,-,N,NA,NA,NA,NA,NA,NA,NA,NA,NA,Y,3,0,1,3,A,-,12,21453,A,N,B,C,A,A,H,-,A,A,0,NA,NA,NA,Y,Y,Y,A,01,0,1,0,0,0,0,0,0,0,-,-,NA,NA,LOS ANGELES,MONROVIA,-117.99505012,34.13587007
8509408,2017,2017-12-19,1942,2017-11-13,1140,35182,473,1,5,7,1942,0,0,0,NA,0,4A3,SOTO ST,WHITTIER BL,80,N,N,A,-,N,NA,NA,NA,NA,NA,NA,NA,NA,NA,N,3,0,1,2,A,-,21,22106,NA,N,G,B,D,A,H,-,A,D,0,Y,NA,NA,NA,Y,Y,N,60,0,1,0,0,1,0,0,0,0,-,-,NA,NA,LOS ANGELES,LOS ANGELES,-118.21557949,34.0345651
8509416,2017,2018-01-10,1942,2017-11-08,1845,38550,1151,3,5,7,1942,0,0,0,K,0,11A51,SUNSET BL,NORMANDIE AV,0,NA,Y,A,-,N,NA,NA,NA,NA,NA,NA,NA,NA,NA,N,4,0,3,2,A,-,08,22107,NA,N,D,C,A,A,H,-,C,A,0,NA,NA,NA,NA,Y,NA,-,-,0,0,3,0,0,0,0,0,0,-,-,NA,NA,LOS ANGELES,LOS ANGELES,-118.30052013,34.09812009
8509419,2017,2017-12-19,1942,2017-11-10,1310,40315,0889,5,5,7,1942,0,0,0,H,0,20TL56,S LA CIENEGA BL,W 18TH ST,0,NA,Y,A,-,N,NA,NA,NA,NA,NA,NA,NA,NA,NA,Y,4,0,1,2,A,-,09,21801,A,N,A,C,A,A,H,-,A,A,0,NA,NA,NA,NA,Y,NA,A,07,0,0,1,0,0,0,0,0,0,-,-,NA,NA,LOS ANGELES,LOS ANGELES,-118.37684009,34.04451004
8509420,2017,2017-12-19,1942,2017-10-09,1418,40643,1153,1,5,7,1942,0,0,0,K,0,11A1,LOS FELIZ BL,FERN DELL DR,0,NA,Y,A,-,N,NA,NA,NA,NA,NA,NA,NA,NA,NA,Y,2,0,7,2,A,-,09,21801,A,N,D,C,A,A,H,-,A,A,0,NA,NA,NA,NA,Y,NA,A,01,1,3,3,0,0,0,0,0,0,-,-,NA,NA,LOS ANGELES,LOS ANGELES,-118.30786009,34.10808004
8509423,2017,2017-12-14,1942,2017-10-31,0957,42826,834,2,5,7,1942,0,0,0,NA,0,8A1,THAYER AV,OHIO AV,5,S,N,B,-,N,NA,NA,NA,NA,NA,NA,NA,NA,NA,Y,4,0,1,3,A,-,21,22106,NA,N,D,C,A,B,H,-,A,A,0,NA,NA,NA,NA,Y,NA,A,01,0,0,1,0,0,0,0,0,0,-,-,NA,NA,LOS ANGELES,LOS ANGELES,-118.4294109,34.05976857
8509425,2017,2017-12-14,1946,2017-10-20,2010,P35,NA,5,5,4,1946,0,0,0,NA,0,003,CHESTNUT,IVY,28,E,N,A,-,N,NA,NA,NA,NA,NA,NA,NA,NA,NA,N,4,0,1,2,A,-,09,21800,A,F,B,C,A,A,H,-,C,A,0,NA,NA,NA,NA,Y,NA,D,22,0,0,1,0,0,0,0,0,0,-,-,NA,NA,LOS ANGELES,MONROVIA,-117.99859768,34.14265085
8509427,2017,2017-12-18,1942,2017-10-30,0750,41003,0897,1,5,7,1942,0,0,0,H,0,9TL35,BAGLEY AV,NATIONAL BL,193,S,N,B,-,N,NA,NA,NA,NA,NA,NA,NA,NA,NA,N,3,0,1,2,A,-,09,21801,A,N,D,G,A,A,H,-,A,D,0,NA,Y,NA,NA,Y,NA,L,04,0,1,0,0,0,0,1,0,0,-,-,NA,NA,LOS ANGELES,LOS ANGELES,-118.39617334,34.03085843
8509428,2017,2017-12-19,1942,2017-10-03,1115,42994,1172,2,5,7,1942,0,0,0,K,0,11A51,DUANE ST,APEX AV,100,E,N,A,-,N,NA,NA,NA,NA,NA,NA,NA,NA,NA,N,4,0,1,2,A,-,08,22107,NA,N,E,J,A,A,H,-,A,D,0,NA,NA,NA,NA,Y,NA,A,01,0,0,1,0,0,0,0,0,0,-,-,NA,NA,LOS ANGELES,LOS ANGELES,-118.26162712,34.09103419
8509429,2017,2017-12-14,1946,2017-10-31,1856,436,1946,2,5,4,1946,0,0,0,NA,0,002,MAGNOLIA,MONTANA,84,S,N,A,-,N,NA,NA,NA,NA,NA,NA,NA,NA,NA,Y,3,0,1,2,A,-,05,21650,NA,N,A,C,A,A,H,-,C,D,0,NA,NA,NA,NA,Y,NA,A,01,0,1,0,0,0,0,0,0,0,-,-,NA,NA,LOS ANGELES,MONROVIA,-118.00515273,34.13659977
8509432,2017,2017-12-19,1942,2017-11-07,2210,38538,1341,2,5,7,1942,0,0,0,M,0,13A13,39TH ST,HILL ST,0,NA,Y,A,-,N,NA,NA,NA,NA,NA,NA,NA,NA,NA,N,4,0,1,2,A,-,12,22450,A,F,D,C,A,A,H,-,C,A,0,NA,NA,NA,NA,Y,NA,D,22,0,0,1,0,0,0,0,0,0,-,-,NA,NA,LOS ANGELES,LOS ANGELES,-118.27910006,34.01309008
8509439,2017,2017-12-18,1942,2017-10-25,1400,40164,0881,3,5,7,1942,0,0,0,H,0,8TL26,AMHERST AV,PICO BL,0,NA,Y,A,-,N,NA,NA,NA,NA,NA,NA,NA,NA,NA,N,4,0,1,3,A,-,12,22450,A,F,D,C,A,A,H,-,A,A,0,NA,NA,NA,NA,Y,NA,-,99,0,0,1,0,0,0,0,0,0,-,-,NA,NA,LOS ANGELES,LOS ANGELES,-118.45123009,34.02887005
8509441,2017,2017-12-16,1942,2017-11-28,1540,43034,1925,2,5,7,1942,0,0,0,NA,0,19A1,ASTORIA ST,NORRIS,0,NA,Y,A,-,N,NA,NA,NA,NA,NA,NA,NA,NA,NA,N,3,0,1,2,A,-,12,22450,A,F,D,C,A,A,H,-,A,A,0,NA,NA,NA,NA,Y,NA,-,99,0,1,0,0,0,0,0,0,0,-,-,NA,NA,LOS ANGELES,LOS ANGELES,-118.45071004,34.30089005
8509442,2017,2017-12-14,1942,2017-11-02,0700,42646,0884,4,5,7,1942,0,0,0,H,0,8A35,OLYMPIC BL,KELTON AV,200,W,N,C,-,N,NA,NA,NA,NA,NA,NA,NA,NA,NA,Y,3,0,1,2,A,-,03,22350,NA,N,F,I,A,B,H,-,A,D,0,NA,NA,NA,NA,Y,NA,A,01,0,1,0,0,0,0,0,0,0,-,-,NA,NA,LOS ANGELES,LOS ANGELES,-118.43411517,34.0424899
8509445,2017,2017-12-16,1942,2017-11-01,1700,36553,0853,3,5,7,1942,0,0,0,H,0,14TL52,SAWTELLE BL,MISSOURI AV,0,NA,Y,A,-,N,NA,NA,NA,NA,NA,NA,NA,NA,NA,Y,4,0,1,2,A,-,09,21802,A,N,D,C,A,A,H,-,A,D,0,NA,NA,NA,NA,Y,NA,A,01,0,0,1,0,0,0,0,0,0,-,-,NA,NA,LOS ANGELES,LOS ANGELES,-118.44498008,34.04251009
8509446,2017,2017-12-14,1942,2017-11-10,2115,25495,0811,5,5,7,1942,0,0,0,H,0,7T23,SUNSET BL,LOS LIONES DR,44,E,N,A,-,N,NA,NA,NA,NA,NA,NA,NA,NA,NA,Y,3,0,1,1,A,-,03,22350,NA,N,E,I,A,A,E,-,C,D,0,NA,NA,NA,NA,Y,NA,A,01,0,1,0,0,0,0,0,0,0,-,-,NA,NA,LOS ANGELES,LOS ANGELES,-118.55395298,34.04173582
8509449,2017,2017-12-16,1942,2017-11-11,1130,41858,0815,6,5,7,1942,0,0,0,H,0,8TL26,SOUTH SEPULVEDA BL,CONSTITUTION AV,300,S,N,A,-,N,NA,NA,NA,NA,NA,NA,NA,NA,NA,Y,4,0,1,2,A,-,03,22350,NA,N,C,C,A,A,H,-,A,D,0,NA,NA,NA,NA,Y,NA,A,01,0,0,1,0,0,0,0,0,0,-,-,NA,NA,LOS ANGELES,LOS ANGELES,-118.45447108,34.05947293
8509450,2017,2018-06-15,1942,2017-11-06,1015,41858,0872,1,5,7,1942,0,0,0,H,0,8TL26,PCH,CHAUTAUQUA BL,0,NA,Y,A,-,Y,LA,7,1,-,-,37.045,I,5,S,N,4,0,1,2,A,-,07,21658,A,N,B,C,A,A,H,-,A,D,0,NA,NA,NA,NA,Y,NA,A,01,0,0,1,0,0,0,0,0,0,-,-,NA,NA,LOS ANGELES,LOS ANGELES,-118.51947209,34.02816325
8509453,2017,2017-12-16,1942,2017-11-05,1800,38090,0889,7,5,7,1942,0,0,0,H,0,8TL35,LA CIENEGA BL,GUTHRIE AV,140,N,N,A,-,N,NA,NA,NA,NA,NA,NA,NA,NA,NA,Y,4,0,1,2,A,-,03,22350,NA,N,C,C,A,A,H,-,C,A,0,NA,NA,NA,NA,Y,NA,A,01,0,0,1,0,0,0,0,0,0,-,-,NA,NA,LOS ANGELES,LOS ANGELES,-118.3768922,34.04071526
8509454,2017,2017-12-14,1942,2017-11-03,1900,42431,0893,5,5,7,1942,0,0,0,H,0,8A13,SOUTH SEPULVEDA BL,RICHLAND AV,130,S,N,A,-,N,NA,NA,NA,NA,NA,NA,NA,NA,NA,Y,4,0,1,2,A,-,03,22350,NA,N,D,E,A,A,H,-,C,D,0,NA,NA,NA,NA,Y,NA,A,01,0,0,1,0,0,0,0,0,0,-,-,NA,NA,LOS ANGELES,LOS ANGELES,-118.43219729,34.0326862
8509457,2017,2017-12-16,1942,2017-11-11,1658,36940,0851,6,5,7,1942,0,0,0,H,0,34MQ12,IDAHO AV,SOUTH BUNDY DR,0,NA,Y,A,-,N,NA,NA,NA,NA,NA,NA,NA,NA,NA,N,4,0,1,4,A,-,04,21703,NA,N,C,C,A,A,H,-,A,D,0,NA,NA,NA,NA,Y,NA,A,07,0,0,1,0,0,0,0,0,0,-,-,NA,NA,LOS ANGELES,LOS ANGELES,-118.46131011,34.03884008