CASE_ID,ACCIDENT_YEAR,PROC_DATE,JURIS,COLLISION_DATE,COLLISION_TIME,OFFICER_ID,REPORTING_DISTRICT,DAY_OF_WEEK,CHP_SHIFT,POPULATION,CNTY_CITY_LOC,SPECIAL_COND,BEAT_TYPE,CHP_BEAT_TYPE,CITY_DIVISION_LAPD,CHP_BEAT_CLASS,BEAT_NUMBER,PRIMARY_RD,SECONDARY_RD,DISTANCE,DIRECTION,INTERSECTION,WEATHER_1,WEATHER_2,STATE_HWY_IND,CALTRANS_COUNTY,CALTRANS_DISTRICT,STATE_ROUTE,ROUTE_SUFFIX,POSTMILE_PREFIX,POSTMILE,LOCATION_TYPE,RAMP_INTERSECTION,SIDE_OF_HWY,TOW_AWAY,COLLISION_SEVERITY,NUMBER_KILLED,NUMBER_INJURED,PARTY_COUNT,PRIMARY_COLL_FACTOR,PCF_CODE_OF_VIOL,PCF_VIOL_CATEGORY,PCF_VIOLATION,PCF_VIOL_SUBSECTION,HIT_AND_RUN,TYPE_OF_COLLISION,MVIW,PED_ACTION,ROAD_SURFACE,ROAD_COND_1,ROAD_COND_2,LIGHTING,CONTROL_DEVICE,CHP_ROAD_TYPE,PEDESTRIAN_ACCIDENT,BICYCLE_ACCIDENT,MOTORCYCLE_ACCIDENT,TRUCK_ACCIDENT,NOT_PRIVATE_PROPERTY,ALCOHOL_INVOLVED,STWD_VEHTYPE_AT_FAULT,CHP_VEHTYPE_AT_FAULT,COUNT_SEVERE_INJ,COUNT_VISIBLE_INJ,COUNT_COMPLAINT_PAIN,COUNT_PED_KILLED,COUNT_PED_INJURED,COUNT_BICYCLIST_KILLED,COUNT_BICYCLIST_INJURED,COUNT_MC_KILLED,COUNT_MC_INJURED,PRIMARY_RAMP,SECONDARY_RAMP,LATITUDE,LONGITUDE,COUNTY,CITY,POINT_X,POINT_Y
8510329,2017,2017-12-14,1900,2017-10-09,1026,526692,1412,1,5,1,1932,0,0,0,NA,0,141T3,TEMPLE AV,BALDWIN PARK BL,1441,W,N,A,-,N,NA,NA,NA,NA,NA,NA,NA,NA,NA,N,2,0,2,2,A,-,07,21658,A,N,-,C,A,A,H,-,-,D,0,NA,NA,NA,NA,Y,NA,A,01,1,0,1,0,0,0,0,0,0,-,-,34.05928,-117.99591,LOS ANGELES,INDUSTRY,-117.9956871,34.05925594
8510330,2017,2017-12-18,1942,2017-10-26,1615,41729,0803,4,5,7,1942,0,0,0,H,0,8A53,SUNSET BL,RIVIERA RANCH RD,0,NA,Y,A,-,N,NA,NA,NA,NA,NA,NA,NA,NA,NA,N,4,0,1,2,A,-,09,21802,A,N,D,C,A,A,H,-,A,A,0,NA,NA,NA,NA,Y,NA,A,01,0,0,1,0,0,0,0,0,0,-,-,NA,NA,LOS ANGELES,LOS ANGELES,-118.49538004,34.06023007
8510333,2017,2017-12-14,1942,2017-10-26,1725,40099,0415,4,5,7,1942,0,0,0,D,0,4A15,E AVENUE 26,WORKMAN ST,0,E,N,A,-,N,NA,NA,NA,NA,NA,NA,NA,NA,NA,N,3,0,1,2,A,-,10,21950,A,N,G,B,B,A,H,-,A,A,0,Y,NA,NA,NA,Y,NA,A,01,0,1,0,0,1,0,0,0,0,-,-,NA,NA,LOS ANGELES,LOS ANGELES,-118.21444002,34.07651004
8510334,2017,2018-02-06,1942,2017-10-31,1425,37966,0818,2,5,7,1942,0,0,0,H,0,6TL4,W SUNSET BL,HILGARD AV,55,E,N,A,-,N,NA,NA,NA,NA,NA,NA,NA,NA,NA,Y,4,0,1,2,A,-,04,21703,NA,N,C,C,A,A,H,-,A,B,0,NA,NA,NA,NA,Y,NA,A,01,0,0,1,0,0,0,0,0,0,-,-,NA,NA,LOS ANGELES,LOS ANGELES,-118.43931412,34.07834958
8510337,2017,2017-12-14,1942,2017-10-24,1830,41629,1371,2,5,7,1942,0,0,0,M,0,13A85,S BROADWAY,58TH ST,15,N,N,A,-,N,NA,NA,NA,NA,NA,NA,NA,NA,NA,N,4,0,2,2,A,-,03,22350,NA,N,C,C,A,A,H,-,C,D,0,NA,NA,NA,NA,Y,NA,A,01,0,0,2,0,0,0,0,0,0,-,-,NA,NA,LOS ANGELES,LOS ANGELES,-118.2783,33.98977114
8510338,2017,2017-12-18,1942,2017-10-23,1420,40690,0851,1,5,7,1942,0,0,0,H,0,8A53,S BUNDY DR,IDAHO AV,40,N,N,A,-,N,NA,NA,NA,NA,NA,NA,NA,NA,NA,N,4,0,2,3,A,-,03,22350,NA,N,C,C,A,A,H,-,A,D,0,NA,NA,NA,NA,Y,NA,A,01,0,0,2,0,0,0,0,0,0,-,-,NA,NA,LOS ANGELES,LOS ANGELES,-118.46140266,34.03891803
8510341,2017,2017-12-14,1942,2017-10-08,0925,37952,1307,7,5,7,1942,0,0,0,M,0,13A9,S CENTRAL AV,8TH ST,450,N,N,A,-,N,NA,NA,NA,NA,NA,NA,NA,NA,NA,N,4,0,1,2,A,-,09,21804,A,N,H,G,A,-,H,-,A,D,0,NA,Y,NA,NA,Y,NA,A,07,0,0,1,0,0,0,1,0,0,-,-,NA,NA,LOS ANGELES,LOS ANGELES,-118.24263622,34.03471504
8510342,2017,2017-12-18,1942,2017-10-19,2200,41089,0858,4,5,7,1942,0,0,0,H,0,20T59,PICO BL,CREST DR,30,E,N,A,-,N,NA,NA,NA,NA,NA,NA,NA,NA,NA,Y,4,0,4,3,A,-,03,22350,NA,N,C,C,A,A,H,-,C,D,0,NA,NA,NA,NA,Y,NA,A,07,0,0,4,0,0,0,0,0,0,-,-,NA,NA,LOS ANGELES,LOS ANGELES,-118.38773114,34.05526
8510345,2017,2017-12-14,1942,2017-10-02,1735,40099,1323,1,5,7,1942,0,0,0,M,0,24T51,SAN PEDRO ST,ADAMS ST,40,N,N,A,-,N,NA,NA,NA,NA,NA,NA,NA,NA,NA,N,4,0,1,2,A,-,07,21658,A,N,B,C,A,A,H,-,A,D,0,NA,NA,NA,NA,Y,NA,A,01,0,0,1,0,0,0,0,0,0,-,-,NA,NA,LOS ANGELES,LOS ANGELES,-118.2612398,34.02169757
8510346,2017,2017-12-18,1942,2017-10-09,0935,35945,0847,1,5,7,1942,0,0,0,H,0,6T7,OLYMPIC BL,BEVERLY GLEN BL,0,NA,Y,A,-,N,NA,NA,NA,NA,NA,NA,NA,NA,NA,Y,4,0,1,2,A,-,09,21801,A,N,D,C,A,A,H,-,A,A,0,NA,NA,Y,NA,Y,NA,A,01,0,0,1,0,0,0,0,0,1,-,-,NA,NA,LOS ANGELES,LOS ANGELES,-118.4205601,34.0503401
8510350,2017,2017-12-18,1942,2017-10-18,1140,40690,0858,3,5,7,1942,0,0,0,H,0,20TL59,WHITWORTH DR,S ROBERTSON BL,0,NA,Y,A,-,N,NA,NA,NA,NA,NA,NA,NA,NA,NA,Y,4,0,1,2,A,-,09,21801,A,N,A,C,A,A,A,-,A,A,0,NA,NA,NA,NA,Y,NA,A,07,0,0,1,0,0,0,0,0,0,-,-,NA,NA,LOS ANGELES,LOS ANGELES,-118.38369009,34.05710001
8510353,2017,2017-12-14,1942,2017-10-25,0635,38050,1321,3,5,7,1942,0,0,0,M,0,24TL27,S HILLS ST,23RD ST,25,S,N,A,-,N,NA,NA,NA,NA,NA,NA,NA,NA,NA,N,3,0,2,2,A,-,03,22350,NA,N,C,C,A,A,H,-,B,D,0,NA,NA,NA,NA,Y,NA,A,01,0,1,1,0,0,0,0,0,0,-,-,NA,NA,LOS ANGELES,LOS ANGELES,-118.2691085,34.02846939
8510354,2017,2017-12-18,1942,2017-10-11,1645,41858,0857,3,5,7,1942,0,0,0,H,0,14TL54,W PICO BL,S CASTELLO AVE,0,NA,Y,A,-,N,NA,NA,NA,NA,NA,NA,NA,NA,NA,Y,4,0,2,2,A,-,09,21802,A,N,D,C,A,A,H,-,A,A,0,NA,NA,NA,NA,Y,NA,A,01,0,0,2,0,0,0,0,0,0,-,-,NA,NA,LOS ANGELES,LOS ANGELES,-118.40121003,34.05431003
8510357,2017,2017-12-14,1942,2017-10-22,1405,38092,1346,7,5,7,1942,0,0,0,M,0,13XL3,E 42ND ST,DORSEY ST,20,W,N,A,-,N,NA,NA,NA,NA,NA,NA,NA,NA,NA,N,3,0,1,2,C,-,18,NA,NA,F,D,G,A,A,H,-,A,D,0,NA,Y,NA,NA,Y,NA,-,-,0,1,0,0,0,0,1,0,0,-,-,NA,NA,LOS ANGELES,LOS ANGELES,-118.24866521,34.00670767
8510358,2017,2018-02-06,1942,2017-10-30,1600,41179,0854,1,5,7,1942,0,0,0,H,0,20T56,SANTA MONICA BL,BELOIT AV,0,NA,Y,A,-,N,NA,NA,NA,NA,NA,NA,NA,NA,NA,Y,4,0,1,2,A,-,12,21453,A,N,D,C,A,A,H,-,A,A,0,NA,NA,NA,NA,Y,NA,-,-,0,0,1,0,0,0,0,0,0,-,-,NA,NA,LOS ANGELES,LOS ANGELES,-118.44723007,34.04680003
8510361,2017,2017-12-14,1942,2017-10-28,1156,37540,1391,6,5,7,1942,0,0,0,M,0,13A93,W GAGE AVE,E GRAND AVE,148,E,N,A,-,N,NA,NA,NA,NA,NA,NA,NA,NA,NA,Y,4,0,2,2,A,-,09,21804,A,N,D,C,A,A,H,-,A,D,0,NA,NA,NA,NA,Y,NA,A,01,0,0,2,0,0,0,0,0,0,-,-,NA,NA,LOS ANGELES,LOS ANGELES,-118.27968276,33.98237
8510362,2017,2017-12-18,1942,2017-10-12,0850,36553,0858,4,5,7,1942,0,0,0,H,0,14TL49,ROBERTSON BL,PICO BL,0,NA,Y,A,-,N,NA,NA,NA,NA,NA,NA,NA,NA,NA,Y,4,0,2,2,A,-,12,21453,A,N,A,C,A,A,H,-,A,A,0,NA,NA,NA,NA,Y,NA,A,01,0,0,2,0,0,0,0,0,0,-,-,NA,NA,LOS ANGELES,LOS ANGELES,-118.38372004,34.05478004
8510363,2017,2017-12-14,1905,2017-10-18,1837,1124,443,3,5,4,1905,0,0,0,NA,0,001,E ARROW HWY,CERRITOS AV,434,E,N,A,-,N,NA,NA,NA,NA,NA,NA,NA,NA,NA,Y,3,0,2,1,A,-,08,22107,NA,N,B,I,A,A,H,-,B,D,0,NA,NA,NA,NA,Y,Y,A,01,0,1,1,0,0,0,0,0,0,-,-,34.10668,-117.88989,LOS ANGELES,AZUSA,-117.89752975,34.10677797
8510365,2017,2017-12-14,1942,2017-10-25,1450,41661,1362,3,5,7,1942,0,0,0,M,0,13A61,AVALON BL,50TH ST,50,S,N,A,-,N,NA,NA,NA,NA,NA,NA,NA,NA,NA,Y,4,0,1,4,A,-,08,22107,NA,N,D,C,A,A,H,-,A,D,0,NA,NA,NA,NA,Y,NA,A,01,0,0,1,0,0,0,0,0,0,-,-,NA,NA,LOS ANGELES,LOS ANGELES,-118.26523798,33.99742289
8510366,2017,2017-12-18,1942,2017-10-31,1425,41858,0818,2,5,7,1942,0,0,0,H,0,8TL26,W SUNSET BL,HILGARD AV,80,E,N,A,-,N,NA,NA,NA,NA,NA,NA,NA,NA,NA,Y,4,0,1,3,A,-,03,22350,NA,N,C,C,A,A,H,-,A,D,0,NA,NA,NA,NA,Y,NA,A,01,0,0,1,0,0,0,0,0,0,-,-,NA,NA,LOS ANGELES,LOS ANGELES,-118.43924781,34.07839029
8510369,2017,2018-01-17,1942,2017-10-17,1015,36607,1133,2,5,7,1942,0,0,0,K,0,11L40,GLENDALE BL,FLETCHER,150,W,N,A,-,N,NA,NA,NA,NA,NA,NA,NA,NA,NA,N,4,0,1,2,A,-,07,21658,A,N,B,C,A,A,H,-,A,D,0,NA,NA,NA,NA,Y,NA,-,-,0,0,1,0,0,0,0,0,0,-,-,NA,NA,LOS ANGELES,LOS ANGELES,-118.25940501,34.10483501
8510370,2017,2017-12-18,1942,2017-10-28,2325,39624,0839,6,5,7,1942,0,0,0,H,0,8TL35,CENTURY PARK EAST,W OLYMPIC BL,0,NA,Y,A,-,N,NA,NA,NA,NA,NA,NA,NA,NA,NA,N,4,0,2,3,A,-,12,21453,A,N,D,C,A,A,H,-,C,A,0,NA,NA,NA,NA,Y,NA,A,01,0,0,2,0,0,0,0,0,0,-,-,NA,NA,LOS ANGELES,LOS ANGELES,-118.41194004,34.0584501
8510373,2017,2017-12-14,1942,2017-10-07,1800,42720,1351,6,5,7,1942,0,0,0,M,0,13A85,MARTIN LUTHER KING JR BL,HILL ST,0,NA,Y,A,-,N,NA,NA,NA,NA,NA,NA,NA,NA,NA,N,4,0,2,2,A,-,09,21801,NA,N,A,C,A,A,H,-,B,A,0,NA,NA,NA,NA,Y,NA,A,01,0,0,2,0,0,0,0,0,0,-,-,NA,NA,LOS ANGELES,LOS ANGELES,-118.28043,34.01108007
8510374,2017,2018-06-15,1942,2017-10-26,2245,37613,0898,4,5,7,1942,0,0,0,H,0,14T47,RT 10,LA CIENEGA BL,25,E,N,A,-,Y,LA,7,10,-,R,8.625,R,1,E,N,4,0,2,3,A,-,03,22350,NA,N,C,C,A,A,H,-,C,D,0,NA,NA,NA,NA,Y,NA,A,01,0,0,2,0,0,0,0,0,0,-,-,NA,NA,LOS ANGELES,LOS ANGELES,-118.38122843,34.0363835
8510378,2017,2017-12-18,1946,2017-10-08,1703,P25,1946,7,5,4,1946,0,0,0,NA,0,001,EAST FOOTHILL,SHAMROCK,0,NA,Y,A,-,N,NA,NA,NA,NA,NA,NA,NA,NA,NA,Y,4,0,1,2,A,-,09,21801,A,N,D,C,A,A,H,-,A,A,0,NA,NA,NA,NA,Y,NA,A,01,0,0,1,0,0,0,0,0,0,-,-,NA,NA,LOS ANGELES,MONROVIA,-117.99068004,34.15149003
8510381,2017,2018-01-17,1942,2017-10-08,0225,42380,0645,7,5,7,1942,0,0,0,F,0,6A67W3,HOLLYWOOD BL,ORANGE DR,0,NA,N,B,-,N,NA,NA,NA,NA,NA,NA,NA,NA,NA,N,2,0,1,2,A,-,12,21453,A,N,A,B,B,A,H,-,C,A,0,Y,NA,NA,NA,Y,Y,A,01,1,0,0,0,1,0,0,0,0,-,-,NA,NA,LOS ANGELES,LOS ANGELES,-118.34172011,34.10154011
8510382,2017,2017-12-18,1946,2017-10-17,1651,P20,PASAD,2,5,4,1946,0,0,0,NA,0,003,PECK,LIVE OAK,300,S,N,A,-,N,NA,NA,NA,NA,NA,NA,NA,NA,NA,Y,4,0,2,2,A,-,03,22350,NA,N,C,C,A,A,H,-,A,D,0,NA,NA,NA,NA,Y,NA,A,01,0,0,2,0,0,0,0,0,0,-,-,NA,NA,LOS ANGELES,MONROVIA,-118.00508938,34.11037236
8510385,2017,2017-12-14,1942,2017-10-20,0840,38408,0898,5,5,7,1942,0,0,0,H,0,34M68,NATIONAL BL,VENICE BL,200,N,N,B,-,N,NA,NA,NA,NA,NA,NA,NA,NA,NA,N,4,0,1,2,A,-,07,21658,A,N,B,G,A,A,H,-,A,D,0,NA,Y,NA,NA,Y,NA,A,01,0,0,1,0,0,0,1,0,0,-,-,NA,NA,LOS ANGELES,LOS ANGELES,-118.38879563,34.02978143
8510386,2017,2017-12-18,1946,2017-10-20,0737,A1,LOSAN,5,5,4,1946,0,0,0,NA,0,003,HUNTINGTON DR,SHAMROCK,0,NA,Y,B,-,N,NA,NA,NA,NA,NA,NA,NA,NA,NA,Y,4,0,1,2,A,-,12,21453,A,N,D,C,A,B,H,-,A,A,0,NA,NA,NA,NA,Y,NA,A,01,0,0,1,0,0,0,0,0,0,-,-,34.14058,-117.99076,LOS ANGELES,MONROVIA,-117.99082001,34.14063
8510389,2017,2017-12-14,1942,2017-10-30,0950,35945,0817,1,5,7,1942,0,0,0,H,0,6TL7,GAYLEY AV,WEYBURN AV,0,NA,Y,B,-,N,NA,NA,NA,NA,NA,NA,NA,NA,NA,Y,4,0,2,2,A,-,09,21801,A,N,A,C,A,A,H,-,A,A,0,NA,NA,NA,NA,Y,NA,A,08,0,0,2,0,0,0,0,0,0,-,-,NA,NA,LOS ANGELES,LOS ANGELES,-118.44796005,34.06198004
8510390,2017,2017-12-18,1946,2017-10-27,0850,P16,1946,5,5,4,1946,0,0,0,NA,0,001,LIME,MYRTLE,110,E,N,A,-,N,NA,NA,NA,NA,NA,NA,NA,NA,NA,Y,3,0,1,1,A,-,03,22350,NA,N,-,I,A,A,H,-,A,D,0,NA,NA,NA,NA,Y,NA,A,01,0,1,0,0,0,0,0,0,0,-,-,NA,NA,LOS ANGELES,MONROVIA,-118.00097,34.14807
8510391,2017,2017-12-14,1946,2017-10-01,0415,P44,1946,7,5,4,1946,0,0,0,NA,0,001,W FOOTHILL,SUNSET,82,W,N,A,-,N,NA,NA,NA,NA,NA,NA,NA,NA,NA,Y,3,0,1,1,A,-,01,23152,F,N,A,I,A,A,H,-,C,D,0,NA,NA,NA,NA,Y,NA,A,01,0,1,0,0,0,0,0,0,0,-,-,NA,NA,LOS ANGELES,MONROVIA,-118.01623042,34.15117
8510393,2017,2017-12-14,1942,2017-10-27,0600,38138,0859,5,5,7,1942,0,0,0,H,0,8X99W2,ROBERTSON BL,PICKFORD ST,0,NA,Y,A,-,N,NA,NA,NA,NA,NA,NA,NA,NA,NA,N,4,0,1,3,A,-,03,22350,NA,N,C,D,A,A,H,-,B,A,0,NA,NA,NA,NA,Y,NA,A,07,0,0,1,0,0,0,0,0,0,-,-,NA,NA,LOS ANGELES,LOS ANGELES,-118.38437007,34.05060009
8510395,2017,2017-12-14,1946,2017-10-27,1132,A2,1946,5,5,4,1946,0,0,0,NA,0,002,HUNTINGTON,MYRTLE,0,NA,Y,A,-,N,NA,NA,NA,NA,NA,NA,NA,NA,NA,N,4,0,1,2,A,-,06,21750,A,N,D,G,A,A,H,-,A,A,0,NA,Y,NA,NA,Y,NA,L,04,0,0,1,0,0,0,1,0,0,-,-,NA,NA,LOS ANGELES,MONROVIA,-118.00084006,34.14052002
8510397,2017,2017-12-14,1942,2017-10-29,1850,42608,0834,7,5,7,1942,0,0,0,H,0,8A36W7,MANNING AV,EASTBORNE AV,0,NA,Y,A,-,N,NA,NA,NA,NA,NA,NA,NA,NA,NA,N,4,0,1,2,A,-,10,21950,A,N,G,B,B,A,H,-,C,D,0,Y,NA,NA,NA,Y,NA,A,01,0,0,1,0,1,0,0,0,0,-,-,NA,NA,LOS ANGELES,LOS ANGELES,-118.4321901,34.05327004
8510398,2017,2017-12-18,1946,2017-10-23,1925,A9,NA,1,5,4,1946,0,0,0,NA,0,003,HUNTINGTON,MOUTAIN,25,W,N,A,-,N,NA,NA,NA,NA,NA,NA,NA,NA,NA,N,4,0,1,2,A,-,03,22350,NA,F,C,C,A,A,H,-,C,A,0,NA,NA,NA,NA,Y,NA,A,01,0,0,1,0,0,0,0,0,0,-,-,NA,NA,LOS ANGELES,MONROVIA,-117.98633,34.13947
8510399,2017,2017-12-14,1942,2017-10-11,1017,42903,1119,3,5,7,1942,0,0,0,K,0,11A37,FIGUEROA ST,LA LOMA RD,0,NA,Y,A,-,N,NA,NA,NA,NA,NA,NA,NA,NA,NA,Y,3,0,1,2,A,-,12,21453,A,N,D,C,A,A,H,-,A,D,0,NA,NA,NA,NA,Y,NA,A,01,0,1,0,0,0,0,0,0,0,-,-,NA,NA,LOS ANGELES,LOS ANGELES,-118.18810006,34.13668002
8510482,2017,2017-12-20,1946,2017-09-18,1756,49,NA,1,5,4,1946,0,0,0,NA,0,002,W COLORADO,ALTA VISTA,0,NA,Y,A,-,N,NA,NA,NA,NA,NA,NA,NA,NA,NA,Y,4,0,1,2,A,-,12,22450,A,N,D,C,A,A,H,-,A,A,0,NA,NA,NA,NA,Y,NA,A,01,0,0,1,0,0,0,0,0,0,-,-,NA,NA,LOS ANGELES,MONROVIA,-118.00750009,34.14581008
8510486,2017,2017-12-20,1946,2017-09-10,1120,D6,1946,7,5,4,1946,0,0,0,NA,0,001,PALM,PRIMROSE,0,NA,Y,A,-,N,NA,NA,NA,NA,NA,NA,NA,NA,NA,Y,4,0,1,2,A,-,12,22450,NA,N,D,C,A,A,H,-,A,D,0,NA,NA,NA,NA,Y,NA,A,01,0,0,1,0,0,0,0,0,0,-,-,NA,NA,LOS ANGELES,MONROVIA,-118.00317001,34.14914011
8510490,2017,2017-12-20,1946,2017-09-07,0705,P56,NA,4,5,4,1946,0,0,0,NA,0,003,ROYAL OAKS,BRADBURY,0,NA,Y,A,-,N,NA,NA,NA,NA,NA,NA,NA,NA,NA,Y,3,0,2,2,A,-,09,21801,A,N,-,C,A,A,H,-,A,A,0,NA,NA,NA,NA,Y,NA,A,01,0,1,1,0,0,0,0,0,0,-,-,NA,NA,LOS ANGELES,MONROVIA,-117.98197002,34.1432101
8510494,2017,2017-12-20,1946,2017-09-30,1843,P44,1946,6,5,4,1946,0,0,0,NA,0,001,MOUTAIN,LEMON,0,NA,Y,A,-,N,NA,NA,NA,NA,NA,NA,NA,NA,NA,N,4,0,1,2,A,-,08,22107,NA,N,B,C,A,A,H,-,C,D,0,NA,NA,NA,NA,Y,NA,A,07,0,0,1,0,0,0,0,0,0,-,-,NA,NA,LOS ANGELES,MONROVIA,-117.9863,34.14686
8510495,2017,2017-12-20,1942,2017-11-14,1753,41847,1321,2,5,7,1942,0,0,0,M,0,NA,WASHINGTON BL,BROADWAY AV,0,NA,Y,A,-,N,NA,NA,NA,NA,NA,NA,NA,NA,NA,Y,4,0,1,2,A,-,12,21453,A,F,D,C,A,A,H,-,C,A,0,NA,NA,NA,NA,Y,NA,-,99,0,0,1,0,0,0,0,0,0,-,-,NA,NA,LOS ANGELES,LOS ANGELES,-118.26575006,34.03144011
8510498,2017,2017-12-20,1946,2017-09-06,1421,A1,1946,3,5,4,1946,0,0,0,NA,0,001,MYRTLE,PALM,0,NA,Y,A,-,N,NA,NA,NA,NA,NA,NA,NA,NA,NA,Y,4,0,1,2,A,-,12,21453,A,N,D,C,A,A,H,-,A,A,0,NA,NA,NA,NA,Y,NA,A,01,0,0,1,0,0,0,0,0,0,-,-,34.14919,-118.00098,LOS ANGELES,MONROVIA,-118.00101011,34.14916009
8510499,2017,2017-12-20,1942,2017-11-11,2350,42681,1346,6,5,7,1942,0,0,0,M,0,13A27,VERNON AV,HOOPER AV,0,NA,Y,A,-,N,NA,NA,NA,NA,NA,NA,NA,NA,NA,Y,3,0,1,2,A,-,03,22350,NA,F,C,E,A,A,H,-,C,A,0,NA,NA,NA,NA,Y,Y,-,99,0,1,0,0,0,0,0,0,0,-,-,NA,NA,LOS ANGELES,LOS ANGELES,-118.2521401,34.00389007
8510502,2017,2017-12-19,1946,2017-09-28,2148,P36,1946,4,5,4,1946,0,0,0,NA,0,002,HUNTINGTON,MONTEREY,0,NA,Y,A,-,N,NA,NA,NA,NA,NA,NA,NA,NA,NA,Y,4,0,2,2,D,-,00,NA,NA,N,D,C,A,A,H,-,C,A,0,NA,NA,NA,NA,Y,NA,-,-,0,0,2,0,0,0,0,0,0,-,-,NA,NA,LOS ANGELES,MONROVIA,-118.01420008,34.14032007
8510503,2017,2017-12-20,1942,2017-11-27,0720,42576,1591,1,5,7,1942,0,0,0,O,0,1567,VENTURA BL,GOODLAND AV,0,NA,Y,B,-,N,NA,NA,NA,NA,NA,NA,NA,NA,NA,N,3,0,1,3,A,-,11,21954,A,N,G,B,D,B,H,-,A,D,0,Y,NA,NA,NA,Y,Y,N,60,0,1,0,0,1,0,0,0,0,-,-,NA,NA,LOS ANGELES,LOS ANGELES,-118.41154007,34.14476001
8510506,2017,2018-06-21,1946,2017-09-06,1745,P38,PASAD,3,5,4,1946,0,0,0,NA,0,002,HUNTINGTON,RT 210,0,NA,Y,A,-,Y,LA,7,210,-,R,32.739,R,4,W,N,4,0,1,2,A,-,09,21801,A,N,D,C,A,A,H,-,A,A,0,NA,NA,NA,NA,Y,NA,A,01,0,0,1,0,0,0,0,0,0,-,-,NA,NA,LOS ANGELES,MONROVIA,-118.01878538,34.1420317
8510510,2017,2017-12-19,1946,2017-09-20,1853,P35,NA,3,5,4,1946,0,0,0,NA,0,003,DUARTE,WALKER,785,E,N,A,-,N,NA,NA,NA,NA,NA,NA,NA,NA,NA,N,3,0,2,2,A,-,03,22350,NA,N,C,D,A,A,H,-,C,A,0,NA,NA,NA,NA,Y,NA,A,07,0,1,1,0,0,0,0,0,0,-,-,NA,NA,LOS ANGELES,MONROVIA,-117.9969231,34.13223735
8510514,2017,2017-12-19,1946,2017-09-16,1949,P36,1946,6,5,4,1946,0,0,0,NA,0,002,MAGNOLIA,CYPRESS,0,NA,Y,A,-,N,NA,NA,NA,NA,NA,NA,NA,NA,NA,Y,4,0,1,2,A,-,09,21802,A,N,A,C,A,A,H,-,C,D,0,NA,NA,NA,NA,Y,NA,A,01,0,0,1,0,0,0,0,0,0,-,-,NA,NA,LOS ANGELES,MONROVIA,-118.00519005,34.13916006
8510515,2017,2017-12-20,1942,2017-11-18,1745,38330,0489,6,5,7,1942,0,0,0,D,0,4A3,8TH ST,SOTO ST,0,NA,Y,A,-,N,NA,NA,NA,NA,NA,NA,NA,NA,NA,Y,4,0,1,3,A,-,09,21801,A,N,D,C,A,A,H,-,C,A,0,NA,NA,NA,NA,Y,NA,A,01,0,0,1,0,0,0,0,0,0,-,-,NA,NA,LOS ANGELES,LOS ANGELES,-118.21943003,34.02808008
8510516,2017,2017-12-18,1942,2017-10-27,0815,39961,NA,5,5,7,1942,0,0,0,NA,0,1373,MCKINLEY AV,54TH ST,5,S,N,A,-,N,NA,NA,NA,NA,NA,NA,NA,NA,NA,N,3,0,1,2,A,-,10,21950,A,N,H,G,A,A,H,-,A,A,0,NA,Y,NA,NA,Y,NA,A,01,0,1,0,0,0,0,1,0,0,-,-,NA,NA,LOS ANGELES,LOS ANGELES,-118.26086,33.99340629
8510518,2017,2017-12-19,1946,2017-09-18,0828,A4,1946,1,5,4,1946,0,0,0,NA,0,003,MYRTLE,EL SUR,12,S,N,A,-,N,NA,NA,NA,NA,NA,NA,NA,NA,NA,N,4,0,1,2,A,-,09,21802,A,F,H,A,A,A,H,-,A,A,0,NA,NA,Y,NA,Y,NA,A,01,0,0,1,0,0,0,0,0,1,-,-,NA,NA,LOS ANGELES,MONROVIA,-118.0016304,34.1264271
8510519,2017,2017-12-20,1953,2017-11-21,1504,8091,PASAD,2,5,6,1953,0,0,0,NA,0,003,PARKWOOD AV,WALNUT ST,15,S,N,A,-,N,NA,NA,NA,NA,NA,NA,NA,NA,NA,N,3,0,1,2,A,-,21,22106,NA,N,B,B,F,A,H,-,A,D,0,Y,NA,NA,NA,Y,NA,A,01,0,1,0,0,1,0,0,0,0,-,-,NA,NA,LOS ANGELES,PASADENA,-118.11187965,34.14950887
8510520,2017,2017-12-20,1942,2017-10-30,0840,31324,1185,1,5,7,1942,0,0,0,K,0,11A95,ACADEMY RD,E STADIUM,265,NA,N,B,-,N,NA,NA,NA,NA,NA,NA,NA,NA,NA,N,4,0,1,2,A,-,08,22107,NA,N,D,C,A,A,H,-,A,A,0,NA,NA,NA,NA,Y,NA,A,01,0,0,1,0,0,0,0,0,0,-,-,NA,NA,LOS ANGELES,LOS ANGELES,-118.24803001,34.08081004
8510530,2017,2018-01-26,1942,2017-09-24,1700,39755,1521,7,5,7,1942,0,0,0,O,0,15A44,FULTON AV,HART ST,500,S,N,-,-,N,NA,NA,NA,NA,NA,NA,NA,NA,NA,N,3,0,1,2,A,-,11,21954,A,N,D,B,E,A,H,-,-,D,0,Y,NA,NA,NA,Y,NA,N,60,0,1,0,0,1,0,0,0,0,-,-,NA,NA,LOS ANGELES,LOS ANGELES,-118.42251615,34.19619858
8510542,2017,2017-12-20,1910,2017-11-09,1645,03209,NA,4,5,4,1910,0,0,0,NA,0,006,N DOHENY DR,CINTHIA ST,0,NA,Y,A,-,N,NA,NA,NA,NA,NA,NA,NA,NA,NA,Y,4,0,3,2,A,-,09,21802,A,N,D,C,A,A,H,-,A,A,0,NA,NA,NA,NA,Y,NA,A,01,0,0,3,0,0,0,0,0,0,-,-,NA,NA,LOS ANGELES,BEVERLY HILLS,-118.38979005,34.08728003
8510546,2017,2017-12-20,1942,2017-11-03,0445,41878,1239,5,5,7,1942,0,0,0,L,0,12A45,FIGUEROA AV,59TH PL,10,N,N,A,-,N,NA,NA,NA,NA,NA,NA,NA,NA,NA,Y,3,0,1,1,C,-,18,NA,NA,N,A,C,A,A,H,-,C,A,0,NA,NA,NA,NA,Y,NA,-,-,0,1,0,0,0,0,0,0,0,-,-,NA,NA,LOS ANGELES,LOS ANGELES,-118.2827,33.98596743