CASE_ID,ACCIDENT_YEAR,PROC_DATE,JURIS,COLLISION_DATE,COLLISION_TIME,OFFICER_ID,REPORTING_DISTRICT,DAY_OF_WEEK,CHP_SHIFT,POPULATION,CNTY_CITY_LOC,SPECIAL_COND,BEAT_TYPE,CHP_BEAT_TYPE,CITY_DIVISION_LAPD,CHP_BEAT_CLASS,BEAT_NUMBER,PRIMARY_RD,SECONDARY_RD,DISTANCE,DIRECTION,INTERSECTION,WEATHER_1,WEATHER_2,STATE_HWY_IND,CALTRANS_COUNTY,CALTRANS_DISTRICT,STATE_ROUTE,ROUTE_SUFFIX,POSTMILE_PREFIX,POSTMILE,LOCATION_TYPE,RAMP_INTERSECTION,SIDE_OF_HWY,TOW_AWAY,COLLISION_SEVERITY,NUMBER_KILLED,NUMBER_INJURED,PARTY_COUNT,PRIMARY_COLL_FACTOR,PCF_CODE_OF_VIOL,PCF_VIOL_CATEGORY,PCF_VIOLATION,PCF_VIOL_SUBSECTION,HIT_AND_RUN,TYPE_OF_COLLISION,MVIW,PED_ACTION,ROAD_SURFACE,ROAD_COND_1,ROAD_COND_2,LIGHTING,CONTROL_DEVICE,CHP_ROAD_TYPE,PEDESTRIAN_ACCIDENT,BICYCLE_ACCIDENT,MOTORCYCLE_ACCIDENT,TRUCK_ACCIDENT,NOT_PRIVATE_PROPERTY,ALCOHOL_INVOLVED,STWD_VEHTYPE_AT_FAULT,CHP_VEHTYPE_AT_FAULT,COUNT_SEVERE_INJ,COUNT_VISIBLE_INJ,COUNT_COMPLAINT_PAIN,COUNT_PED_KILLED,COUNT_PED_INJURED,COUNT_BICYCLIST_KILLED,COUNT_BICYCLIST_INJURED,COUNT_MC_KILLED,COUNT_MC_INJURED,PRIMARY_RAMP,SECONDARY_RAMP,LATITUDE,LONGITUDE,COUNTY,CITY,POINT_X,POINT_Y
8510565,2017,2017-12-19,1942,2017-11-07,0740,38050,1322,2,5,7,1942,0,0,0,M,0,24T213,MAPLE AV,E 25TH ST,0,NA,Y,A,-,N,NA,NA,NA,NA,NA,NA,NA,NA,NA,N,4,0,2,2,A,-,09,21802,A,N,D,C,A,A,H,-,A,A,0,NA,NA,NA,NA,Y,NA,A,01,0,0,2,0,0,0,0,0,0,-,-,NA,NA,LOS ANGELES,LOS ANGELES,-118.2648901,34.02432011
8510596,2017,2018-02-28,1941,2017-11-28,0751,5617,NA,2,5,7,1941,0,0,0,NA,0,004,PACIFIC AV,WILLARD AV,108,S,N,A,-,N,NA,NA,NA,NA,NA,NA,NA,NA,NA,Y,4,0,1,2,D,-,00,NA,NA,N,C,C,A,A,-,-,A,D,0,NA,NA,NA,NA,Y,NA,-,-,0,0,1,0,0,0,0,0,0,-,-,NA,NA,LOS ANGELES,LONG BEACH,-118.19377,33.79430383
8510623,2017,2017-12-18,1942,2017-10-12,2000,38458,1793,4,5,7,1942,0,0,0,Q,0,17A67,TAMPA AV,PARTHENIA ST,0,NA,Y,A,-,N,NA,NA,NA,NA,NA,NA,NA,NA,NA,Y,4,0,1,2,A,-,03,22350,NA,N,D,C,A,A,H,-,C,A,0,NA,NA,Y,NA,Y,NA,C,02,0,0,1,0,0,0,0,0,0,-,-,NA,NA,LOS ANGELES,LOS ANGELES,-118.55355009,34.22823004
8510627,2017,2017-12-19,1942,2017-10-04,1715,41387,0412,3,5,7,1942,0,0,0,D,0,4A6,W AVE 31,SOTO ST,300,W,N,A,-,N,NA,NA,NA,NA,NA,NA,NA,NA,NA,N,3,0,1,3,C,-,18,NA,NA,N,C,B,E,A,H,-,C,D,0,Y,NA,NA,NA,Y,NA,-,-,0,1,0,0,1,0,0,0,0,-,-,NA,NA,LOS ANGELES,LOS ANGELES,NA,NA
8510631,2017,2017-12-19,1942,2017-10-27,1440,34168,0469,5,5,7,1942,0,0,0,D,0,NA,4TH ST,INDIANA ST,25,W,N,A,-,N,NA,NA,NA,NA,NA,NA,NA,NA,NA,NA,3,0,1,2,A,-,08,22107,NA,N,C,C,A,A,H,-,A,D,0,NA,NA,Y,NA,Y,NA,A,01,0,1,0,0,0,0,0,0,1,-,-,NA,NA,LOS ANGELES,LOS ANGELES,-118.19245546,34.03202744
8510635,2017,2017-12-18,1972,2017-10-11,2322,20050,NA,3,5,6,1972,0,0,0,NA,0,NA,KONYA DR,EARL ST,200,E,N,A,-,N,NA,NA,NA,NA,NA,NA,NA,NA,NA,Y,3,0,1,3,A,-,01,23152,A,N,A,E,A,A,H,-,C,D,0,NA,NA,NA,NA,Y,Y,A,NA,0,1,0,0,0,0,0,0,0,-,-,NA,NA,LOS ANGELES,TORRANCE,-118.35740256,33.84804
8510639,2017,2018-01-08,1942,2017-10-28,1410,41986,LAPD,6,5,7,1942,0,0,0,NA,0,A93,37TH ST,HOPE ST,15,W,N,A,-,N,NA,NA,NA,NA,NA,NA,NA,NA,NA,Y,3,0,1,2,A,-,12,21453,A,N,D,C,A,A,H,-,A,A,0,NA,NA,NA,NA,Y,NA,-,-,0,1,0,0,0,0,0,0,0,-,-,NA,NA,LOS ANGELES,LOS ANGELES,-118.27944344,34.01706959
8510719,2017,2017-12-19,1942,2017-10-02,0530,41803,1102,1,5,7,1942,0,0,0,K,0,LOSANG,CHEVY CHASE,BRUNSWICK AV,0,NA,Y,A,-,N,NA,NA,NA,NA,NA,NA,NA,NA,NA,N,4,0,1,2,A,-,10,21950,A,N,G,B,B,A,H,-,C,A,0,Y,NA,NA,NA,Y,NA,D,22,0,0,1,0,1,0,0,0,0,-,-,NA,NA,LOS ANGELES,LOS ANGELES,-118.26903013,34.13340008
8510723,2017,2018-02-20,1942,2017-02-22,1800,41178,1144,3,5,7,1942,0,0,0,K,0,11G53,TRACY,HYPERION,10,W,N,A,-,N,NA,NA,NA,NA,NA,NA,NA,NA,NA,N,4,0,1,2,A,-,08,22107,NA,N,B,D,A,A,H,-,B,A,0,NA,NA,NA,NA,Y,NA,A,01,0,0,1,0,0,0,0,0,0,-,-,NA,NA,LOS ANGELES,LOS ANGELES,-118.27338618,34.10409666
8510735,2017,2017-12-20,1941,2017-08-09,1738,5520,NA,3,5,7,1941,0,0,0,NA,0,NA,WALNUT AV,6TH ST,88,N,N,A,-,N,NA,NA,NA,NA,NA,NA,NA,NA,NA,N,4,0,1,2,A,-,09,21801,A,N,D,J,A,A,H,-,A,D,0,NA,NA,Y,NA,Y,NA,A,NA,0,0,1,0,0,0,0,0,1,-,-,NA,NA,LOS ANGELES,LONG BEACH,-118.17203,33.77466132
8510775,2017,2017-12-19,1942,2017-09-19,1430,41943,0329,2,5,7,1942,0,0,0,C,0,3A99,FIGUEROA ST,31ST,10,E,N,A,-,N,NA,NA,NA,NA,NA,NA,NA,NA,NA,N,4,0,1,2,A,-,09,21801,NA,N,A,C,A,A,H,-,A,D,0,NA,NA,NA,NA,Y,Y,A,01,0,0,1,0,0,0,0,0,0,-,-,NA,NA,LOS ANGELES,LOS ANGELES,-118.27854498,34.02417441
8510779,2017,2017-12-19,1942,2017-09-28,0925,41232,1395,4,5,7,1942,0,0,0,M,0,13A75,GAGE AV,SAN PEDRO,200,E,N,A,-,N,NA,NA,NA,NA,NA,NA,NA,NA,NA,N,4,0,1,2,A,-,08,22107,NA,N,D,C,A,A,H,-,A,D,0,NA,NA,NA,NA,Y,NA,A,01,0,0,1,0,0,0,0,0,0,-,-,NA,NA,LOS ANGELES,LOS ANGELES,-118.2689216,33.98244305
8510803,2017,2017-12-20,1920,2017-11-11,1328,12605,NA,6,5,6,1920,0,0,0,NA,0,NA,FIRESTONE BL,PATTON RD,400,E,N,A,-,N,NA,NA,NA,NA,NA,NA,NA,NA,NA,Y,4,0,2,2,A,-,09,21801,A,N,D,C,A,A,H,-,A,D,0,NA,NA,NA,NA,Y,NA,A,01,0,0,2,0,0,0,0,0,0,-,-,NA,NA,LOS ANGELES,DOWNEY,-118.12652865,33.93675407
8510804,2017,2017-12-21,1902,2017-12-05,0700,668,5,2,5,5,1902,0,0,0,NA,0,001,RANCHO RD,FOOTHILL BL,294,N,N,A,-,N,NA,NA,NA,NA,NA,NA,NA,NA,NA,Y,3,0,3,1,A,-,08,22107,NA,N,E,I,A,A,H,-,A,D,0,NA,NA,NA,NA,Y,NA,-,NA,0,1,2,0,0,0,0,0,0,-,-,NA,NA,LOS ANGELES,ARCADIA,-118.03862605,34.15164814
8510807,2017,2017-12-20,1920,2017-11-13,1821,13385,NA,1,5,6,1920,0,0,0,NA,0,001,OLD RIVER SCHOOL RD,QUINN ST,0,NA,Y,A,-,N,NA,NA,NA,NA,NA,NA,NA,NA,NA,N,4,0,1,2,A,-,03,22350,NA,N,C,C,A,A,H,-,C,D,0,NA,NA,NA,NA,Y,NA,A,01,0,0,1,0,0,0,0,0,0,-,-,NA,NA,LOS ANGELES,DOWNEY,-118.14401003,33.95409002
8510808,2017,2017-12-21,1902,2017-12-01,1442,768,19,5,5,5,1902,0,0,0,NA,0,004,N DUARTE RD,SANTA ANITA AV,583,W,N,A,-,N,NA,NA,NA,NA,NA,NA,NA,NA,NA,Y,3,0,1,3,A,-,03,22350,NA,N,B,C,A,A,H,-,A,D,0,NA,NA,NA,NA,Y,NA,A,01,0,1,0,0,0,0,0,0,0,-,-,NA,NA,LOS ANGELES,ARCADIA,-118.03319334,34.1292148
8510811,2017,2018-01-18,1920,2017-11-13,1436,13373,NA,1,5,6,1920,0,0,0,NA,0,006,PURITAN ST,DOLAN AV,0,NA,Y,A,-,N,NA,NA,NA,NA,NA,NA,NA,NA,NA,Y,4,0,1,2,A,-,09,21800,A,N,D,C,A,A,H,-,A,D,0,NA,NA,NA,NA,Y,NA,-,-,0,0,1,0,0,0,0,0,0,-,-,NA,NA,LOS ANGELES,DOWNEY,-118.14870007,33.91542005
8510812,2017,2017-12-21,1902,2017-12-06,1347,756,34,3,5,5,1902,0,0,0,NA,0,005,LONGDEN AV,EL MONTE AV,0,NA,Y,A,-,N,NA,NA,NA,NA,NA,NA,NA,NA,NA,N,4,0,1,2,A,-,12,22450,A,N,D,C,A,A,H,-,A,A,0,NA,NA,NA,NA,Y,NA,A,07,0,0,1,0,0,0,0,0,0,-,-,NA,NA,LOS ANGELES,ARCADIA,-118.03838013,34.11409004
8510814,2017,2017-12-19,1920,2017-10-16,2232,11244,NA,1,5,6,1920,0,0,0,NA,0,004,CECILIA ST,LEFLOSS AV,30,W,N,A,-,N,NA,NA,NA,NA,NA,NA,NA,NA,NA,Y,4,0,1,2,A,-,01,23152,A,N,C,E,A,A,H,-,C,D,0,NA,NA,NA,NA,Y,Y,A,01,0,0,1,0,0,0,0,0,0,-,-,NA,NA,LOS ANGELES,DOWNEY,-118.10041869,33.932
8510815,2017,2017-12-20,1920,2017-11-12,1233,13373,NA,7,5,6,1920,0,0,0,NA,0,002,RIVES AV,BRUNACHE ST,66,N,N,A,-,N,NA,NA,NA,NA,NA,NA,NA,NA,NA,Y,4,0,1,2,A,-,08,22107,NA,N,F,E,A,A,H,-,A,D,0,NA,NA,NA,NA,Y,NA,A,01,0,0,1,0,0,0,0,0,0,-,-,NA,NA,LOS ANGELES,DOWNEY,-118.14944188,33.93522186
8510816,2017,2018-03-05,1902,2017-12-05,1835,668,14,2,5,5,1902,0,0,0,NA,0,002,2ND AV,HUNTINGTON DR,148,S,N,A,-,N,NA,NA,NA,NA,NA,NA,NA,NA,NA,Y,4,0,1,2,A,-,08,22107,NA,N,D,C,A,A,H,-,C,D,0,NA,NA,NA,NA,Y,NA,-,-,0,0,1,0,0,0,0,0,0,-,-,NA,NA,LOS ANGELES,ARCADIA,-118.02490614,34.13972507
8510820,2017,2017-12-21,1902,2017-12-05,1347,668,11,2,5,5,1902,0,0,0,NA,0,001,E DUARTE RD,E DUARTE RD 133,0,NA,N,A,-,N,NA,NA,NA,NA,NA,NA,NA,NA,NA,Y,3,0,1,1,B,-,22,NA,NA,N,E,I,A,A,H,-,A,D,0,NA,NA,NA,NA,Y,NA,-,NA,0,1,0,0,0,0,0,0,0,-,-,NA,NA,LOS ANGELES,ARCADIA,-118.026816,34.130146
8510824,2017,2017-12-21,1902,2017-12-05,1010,668,26,2,5,5,1902,0,0,0,NA,0,004,DUARTE RD,BALDWIN AV,141,E,N,A,-,N,NA,NA,NA,NA,NA,NA,NA,NA,NA,Y,3,0,1,2,A,-,08,22100,A,N,D,C,A,A,H,-,A,D,0,NA,NA,NA,NA,Y,NA,-,NA,0,1,0,0,0,0,0,0,0,-,-,NA,NA,LOS ANGELES,ARCADIA,-118.05447094,34.12613046
8510828,2017,2017-12-21,1900,2017-11-02,1745,536345,977,4,5,4,1979,0,0,0,NA,0,93T1,FOUNTAIN AV,HAVENHURST AV,0,NA,Y,A,-,N,NA,NA,NA,NA,NA,NA,NA,NA,NA,N,4,0,1,2,A,-,09,21802,A,N,D,C,A,A,H,-,A,A,0,NA,NA,NA,NA,Y,NA,A,07,0,0,1,0,0,0,0,0,0,-,-,NA,NA,LOS ANGELES,WEST HOLLYWOOD,-118.36745999,34.0943701
8510832,2017,2017-12-21,1900,2017-11-08,1805,536345,976,3,5,4,1979,0,0,0,NA,0,93T1,SANTA MONICA BL,HARPER AV,0,NA,Y,A,-,N,NA,NA,NA,NA,NA,NA,NA,NA,NA,N,4,0,1,4,A,-,04,21703,NA,M,C,C,A,A,H,-,C,D,0,NA,NA,NA,NA,Y,NA,-,NA,0,0,1,0,0,0,0,0,0,-,-,NA,NA,LOS ANGELES,WEST HOLLYWOOD,-118.36915005,34.09073005
8510846,2017,2018-01-19,1920,2017-11-01,0650,12609,NA,3,5,6,1920,0,0,0,NA,0,004,FIRESTONE BL,WOODRUFF AV E,416,E,N,A,-,N,NA,NA,NA,NA,NA,NA,NA,NA,NA,Y,4,0,3,3,A,-,03,22350,NA,N,C,C,A,A,H,-,B,A,0,NA,NA,NA,NA,Y,NA,A,07,0,0,3,0,0,0,0,0,0,-,-,NA,NA,LOS ANGELES,DOWNEY,-118.11669024,33.93185195
8510850,2017,2017-12-20,1920,2017-11-02,1326,11592,NA,4,5,6,1920,0,0,0,NA,0,006,LAKEWOOD BL,ROSECRANS AV,0,NA,Y,A,-,N,NA,NA,NA,NA,NA,NA,NA,NA,NA,Y,3,0,1,2,A,-,08,22107,NA,N,D,C,A,A,H,-,A,A,0,NA,NA,NA,NA,Y,NA,A,01,0,1,0,0,0,0,0,0,0,-,-,NA,NA,LOS ANGELES,DOWNEY,-118.14298002,33.90379004
8510854,2017,2017-12-20,1920,2017-11-02,1348,12476,NA,4,5,6,1920,0,0,0,NA,0,003,FLORENCE AV,PARAMOUNT BL,290,W,N,A,-,N,NA,NA,NA,NA,NA,NA,NA,NA,NA,N,3,0,1,2,A,-,09,21801,A,N,D,C,A,A,H,-,A,D,0,NA,NA,NA,NA,Y,NA,A,07,0,1,0,0,0,0,0,0,0,-,-,NA,NA,LOS ANGELES,DOWNEY,-118.13085956,33.95397043
8510858,2017,2017-12-20,1920,2017-11-02,2130,12611,NA,4,5,6,1920,0,0,0,NA,0,006,LAKEWOOD BL,ROSECRANS AV,0,NA,Y,A,-,N,NA,NA,NA,NA,NA,NA,NA,NA,NA,Y,4,0,4,3,D,-,00,NA,NA,N,D,C,A,A,H,-,C,A,0,NA,NA,NA,NA,Y,NA,-,-,0,0,4,0,0,0,0,0,0,-,-,NA,NA,LOS ANGELES,DOWNEY,-118.14298002,33.90379004
8510862,2017,2017-12-20,1920,2017-11-04,1841,12611,NA,6,5,6,1920,0,0,0,NA,0,005,FIRESTONE BL,PATTON RD,35,E,N,A,-,N,NA,NA,NA,NA,NA,NA,NA,NA,NA,N,4,0,2,3,A,-,03,22350,NA,M,C,C,A,A,H,-,C,A,0,NA,NA,NA,NA,Y,Y,-,NA,0,0,2,0,0,0,0,0,0,-,-,NA,NA,LOS ANGELES,DOWNEY,-118.12756989,33.93725258
8510866,2017,2017-12-20,1920,2017-11-06,1930,10216,NA,1,5,6,1920,0,0,0,NA,0,003,TELEGRAPH RD,STOAKES AV,0,NA,Y,A,-,N,NA,NA,NA,NA,NA,NA,NA,NA,NA,Y,3,0,2,2,A,-,09,21801,A,N,D,C,A,A,H,-,C,D,0,NA,NA,NA,NA,Y,NA,A,07,0,1,1,0,0,0,0,0,0,-,-,NA,NA,LOS ANGELES,DOWNEY,-118.11125002,33.9620201
8510870,2017,2017-12-19,1920,2017-11-01,0631,12609,NA,3,5,6,1920,0,0,0,NA,0,003,FLORENCE AV,OLD RIVER SCHOOL RD,830,W,N,A,-,N,NA,NA,NA,NA,NA,NA,NA,NA,NA,Y,4,0,1,1,A,-,08,22107,NA,N,E,I,A,A,H,-,A,A,0,NA,NA,NA,NA,Y,NA,A,01,0,0,1,0,0,0,0,0,0,-,-,NA,NA,LOS ANGELES,DOWNEY,-118.14281433,33.95977567
8510874,2017,2017-12-20,1920,2017-11-09,1836,12611,NA,4,5,6,1920,0,0,0,NA,0,NA,DOWNEY AV,COMOLETTE ST N,0,NA,Y,A,-,N,NA,NA,NA,NA,NA,NA,NA,NA,NA,Y,4,0,1,2,A,-,09,21801,A,N,D,C,A,A,H,-,C,A,0,NA,NA,NA,NA,Y,Y,-,NA,0,0,1,0,0,0,0,0,0,-,-,NA,NA,LOS ANGELES,DOWNEY,-118.14943005,33.9179501
8510878,2017,2017-12-20,1920,2017-11-10,1824,12611,NA,5,5,6,1920,0,0,0,NA,0,NA,PARAMOUNT BL,COLE ST N,24,N,N,A,-,N,NA,NA,NA,NA,NA,NA,NA,NA,NA,N,4,0,1,2,A,-,08,22107,NA,N,D,C,A,A,H,-,C,A,0,NA,NA,NA,NA,Y,NA,-,NA,0,0,1,0,0,0,0,0,0,-,-,NA,NA,LOS ANGELES,DOWNEY,-118.14486705,33.93338522
8510934,2017,2018-02-21,1953,2017-11-11,1502,1330,NA,6,5,6,1953,0,0,0,NA,0,002,LOS ROBLES AV,ORANGE GROVE BL,0,NA,Y,A,-,N,NA,NA,NA,NA,NA,NA,NA,NA,NA,Y,3,0,1,2,A,-,03,22350,NA,N,D,C,A,A,H,-,A,A,0,NA,NA,NA,NA,Y,NA,-,-,0,1,0,0,0,0,0,0,0,-,-,NA,NA,LOS ANGELES,PASADENA,-118.14154001,34.15782009
8510940,2017,2017-12-26,1965,2017-11-21,1509,3808,OB4C,2,5,5,1965,0,0,0,NA,0,B004,OCEAN AV,MARGUERITA AV,274,S,N,A,-,N,NA,NA,NA,NA,NA,NA,NA,NA,NA,Y,3,0,1,3,A,-,01,23152,A,N,A,E,A,A,H,-,A,D,0,NA,NA,NA,NA,Y,Y,A,01,0,1,0,0,0,0,0,0,0,-,-,37.01608,-121.035,LOS ANGELES,SANTA MONICA,-118.51043779,34.02434223
8510942,2017,2017-12-27,1953,2017-11-13,1032,7724,LACO,1,5,6,1953,0,0,0,NA,0,004,SIERRA MADRE BL,WASHINGTON BL,0,NA,Y,A,-,N,NA,NA,NA,NA,NA,NA,NA,NA,NA,Y,4,0,1,2,A,-,12,21453,A,N,D,C,A,A,H,-,A,A,0,NA,NA,NA,NA,Y,NA,D,22,0,0,1,0,0,0,0,0,0,-,-,NA,NA,LOS ANGELES,PASADENA,-118.09018008,34.16164001
8510954,2017,2017-12-27,1953,2017-11-19,1632,0720,1953,7,5,6,1953,0,0,0,NA,0,003,CORSON ST,SIERRA BONITA AV,0,NA,Y,A,-,N,NA,NA,NA,NA,NA,NA,NA,NA,NA,Y,3,0,3,2,A,-,12,21453,A,N,F,C,A,A,H,-,A,A,0,NA,NA,NA,NA,Y,Y,D,22,0,2,1,0,0,0,0,0,0,-,-,NA,NA,LOS ANGELES,PASADENA,-118.1173,34.15181003
8510983,2017,2017-12-20,1976,2017-11-21,1902,452,1976,2,5,5,1976,0,0,0,NA,0,002,PICKERING AV,MAR VISTA,60,S,N,A,-,N,NA,NA,NA,NA,NA,NA,NA,NA,NA,Y,4,0,1,3,A,-,03,22350,NA,N,C,C,A,A,H,-,C,A,0,NA,NA,NA,NA,Y,NA,A,01,0,0,1,0,0,0,0,0,0,-,-,NA,NA,LOS ANGELES,WHITTIER,-118.04205,33.97351549
8510987,2017,2018-01-19,1976,2017-11-21,1230,851,NA,2,5,5,1976,0,0,0,NA,0,NA,GREENLEAF AV,WILSHIRE DR,97,N,N,A,-,N,NA,NA,NA,NA,NA,NA,NA,NA,NA,Y,4,0,1,4,A,-,01,23152,A,N,C,E,A,A,H,-,A,D,0,NA,NA,NA,NA,Y,Y,A,07,0,0,1,0,0,0,0,0,0,-,-,NA,NA,LOS ANGELES,WHITTIER,-118.04096568,33.96182433
8510991,2017,2017-12-20,1976,2017-11-18,1607,448,WHITT,6,5,5,1976,0,0,0,NA,0,002,WHITTIER AV,PENN ST,126,S,N,A,-,N,NA,NA,NA,NA,NA,NA,NA,NA,NA,N,2,0,1,2,A,-,08,22107,NA,N,D,E,A,A,H,-,A,D,0,NA,NA,Y,NA,Y,NA,C,02,1,0,0,0,0,0,0,0,1,-,-,NA,NA,LOS ANGELES,WHITTIER,-118.04319,33.97508452
8510995,2017,2017-12-20,1976,2017-11-15,0840,889,NA,3,5,5,1976,0,0,0,NA,0,NA,COLIMA RD,YOUNGWOOD DR,0,NA,Y,A,-,N,NA,NA,NA,NA,NA,NA,NA,NA,NA,Y,3,0,2,2,A,-,12,21453,A,N,D,C,A,A,H,-,A,A,0,NA,NA,NA,NA,Y,NA,A,01,0,1,1,0,0,0,0,0,0,-,-,NA,NA,LOS ANGELES,WHITTIER,-118.00248004,33.95503005
8511000,2017,2017-12-26,1925,2017-11-02,1224,18890,230,4,5,6,1925,0,0,0,NA,0,004,BRAND BL,MILFORD ST,150,N,N,B,-,N,NA,NA,NA,NA,NA,NA,NA,NA,NA,N,3,0,1,2,A,-,03,22350,NA,N,C,G,A,A,H,-,A,A,0,NA,Y,NA,NA,Y,NA,L,04,0,1,0,0,0,0,1,0,0,-,-,NA,NA,LOS ANGELES,GLENDALE,-118.25511,34.15336136
8511004,2017,2017-12-26,1925,2017-11-17,0054,25311,108,5,5,6,1925,0,0,0,NA,0,005,FOOTHILL BL,BOSTON AV,0,NA,Y,A,-,N,NA,NA,NA,NA,NA,NA,NA,NA,NA,Y,3,0,2,1,A,-,01,23152,A,N,E,I,A,A,H,-,C,A,0,NA,NA,NA,NA,Y,Y,A,07,0,1,1,0,0,0,0,0,0,-,-,NA,NA,LOS ANGELES,GLENDALE,-118.2617601,34.23769008
8511012,2017,2017-12-26,1925,2017-11-29,1307,27016,235,3,5,6,1925,0,0,0,NA,0,004,LOUISE ST,GLENOAKS BL,0,NA,Y,A,-,N,NA,NA,NA,NA,NA,NA,NA,NA,NA,Y,3,0,2,2,A,-,12,21453,A,N,D,C,A,A,H,-,A,A,0,NA,NA,NA,NA,Y,NA,A,01,0,1,1,0,0,0,0,0,0,-,-,NA,NA,LOS ANGELES,GLENDALE,-118.25268013,34.15837008
8511016,2017,2017-12-26,1925,2017-11-29,1452,17837,167,3,5,6,1925,0,0,0,NA,0,001,BRAND BL,DRYDEN ST,0,NA,Y,A,-,N,NA,NA,NA,NA,NA,NA,NA,NA,NA,N,4,0,1,2,A,-,10,21950,A,N,G,-,B,A,H,-,A,A,0,Y,NA,NA,NA,Y,NA,A,01,0,0,1,0,1,0,0,0,0,-,-,NA,NA,LOS ANGELES,GLENDALE,-118.2550601,34.16145006
8511019,2017,2017-12-20,1925,2017-11-28,2113,24485,194,2,5,6,1925,0,0,0,NA,0,001,SAN FERNANDO RD,ELM AV,33,W,N,A,-,N,NA,NA,NA,NA,NA,NA,NA,NA,NA,Y,3,0,1,2,A,-,08,22107,NA,N,B,E,A,A,H,-,C,D,0,NA,NA,NA,NA,Y,NA,A,NA,0,1,0,0,0,0,0,0,0,-,-,NA,NA,LOS ANGELES,GLENDALE,-118.2980331,34.17304848
8511020,2017,2017-12-26,1953,2017-11-11,2031,9001,1953,6,5,6,1953,0,0,0,NA,0,002,FAIR OAKS AV,MAPLE AV,0,NA,Y,A,-,N,NA,NA,NA,NA,NA,NA,NA,NA,NA,Y,3,0,1,2,A,-,12,21453,A,N,D,C,A,A,H,-,C,A,0,NA,NA,NA,NA,Y,NA,A,01,0,1,0,0,0,0,0,0,0,-,-,NA,NA,LOS ANGELES,PASADENA,-118.15035001,34.10134006
8511024,2017,2017-12-26,1953,2017-11-11,0753,5267,1953,6,5,6,1953,0,0,0,NA,0,004,SIERRA MADRE BL,SIERRA MADRE VILLA AV,30,E,N,A,-,N,NA,NA,NA,NA,NA,NA,NA,NA,NA,N,4,0,1,2,A,-,07,21658,A,N,B,C,A,A,H,-,A,A,0,NA,NA,NA,NA,Y,NA,A,01,0,0,1,0,0,0,0,0,0,-,-,NA,NA,LOS ANGELES,PASADENA,-118.08111105,34.16177
8511028,2017,2017-12-26,1953,2017-11-25,1840,6648,1953,6,5,6,1953,0,0,0,NA,0,002,HOWARD ST,RAYMOND AV,50,W,N,A,-,N,NA,NA,NA,NA,NA,NA,NA,NA,NA,Y,4,0,1,1,A,-,08,22107,NA,N,E,I,A,A,H,-,C,D,0,NA,NA,NA,NA,Y,NA,A,01,0,0,1,0,0,0,0,0,0,-,-,NA,NA,LOS ANGELES,PASADENA,-118.14926496,34.1725
8511032,2017,2017-12-26,1953,2017-11-25,1434,7791,1953,6,5,6,1953,0,0,0,NA,0,005,UNION ST,EUCLID AV,0,NA,Y,A,-,N,NA,NA,NA,NA,NA,NA,NA,NA,NA,Y,2,0,3,2,A,-,08,22107,NA,N,B,C,A,A,H,-,A,A,0,NA,NA,NA,NA,Y,NA,A,01,1,1,1,0,0,0,0,0,0,-,-,NA,NA,LOS ANGELES,PASADENA,-118.14291009,34.14691002
8511036,2017,2017-12-26,1953,2017-11-24,1107,1645,1953,5,5,6,1953,0,0,0,NA,0,005,COLORADO BL,HUDSON AV,0,NA,Y,A,-,N,NA,NA,NA,NA,NA,NA,NA,NA,NA,Y,3,0,1,2,A,-,12,21453,A,N,D,C,A,A,H,-,A,A,0,NA,NA,NA,NA,Y,NA,-,NA,0,1,0,0,0,0,0,0,0,-,-,NA,NA,LOS ANGELES,PASADENA,-118.13389001,34.14589011
8511040,2017,2017-12-26,1953,2017-11-23,1559,7868,PASAD,4,5,6,1953,0,0,0,NA,0,002,NORTH GARFIELD AV,N GARFIELD AV 1005,0,NA,Y,A,-,N,NA,NA,NA,NA,NA,NA,NA,NA,NA,N,3,0,1,1,A,-,03,22350,NA,N,H,-,A,A,H,-,A,D,0,NA,Y,NA,NA,Y,Y,L,04,0,1,0,0,0,0,1,0,0,-,-,NA,NA,LOS ANGELES,PASADENA,-118.143841,34.163171
8511121,2017,2017-12-20,1953,2017-11-23,1454,2367,1953,4,5,6,1953,0,0,0,NA,0,005,ARROYO PKWY,COLORADO BL,0,NA,Y,A,-,N,NA,NA,NA,NA,NA,NA,NA,NA,NA,N,3,0,1,2,A,-,10,21950,A,N,G,B,B,A,H,-,A,A,0,Y,NA,NA,NA,Y,NA,A,01,0,1,0,0,1,0,0,0,0,-,-,NA,NA,LOS ANGELES,PASADENA,-118.14753001,34.14580006
8511125,2017,2018-02-05,1953,2017-11-23,1423,4840,1953,4,5,6,1953,0,0,0,NA,0,005,MARENGO AV,GREEN ST,0,NA,Y,A,-,N,NA,NA,NA,NA,NA,NA,NA,NA,NA,Y,3,0,2,3,A,-,12,21453,A,N,D,C,A,A,H,-,A,A,0,NA,NA,NA,NA,Y,NA,A,07,0,1,1,0,0,0,0,0,0,-,-,NA,NA,LOS ANGELES,PASADENA,-118.14596013,34.14450005
8511126,2017,2017-12-20,1931,2017-11-22,1734,5307,1931,3,5,5,1931,0,0,0,NA,0,003,RITA AV,GAGE AV,400,S,N,A,-,N,NA,NA,NA,NA,NA,NA,NA,NA,NA,N,4,0,1,2,A,-,08,22107,NA,N,B,C,A,A,H,-,C,D,0,NA,NA,NA,NA,Y,NA,A,01,0,0,1,0,0,0,0,0,0,-,-,NA,NA,LOS ANGELES,HUNTINGTON PARK,-118.22387074,33.98053307
8511129,2017,2018-01-18,1953,2017-11-22,1539,7663,NA,3,5,6,1953,0,0,0,NA,0,001,DEL MAR BL,OAKLAND AV,0,NA,Y,A,-,N,NA,NA,NA,NA,NA,NA,NA,NA,NA,Y,3,0,2,2,A,-,09,21802,A,N,-,C,A,A,H,-,A,A,0,NA,NA,NA,NA,Y,NA,-,-,0,1,1,0,0,0,0,0,0,-,-,NA,NA,LOS ANGELES,PASADENA,-118.13971001,34.14040003