CASE_ID,ACCIDENT_YEAR,PROC_DATE,JURIS,COLLISION_DATE,COLLISION_TIME,OFFICER_ID,REPORTING_DISTRICT,DAY_OF_WEEK,CHP_SHIFT,POPULATION,CNTY_CITY_LOC,SPECIAL_COND,BEAT_TYPE,CHP_BEAT_TYPE,CITY_DIVISION_LAPD,CHP_BEAT_CLASS,BEAT_NUMBER,PRIMARY_RD,SECONDARY_RD,DISTANCE,DIRECTION,INTERSECTION,WEATHER_1,WEATHER_2,STATE_HWY_IND,CALTRANS_COUNTY,CALTRANS_DISTRICT,STATE_ROUTE,ROUTE_SUFFIX,POSTMILE_PREFIX,POSTMILE,LOCATION_TYPE,RAMP_INTERSECTION,SIDE_OF_HWY,TOW_AWAY,COLLISION_SEVERITY,NUMBER_KILLED,NUMBER_INJURED,PARTY_COUNT,PRIMARY_COLL_FACTOR,PCF_CODE_OF_VIOL,PCF_VIOL_CATEGORY,PCF_VIOLATION,PCF_VIOL_SUBSECTION,HIT_AND_RUN,TYPE_OF_COLLISION,MVIW,PED_ACTION,ROAD_SURFACE,ROAD_COND_1,ROAD_COND_2,LIGHTING,CONTROL_DEVICE,CHP_ROAD_TYPE,PEDESTRIAN_ACCIDENT,BICYCLE_ACCIDENT,MOTORCYCLE_ACCIDENT,TRUCK_ACCIDENT,NOT_PRIVATE_PROPERTY,ALCOHOL_INVOLVED,STWD_VEHTYPE_AT_FAULT,CHP_VEHTYPE_AT_FAULT,COUNT_SEVERE_INJ,COUNT_VISIBLE_INJ,COUNT_COMPLAINT_PAIN,COUNT_PED_KILLED,COUNT_PED_INJURED,COUNT_BICYCLIST_KILLED,COUNT_BICYCLIST_INJURED,COUNT_MC_KILLED,COUNT_MC_INJURED,PRIMARY_RAMP,SECONDARY_RAMP,LATITUDE,LONGITUDE,COUNTY,CITY,POINT_X,POINT_Y
8514356,2017,2018-01-08,1942,2017-11-22,0740,42029,1586,3,5,7,1942,0,0,0,O,0,15A67,LANKERSHIM BL,E CAHUENGA BL,0,NA,Y,A,-,N,NA,NA,NA,NA,NA,NA,NA,NA,NA,Y,4,0,1,2,A,-,12,21453,A,N,A,C,A,A,H,-,A,A,0,NA,NA,Y,NA,Y,NA,-,-,0,0,1,0,0,0,0,0,1,-,-,NA,NA,LOS ANGELES,LOS ANGELES,-118.3633001,34.13720009
8514358,2017,2017-12-19,1941,2017-11-30,1843,10775,NA,4,5,7,1941,0,0,0,NA,0,NA,ANAHEIM ST,OBISPO AV,0,NA,Y,A,-,N,NA,NA,NA,NA,NA,NA,NA,NA,NA,Y,4,0,1,2,A,-,09,21801,A,F,A,C,A,A,H,-,C,A,0,NA,NA,NA,NA,Y,NA,A,NA,0,0,1,0,0,0,0,0,0,-,-,NA,NA,LOS ANGELES,LONG BEACH,-118.15459001,33.78260005
8514360,2017,2018-01-08,1942,2017-11-17,0810,42995,1557,5,5,7,1942,0,0,0,O,0,15A67,BLIX ST,LANKERSHIM BL,2,E,N,B,-,N,NA,NA,NA,NA,NA,NA,NA,NA,NA,N,4,0,1,2,A,-,12,22450,A,N,D,G,A,B,H,-,A,A,0,NA,Y,NA,NA,Y,NA,A,01,0,0,1,0,0,0,1,0,0,-,-,NA,NA,LOS ANGELES,LOS ANGELES,-118.3696434,34.15668
8514361,2017,2017-12-18,1942,2017-11-29,2050,37575,1412,3,5,7,1942,0,0,0,N,0,7T23,MAIN ST,ROSE AV,0,NA,Y,A,-,N,NA,NA,NA,NA,NA,NA,NA,NA,NA,N,3,0,1,2,A,-,09,21801,A,N,D,G,A,A,H,-,C,A,0,NA,Y,NA,NA,Y,NA,A,01,0,1,0,0,0,0,1,0,0,-,-,NA,NA,LOS ANGELES,LOS ANGELES,-118.47814004,33.99593011
8514362,2017,2018-07-09,1941,2017-11-30,1552,5954,NA,4,5,7,1941,0,0,0,NA,0,NA,ANAHEIM ST,RT 710,55,E,N,A,-,Y,LA,7,710,-,-,6.212,R,4,N,Y,4,0,1,2,A,-,08,22107,NA,N,D,C,A,A,H,-,A,D,0,NA,NA,NA,NA,Y,NA,A,NA,0,0,1,0,0,0,0,0,0,-,NF,NA,NA,LOS ANGELES,LONG BEACH,-118.20743589,33.78017835
8514364,2017,2017-12-19,1942,2017-11-19,2500,40119,1585,7,5,7,1942,0,0,0,O,0,15TL46,VENTURA BL,KANKERSHIM BL,75,W,N,A,-,N,NA,NA,NA,NA,NA,NA,NA,NA,NA,N,4,0,1,2,A,-,04,21703,NA,N,C,C,A,A,H,-,A,D,0,NA,NA,NA,NA,Y,NA,A,01,0,0,1,0,0,0,0,0,0,-,-,NA,NA,LOS ANGELES,LOS ANGELES,NA,NA
8514365,2017,2017-12-18,1942,2017-11-09,0755,41672,1431,4,5,7,1942,0,0,0,N,0,7TL23,MAIN ST,WINDWARD AV,0,NA,Y,A,-,N,NA,NA,NA,NA,NA,NA,NA,NA,NA,N,3,0,1,2,A,-,03,22350,NA,N,G,B,B,A,H,-,A,D,0,Y,NA,NA,NA,Y,NA,A,08,0,1,0,0,1,0,0,0,0,-,-,NA,NA,LOS ANGELES,LOS ANGELES,-118.47129009,33.98836011
8514366,2017,2017-12-19,1941,2017-11-29,0414,10793,NA,3,5,7,1941,0,0,0,NA,0,NA,EAST 7TH ST,JUNIPERO,60,W,N,A,-,N,NA,NA,NA,NA,NA,NA,NA,NA,NA,Y,2,0,1,8,A,-,08,22107,NA,N,B,E,A,A,H,-,C,A,0,NA,NA,NA,NA,Y,Y,A,NA,1,0,0,0,0,0,0,0,0,-,-,NA,NA,LOS ANGELES,LONG BEACH,-118.16354703,33.77535
8514368,2017,2018-07-09,1942,2017-11-17,2100,42436,1545,5,5,7,1942,0,0,0,O,0,A43,BURBANK,RT 170,18,W,N,A,-,Y,LA,7,170,-,R,15.902,R,4,S,Y,3,0,2,2,A,-,12,21453,A,N,B,C,A,A,H,-,C,A,0,NA,NA,NA,NA,Y,NA,A,01,0,1,1,0,0,0,0,0,0,-,SO,NA,NA,LOS ANGELES,LOS ANGELES,-118.38798291,34.17139553
8514370,2017,2017-12-19,1941,2017-11-29,0807,10729,NA,3,5,7,1941,0,0,0,NA,0,NA,3RD ST,PACIFIC AV,7,E,N,A,-,N,NA,NA,NA,NA,NA,NA,NA,NA,NA,N,4,0,1,2,A,-,12,21453,A,N,H,G,A,A,H,-,A,A,0,NA,Y,NA,NA,Y,NA,-,NA,0,0,1,0,0,0,1,0,0,-,-,NA,NA,LOS ANGELES,LONG BEACH,-118.19369703,33.77049938
8514376,2017,2018-01-10,1942,2017-11-07,1800,41855,1525,2,5,7,1942,0,0,0,O,0,NA,LANKERSHIM BL,OXNARD ST,365,N,N,A,-,N,NA,NA,NA,NA,NA,NA,NA,NA,NA,N,2,0,1,2,A,-,11,21955,NA,N,B,B,D,A,H,-,C,D,0,Y,NA,NA,NA,Y,NA,N,60,1,0,0,0,1,0,0,0,0,-,-,NA,NA,LOS ANGELES,LOS ANGELES,-118.38394834,34.18031556
8514377,2017,2017-12-18,1942,2017-11-03,1030,42161,1407,5,5,7,1942,0,0,0,N,0,8TL35,VENICE BL,CLARINGTON ST,50,E,N,A,-,N,NA,NA,NA,NA,NA,NA,NA,NA,NA,N,3,0,1,1,A,-,03,22350,NA,N,E,A,A,A,H,-,A,D,0,NA,NA,Y,NA,Y,NA,C,02,0,1,0,0,0,0,0,0,1,-,-,NA,NA,LOS ANGELES,LOS ANGELES,-118.4002239,34.02262724
8514380,2017,2017-12-19,1942,2017-11-14,1135,41316,1075,2,5,7,1942,0,0,0,J,0,10A99,VENTURA BL,NESTLE AV,0,NA,Y,A,-,N,NA,NA,NA,NA,NA,NA,NA,NA,NA,Y,4,0,2,2,A,-,03,22350,NA,N,C,C,A,A,H,-,A,A,0,NA,NA,NA,NA,Y,NA,A,01,0,0,2,0,0,0,0,0,0,-,-,NA,NA,LOS ANGELES,LOS ANGELES,-118.52977005,34.16625003
8514381,2017,2017-12-18,1942,2017-11-09,0750,26281,1407,4,5,7,1942,0,0,0,N,0,34MQ13,PALMS BL,MOTOR AV,0,NA,Y,A,-,N,NA,NA,NA,NA,NA,NA,NA,NA,NA,Y,3,0,2,2,A,-,09,21801,A,N,D,C,A,A,H,-,A,A,0,NA,NA,NA,NA,Y,NA,A,07,0,2,0,0,0,0,0,0,0,-,-,NA,NA,LOS ANGELES,LOS ANGELES,-118.40853,34.02640006
8514383,2017,2017-12-19,1942,2017-11-14,0815,33395,1133,2,5,7,1942,0,0,0,K,0,11A71,FLETCHER DR,PERLITA AV,0,NA,Y,A,-,N,NA,NA,NA,NA,NA,NA,NA,NA,NA,N,4,0,1,2,A,-,08,22100,B,N,B,G,A,A,H,-,A,D,0,NA,Y,NA,NA,Y,NA,L,04,0,0,1,0,0,0,1,0,0,-,-,NA,NA,LOS ANGELES,LOS ANGELES,-118.24984005,34.11168006
8514384,2017,2017-12-19,1942,2017-11-14,1300,41316,1557,2,5,7,1942,0,0,0,O,0,15A67,VINELAND AV,LANKERSHIM BL,100,N,N,A,-,N,NA,NA,NA,NA,NA,NA,NA,NA,NA,N,4,0,2,2,A,-,21,22106,NA,N,C,C,A,A,H,-,A,A,0,NA,NA,NA,NA,Y,NA,A,01,0,0,2,0,0,0,0,0,0,-,-,NA,NA,LOS ANGELES,LOS ANGELES,-118.37046501,34.15828424
8514385,2017,2017-12-18,1942,2017-11-27,1055,34959,1401,1,5,7,1942,0,0,0,N,0,20TL59,BUNDY DR,OCEAN PARK BL,0,NA,Y,A,-,N,NA,NA,NA,NA,NA,NA,NA,NA,NA,Y,3,0,1,2,A,-,09,21801,A,N,D,C,A,A,H,-,A,D,0,NA,NA,NA,NA,Y,NA,A,01,0,1,0,0,0,0,0,0,0,-,-,NA,NA,LOS ANGELES,LOS ANGELES,-118.44632001,34.02447006
8514388,2017,2017-12-19,1942,2017-11-14,2055,38995,1545,2,5,7,1942,0,0,0,O,0,15A43,HARTSOOK ST,LAUREL CANYON BL,0,NA,Y,A,-,N,NA,NA,NA,NA,NA,NA,NA,NA,NA,N,3,0,1,2,A,-,10,21950,A,N,G,B,B,A,H,-,C,A,0,Y,NA,NA,NA,Y,NA,A,07,0,1,0,0,1,0,0,0,0,-,-,NA,NA,LOS ANGELES,LOS ANGELES,-118.3965001,34.16397007
8514391,2017,2017-12-19,1941,2017-11-26,2032,10545,NA,7,5,7,1941,0,0,0,NA,0,NA,PARAMOUNT BL,64TH ST,100,N,N,A,-,N,NA,NA,NA,NA,NA,NA,NA,NA,NA,Y,3,0,1,3,A,-,09,21801,A,F,A,C,A,A,H,-,C,D,0,NA,NA,NA,NA,Y,NA,D,NA,0,1,0,0,0,0,0,0,0,-,-,NA,NA,LOS ANGELES,LONG BEACH,-118.15997,33.87117422
8514392,2017,2017-12-19,1942,2017-11-27,0955,35481,1044,1,5,7,1942,0,0,0,J,0,10A83,HATTERAS ST,ETIWANDA AV,630,W,N,A,-,N,NA,NA,NA,NA,NA,NA,NA,NA,NA,N,4,0,1,2,D,-,00,NA,NA,F,G,B,-,A,H,-,A,D,0,Y,NA,NA,NA,Y,NA,-,-,0,0,1,0,1,0,0,0,0,-,-,NA,NA,LOS ANGELES,LOS ANGELES,-118.53288932,34.17744956
8514395,2017,2017-12-19,1942,2017-11-13,0005,39062,0478,1,5,7,1942,0,0,0,D,0,4A97,GRANDE VISTA AV,7TH ST,375,N,N,A,-,N,NA,NA,NA,NA,NA,NA,NA,NA,NA,N,3,0,1,2,A,-,01,23152,A,N,B,E,A,A,H,-,C,D,0,NA,NA,NA,NA,Y,Y,A,07,0,1,0,0,0,0,0,0,0,-,-,NA,NA,LOS ANGELES,LOS ANGELES,-118.20484411,34.02797608
8514396,2017,2018-01-24,1942,2017-11-23,1205,37080,0195,4,5,7,1942,0,0,0,A,0,1A85,S HILL ST,18TH ST,0,NA,Y,A,-,N,NA,NA,NA,NA,NA,NA,NA,NA,NA,Y,3,0,2,2,A,-,12,21453,A,F,D,C,A,A,H,-,A,-,0,NA,NA,NA,NA,Y,NA,A,01,0,1,1,0,0,0,0,0,0,-,-,NA,NA,LOS ANGELES,LOS ANGELES,-118.26571012,34.03327008
8514399,2017,2017-12-19,1942,2017-11-23,0720,31324,0457,4,5,7,1942,0,0,0,D,0,4A53,N EVERGREEN AV,E CESAR E CHAVEZ AV,0,NA,Y,A,-,N,NA,NA,NA,NA,NA,NA,NA,NA,NA,Y,4,0,2,2,A,-,12,21453,A,N,D,C,A,A,H,-,A,A,0,NA,NA,NA,NA,Y,NA,A,01,0,0,2,0,0,0,0,0,0,-,-,NA,NA,LOS ANGELES,LOS ANGELES,-118.20042007,34.04357008
8514400,2017,2017-12-19,1942,2017-11-19,0030,41304,1023,7,5,7,1942,0,0,0,J,0,10A21,SATICOY ST,WILBUR AV,0,NA,N,A,-,N,NA,NA,NA,NA,NA,NA,NA,NA,NA,Y,4,0,1,2,A,-,03,22350,NA,F,D,C,A,A,H,-,C,A,0,NA,NA,NA,NA,Y,NA,-,NA,0,0,1,0,0,0,0,0,0,-,-,NA,NA,LOS ANGELES,LOS ANGELES,-118.5447801,34.20836003
8514408,2017,2017-12-14,1941,2017-09-23,0749,10685,NA,6,5,7,1941,0,0,0,NA,0,NA,10TH ST,DAWSON AV,0,NA,Y,A,-,N,NA,NA,NA,NA,NA,NA,NA,NA,NA,N,4,0,1,2,A,-,09,21802,A,N,D,C,A,A,H,-,A,D,0,NA,NA,NA,NA,Y,NA,A,NA,0,0,1,0,0,0,0,0,0,-,-,NA,NA,LOS ANGELES,LONG BEACH,-118.16552009,33.77896003
8514416,2017,2017-12-14,1942,2017-10-19,1440,41275,0853,4,5,7,1942,0,0,0,H,0,8X99,SANTELLE AV,MISSOURI AV,30,N,N,A,-,N,NA,NA,NA,NA,NA,NA,NA,NA,NA,Y,3,0,2,2,A,-,03,22350,NA,N,C,E,A,A,H,-,A,D,0,NA,NA,NA,NA,Y,NA,A,01,0,1,1,0,0,0,0,0,0,-,-,NA,NA,LOS ANGELES,LOS ANGELES,NA,NA
8514450,2017,2018-02-09,1941,2017-12-04,1657,10996,NA,1,5,7,1941,0,0,0,NA,0,NA,7TH ST,SANTIAGO AV,0,NA,Y,A,-,N,NA,NA,NA,NA,NA,NA,NA,NA,NA,Y,4,0,2,2,A,-,09,21801,A,N,D,C,A,A,H,-,C,A,0,NA,NA,NA,NA,Y,NA,-,NA,0,0,2,0,0,0,0,0,0,-,-,NA,NA,LOS ANGELES,LONG BEACH,-118.12853007,33.77535003
8514472,2017,2017-12-14,1942,2017-11-10,1300,39517,1322,5,5,7,1942,0,0,0,M,0,13XL5,MAPLE AV,23RD ST,70,S,-,A,-,N,NA,NA,NA,NA,NA,NA,NA,NA,NA,N,3,0,1,2,A,-,17,22517,NA,N,H,G,A,A,H,-,A,D,0,NA,Y,NA,NA,Y,NA,A,01,0,1,0,0,0,0,1,0,0,-,-,NA,NA,LOS ANGELES,LOS ANGELES,-118.26403666,34.0256798
8514476,2017,2017-12-14,1942,2017-11-13,1245,37282,1303,1,5,7,1942,0,0,0,M,0,13X71,WALL ST,12TH ST,0,NA,-,A,-,N,NA,NA,NA,NA,NA,NA,NA,NA,NA,N,3,0,1,2,D,-,00,NA,NA,F,G,B,E,A,H,-,A,D,0,Y,NA,NA,NA,Y,NA,-,-,0,1,0,0,1,0,0,0,0,-,-,NA,NA,LOS ANGELES,LOS ANGELES,-118.25536008,34.03501006
8514480,2017,2017-12-14,1942,2017-11-06,1520,37282,1346,1,5,7,1942,0,0,0,M,0,13X71,VERNON,COMPTON,0,NA,Y,A,-,N,NA,NA,NA,NA,NA,NA,NA,NA,NA,N,4,0,2,2,A,-,09,21801,A,N,A,C,A,A,H,-,A,A,0,NA,NA,NA,NA,Y,NA,A,01,0,0,2,0,0,0,0,0,0,-,-,NA,NA,LOS ANGELES,LOS ANGELES,-118.24774007,34.00390007
8514535,2017,2018-01-23,1900,2017-11-05,0500,618055,1127,7,5,6,1992,0,0,0,NA,0,111T1,30TH ST WEST,AVENUE J,530,N,N,A,-,N,NA,NA,NA,NA,NA,NA,NA,NA,NA,Y,4,0,1,1,A,-,03,22350,A,N,E,I,A,A,H,-,C,A,0,NA,NA,NA,NA,Y,NA,-,NA,0,0,1,0,0,0,0,0,0,-,-,NA,NA,LOS ANGELES,LANCASTER,-118.18381585,34.69082319
8514678,2017,2017-12-21,1942,2017-11-10,1600,34426,1395,5,5,7,1942,0,0,0,M,0,13A93,E GAGE AV,CENTRAL AV,890,W,N,A,-,N,NA,NA,NA,NA,NA,NA,NA,NA,NA,N,4,0,1,2,A,-,09,21804,A,N,D,C,A,A,H,-,A,D,0,NA,NA,NA,Y,Y,NA,G,25,0,0,1,0,0,0,0,0,0,-,-,NA,NA,LOS ANGELES,LOS ANGELES,-118.25938594,33.98195
8514682,2017,2018-01-19,1942,2017-11-08,1930,42681,1391,3,5,7,1942,0,0,0,M,0,13A93,GAGE,GRAND,0,NA,Y,A,-,N,NA,NA,NA,NA,NA,NA,NA,NA,NA,Y,4,0,1,2,A,-,09,21801,A,N,A,C,A,A,H,-,B,A,0,NA,NA,NA,NA,Y,NA,D,22,0,0,1,0,0,0,0,0,0,-,-,NA,NA,LOS ANGELES,LOS ANGELES,-118.28017005,33.98237011
8514686,2017,2017-12-21,1942,2017-11-01,1445,39395,0497,3,5,7,1942,0,0,0,D,0,4A97,E 8TH ST,LORENA ST,106,W,N,A,-,N,NA,NA,NA,NA,NA,NA,NA,NA,NA,N,3,0,1,2,A,-,08,22107,NA,N,C,E,A,A,H,-,A,D,0,NA,Y,NA,NA,Y,NA,I,11,0,1,0,0,0,0,1,0,0,-,-,NA,NA,LOS ANGELES,LOS ANGELES,-118.20513557,34.02172056
8514689,2017,2018-01-17,1942,2017-10-27,1640,42849,0807,5,5,7,1942,0,0,0,H,0,8A12,BEVERLY GLEN BL,BEVERLY GLEN CIR,0,NA,N,A,-,N,NA,NA,NA,NA,NA,NA,NA,NA,NA,Y,3,0,1,2,A,-,08,22107,NA,N,C,C,A,A,H,-,A,D,0,NA,NA,NA,NA,Y,NA,A,01,0,1,0,0,0,0,0,0,0,-,-,NA,NA,LOS ANGELES,LOS ANGELES,-118.45323006,34.1354101
8514690,2017,2018-01-18,1942,2017-11-11,2130,42639,0488,6,5,7,1942,0,0,0,D,0,4A3,OPAL ST,S LORENA ST,0,NA,Y,A,-,N,NA,NA,NA,NA,NA,NA,NA,NA,NA,N,4,0,1,3,A,-,00,20001,A,F,B,E,A,A,H,-,C,D,0,NA,NA,NA,NA,Y,NA,-,99,0,0,1,0,0,0,0,0,0,-,-,NA,NA,LOS ANGELES,LOS ANGELES,-118.20435011,34.02237005
8514698,2017,2017-12-20,1942,2017-02-02,0145,42812,1309,4,5,7,1942,0,0,0,M,0,13X43,OLYMPIC BL,SANTA FE,0,NA,Y,A,-,N,NA,NA,NA,NA,NA,NA,NA,NA,NA,Y,4,0,1,2,A,-,01,23152,A,N,D,D,A,A,H,-,C,A,0,NA,NA,NA,Y,Y,Y,A,07,0,0,1,0,0,0,0,0,0,-,-,NA,NA,LOS ANGELES,LOS ANGELES,-118.22994004,34.02562012
8514706,2017,2017-12-19,1942,2017-10-26,0915,30380,0441,4,5,7,1942,0,0,0,D,0,4A15,N MISSION RD,E CESAR E CHAVEZ AV,327,S,N,A,-,N,NA,NA,NA,NA,NA,NA,NA,NA,NA,N,3,0,1,2,A,-,08,22107,NA,N,D,G,A,A,H,-,A,D,0,NA,Y,NA,Y,Y,NA,F,77,0,1,0,0,0,0,1,0,0,-,-,NA,NA,LOS ANGELES,LOS ANGELES,-118.22631697999999,34.05364907
8514724,2017,2018-01-10,1942,2017-11-03,1800,40730,1141,5,5,7,1942,0,0,0,K,0,11A1,LOS FELIZ BL,CHESWIC LN,37,W,N,A,-,N,NA,NA,NA,NA,NA,NA,NA,NA,NA,N,4,0,2,2,A,-,05,21460,A,N,B,C,A,A,H,-,B,A,0,NA,NA,NA,Y,Y,NA,-,-,0,0,2,0,0,0,0,0,0,-,-,NA,NA,LOS ANGELES,LOS ANGELES,-118.29671921,34.11019844
8514728,2017,2017-12-19,1942,2017-11-02,0943,31814,0301,4,5,7,1942,0,0,0,C,0,25TL25,REDONDO BL,W ADAMS BL,98,E,N,A,-,N,NA,NA,NA,NA,NA,NA,NA,NA,NA,Y,4,0,2,3,A,-,07,21658,A,N,B,C,A,A,H,-,A,A,0,NA,NA,NA,Y,Y,Y,A,01,0,0,2,0,0,0,0,0,0,-,-,NA,NA,LOS ANGELES,LOS ANGELES,-118.35614419,34.03275394
8514732,2017,2017-12-19,1942,2017-10-31,0830,39010,0411,2,5,7,1942,0,0,0,D,0,4A3,PASADENA AV,S AVE 20,0,NA,Y,A,-,N,NA,NA,NA,NA,NA,NA,NA,NA,NA,Y,4,0,2,3,A,-,12,21453,A,N,D,C,A,A,H,-,A,A,0,NA,NA,NA,NA,Y,NA,A,07,0,0,2,0,0,0,0,0,0,-,-,NA,NA,LOS ANGELES,LOS ANGELES,-118.22114004,34.07421009
8514740,2017,2017-12-19,1942,2017-11-09,1941,35024,1134,4,5,7,1942,0,0,0,K,0,11A89,CYPRESS AV,S DIVISION ST,28,S,N,A,-,N,NA,NA,NA,NA,NA,NA,NA,NA,NA,Y,4,0,2,2,A,-,08,22102,NA,N,D,C,A,A,H,-,C,D,0,NA,NA,NA,NA,Y,Y,D,22,0,0,2,0,0,0,0,0,0,-,-,NA,NA,LOS ANGELES,LOS ANGELES,-118.23623687,34.10258721
8514744,2017,2017-12-20,1942,2017-11-29,1010,31152,0261,3,5,7,1942,0,0,0,B,0,2A45,HOOVER ST,8TH ST,5,N,N,A,-,N,NA,NA,NA,NA,NA,NA,NA,NA,NA,N,4,0,1,2,A,-,10,21950,A,N,G,B,B,A,H,-,A,A,0,Y,NA,NA,NA,Y,NA,D,22,0,0,1,0,1,0,0,0,0,-,-,NA,NA,LOS ANGELES,LOS ANGELES,-118.28421,34.05772371
8514752,2017,2018-02-21,1942,2017-11-09,1535,37765,0555,4,5,7,1942,0,0,0,E,0,5XL4,PACIFIC AV,FRONT ST,40,N,N,A,-,N,NA,NA,NA,NA,NA,NA,NA,NA,NA,N,3,0,1,2,A,-,03,22350,NA,N,D,C,A,A,H,-,A,A,0,NA,NA,NA,NA,Y,NA,-,-,0,1,0,0,0,0,0,0,0,-,-,NA,NA,LOS ANGELES,LOS ANGELES,-118.28728419,33.7511842
8514760,2017,2017-12-18,1942,2017-10-28,1120,41747,0358,6,5,7,1942,0,0,0,C,0,25TL43,USC WATT WY,EXPOSITION BL,0,NA,Y,A,-,N,NA,NA,NA,NA,NA,NA,NA,NA,NA,N,4,0,1,2,A,-,08,22101,D,N,D,F,A,A,H,-,A,A,0,NA,NA,NA,NA,Y,NA,A,01,0,0,1,0,0,0,0,0,0,-,-,NA,NA,LOS ANGELES,LOS ANGELES,-118.28901007,34.01835003
8514761,2017,2018-06-15,1941,2017-12-04,1628,10365,NA,1,5,7,1941,0,0,0,NA,0,NA,PACIFIC COAST HWY,ORIZABA AV,0,NA,Y,A,-,Y,LA,7,1,-,-,4.391,I,5,S,N,4,0,1,3,A,-,09,21801,A,N,D,C,A,A,H,-,B,A,0,NA,NA,NA,NA,Y,NA,A,NA,0,0,1,0,0,0,0,0,0,-,-,NA,NA,LOS ANGELES,LONG BEACH,-118.15677733,33.7898063
8514764,2017,2017-12-19,1942,2017-10-23,2025,42364,0373,1,5,7,1942,0,0,0,C,0,3A31,CRENSHAW BL,EXPOSITION BL,0,NA,Y,A,-,N,NA,NA,NA,NA,NA,NA,NA,NA,NA,Y,4,0,1,2,A,-,09,21453,C,N,D,F,A,A,H,-,C,A,0,NA,NA,NA,NA,Y,NA,A,07,0,0,1,0,0,0,0,0,0,-,-,NA,NA,LOS ANGELES,LOS ANGELES,-118.33512006,34.02264005
8514765,2017,2018-07-03,1942,2017-10-12,2355,41669,1113,4,5,7,1942,0,0,0,K,0,11A25,RT 2,COLORADO BL,0,NA,Y,A,-,Y,LA,7,2,-,R,18.296,R,1,E,N,3,0,1,2,A,-,10,21950,NA,N,G,B,B,A,H,-,C,A,0,Y,NA,NA,NA,Y,NA,A,01,0,1,0,0,1,0,0,0,0,-,-,NA,NA,LOS ANGELES,LOS ANGELES,-118.22814338,34.13980808
8514768,2017,2017-12-18,1942,2017-11-01,1630,41661,1123,3,5,7,1942,0,0,0,K,0,11A1,LOS FELIZ BL,GLENFELIZ BL,120,NA,N,B,-,N,NA,NA,NA,NA,NA,NA,NA,NA,NA,Y,4,0,1,2,A,-,04,21703,NA,N,C,C,A,A,H,-,A,D,0,NA,NA,NA,NA,Y,NA,A,01,0,0,1,0,0,0,0,0,0,-,-,NA,NA,LOS ANGELES,LOS ANGELES,-118.26845013,34.12355006
8514772,2017,2017-12-16,1942,2017-07-07,2045,40421,NA,5,5,7,1942,0,0,0,NA,0,4AG,HUNTINGTON DR,EASTERN AV,30,E,N,A,-,N,NA,NA,NA,NA,NA,NA,NA,NA,NA,NA,3,0,1,2,A,-,08,22107,NA,N,H,G,A,A,H,-,C,D,0,NA,Y,NA,NA,Y,NA,A,01,0,1,0,0,0,0,1,0,0,-,-,NA,NA,LOS ANGELES,LOS ANGELES,-118.17828003,34.08627413
8514776,2017,2018-01-08,1942,2017-11-04,2053,35024,1118,6,5,7,1942,0,0,0,K,0,11A37,NORTH FIGUEROA ST,N AV 56,0,NA,Y,A,-,N,NA,NA,NA,NA,NA,NA,NA,NA,NA,Y,3,0,2,2,A,-,09,21801,A,N,-,C,A,-,H,-,C,A,0,NA,NA,NA,NA,Y,NA,A,01,0,1,1,0,0,0,0,0,0,-,-,NA,NA,LOS ANGELES,LOS ANGELES,-118.19420011,34.10890012
8514780,2017,2017-12-16,1942,2017-03-07,1400,34257,0497,2,5,7,1942,0,0,0,D,0,4A97,SOTO ST,12TH ST,0,NA,Y,A,-,N,NA,NA,NA,NA,NA,NA,NA,NA,NA,Y,4,0,1,2,A,-,09,21801,A,N,A,C,A,A,H,-,A,D,0,NA,NA,NA,NA,Y,NA,A,07,0,0,1,0,0,0,0,0,0,-,-,NA,NA,LOS ANGELES,LOS ANGELES,-118.22011001,34.02194011
8514784,2017,2018-01-17,1942,2017-05-01,0010,42392,1303,1,5,7,1942,0,0,0,M,0,13A9,PICO BL,MAPLE AV,0,NA,Y,A,-,N,NA,NA,NA,NA,NA,NA,NA,NA,NA,N,4,0,1,2,A,-,12,21453,A,F,D,C,A,A,H,-,C,A,0,NA,NA,NA,NA,Y,NA,-,99,0,0,1,0,0,0,0,0,0,-,-,NA,NA,LOS ANGELES,LOS ANGELES,-118.25726011,34.03455001
8514788,2017,2017-12-18,1942,2017-11-05,0935,38357,1141,7,5,7,1942,0,0,0,K,0,11A1,MELBOURNE AV,N VERMONT AV,0,NA,Y,A,-,N,NA,NA,NA,NA,NA,NA,NA,NA,NA,N,3,0,1,2,A,-,11,21950,B,N,G,B,B,A,H,-,A,D,0,Y,NA,NA,NA,Y,NA,N,60,0,1,0,0,1,0,0,0,0,-,-,NA,NA,LOS ANGELES,LOS ANGELES,-118.29177,34.1035801
8514792,2017,2017-12-18,1942,2017-11-04,2000,41439,0329,6,5,7,1942,0,0,0,C,0,3T5,S FIGUEROA ST,W ADAMS BL,366,N,N,A,-,N,NA,NA,NA,NA,NA,NA,NA,NA,NA,Y,4,0,1,2,A,-,09,21801,A,N,B,C,A,A,H,-,C,A,0,NA,NA,NA,NA,Y,NA,A,07,0,0,1,0,0,0,0,0,0,-,-,NA,NA,LOS ANGELES,LOS ANGELES,-118.27545597,34.02904713
8514795,2017,2018-01-19,1942,2017-11-21,1740,41618,0142,2,5,7,1942,0,0,0,A,0,1A12,4TH ST,HOPE ST,0,NA,Y,A,-,N,NA,NA,NA,NA,NA,NA,NA,NA,NA,N,4,0,1,2,A,-,04,21703,NA,N,C,D,A,A,H,-,A,A,0,NA,NA,Y,NA,Y,NA,A,01,0,0,1,0,0,0,0,0,1,-,-,NA,NA,LOS ANGELES,LOS ANGELES,-118.25378012,34.0521901
8514796,2017,2017-12-18,1942,2017-11-22,2355,39297,0308,3,5,7,1942,0,0,0,C,0,3A55,OAK AV,WASHINGTON BL,0,NA,Y,A,-,N,NA,NA,NA,NA,NA,NA,NA,NA,NA,N,3,0,1,2,A,-,09,21801,A,N,D,C,A,A,H,-,C,D,0,NA,NA,Y,NA,Y,NA,A,01,0,1,0,0,0,0,0,0,1,-,-,NA,NA,LOS ANGELES,LOS ANGELES,-118.27758012,34.03689006