CASE_ID,ACCIDENT_YEAR,PROC_DATE,JURIS,COLLISION_DATE,COLLISION_TIME,OFFICER_ID,REPORTING_DISTRICT,DAY_OF_WEEK,CHP_SHIFT,POPULATION,CNTY_CITY_LOC,SPECIAL_COND,BEAT_TYPE,CHP_BEAT_TYPE,CITY_DIVISION_LAPD,CHP_BEAT_CLASS,BEAT_NUMBER,PRIMARY_RD,SECONDARY_RD,DISTANCE,DIRECTION,INTERSECTION,WEATHER_1,WEATHER_2,STATE_HWY_IND,CALTRANS_COUNTY,CALTRANS_DISTRICT,STATE_ROUTE,ROUTE_SUFFIX,POSTMILE_PREFIX,POSTMILE,LOCATION_TYPE,RAMP_INTERSECTION,SIDE_OF_HWY,TOW_AWAY,COLLISION_SEVERITY,NUMBER_KILLED,NUMBER_INJURED,PARTY_COUNT,PRIMARY_COLL_FACTOR,PCF_CODE_OF_VIOL,PCF_VIOL_CATEGORY,PCF_VIOLATION,PCF_VIOL_SUBSECTION,HIT_AND_RUN,TYPE_OF_COLLISION,MVIW,PED_ACTION,ROAD_SURFACE,ROAD_COND_1,ROAD_COND_2,LIGHTING,CONTROL_DEVICE,CHP_ROAD_TYPE,PEDESTRIAN_ACCIDENT,BICYCLE_ACCIDENT,MOTORCYCLE_ACCIDENT,TRUCK_ACCIDENT,NOT_PRIVATE_PROPERTY,ALCOHOL_INVOLVED,STWD_VEHTYPE_AT_FAULT,CHP_VEHTYPE_AT_FAULT,COUNT_SEVERE_INJ,COUNT_VISIBLE_INJ,COUNT_COMPLAINT_PAIN,COUNT_PED_KILLED,COUNT_PED_INJURED,COUNT_BICYCLIST_KILLED,COUNT_BICYCLIST_INJURED,COUNT_MC_KILLED,COUNT_MC_INJURED,PRIMARY_RAMP,SECONDARY_RAMP,LATITUDE,LONGITUDE,COUNTY,CITY,POINT_X,POINT_Y
8514862,2017,2017-12-14,1942,2017-10-01,0010,33532,1354,7,5,7,1942,0,0,0,M,0,13X94,VERNON AV,MAIN ST,300,W,N,A,-,N,NA,NA,NA,NA,NA,NA,NA,NA,NA,Y,4,0,1,3,A,-,01,23152,A,N,B,E,A,A,H,-,D,D,0,NA,NA,NA,NA,Y,Y,A,01,0,0,1,0,0,0,0,0,0,-,-,NA,NA,LOS ANGELES,LOS ANGELES,-118.27499785,34.00382482
8514863,2017,2017-12-26,1942,2017-11-17,0630,39481,0239,5,5,7,1942,0,0,0,B,0,2A47,BEAUDRY AV,TEMPLE ST,0,NA,Y,B,C,N,NA,NA,NA,NA,NA,NA,NA,NA,NA,Y,4,0,2,2,A,-,09,21801,A,N,D,C,A,B,H,-,A,A,0,NA,NA,NA,NA,Y,NA,A,01,0,0,2,0,0,0,0,0,0,-,-,NA,NA,LOS ANGELES,LOS ANGELES,-118.2513601,34.0632001
8514864,2017,2017-12-21,1942,2017-11-10,1310,41232,1353,5,5,7,1942,0,0,0,M,0,13A43,CENTRAL AV,45TH ST,0,NA,Y,A,-,N,NA,NA,NA,NA,NA,NA,NA,NA,NA,Y,3,0,2,2,A,-,09,21801,A,N,D,C,A,A,H,-,A,D,0,NA,NA,NA,NA,Y,NA,-,-,0,1,1,0,0,0,0,0,0,-,-,NA,NA,LOS ANGELES,LOS ANGELES,-118.25649004,34.00298011
8514866,2017,2017-12-14,1942,2017-10-09,0140,38233,1352,1,5,7,1942,0,0,0,M,0,13A61,WALL ST,VERNON AV,0,NA,Y,A,-,N,NA,NA,NA,NA,NA,NA,NA,NA,NA,Y,4,0,4,2,A,-,01,23152,A,N,D,C,A,A,H,-,C,A,0,NA,NA,NA,NA,Y,Y,A,01,0,0,4,0,0,0,0,0,0,-,-,NA,NA,LOS ANGELES,LOS ANGELES,-118.27176014,34.00384002
8514867,2017,2017-12-22,1942,2017-11-09,0850,32973,1143,4,5,7,1942,0,0,0,K,0,11A71,GRIFFITH PARK BL,SAINT GEORGE ST,0,NA,Y,A,-,N,NA,NA,NA,NA,NA,NA,NA,NA,NA,Y,4,0,1,3,A,-,12,21453,A,N,D,C,A,A,H,-,A,A,0,NA,NA,NA,NA,Y,NA,A,01,0,0,1,0,0,0,0,0,0,-,-,NA,NA,LOS ANGELES,LOS ANGELES,-118.27488,34.10895012
8514868,2017,2017-12-21,1942,2017-11-03,1510,34426,0499,5,5,7,1942,0,0,0,D,0,4A97,E 8TH ST,ESPERANZA ST,45,W,N,A,-,N,NA,NA,NA,NA,NA,NA,NA,NA,NA,N,3,0,1,2,A,-,11,21954,A,N,G,B,D,A,H,-,A,D,0,Y,NA,NA,NA,Y,NA,N,60,0,1,0,0,1,0,0,0,0,-,-,NA,NA,LOS ANGELES,LOS ANGELES,-118.20018705,34.01952353
8514870,2017,2017-12-14,1942,2017-10-24,1340,42300,0341,2,5,7,1942,0,0,0,C,0,3XL94,LA BREA AV,VERONICA ST,90,S,N,A,-,N,NA,NA,NA,NA,NA,NA,NA,NA,NA,Y,4,0,1,2,A,-,03,22350,NA,N,C,C,A,A,H,-,A,D,0,NA,NA,NA,NA,Y,NA,A,07,0,0,1,0,0,0,0,0,0,-,-,NA,NA,LOS ANGELES,LOS ANGELES,-118.35559895,34.01261366
8514871,2017,2017-12-26,1942,2017-11-30,0730,38357,0256,4,5,7,1942,0,0,0,B,0,2A56,W 7TH ST,BURLINGTON AV,66,W,N,A,-,N,NA,NA,NA,NA,NA,NA,NA,NA,NA,N,3,0,1,2,A,-,11,21955,NA,N,G,B,D,A,H,-,A,D,0,Y,NA,NA,NA,Y,NA,N,60,0,1,0,0,1,0,0,0,0,-,-,NA,NA,LOS ANGELES,LOS ANGELES,-118.27365532,34.05503958
8514872,2017,2017-12-20,1942,2017-11-13,1608,36379,0453,1,5,7,1942,0,0,0,D,0,24M977,S STATE ST,CITY VIEW ST,1000,N,N,A,-,N,NA,NA,NA,NA,NA,NA,NA,NA,NA,N,4,0,1,2,A,-,04,21703,NA,N,C,C,A,A,H,-,A,D,0,NA,NA,NA,NA,Y,NA,A,01,0,0,1,0,0,0,0,0,0,-,-,NA,NA,LOS ANGELES,LOS ANGELES,-118.21235574,34.05442817
8514874,2017,2017-12-14,1942,2017-10-30,2000,33599,0361,1,5,7,1942,0,0,0,C,0,25727,LA BREA,RODEO RD,0,NA,Y,A,-,N,NA,NA,NA,NA,NA,NA,NA,NA,NA,N,3,0,1,2,A,-,11,21950,B,N,H,B,B,A,H,-,C,A,0,Y,NA,NA,NA,Y,NA,N,60,0,1,0,0,1,0,0,0,0,-,-,NA,NA,LOS ANGELES,LOS ANGELES,-118.35561006,34.02153003
8514875,2017,2017-12-26,1942,2017-11-10,1716,41661,1124,5,5,7,1942,0,0,0,K,0,11A89,N SAN FERNANDO RD,ANDRITA ST,440,N,N,A,-,N,NA,NA,NA,NA,NA,NA,NA,NA,NA,Y,3,0,1,2,A,-,08,22107,NA,N,A,C,A,A,H,-,A,D,0,NA,NA,NA,NA,Y,NA,A,01,0,1,0,0,0,0,0,0,0,-,-,NA,NA,LOS ANGELES,LOS ANGELES,-118.2481377,34.11717773
8514878,2017,2017-12-14,1942,2017-10-07,1120,38818,0377,6,5,7,1942,0,0,0,C,0,3A73,NORMANDIE AV,MARTIN LUTHER KING,100,N,N,A,-,N,NA,NA,NA,NA,NA,NA,NA,NA,NA,Y,3,0,1,2,A,-,09,21801,A,N,A,C,A,A,H,-,A,D,0,NA,NA,NA,NA,Y,NA,A,01,0,1,0,0,0,0,0,0,0,-,-,NA,NA,LOS ANGELES,LOS ANGELES,-118.30018,34.01114426
8514879,2017,2017-12-26,1942,2017-11-29,1730,40643,0265,3,5,7,1942,0,0,0,B,0,2A75,7TH ST,ALVARADO ST,10,E,N,A,-,N,NA,NA,NA,NA,NA,NA,NA,NA,NA,N,3,0,2,2,A,-,12,21453,A,N,H,-,B,A,H,-,C,A,0,Y,Y,NA,NA,Y,NA,L,04,0,2,0,0,1,0,1,0,0,-,-,NA,NA,LOS ANGELES,LOS ANGELES,-118.27678118,34.0564667
8514880,2017,2017-12-21,1942,2017-11-18,2245,33452,0445,6,5,7,1942,0,0,0,D,0,4A15,MARENGO ST,BRITTANIA ST,45,E,N,A,-,N,NA,NA,NA,NA,NA,NA,NA,NA,NA,N,3,0,1,2,A,-,11,21955,NA,N,G,B,D,A,H,-,C,A,0,Y,NA,NA,NA,Y,NA,N,60,0,1,0,0,1,0,0,0,0,-,-,NA,NA,LOS ANGELES,LOS ANGELES,-118.20828892,34.05701233
8514884,2017,2018-06-15,1941,2017-11-25,2330,5737,NA,6,5,7,1941,0,0,0,NA,0,NA,PACIFIC COAST HWY,LONG BEACH BL,7,E,N,A,-,Y,LA,7,1,-,-,6.261,I,5,S,N,4,0,1,2,A,-,11,21456,B,N,D,B,B,A,H,-,C,A,0,Y,NA,NA,NA,Y,NA,N,NA,0,0,1,0,1,0,0,0,0,-,-,NA,NA,LOS ANGELES,LONG BEACH,-118.18930021,33.78980787
8514888,2017,2018-06-15,1941,2017-11-29,1500,5129,NA,3,5,7,1941,0,0,0,NA,0,NA,PACIFIC COAST HWY,GLADYS AV,0,NA,Y,A,-,Y,LA,7,1,-,-,4.451,I,5,S,N,4,0,1,2,A,-,09,21801,A,N,D,C,A,A,H,-,A,D,0,NA,NA,NA,NA,Y,NA,A,NA,0,0,1,0,0,0,0,0,0,-,-,NA,NA,LOS ANGELES,LONG BEACH,-118.15786004,33.78980623
8514892,2017,2018-06-13,1941,2017-11-30,0605,6052,NA,4,5,7,1941,0,0,0,NA,0,NA,7TH ST,E PARK AV,5,E,N,A,-,N,NA,NA,NA,NA,NA,NA,NA,NA,NA,N,3,0,1,2,A,-,11,21453,D,N,G,B,B,A,H,-,B,A,0,Y,NA,NA,NA,Y,NA,N,NA,0,1,0,0,1,0,0,0,0,-,-,NA,NA,LOS ANGELES,LONG BEACH,-118.13745358,33.7753598
8514904,2017,2018-06-13,1942,2017-11-03,1350,42973,1333,5,5,7,1942,0,0,0,M,0,13A43,33RD ST,CENTRAL AV,15,W,N,A,-,N,NA,NA,NA,NA,NA,NA,NA,NA,NA,Y,4,0,1,3,A,-,04,21703,NA,F,C,C,A,A,H,-,A,A,0,NA,NA,NA,NA,Y,NA,A,01,0,0,1,0,0,0,0,0,0,-,-,NA,NA,LOS ANGELES,LOS ANGELES,-118.25656939,34.01381924
8514908,2017,2018-06-15,1942,2017-11-25,1330,42770,0503,6,5,7,1942,0,0,0,E,0,0503,PACIFIC COAST HWY,BIXBY AV,5,E,N,A,-,Y,LA,7,1,-,-,12.12,I,5,N,N,4,0,1,2,A,-,09,21802,A,N,D,C,A,A,H,-,A,A,0,NA,NA,NA,NA,Y,NA,A,01,0,0,1,0,0,0,0,0,0,-,-,NA,NA,LOS ANGELES,LOS ANGELES,-118.29087461,33.79106225
8514924,2017,2018-06-13,1941,2017-12-01,1557,6052,NA,5,5,7,1941,0,0,0,NA,0,NA,LAKEWOOD BL,N NORSE WY,42,S,N,A,-,N,NA,NA,NA,NA,NA,NA,NA,NA,NA,Y,4,0,1,3,A,-,08,22107,NA,N,A,C,A,A,H,-,A,A,0,NA,NA,NA,NA,Y,NA,A,NA,0,0,1,0,0,0,0,0,0,-,-,NA,NA,LOS ANGELES,LONG BEACH,-118.14247894,33.83385483
8514984,2017,2017-12-20,1910,2017-12-05,1417,03209,NA,2,5,4,1910,0,0,0,NA,0,004,SUMMIT DR,DAWNRIDGE DR,118,S,N,A,-,N,NA,NA,NA,NA,NA,NA,NA,NA,NA,N,3,0,1,2,A,-,03,22350,NA,F,B,C,A,A,H,-,A,A,0,NA,NA,NA,Y,Y,NA,A,07,0,1,0,0,0,0,0,0,0,-,-,NA,NA,LOS ANGELES,BEVERLY HILLS,-118.41895,34.09410694
8514987,2017,2017-12-18,1910,2017-11-30,1444,03209,NA,4,5,4,1910,0,0,0,NA,0,004,WILSHIRE BL,SANTA MONICA BL,115,W,N,A,-,N,NA,NA,NA,NA,NA,NA,NA,NA,NA,N,4,0,1,2,A,-,03,22350,NA,N,C,C,A,A,H,-,A,A,0,NA,NA,NA,NA,Y,NA,A,01,0,0,1,0,0,0,0,0,0,-,-,NA,NA,LOS ANGELES,BEVERLY HILLS,-118.41079891,34.06707758
8514991,2017,2017-12-18,1910,2017-11-14,1400,03633,NA,2,5,4,1910,0,0,0,NA,0,007,CARMELITA AV,BEVERLY DR,0,NA,Y,A,-,N,NA,NA,NA,NA,NA,NA,NA,NA,NA,Y,4,0,1,2,A,-,12,22450,A,N,D,C,A,A,H,-,A,D,0,NA,NA,NA,NA,Y,Y,A,01,0,0,1,0,0,0,0,0,0,-,-,NA,NA,LOS ANGELES,BEVERLY HILLS,-118.40694014,34.07430005
8514995,2017,2017-12-18,1910,2017-11-21,0745,03633,NA,2,5,4,1910,0,0,0,NA,0,005,OLYMPIC BL,ROXBURY DR,0,NA,Y,A,-,N,NA,NA,NA,NA,NA,NA,NA,NA,NA,N,4,0,1,2,A,-,09,21801,A,N,A,G,A,A,H,-,A,A,0,NA,Y,NA,NA,Y,NA,A,01,0,0,1,0,0,0,1,0,0,-,-,NA,NA,LOS ANGELES,BEVERLY HILLS,-118.40570005,34.05968007
8514999,2017,2017-12-18,1910,2017-11-25,1048,04586,NA,6,5,4,1910,0,0,0,NA,0,005,S ROXBURY DR,GREGORY WY,0,NA,Y,A,-,N,NA,NA,NA,NA,NA,NA,NA,NA,NA,Y,4,0,2,2,A,-,03,22350,NA,N,C,C,A,A,H,-,A,A,0,NA,NA,NA,NA,Y,NA,A,01,0,0,2,0,0,0,0,0,0,-,-,NA,NA,LOS ANGELES,BEVERLY HILLS,-118.40563013,34.06222005
8515000,2017,2017-12-20,1910,2017-11-20,1703,03209,NA,1,5,4,1910,0,0,0,NA,0,007,WILSHIRE BL,ELM DR,0,NA,Y,A,-,N,NA,NA,NA,NA,NA,NA,NA,NA,NA,N,3,0,1,3,A,-,09,21801,A,N,D,C,A,A,H,-,C,A,0,NA,NA,Y,NA,Y,NA,I,11,0,1,0,0,0,0,0,0,1,-,-,NA,NA,LOS ANGELES,BEVERLY HILLS,-118.39488006,34.06704003
8515003,2017,2017-12-18,1910,2017-11-26,1107,03494,NA,7,5,4,1910,0,0,0,NA,0,007,SANTA MONICA BL,REXFORD DR,0,NA,Y,A,-,N,NA,NA,NA,NA,NA,NA,NA,NA,NA,Y,3,0,1,2,A,-,12,21453,A,N,D,C,A,A,H,-,A,A,0,NA,NA,NA,NA,Y,NA,A,01,0,1,0,0,0,0,0,0,0,-,-,NA,NA,LOS ANGELES,BEVERLY HILLS,-118.40062009,34.07376007
8515004,2017,2018-01-03,1910,2017-11-20,1354,03209,NA,1,5,4,1910,0,0,0,NA,0,009,OLYMPIC BL,ROBERTSON BL,170,W,N,A,-,N,NA,NA,NA,NA,NA,NA,NA,NA,NA,N,4,0,2,3,A,-,08,22107,NA,N,D,C,A,A,H,-,A,A,0,NA,NA,NA,Y,Y,NA,F,26,0,0,2,0,0,0,0,0,0,-,-,NA,NA,LOS ANGELES,BEVERLY HILLS,-118.38420008,34.05935909
8515007,2017,2017-12-18,1910,2017-11-10,1747,04712,NA,5,5,4,1910,0,0,0,NA,0,007,BEVERLY BL,CIVIC CENTER DR,0,NA,Y,A,-,N,NA,NA,NA,NA,NA,NA,NA,NA,NA,NA,3,0,1,2,A,-,05,21650,NA,N,G,G,A,A,H,-,C,D,0,NA,Y,NA,NA,Y,NA,L,04,0,1,0,0,0,0,1,0,0,-,-,NA,NA,LOS ANGELES,BEVERLY HILLS,-118.39494002,34.07718012
8515011,2017,2017-12-18,1910,2017-11-07,1530,03438,NA,2,5,4,1910,0,0,0,NA,0,009,S ROBERTSON BL,GREGORY WY,226,N,N,A,-,N,NA,NA,NA,NA,NA,NA,NA,NA,NA,NA,4,0,1,2,A,-,21,22106,NA,N,C,E,A,A,H,-,A,D,0,NA,NA,NA,NA,Y,NA,A,01,0,0,1,0,0,0,0,0,0,-,-,NA,NA,LOS ANGELES,BEVERLY HILLS,-118.38359021,34.06358936
8515015,2017,2017-12-18,1910,2017-11-23,1705,03438,NA,4,5,4,1910,0,0,0,NA,0,007,N CANON DR,DAYTON WY,166,N,N,A,-,N,NA,NA,NA,NA,NA,NA,NA,NA,NA,N,4,0,1,2,A,-,11,21950,B,N,A,B,E,A,H,-,C,D,0,Y,NA,NA,NA,Y,NA,N,60,0,0,1,0,1,0,0,0,0,-,-,NA,NA,LOS ANGELES,BEVERLY HILLS,-118.39988391,34.06957412
8515019,2017,2017-12-18,1910,2017-11-20,0918,03410,NA,1,5,4,1910,0,0,0,NA,0,004,ELEVADO AV,REXFORD DR,0,NA,Y,A,-,N,NA,NA,NA,NA,NA,NA,NA,NA,NA,N,4,0,1,2,A,-,03,22350,NA,N,C,C,A,A,H,-,A,D,0,NA,NA,NA,NA,Y,NA,A,01,0,0,1,0,0,0,0,0,0,-,-,NA,NA,LOS ANGELES,BEVERLY HILLS,-118.40536003,34.07989002
8515023,2017,2017-12-18,1910,2017-11-01,1223,03494,NA,3,5,4,1910,0,0,0,NA,0,009,WILSHIRE BL,ROBERTSON BL,0,NA,Y,A,-,N,NA,NA,NA,NA,NA,NA,NA,NA,NA,Y,4,0,2,3,A,-,09,21801,A,N,D,C,A,A,H,-,A,A,0,NA,NA,NA,NA,Y,NA,A,01,0,0,2,0,0,0,0,0,0,-,-,NA,NA,LOS ANGELES,BEVERLY HILLS,-118.38369004,34.06705011
8515026,2017,2017-12-16,1910,2017-12-05,1225,03633,NA,2,5,4,1910,0,0,0,NA,0,006,BEVERLY DR,SHADOW HILL DR,300,S,N,A,-,N,NA,NA,NA,NA,NA,NA,NA,NA,NA,N,3,0,3,2,A,-,04,21703,NA,N,C,E,A,A,H,-,A,D,0,NA,NA,NA,NA,Y,NA,A,07,0,1,2,0,0,0,0,0,0,-,-,NA,NA,LOS ANGELES,BEVERLY HILLS,-118.41258198,34.08904266
8515030,2017,2017-12-16,1910,2017-12-02,1913,401,NA,6,5,4,1910,0,0,0,NA,0,009,NORTH ROBERTSON BL,CLIFTON WY,0,NA,Y,A,-,N,NA,NA,NA,NA,NA,NA,NA,NA,NA,N,4,0,1,2,A,-,11,21461,5,N,G,B,B,A,H,-,C,A,0,Y,NA,NA,NA,Y,Y,N,60,0,0,1,0,1,0,0,0,0,-,-,NA,NA,LOS ANGELES,BEVERLY HILLS,-118.38377001,34.0692601
8515122,2017,2017-12-21,1922,2017-11-06,1403,569,NA,1,5,6,1922,0,0,0,NA,0,004,MOUNTAIN VIEW RD,PECK RD,0,NA,Y,A,-,N,NA,NA,NA,NA,NA,NA,NA,NA,NA,Y,4,0,1,2,A,-,03,22350,NA,N,C,C,A,A,H,-,A,A,0,NA,NA,NA,NA,Y,Y,A,01,0,0,1,0,0,0,0,0,0,-,-,34.05537,-118.03059,LOS ANGELES,EL MONTE,-118.03058003,34.05531006
8515126,2017,2017-12-21,1922,2017-11-24,0710,632,1,5,5,6,1922,0,0,0,NA,0,001,LOWER AZUSA RD,PECK RD,0,NA,Y,A,-,N,NA,NA,NA,NA,NA,NA,NA,NA,NA,N,4,0,1,2,A,-,10,21950,A,N,G,B,B,A,H,-,A,A,0,Y,NA,NA,NA,Y,NA,A,01,0,0,1,0,1,0,0,0,0,-,-,NA,NA,LOS ANGELES,EL MONTE,-118.01455,34.090950050000004
8515130,2017,2017-12-20,1922,2017-11-11,1244,690,NA,6,5,6,1922,0,0,0,NA,0,NA,LOWER AZUSA,DURFEE AV,2,W,N,A,-,N,NA,NA,NA,NA,NA,NA,NA,NA,NA,N,4,0,2,2,A,-,04,21703,NA,M,C,C,A,A,H,-,A,A,0,NA,NA,NA,NA,Y,NA,A,07,0,0,2,0,0,0,0,0,0,-,-,34.08809,-118.00191,LOS ANGELES,EL MONTE,-118.00183591,34.08807757
8515134,2017,2017-12-21,1922,2017-11-23,1405,688,NA,4,5,6,1922,0,0,0,NA,0,NA,VALLEY BL,TYLER AV,0,NA,Y,A,-,N,NA,NA,NA,NA,NA,NA,NA,NA,NA,Y,4,0,1,2,D,-,00,NA,NA,N,D,C,A,A,H,-,A,A,0,NA,NA,NA,NA,Y,NA,-,-,0,0,1,0,0,0,0,0,0,-,-,34.0749,-118.03511,LOS ANGELES,EL MONTE,-118.03506003,34.0749001
8515138,2017,2017-12-20,1922,2017-11-22,1437,659,NA,3,5,6,1922,0,0,0,NA,0,004,PECK RD,GARVEY AV,0,NA,Y,A,-,N,NA,NA,NA,NA,NA,NA,NA,NA,NA,Y,4,0,4,2,A,-,09,21801,A,N,D,C,A,A,H,-,A,A,0,NA,NA,NA,NA,Y,NA,A,01,0,0,4,0,0,0,0,0,0,-,-,34.06293,-118.03054,LOS ANGELES,EL MONTE,-118.03054003,34.06285004
8515142,2017,2017-12-19,1922,2017-11-27,1748,668,NA,1,5,6,1922,0,0,0,NA,0,004,VALLEY BL,ALLGEYER AV,0,NA,Y,A,-,N,NA,NA,NA,NA,NA,NA,NA,NA,NA,Y,4,0,1,2,A,-,04,21703,NA,N,C,C,A,A,H,-,A,A,0,NA,NA,NA,NA,Y,NA,A,01,0,0,1,0,0,0,0,0,0,-,-,34.06147,-118.01667,LOS ANGELES,EL MONTE,-118.01672005,34.06150008
8515150,2017,2017-12-21,1922,2017-11-27,1530,576,NA,1,5,6,1922,0,0,0,NA,0,NA,SANTA ANITA AV,BODGER ST,0,NA,Y,A,-,N,NA,NA,NA,NA,NA,NA,NA,NA,NA,N,3,0,1,2,A,-,12,21453,A,N,G,B,B,A,H,-,A,A,0,Y,NA,NA,NA,Y,NA,A,01,0,1,0,0,1,0,0,0,0,-,-,NA,NA,LOS ANGELES,EL MONTE,-118.0426601,34.06426009
8515154,2017,2017-12-18,1922,2017-11-30,1727,690,NA,4,5,6,1922,0,0,0,NA,0,NA,LOWER AZUSA RD,EL MONTE AV,0,NA,Y,A,-,N,NA,NA,NA,NA,NA,NA,NA,NA,NA,N,4,0,1,2,A,-,05,21650,A,M,A,C,A,A,H,-,C,A,0,NA,NA,NA,NA,Y,NA,A,07,0,0,1,0,0,0,0,0,0,-,-,34.09271,-118.0354,LOS ANGELES,EL MONTE,-118.03538001,34.09267002
8515158,2017,2017-12-21,1922,2017-11-19,1524,668,NA,7,5,6,1922,0,0,0,NA,0,003,SANTA ANITA AV,OWENS WY,100,S,N,A,-,N,NA,NA,NA,NA,NA,NA,NA,NA,NA,Y,4,0,1,2,A,-,04,21703,NA,N,C,C,A,A,H,-,A,D,0,NA,NA,NA,NA,Y,NA,A,01,0,0,1,0,0,0,0,0,0,-,-,34.06084,-118.0421,LOS ANGELES,EL MONTE,-118.04236098,34.06141582
8515162,2017,2017-12-21,1922,2017-11-17,1725,560,NA,5,5,6,1922,0,0,0,NA,0,NA,RAMONA BL,GILMAN RD,0,NA,Y,A,-,N,NA,NA,NA,NA,NA,NA,NA,NA,NA,N,4,0,1,2,A,-,09,21801,A,N,D,C,A,A,H,-,A,A,0,NA,NA,Y,NA,Y,NA,A,07,0,0,1,0,0,0,0,0,1,-,-,NA,NA,LOS ANGELES,EL MONTE,-118.0025201,34.07661004
8515163,2017,2018-06-13,1922,2017-11-23,1459,569,NA,4,5,6,1922,0,0,0,NA,0,004,DURFEE AV,MAGNOLIA,0,NA,Y,A,-,N,NA,NA,NA,NA,NA,NA,NA,NA,NA,Y,3,0,2,2,A,-,03,22350,NA,N,D,D,A,A,H,-,A,A,0,NA,NA,NA,NA,Y,NA,D,22,0,2,0,0,0,0,0,0,0,-,-,34.05592,-118.01745,LOS ANGELES,EL MONTE,-118.01742011,34.05591002
8515166,2017,2017-12-19,1922,2017-10-27,1354,677,NA,5,5,6,1922,0,0,0,NA,0,NA,TYLER ST,BODGER ST,5,N,N,A,-,N,NA,NA,NA,NA,NA,NA,NA,NA,NA,N,3,0,1,2,A,-,03,22350,NA,N,D,G,A,A,H,-,A,A,0,NA,Y,NA,NA,Y,NA,A,01,0,1,0,0,0,0,1,0,0,-,-,34.06478,-118.03587,LOS ANGELES,EL MONTE,-118.0358817,34.06472364
8515171,2017,2018-01-08,1922,2017-11-06,0655,576,NA,1,5,6,1922,0,0,0,NA,0,NA,RAMONA BL,LEXINGTON AV,175,W,N,B,-,N,NA,NA,NA,NA,NA,NA,NA,NA,NA,Y,4,0,1,2,A,-,17,22517,NA,N,D,E,A,A,H,-,A,A,0,NA,NA,NA,NA,Y,NA,A,01,0,0,1,0,0,0,0,0,0,-,-,NA,NA,LOS ANGELES,EL MONTE,-118.04002648,34.07200031
8515179,2017,2017-12-29,1922,2017-10-02,0741,662,NA,1,5,6,1922,0,0,0,NA,0,NA,WIGGINS,VALLEY BL,150,N,N,A,-,N,NA,NA,NA,NA,NA,NA,NA,NA,NA,Y,4,0,1,1,A,-,08,22107,NA,N,E,I,A,A,H,-,A,D,0,NA,NA,NA,Y,Y,NA,F,26,0,0,1,0,0,0,0,0,0,-,-,NA,NA,LOS ANGELES,EL MONTE,-118.03349573,34.0745645
8515183,2017,2017-12-20,1922,2017-11-11,1949,690,NA,6,5,6,1922,0,0,0,NA,0,NA,PECK RD,HALLWOOD DR,30,N,N,A,-,N,NA,NA,NA,NA,NA,NA,NA,NA,NA,Y,3,0,1,4,A,-,01,23152,A,N,C,E,A,A,H,-,C,D,0,NA,NA,NA,NA,Y,Y,A,07,0,1,0,0,0,0,0,0,0,-,-,34.09377,-118.0131,LOS ANGELES,EL MONTE,-118.01315584,34.09380359
8515187,2017,2018-01-18,1922,2017-11-20,1327,681,NA,1,5,6,1922,0,0,0,NA,0,NA,MUSGROVE AV,MAGNOLIA ST,200,S,N,A,-,N,NA,NA,NA,NA,NA,NA,NA,NA,NA,N,4,0,1,2,A,-,09,21801,B,N,A,C,A,A,H,-,A,D,0,NA,NA,NA,NA,Y,NA,-,-,0,0,1,0,0,0,0,0,0,-,-,34.06075,-118.02745,LOS ANGELES,EL MONTE,-118.02784543,34.06062166
8515190,2017,2017-12-19,1922,2017-10-28,1241,680,NA,6,5,6,1922,0,0,0,NA,0,001,BALDWIN,CEDAR LN,0,NA,Y,A,-,N,NA,NA,NA,NA,NA,NA,NA,NA,NA,N,4,0,1,2,A,-,09,21801,B,N,D,C,A,A,H,-,A,D,0,NA,NA,NA,NA,Y,NA,A,07,0,0,1,0,0,0,0,0,0,-,-,NA,NA,LOS ANGELES,EL MONTE,-118.05363004,34.07665007
8515191,2017,2018-01-18,1922,2017-12-05,2054,606,4,2,5,6,1922,0,0,0,NA,0,004,COGSWELL RD,MAGNOLIA RD,20,E,N,A,-,N,NA,NA,NA,NA,NA,NA,NA,NA,NA,Y,3,0,1,1,A,-,03,22350,NA,F,A,J,A,A,H,-,D,D,0,NA,NA,NA,NA,Y,Y,A,01,0,1,0,0,0,0,0,0,0,-,-,34.05981,-118.02201,LOS ANGELES,EL MONTE,-118.02196196,34.05984753
8515195,2017,2017-12-20,1922,2017-12-02,1203,672,NA,6,5,6,1922,0,0,0,NA,0,NA,VALLEY BL,VALLEY BL 10683,30,E,N,A,-,N,NA,NA,NA,NA,NA,NA,NA,NA,NA,N,4,0,1,3,A,-,03,22350,NA,N,C,C,A,A,H,-,A,A,0,NA,NA,NA,NA,Y,NA,A,01,0,0,1,0,0,0,0,0,0,-,-,34.07739,-118.03818,LOS ANGELES,EL MONTE,NA,NA
8515199,2017,2017-12-20,1922,2017-12-06,1554,566,NA,3,5,6,1922,0,0,0,NA,0,NA,GARVEY AV,CENTRAL,20,E,N,A,-,N,NA,NA,NA,NA,NA,NA,NA,NA,NA,Y,3,0,2,2,A,-,04,21703,NA,N,C,C,A,A,H,-,A,A,0,NA,NA,NA,NA,Y,NA,A,01,0,1,1,0,0,0,0,0,0,-,-,34.06288,-118.04786,LOS ANGELES,EL MONTE,-118.04685411,34.06273
8515205,2017,2018-02-06,1942,2017-12-10,1330,36733,1792,7,5,7,1942,0,0,0,Q,0,17A81,OAKDALE AV,COMMUNITY ST,0,NA,Y,A,-,N,NA,NA,NA,NA,NA,NA,NA,NA,NA,N,3,0,3,2,A,-,09,21802,A,N,D,C,A,A,H,-,A,A,0,NA,NA,NA,NA,Y,NA,A,01,0,1,2,0,0,0,0,0,0,-,-,NA,NA,LOS ANGELES,LOS ANGELES,-118.56668007,34.22217002
8515217,2017,2018-01-03,1942,2017-11-22,1626,42121,1707,3,5,7,1942,0,0,0,Q,0,17A67,BALBOA BL,PINERIDGE DR,0,NA,N,A,-,N,NA,NA,NA,NA,NA,NA,NA,NA,NA,Y,4,0,1,2,A,-,08,22103,NA,N,B,C,A,A,H,-,A,A,0,NA,NA,NA,Y,Y,NA,A,08,0,0,1,0,0,0,0,0,0,-,-,NA,NA,LOS ANGELES,LOS ANGELES,-118.50217011,34.29313008