CASE_ID,ACCIDENT_YEAR,PROC_DATE,JURIS,COLLISION_DATE,COLLISION_TIME,OFFICER_ID,REPORTING_DISTRICT,DAY_OF_WEEK,CHP_SHIFT,POPULATION,CNTY_CITY_LOC,SPECIAL_COND,BEAT_TYPE,CHP_BEAT_TYPE,CITY_DIVISION_LAPD,CHP_BEAT_CLASS,BEAT_NUMBER,PRIMARY_RD,SECONDARY_RD,DISTANCE,DIRECTION,INTERSECTION,WEATHER_1,WEATHER_2,STATE_HWY_IND,CALTRANS_COUNTY,CALTRANS_DISTRICT,STATE_ROUTE,ROUTE_SUFFIX,POSTMILE_PREFIX,POSTMILE,LOCATION_TYPE,RAMP_INTERSECTION,SIDE_OF_HWY,TOW_AWAY,COLLISION_SEVERITY,NUMBER_KILLED,NUMBER_INJURED,PARTY_COUNT,PRIMARY_COLL_FACTOR,PCF_CODE_OF_VIOL,PCF_VIOL_CATEGORY,PCF_VIOLATION,PCF_VIOL_SUBSECTION,HIT_AND_RUN,TYPE_OF_COLLISION,MVIW,PED_ACTION,ROAD_SURFACE,ROAD_COND_1,ROAD_COND_2,LIGHTING,CONTROL_DEVICE,CHP_ROAD_TYPE,PEDESTRIAN_ACCIDENT,BICYCLE_ACCIDENT,MOTORCYCLE_ACCIDENT,TRUCK_ACCIDENT,NOT_PRIVATE_PROPERTY,ALCOHOL_INVOLVED,STWD_VEHTYPE_AT_FAULT,CHP_VEHTYPE_AT_FAULT,COUNT_SEVERE_INJ,COUNT_VISIBLE_INJ,COUNT_COMPLAINT_PAIN,COUNT_PED_KILLED,COUNT_PED_INJURED,COUNT_BICYCLIST_KILLED,COUNT_BICYCLIST_INJURED,COUNT_MC_KILLED,COUNT_MC_INJURED,PRIMARY_RAMP,SECONDARY_RAMP,LATITUDE,LONGITUDE,COUNTY,CITY,POINT_X,POINT_Y
8515687,2017,2017-12-21,1900,2017-10-23,2500,546266,0973,1,5,4,1979,0,0,0,NA,0,93T1P,SANTA MONICA BL,LA BREA AV,85,W,N,A,-,N,NA,NA,NA,NA,NA,NA,NA,NA,NA,N,2,0,1,2,A,-,11,21955,NA,N,G,B,D,A,H,-,C,A,0,Y,NA,NA,NA,Y,NA,N,60,1,0,0,0,1,0,0,0,0,-,-,NA,NA,LOS ANGELES,WEST HOLLYWOOD,-118.34436021,34.0907
8515688,2017,2017-12-22,1942,2017-12-06,1700,32372,1676,3,5,7,1942,0,0,0,P,0,16A77,SUNLAND BL,LEHIGH AV,140,N,N,A,-,N,NA,NA,NA,NA,NA,NA,NA,NA,NA,N,3,0,1,2,A,-,11,21954,A,N,G,B,E,A,H,-,C,D,0,Y,NA,NA,NA,Y,Y,N,60,0,1,0,0,1,0,0,0,0,-,-,NA,NA,LOS ANGELES,LOS ANGELES,-118.36596474,34.22283446
8515692,2017,2017-12-22,1942,2017-12-03,1715,42234,1623,7,5,7,1942,0,0,0,P,0,16A37,GLENOAKS BL,VAN NUYS,200,N,N,A,-,N,NA,NA,NA,NA,NA,NA,NA,NA,NA,Y,4,0,1,2,A,-,09,21801,A,N,D,C,A,A,H,-,C,D,0,NA,NA,NA,NA,Y,NA,A,01,0,0,1,0,0,0,0,0,0,-,-,NA,NA,LOS ANGELES,LOS ANGELES,-118.41212048,34.27410616
8515696,2017,2017-12-22,1942,2017-12-04,1250,38354,1675,1,5,7,1942,0,0,0,P,0,16A77,GLENOAKS BL,SUNLAND BL,149,W,N,A,-,N,NA,NA,NA,NA,NA,NA,NA,NA,NA,Y,3,0,3,2,A,-,07,21658,A,N,D,C,A,A,H,-,A,A,0,NA,NA,NA,NA,Y,NA,A,01,0,1,2,0,0,0,0,0,0,-,-,NA,NA,LOS ANGELES,LOS ANGELES,-118.36683283,34.23023832
8515700,2017,2017-12-22,1942,2017-12-08,0710,35433,1636,5,5,7,1942,0,0,0,P,0,16A35,FOOTHILL BL,FENWICK ST,0,NA,Y,A,-,N,NA,NA,NA,NA,NA,NA,NA,NA,NA,Y,3,0,2,2,A,-,09,21801,A,N,D,C,A,A,H,-,A,A,0,NA,NA,NA,NA,Y,NA,A,01,0,1,1,0,0,0,0,0,0,-,-,NA,NA,LOS ANGELES,LOS ANGELES,-118.32584007,34.26149009
8515704,2017,2017-12-22,1942,2017-12-02,1645,41125,0909,6,5,7,1942,0,0,0,I,0,9A5,WOODMAN AV,VALERIO ST,0,NA,Y,A,-,N,NA,NA,NA,NA,NA,NA,NA,NA,NA,Y,3,0,3,2,A,-,12,21453,A,N,A,C,A,A,H,-,C,A,0,NA,NA,NA,NA,Y,NA,A,01,0,2,1,0,0,0,0,0,0,-,-,NA,NA,LOS ANGELES,LOS ANGELES,-118.43125013,34.20482004
8515708,2017,2017-12-22,1942,2017-12-03,0750,38980,0969,7,5,7,1942,0,0,0,I,0,19TL73,RIVERSIDE DR,COLDWATER CANYON AV,10,E,N,A,-,N,NA,NA,NA,NA,NA,NA,NA,NA,NA,N,3,0,1,2,A,-,10,21950,A,N,G,B,B,A,H,-,A,A,0,Y,NA,NA,NA,Y,NA,A,01,0,1,0,0,1,0,0,0,0,-,-,NA,NA,LOS ANGELES,LOS ANGELES,-118.41375701,34.15763
8515712,2017,2017-12-22,1942,2017-12-08,0915,38980,1677,5,5,7,1942,0,0,0,P,0,19TL73,CABRINI DR,GLENOAKS BL,400,E,N,A,-,N,NA,NA,NA,NA,NA,NA,NA,NA,NA,N,4,0,1,2,A,-,08,22107,NA,N,D,C,A,A,H,-,A,D,0,NA,NA,NA,NA,Y,NA,A,01,0,0,1,0,0,0,0,0,0,-,-,NA,NA,LOS ANGELES,LOS ANGELES,-118.34350687,34.2100633
8515716,2017,2017-12-22,1942,2017-12-02,1435,39281,1995,6,5,7,1942,0,0,0,NA,0,19A93,BLYTHE ST,VAN NUYS BL,110,W,N,A,-,N,NA,NA,NA,NA,NA,NA,NA,NA,NA,N,4,0,1,2,A,-,08,22107,NA,F,B,C,A,A,H,-,A,D,0,NA,NA,NA,NA,Y,NA,-,99,0,0,1,0,0,0,0,0,0,-,-,NA,NA,LOS ANGELES,LOS ANGELES,-118.44912319,34.21519945
8515720,2017,2017-12-22,1942,2017-12-04,1510,38996,0923,1,5,7,1942,0,0,0,I,0,9A23,KESTER AV,HAMLIN ST,0,NA,Y,A,-,N,NA,NA,NA,NA,NA,NA,NA,NA,NA,N,3,0,1,2,A,-,10,21950,A,N,G,B,B,A,H,-,A,D,0,Y,NA,NA,NA,Y,NA,A,01,0,1,0,0,1,0,0,0,0,-,-,NA,NA,LOS ANGELES,LOS ANGELES,-118.45746004,34.18865002
8515724,2017,2017-12-22,1942,2017-12-03,1110,40165,0939,7,5,7,1942,0,0,0,I,0,9A37,ETHEL AV,VICTORY BL,0,NA,Y,A,-,N,NA,NA,NA,NA,NA,NA,NA,NA,NA,N,3,0,2,3,A,-,10,21950,A,N,G,B,B,A,H,-,A,A,0,Y,NA,NA,NA,Y,NA,A,01,0,1,1,0,2,0,0,0,0,-,-,NA,NA,LOS ANGELES,LOS ANGELES,-118.41814006,34.18668
8515728,2017,2017-12-22,1942,2017-12-06,1924,42460,2115,3,5,7,1942,0,0,0,NA,0,21A5,TOPANGA CANYON BL,LANARK ST,45,N,N,A,-,N,NA,NA,NA,NA,NA,NA,NA,NA,NA,Y,4,0,2,3,A,-,03,22350,NA,F,C,C,A,A,H,-,C,D,0,NA,NA,NA,NA,Y,NA,-,99,0,0,2,0,0,0,0,0,0,-,-,NA,NA,LOS ANGELES,LOS ANGELES,-118.60599,34.21771345
8515732,2017,2017-12-22,1942,2017-12-01,0820,33700,0961,5,5,7,1942,0,0,0,I,0,35M35,SEPULVEDA,MORRISON,0,NA,Y,A,-,N,NA,NA,NA,NA,NA,NA,NA,NA,NA,Y,4,0,1,2,A,-,09,21802,A,N,D,C,A,A,H,-,A,A,0,NA,NA,NA,NA,Y,NA,A,01,0,0,1,0,0,0,0,0,0,-,-,NA,NA,LOS ANGELES,LOS ANGELES,-118.46615005,34.1602901
8515735,2017,2017-12-21,1942,2017-10-26,1405,32372,1681,4,5,7,1942,0,0,0,P,0,16A81,VANTAGE AV,ROSCOE BL,15,S,N,A,-,N,NA,NA,NA,NA,NA,NA,NA,NA,NA,N,3,0,1,2,A,-,11,21954,A,N,G,B,C,A,H,-,A,D,0,Y,NA,NA,NA,Y,Y,N,60,0,1,0,0,1,0,0,0,0,-,-,NA,NA,LOS ANGELES,LOS ANGELES,-118.39768018,34.22160886
8515736,2017,2018-02-14,1942,2017-12-04,0700,40165,0963,1,5,7,1942,0,0,0,I,0,9A63,VAN NUYS BL,MAGNOLIA BL,40,S,N,A,-,N,NA,NA,NA,NA,NA,NA,NA,NA,NA,N,4,0,1,2,A,-,09,21453,B,N,D,C,A,A,H,-,A,A,0,NA,NA,NA,NA,Y,NA,A,01,0,0,1,0,0,0,0,0,0,-,-,NA,NA,LOS ANGELES,LOS ANGELES,-118.44871,34.16476028
8515739,2017,2017-12-21,1942,2017-10-11,1730,38462,1663,3,5,7,1942,0,0,0,P,0,16A11,BRANFORD ST,SAN FERNANDO RD,0,NA,Y,A,-,N,NA,NA,NA,NA,NA,NA,NA,NA,NA,N,2,0,1,2,A,-,12,21453,A,N,H,G,A,A,H,-,A,A,0,NA,Y,NA,NA,Y,NA,L,04,1,0,0,0,0,0,1,0,0,-,-,NA,NA,LOS ANGELES,LOS ANGELES,-118.40319011,34.24824011
8515744,2017,2017-12-22,1942,2017-12-02,1000,33458,0985,6,5,7,1942,0,0,0,I,0,35M42,VENTURA BL,VAN NUYS BL,300,E,N,A,-,N,NA,NA,NA,NA,NA,NA,NA,NA,NA,Y,4,0,2,3,A,-,03,22350,NA,N,C,C,A,-,H,-,A,D,0,NA,NA,NA,NA,Y,NA,A,01,0,0,2,0,0,0,0,0,0,-,-,NA,NA,LOS ANGELES,LOS ANGELES,-118.44772902,34.15076038
8515748,2017,2017-12-20,1942,2017-12-02,1155,38996,1781,6,5,7,1942,0,0,0,Q,0,17A81,PARTHENIA ST,VARIEL AV,220,E,N,A,-,N,NA,NA,NA,NA,NA,NA,NA,NA,NA,N,4,0,2,2,A,-,07,21658,A,N,D,C,A,A,H,-,A,D,0,NA,NA,NA,NA,Y,NA,A,01,0,0,2,0,0,0,0,0,0,-,-,NA,NA,LOS ANGELES,LOS ANGELES,-118.59213341,34.22819191
8515752,2017,2017-12-22,1942,2017-12-06,1500,35481,0914,3,5,7,1942,0,0,0,I,0,9A23,KESTER AV,VOSE ST,0,NA,Y,A,-,N,NA,NA,NA,NA,NA,NA,NA,NA,NA,Y,4,0,3,3,A,-,09,21802,A,N,D,C,A,A,H,-,A,D,0,NA,NA,NA,NA,Y,NA,A,01,0,0,3,0,0,0,0,0,0,-,-,NA,NA,LOS ANGELES,LOS ANGELES,-118.45746003,34.19845005
8515756,2017,2017-12-20,1942,2017-12-06,0625,35433,0963,3,5,7,1942,0,0,0,I,0,19TL77,MAGNOLIA BL,VISTA DEL MONTE AV,147,W,N,A,-,N,NA,NA,NA,NA,NA,NA,NA,NA,NA,Y,3,0,1,3,A,-,08,22107,NA,N,B,C,A,A,H,-,A,C,0,NA,NA,NA,NA,Y,NA,A,07,0,1,0,0,0,0,0,0,0,-,-,NA,NA,LOS ANGELES,LOS ANGELES,-118.45034507,34.16486
8515760,2017,2017-12-20,1942,2017-12-02,1730,42438,0985,6,5,7,1942,0,0,0,I,0,9X14,VAN NUYS BL,KLING ST,150,N,N,A,-,N,NA,NA,NA,NA,NA,NA,NA,NA,NA,N,3,0,3,2,A,-,03,22350,NA,N,C,C,A,A,H,-,C,D,0,NA,NA,NA,NA,Y,NA,A,01,0,2,1,0,0,0,0,0,0,-,-,NA,NA,LOS ANGELES,LOS ANGELES,-118.44869,34.15644132
8515768,2017,2017-12-22,1942,2017-12-07,1600,36733,1684,4,5,7,1942,0,0,0,P,0,9T56,STRATHERN ST,LANKERSHIM BL,150,W,N,A,-,N,NA,NA,NA,NA,NA,NA,NA,NA,NA,N,3,0,1,2,A,-,08,22107,NA,F,G,B,D,A,H,-,A,D,0,Y,NA,NA,NA,Y,NA,-,99,0,1,0,0,1,0,0,0,0,-,-,NA,NA,LOS ANGELES,LOS ANGELES,-118.38829524,34.21573
8515772,2017,2017-12-22,1942,2017-12-03,2030,41358,0932,7,5,7,1942,0,0,0,I,0,9A37,VICTORY BL,HALBRENT AV,30,E,N,A,-,N,NA,NA,NA,NA,NA,NA,NA,NA,NA,N,4,0,1,2,A,-,03,22350,NA,N,C,C,A,A,H,-,C,A,0,NA,NA,NA,NA,Y,NA,A,01,0,0,1,0,0,0,0,0,0,-,-,NA,NA,LOS ANGELES,LOS ANGELES,-118.46496098,34.18665
8515776,2017,2017-12-22,1942,2017-12-02,1415,30947,D979,6,5,7,1942,0,0,0,NA,0,9X14,LANDALE ST,COLDWATER CANYON,0,NA,Y,A,-,N,NA,NA,NA,NA,NA,NA,NA,NA,NA,N,3,0,1,2,A,-,10,21950,A,N,G,B,B,A,H,-,A,A,0,Y,NA,NA,NA,Y,NA,A,01,0,1,0,0,1,0,0,0,0,-,-,NA,NA,LOS ANGELES,LOS ANGELES,-118.41379003,34.15221
8515780,2017,2017-12-22,1942,2017-12-05,1425,38535,0905,2,5,7,1942,0,0,0,I,0,9A37,VAN NUYS,VALERIO,10,S,N,A,-,N,NA,NA,NA,NA,NA,NA,NA,NA,NA,Y,4,0,2,2,A,-,09,21801,A,N,-,C,A,A,H,-,A,A,0,NA,NA,NA,NA,Y,NA,A,01,0,0,2,0,0,0,0,0,0,-,-,NA,NA,LOS ANGELES,LOS ANGELES,-118.44875,34.20480257
8515784,2017,2017-12-22,1942,2017-12-01,1837,40528,1925,5,5,7,1942,0,0,0,NA,0,9X84,BRADLEY AV,POLK ST,20,E,N,A,-,N,NA,NA,NA,NA,NA,NA,NA,NA,NA,N,4,0,1,2,A,-,10,21950,A,F,G,B,B,A,H,-,C,A,0,Y,NA,NA,NA,Y,NA,-,99,0,0,1,0,1,0,0,0,0,-,-,NA,NA,LOS ANGELES,LOS ANGELES,-118.45564187,34.3022524
8515924,2017,2018-02-07,1942,2017-12-06,2005,43051,1638,3,5,7,1942,0,0,0,P,0,16A59,APPERSON ST,HILLHAVEN AV,0,NA,Y,G,-,N,NA,NA,NA,NA,NA,NA,NA,NA,NA,Y,4,0,1,1,A,-,03,22350,NA,N,A,I,A,A,H,-,C,D,0,NA,NA,NA,NA,Y,NA,A,01,0,0,1,0,0,0,0,0,0,-,-,NA,NA,LOS ANGELES,LOS ANGELES,-118.29022004,34.25593005
8516003,2017,2018-07-09,1942,2017-12-03,0230,40820,1907,7,5,7,1942,0,0,0,NA,0,19A93,FOOTHILL FWY,MACLAY ST,0,NA,Y,A,-,Y,LA,7,210,-,R,5.057,R,4,W,N,3,0,2,2,A,-,01,23152,A,N,D,C,A,A,H,-,C,A,0,NA,NA,NA,NA,Y,Y,A,01,0,1,1,0,0,0,0,0,0,-,-,NA,NA,LOS ANGELES,LOS ANGELES,-118.41810601,34.29820649
8516014,2017,2018-07-09,1942,2017-11-21,1055,42251,1615,2,5,7,1942,0,0,0,P,0,16A35,FOOTHILL BL,PASADENA FY,0,NA,N,A,-,Y,LA,7,210,-,R,7.633,R,4,E,Y,4,0,1,2,A,-,12,21453,A,N,D,C,A,A,H,-,A,A,0,NA,NA,NA,NA,Y,NA,-,-,0,0,1,0,0,0,0,0,0,-,-,NA,NA,LOS ANGELES,LOS ANGELES,-118.38442577000001,34.27577235
8516025,2017,2018-06-13,1900,2017-10-11,0800,507857,0977,3,5,4,1979,0,0,0,NA,0,92T2,SANTA MONICA BL,WESTMOUNT DR,160,E,N,A,-,N,NA,NA,NA,NA,NA,NA,NA,NA,NA,N,4,0,1,2,C,-,18,NA,NA,N,B,G,A,A,H,-,A,D,0,NA,Y,NA,NA,Y,NA,-,-,0,0,1,0,0,0,1,0,0,-,-,NA,NA,LOS ANGELES,WEST HOLLYWOOD,-118.37861744,34.08829875
8516030,2017,2018-06-13,1920,2017-11-01,2115,12510,NA,3,5,6,1920,0,0,0,NA,0,002,STEWART AND GRAY RD,PERNELL AV,142,W,N,A,-,N,NA,NA,NA,NA,NA,NA,NA,NA,NA,Y,4,0,1,9,A,-,08,22107,NA,N,B,E,A,A,H,-,C,A,0,NA,NA,Y,NA,Y,NA,A,01,0,0,1,0,0,0,0,0,0,-,-,NA,NA,LOS ANGELES,DOWNEY,-118.16006658,33.94332585
8516037,2017,2018-06-13,1900,2017-10-24,0843,512462,1321,2,5,5,1935,0,0,0,NA,0,132T2,LAKEWOOD BL,CANDLEWOOD ST,25,S,N,A,-,N,NA,NA,NA,NA,NA,NA,NA,NA,NA,N,4,0,1,2,A,-,01,23152,A,N,C,C,A,A,H,-,A,A,0,NA,NA,NA,NA,Y,Y,A,07,0,0,1,0,0,0,0,0,0,-,-,NA,NA,LOS ANGELES,LAKEWOOD,-118.14257183,33.85376146
8516045,2017,2018-06-13,1900,2017-11-20,0510,457374,1419,1,5,1,1932,0,0,0,NA,0,14T3,BAKER PKWY,GRAND CROSSING PKWY,74,W,N,A,-,N,NA,NA,NA,NA,NA,NA,NA,NA,NA,Y,3,0,1,2,A,-,03,22350,NA,N,E,I,A,A,H,-,C,D,0,NA,NA,NA,NA,Y,NA,A,07,0,1,0,0,0,0,0,0,0,-,-,34.01163,-117.83705,LOS ANGELES,INDUSTRY,-117.83746076,34.0112376
8516046,2017,2018-06-13,1920,2017-11-07,1650,12510,NA,2,5,6,1920,0,0,0,NA,0,005,FIRESTONE BL,PATTON RD,22,W,N,A,-,N,NA,NA,NA,NA,NA,NA,NA,NA,NA,N,2,0,1,2,A,-,10,21950,A,N,G,B,B,A,H,-,A,A,0,Y,NA,NA,NA,Y,NA,A,07,1,0,0,0,1,0,0,0,0,-,-,NA,NA,LOS ANGELES,DOWNEY,-118.12773326,33.93732932
8516050,2017,2018-06-13,1920,2017-11-13,1725,12510,NA,1,5,6,1920,0,0,0,NA,0,005,TELEGRAPH RD,LAKEWOOD BL,0,NA,Y,A,-,N,NA,NA,NA,NA,NA,NA,NA,NA,NA,N,2,0,1,2,A,-,10,21950,A,N,G,B,B,A,H,-,C,A,0,Y,NA,NA,NA,Y,NA,A,01,1,0,0,0,1,0,0,0,0,-,-,NA,NA,LOS ANGELES,DOWNEY,-118.11015007,33.96104004
8516054,2017,2018-06-25,1955,2017-11-29,1853,42569,83,3,5,6,1955,0,0,0,NA,0,005,RT 71,NORTH RANCH RD,182,N,N,A,-,Y,LA,7,71,-,-,2.51,H,-,N,Y,4,0,1,3,A,-,03,22350,NA,N,C,C,A,A,H,-,D,A,0,NA,NA,NA,NA,Y,NA,A,01,0,0,1,0,0,0,0,0,0,-,-,NA,NA,LOS ANGELES,POMONA,-117.77105558,34.04397644
8516055,2017,2018-07-03,1965,2017-11-21,1800,3808,0B1C,2,5,5,1965,0,0,0,NA,0,B001,PACIFIC COAST HWY,MILES POST 1 LA 35 50,0,NA,Y,A,-,Y,LA,7,1,-,-,35.49,H,-,N,N,4,0,1,2,A,-,03,22350,NA,N,C,C,A,A,H,-,C,D,0,NA,NA,NA,NA,Y,NA,A,01,0,0,1,0,0,0,0,0,0,-,-,NA,NA,LOS ANGELES,SANTA MONICA,-118.49894744,34.01396619
8516059,2017,2018-06-13,1900,2017-11-20,1600,546266,0975,1,5,4,1979,0,0,0,NA,0,93T1P,SANTA MONICA BL,CRESCENT HEIGHTS BL,2,W,N,A,-,N,NA,NA,NA,NA,NA,NA,NA,NA,NA,N,4,0,1,2,A,-,08,22107,NA,F,D,G,A,A,H,-,A,A,0,NA,Y,NA,NA,Y,NA,A,01,0,0,1,0,0,0,1,0,0,-,-,NA,NA,LOS ANGELES,WEST HOLLYWOOD,-118.36594659,34.09078974
8516066,2017,2018-06-13,1900,2017-11-28,2030,546266,0977,2,5,4,1979,0,0,0,NA,0,93T1P,SANTA MONICA BL,HILLDALE AV,2,E,N,A,-,N,NA,NA,NA,NA,NA,NA,NA,NA,NA,Y,4,0,1,2,A,-,17,21209,A,N,D,C,A,A,H,-,C,A,0,NA,NA,Y,NA,Y,NA,C,02,0,0,1,0,0,0,0,0,1,-,-,NA,NA,LOS ANGELES,WEST HOLLYWOOD,-118.38468487,34.08454345
8516069,2017,2018-06-13,1942,2017-11-19,1435,40217,2156,7,5,7,1942,0,0,0,NA,0,21A57,MILWOOD AV,HART ST,30,N,N,A,-,N,NA,NA,NA,NA,NA,NA,NA,NA,NA,N,3,0,1,2,A,-,08,22107,NA,N,G,G,A,A,H,-,A,D,0,NA,Y,NA,NA,Y,Y,A,01,0,1,0,0,0,0,1,0,0,-,-,NA,NA,LOS ANGELES,LOS ANGELES,-118.59426,34.1974723
8516070,2017,2018-06-13,1976,2017-11-17,2304,379,NA,5,5,5,1976,0,0,0,NA,0,002,WASHINGTON BL,SANTA FE SPRINGS RD,120,W,N,A,-,N,NA,NA,NA,NA,NA,NA,NA,NA,NA,N,4,0,2,2,A,-,03,22350,NA,F,C,C,A,A,H,-,C,D,0,NA,NA,NA,NA,Y,NA,A,01,0,0,2,0,0,0,0,0,0,-,-,NA,NA,LOS ANGELES,WHITTIER,-118.04249436,33.96823715
8516073,2017,2018-06-15,1941,2017-12-05,0747,5707,314,2,5,7,1941,0,0,0,NA,0,005,PACIFIC COAST HWY,OLIVE AV,0,NA,Y,A,-,Y,LA,7,1,-,-,5.891,I,5,N,Y,4,0,1,2,A,-,09,21801,A,N,D,C,A,A,H,-,A,D,0,NA,NA,NA,NA,Y,NA,A,07,0,0,1,0,0,0,0,0,0,-,-,33.78995,-118.18287,LOS ANGELES,LONG BEACH,-118.18291227,33.7899176
8516077,2017,2018-06-15,1942,2017-12-07,1610,40353,1713,4,5,7,1942,0,0,0,Q,0,17A35,RINALDI ST,AMIGO AV,0,NA,Y,A,-,Y,LA,7,118,-,R,5.909,R,4,W,Y,3,0,5,4,A,-,12,21453,A,N,D,C,A,A,H,-,B,A,0,NA,NA,NA,NA,Y,NA,A,01,0,2,3,0,0,0,0,0,0,-,-,NA,NA,LOS ANGELES,LOS ANGELES,-118.53459713,34.27570013
8516078,2017,2018-06-15,1942,2017-11-22,0915,40007,0515,3,5,7,1942,0,0,0,E,0,5A25,NEPTUNE AV,PACIFIC COAST HWY,0,NA,Y,A,-,Y,LA,7,1,-,-,10.901,I,5,S,Y,3,0,1,2,A,-,12,21453,A,N,D,C,A,A,H,-,A,A,0,NA,NA,NA,NA,Y,NA,A,01,0,1,0,0,0,0,0,0,0,-,-,NA,NA,LOS ANGELES,LOS ANGELES,-118.26971807,33.79077153
8516084,2017,2018-06-14,1941,2017-12-05,0020,5775,NA,2,5,7,1941,0,0,0,NA,0,NA,W OCEAN,RT 103,0,NA,Y,A,-,Y,LA,7,47,-,-,3.497,I,5,S,Y,4,0,1,2,A,-,07,21658,A,N,B,C,A,A,H,-,C,A,0,NA,NA,NA,Y,Y,NA,G,NA,0,0,1,0,0,0,0,0,0,-,-,NA,NA,LOS ANGELES,LONG BEACH,-118.23860607,33.7584166
8516092,2017,2018-06-13,1900,2017-12-09,2237,625459,1335,6,5,5,1908,0,0,0,NA,0,133T1,RT 19,RAMONA ST,161,N,N,A,-,N,NA,NA,NA,NA,NA,NA,NA,NA,NA,Y,4,0,1,1,A,-,08,22107,NA,N,E,I,A,A,H,-,C,D,0,NA,NA,NA,NA,Y,NA,A,01,0,0,1,0,0,0,0,0,0,-,-,NA,NA,LOS ANGELES,BELLFLOWER,-118.142588,33.873387
8516182,2017,2018-01-12,1942,2017-12-13,1810,41661,0412,3,5,7,1942,0,0,0,D,0,4A3,AVENUE 26,HUMBOLDT ST,86,N,N,A,-,N,NA,NA,NA,NA,NA,NA,NA,NA,NA,N,3,0,1,3,A,-,11,21955,NA,F,G,B,-,A,H,-,C,D,0,Y,NA,NA,NA,Y,NA,N,60,0,1,0,0,1,0,0,0,0,-,-,NA,NA,LOS ANGELES,LOS ANGELES,-118.21865824,34.0799998
8516187,2017,2018-01-22,1955,2017-12-09,1142,41872,98,6,5,6,1955,0,0,0,NA,0,003,HOLT AV,VIA DEL PASEO,120,E,N,A,-,N,NA,NA,NA,NA,NA,NA,NA,NA,NA,N,4,0,1,2,A,-,03,22350,NA,N,C,C,A,A,H,-,A,A,0,NA,NA,NA,NA,Y,NA,D,22,0,0,1,0,0,0,0,0,0,-,-,NA,NA,LOS ANGELES,POMONA,-117.721746,34.063123
8516203,2017,2018-01-22,1955,2017-12-07,1158,40624,3,4,5,6,1955,0,0,0,NA,0,004,GAREY AV,7TH ST,100,N,N,A,-,N,NA,NA,NA,NA,NA,NA,NA,NA,NA,Y,3,0,1,2,A,-,07,21658,A,N,B,C,A,A,H,-,A,D,0,NA,NA,NA,NA,Y,NA,A,07,0,1,0,0,0,0,0,0,0,-,-,NA,NA,LOS ANGELES,POMONA,-117.74999074,34.05353395
8516205,2017,2018-06-14,1942,2017-11-30,1650,41125,NA,4,5,7,1942,0,0,0,NA,0,NA,DE SOTO AV,RT 101,0,NA,Y,A,-,Y,LA,7,101,-,-,24.488,R,4,N,Y,4,0,1,2,A,-,12,21453,A,N,D,C,A,A,H,-,C,A,0,NA,NA,NA,NA,Y,NA,A,01,0,0,1,0,0,0,0,0,0,-,-,NA,NA,LOS ANGELES,LOS ANGELES,-118.59107311,34.16857068
8516217,2017,2018-06-26,1942,2017-11-21,1405,41316,2185,2,5,7,1942,0,0,0,NA,0,21A73,TOPANGA CANYON BL,PROVIDENCIA ST,100,N,N,A,-,Y,LA,7,27,-,-,11.55,H,-,S,Y,3,0,1,2,A,-,08,22107,NA,N,B,E,A,A,H,-,A,D,0,NA,NA,NA,NA,Y,NA,A,01,0,1,0,0,0,0,0,0,0,-,-,NA,NA,LOS ANGELES,LOS ANGELES,-118.60582684,34.15797018
8516221,2017,2018-06-14,1942,2017-11-19,1040,39473,2198,7,5,7,1942,0,0,0,NA,0,15TL47,DE SOTO AV,RT 101,10,S,N,A,-,Y,LA,7,101,-,-,24.488,R,4,N,N,4,0,1,2,A,-,04,21703,NA,N,C,C,A,A,H,-,A,A,0,NA,NA,NA,NA,Y,NA,A,01,0,0,1,0,0,0,0,0,0,-,-,NA,NA,LOS ANGELES,LOS ANGELES,-118.59107311,34.16857068
8516229,2017,2018-06-25,1955,2017-11-29,1834,42144,54,3,5,6,1955,0,0,0,NA,0,001,HOLT AV,SHORT ST,155,W,N,A,-,Y,LA,7,71,-,R,1.463,R,4,N,Y,4,0,1,3,A,-,09,21801,A,N,D,C,A,A,H,-,C,A,0,NA,NA,NA,NA,Y,NA,A,01,0,0,1,0,0,0,0,0,0,-,-,NA,NA,LOS ANGELES,POMONA,-117.78954971,34.06175838
8516252,2017,2018-01-05,1951,2017-12-17,1105,735,NA,7,5,3,1951,0,0,0,NA,0,NA,PALOS VERDES DR W,DEL MAR WY,440,E,N,A,-,N,NA,NA,NA,NA,NA,NA,NA,NA,NA,N,3,0,1,2,A,-,00,21760,NA,F,C,G,A,A,H,-,A,D,0,NA,Y,NA,NA,Y,NA,A,01,0,1,0,0,0,0,1,0,0,-,-,NA,NA,LOS ANGELES,PALOS VERDES EST,-118.40955627,33.78894648
8516256,2017,2018-01-05,1955,2017-12-12,1328,41871,73,2,5,6,1955,0,0,0,NA,0,005,RIO RANCHO RD,MEADOW VIEW DR,0,NA,Y,A,-,N,NA,NA,NA,NA,NA,NA,NA,NA,NA,Y,4,0,1,2,A,-,09,21802,A,N,D,C,A,A,H,-,A,A,0,NA,NA,NA,NA,Y,NA,A,01,0,0,1,0,0,0,0,0,0,-,-,NA,NA,LOS ANGELES,POMONA,-117.76385005,34.02680003
8516260,2017,2018-01-05,1955,2017-12-12,0508,40347,86,2,5,6,1955,0,0,0,NA,0,004,SAN ANTONIO AV,FRANKLIN AV,151,S,N,A,-,N,NA,NA,NA,NA,NA,NA,NA,NA,NA,Y,4,0,1,3,A,-,08,22107,NA,N,C,E,A,A,H,-,C,A,0,NA,NA,NA,NA,Y,NA,A,01,0,0,1,0,0,0,0,0,0,-,-,NA,NA,LOS ANGELES,POMONA,-117.73641598,34.04047628
8516295,2017,2018-06-18,1900,2017-12-02,0230,602403,1014,6,5,3,1995,0,0,0,NA,0,101A,RT 1,CORRAL CANYON RD,780,S,N,A,-,Y,LA,7,1,-,-,50.25,H,-,S,Y,2,0,2,5,A,-,07,21658,A,N,B,C,E,A,H,-,D,D,0,Y,NA,NA,NA,Y,NA,A,01,2,0,0,0,2,0,0,0,0,-,-,34.03324,-118.74129,LOS ANGELES,MALIBU,-118.7407701,34.03329574