CASE_ID,ACCIDENT_YEAR,PROC_DATE,JURIS,COLLISION_DATE,COLLISION_TIME,OFFICER_ID,REPORTING_DISTRICT,DAY_OF_WEEK,CHP_SHIFT,POPULATION,CNTY_CITY_LOC,SPECIAL_COND,BEAT_TYPE,CHP_BEAT_TYPE,CITY_DIVISION_LAPD,CHP_BEAT_CLASS,BEAT_NUMBER,PRIMARY_RD,SECONDARY_RD,DISTANCE,DIRECTION,INTERSECTION,WEATHER_1,WEATHER_2,STATE_HWY_IND,CALTRANS_COUNTY,CALTRANS_DISTRICT,STATE_ROUTE,ROUTE_SUFFIX,POSTMILE_PREFIX,POSTMILE,LOCATION_TYPE,RAMP_INTERSECTION,SIDE_OF_HWY,TOW_AWAY,COLLISION_SEVERITY,NUMBER_KILLED,NUMBER_INJURED,PARTY_COUNT,PRIMARY_COLL_FACTOR,PCF_CODE_OF_VIOL,PCF_VIOL_CATEGORY,PCF_VIOLATION,PCF_VIOL_SUBSECTION,HIT_AND_RUN,TYPE_OF_COLLISION,MVIW,PED_ACTION,ROAD_SURFACE,ROAD_COND_1,ROAD_COND_2,LIGHTING,CONTROL_DEVICE,CHP_ROAD_TYPE,PEDESTRIAN_ACCIDENT,BICYCLE_ACCIDENT,MOTORCYCLE_ACCIDENT,TRUCK_ACCIDENT,NOT_PRIVATE_PROPERTY,ALCOHOL_INVOLVED,STWD_VEHTYPE_AT_FAULT,CHP_VEHTYPE_AT_FAULT,COUNT_SEVERE_INJ,COUNT_VISIBLE_INJ,COUNT_COMPLAINT_PAIN,COUNT_PED_KILLED,COUNT_PED_INJURED,COUNT_BICYCLIST_KILLED,COUNT_BICYCLIST_INJURED,COUNT_MC_KILLED,COUNT_MC_INJURED,PRIMARY_RAMP,SECONDARY_RAMP,LATITUDE,LONGITUDE,COUNTY,CITY,POINT_X,POINT_Y
8516811,2017,2018-01-11,1942,2017-11-23,1550,40643,0279,4,5,7,1942,0,0,0,B,0,2A91,OLYMPIC BL,VALENCIA ST,0,NA,Y,A,-,N,NA,NA,NA,NA,NA,NA,NA,NA,NA,Y,4,0,3,3,A,-,12,21453,A,N,D,C,A,A,H,-,A,A,0,NA,NA,NA,NA,Y,NA,A,01,0,0,3,0,0,0,0,0,0,-,-,NA,NA,LOS ANGELES,LOS ANGELES,-118.27242011,34.04841003
8516815,2017,2018-01-11,1942,2017-11-18,1645,40275,0217,6,5,7,1942,0,0,0,B,0,2A17,W TEMPLE ST,UNION AV,25,W,N,A,-,N,NA,NA,NA,NA,NA,NA,NA,NA,NA,N,4,0,1,2,A,-,10,21950,A,N,G,B,B,A,H,-,B,A,0,Y,NA,NA,NA,Y,NA,A,01,0,0,1,0,1,0,0,0,0,-,-,NA,NA,LOS ANGELES,LOS ANGELES,-118.26327529,34.06871728
8516819,2017,2018-01-11,1942,2017-11-23,1435,40275,0236,4,5,7,1942,0,0,0,B,0,2A47,W TEMPLE ST,N BONNIE BRAE ST,0,NA,Y,A,-,N,NA,NA,NA,NA,NA,NA,NA,NA,NA,N,4,0,3,2,A,-,12,21453,A,N,D,C,A,A,H,-,A,A,0,NA,NA,NA,NA,Y,NA,A,07,0,0,3,0,0,0,0,0,0,-,-,NA,NA,LOS ANGELES,LOS ANGELES,-118.26553009,34.06946012
8516823,2017,2018-01-11,1942,2017-11-30,0830,37611,0269,4,5,7,1942,0,0,0,B,0,2A69,E 8TH ST,BIXEL ST,60,E,N,A,-,N,NA,NA,NA,NA,NA,NA,NA,NA,NA,N,4,0,1,2,A,-,03,22350,NA,N,D,G,A,-,H,-,A,D,0,NA,Y,NA,NA,Y,NA,L,04,0,0,1,0,0,0,1,0,0,-,-,NA,NA,LOS ANGELES,LOS ANGELES,-118.26478067,34.04953267
8516827,2017,2018-01-11,1942,2017-11-22,1130,42910,0265,3,5,7,1942,0,0,0,B,0,2A45,7TH ST,WESTLAKE,0,NA,Y,A,-,N,NA,NA,NA,NA,NA,NA,NA,NA,NA,N,2,0,1,2,A,-,08,21717,NA,F,B,G,A,A,H,-,A,D,0,NA,Y,NA,NA,Y,NA,-,99,1,0,0,0,0,0,1,0,0,-,-,NA,NA,LOS ANGELES,LOS ANGELES,-118.27565,34.05594007
8516831,2017,2018-01-11,1942,2017-11-15,1500,37692,0212,3,5,7,1942,0,0,0,B,0,0212,VIRGIL AV,NORMAL AV,150,S,N,A,-,N,NA,NA,NA,NA,NA,NA,NA,NA,NA,N,3,0,1,2,A,-,04,21703,NA,N,C,C,A,A,H,-,A,A,0,NA,NA,NA,NA,Y,NA,A,01,0,1,0,0,0,0,0,0,0,-,-,NA,NA,LOS ANGELES,LOS ANGELES,-118.28687,34.08621877
8516837,2017,2018-01-29,1909,2017-12-18,1706,486,1909,1,5,4,1909,0,0,0,NA,0,NORTH,COLMAR AV,GAGE AV,14,E,N,A,-,N,NA,NA,NA,NA,NA,NA,NA,NA,NA,N,3,0,1,2,A,-,08,22107,NA,N,G,B,B,A,H,-,C,A,0,Y,NA,NA,NA,Y,NA,D,22,0,1,0,0,1,0,0,0,0,-,-,NA,NA,LOS ANGELES,BELL GARDENS,-118.15697,33.97478
8516847,2017,2018-01-11,1901,2017-11-20,0803,283,3,1,5,5,1901,0,0,0,NA,0,001,CHAPEL,ELGIN,0,NA,Y,A,-,N,NA,NA,NA,NA,NA,NA,NA,NA,NA,Y,4,0,1,2,A,-,08,22103,NA,N,D,C,A,A,H,-,A,D,0,NA,NA,NA,NA,Y,NA,A,01,0,0,1,0,0,0,0,0,0,-,-,NA,NA,LOS ANGELES,ALHAMBRA,-118.1248501,34.0983301
8516851,2017,2018-01-11,1901,2017-11-29,1359,239,18,3,5,5,1901,0,0,0,NA,0,004,HELLMAN AV,ELECTRIC AV,0,NA,Y,A,-,N,NA,NA,NA,NA,NA,NA,NA,NA,NA,N,4,0,1,2,A,-,08,22100,B,N,-,G,A,A,H,-,A,A,0,NA,Y,NA,NA,Y,NA,L,04,0,0,1,0,0,0,1,0,0,-,-,NA,NA,LOS ANGELES,ALHAMBRA,-118.13933001,34.06969003
8516855,2017,2018-01-11,1901,2017-11-28,0807,239,8,2,5,5,1901,0,0,0,NA,0,001,MISSION RD,CORDOVA ST,0,NA,Y,A,-,N,NA,NA,NA,NA,NA,NA,NA,NA,NA,N,4,0,1,2,A,-,08,22107,NA,N,C,C,A,A,H,-,A,D,0,NA,NA,NA,NA,Y,NA,A,01,0,0,1,0,0,0,0,0,0,-,-,NA,NA,LOS ANGELES,ALHAMBRA,-118.11484012,34.09318008
8516856,2017,2018-01-11,1976,2017-11-29,1423,590,NA,3,5,5,1976,0,0,0,NA,0,003,PAINTER AV,RUSSELL ST,25,N,N,A,-,N,NA,NA,NA,NA,NA,NA,NA,NA,NA,Y,3,0,3,2,A,-,09,21804,A,N,D,C,A,A,H,-,A,D,0,NA,NA,NA,NA,Y,NA,A,01,0,2,1,0,0,0,0,0,0,-,-,NA,NA,LOS ANGELES,WHITTIER,-118.03270798,33.96597853
8516859,2017,2018-01-11,1901,2017-11-26,1451,288,18,7,5,5,1901,0,0,0,NA,0,002,GARFIELD AV,HELLMAN AV,66,N,N,A,-,N,NA,NA,NA,NA,NA,NA,NA,NA,NA,N,4,0,1,2,A,-,08,22107,NA,N,B,C,A,A,H,-,A,A,0,NA,NA,NA,NA,Y,NA,A,01,0,0,1,0,0,0,0,0,0,-,-,NA,NA,LOS ANGELES,ALHAMBRA,-118.12293,34.06994098
8516863,2017,2018-01-11,1901,2017-11-23,1400,287,27,4,5,5,1901,0,0,0,NA,0,003,MAIN ST,POPLAR BL,0,NA,Y,A,-,N,NA,NA,NA,NA,NA,NA,NA,NA,NA,Y,4,0,1,2,A,-,12,21453,A,N,D,C,A,A,H,-,A,A,0,NA,NA,NA,NA,Y,NA,A,01,0,0,1,0,0,0,0,0,0,-,-,NA,NA,LOS ANGELES,ALHAMBRA,-118.14691005,34.09214001
8516878,2017,2018-01-17,1931,2017-12-23,1343,5321,1931,6,5,5,1931,0,0,0,NA,0,001,SLAUSON AV,MALABAR ST,0,NA,Y,A,-,N,NA,NA,NA,NA,NA,NA,NA,NA,NA,Y,4,0,1,5,A,-,12,21453,A,N,B,C,A,A,H,-,A,A,0,NA,NA,NA,NA,Y,NA,A,01,0,0,1,0,0,0,0,0,0,-,-,NA,NA,LOS ANGELES,HUNTINGTON PARK,-118.22781012,33.98921001
8516882,2017,2017-12-21,1900,2017-11-11,0923,533032,2834,6,5,5,1915,0,0,0,NA,0,285,WILMINGTON AV,ARTESIA BL,0,NA,Y,A,-,N,NA,NA,NA,NA,NA,NA,NA,NA,NA,N,4,0,1,2,D,-,00,NA,NA,N,D,C,A,A,H,-,A,A,0,NA,NA,NA,NA,Y,NA,-,-,0,0,1,0,0,0,0,0,0,-,-,NA,NA,LOS ANGELES,COMPTON,-118.23612001,33.8743801
8516887,2017,2017-12-21,1953,2017-11-26,1353,3185,PASAD,7,5,6,1953,0,0,0,NA,0,002,NORTH LAKE AV,BOYLSTON ST,0,NA,Y,A,-,N,NA,NA,NA,NA,NA,NA,NA,NA,NA,Y,3,0,1,2,A,-,09,21804,A,N,D,C,A,A,H,-,A,D,0,NA,NA,NA,NA,Y,NA,A,01,0,1,0,0,0,0,0,0,0,-,-,NA,NA,LOS ANGELES,PASADENA,-118.13248012,34.15981007
8516891,2017,2017-12-21,1953,2017-11-28,1215,7724,LACOU,2,5,6,1953,0,0,0,NA,0,001,CALIFORNIA BL,MAGNOLIA AV,30,E,N,A,-,N,NA,NA,NA,NA,NA,NA,NA,NA,NA,N,4,0,1,2,A,-,07,21658,A,N,B,C,A,A,H,-,A,A,0,NA,NA,NA,NA,Y,NA,A,01,0,0,1,0,0,0,0,0,0,-,-,NA,NA,LOS ANGELES,PASADENA,-118.14429108,34.13582129
8516894,2017,2017-12-21,1900,2017-11-28,0742,536381,521,2,5,4,1971,0,0,0,NA,0,52T1AM,LONGDEN AV,OAK AV,0,NA,Y,A,-,N,NA,NA,NA,NA,NA,NA,NA,NA,NA,N,3,0,1,2,A,-,10,21950,A,N,G,B,B,A,H,-,A,A,0,Y,NA,NA,NA,Y,NA,A,01,0,1,0,0,1,0,0,0,0,-,-,34.11315,-118.06635,LOS ANGELES,TEMPLE CITY,-118.0666201,34.11325006
8516895,2017,2017-12-21,1953,2017-11-30,1446,8091,PASAD,4,5,6,1953,0,0,0,NA,0,005,LAKE AV,GRANITE DR,0,NA,Y,A,-,N,NA,NA,NA,NA,NA,NA,NA,NA,NA,N,2,0,1,2,A,-,10,21950,A,N,B,B,B,A,H,-,A,D,0,Y,NA,NA,NA,Y,NA,A,01,1,0,0,0,1,0,0,0,0,-,-,NA,NA,LOS ANGELES,PASADENA,-118.13229006,34.13703002
8516898,2017,2017-12-21,1900,2017-11-28,1000,536381,521,2,5,4,1971,0,0,0,NA,0,52T1AM,TEMPLE CITY BL,LEMON AV,0,NA,Y,A,-,N,NA,NA,NA,NA,NA,NA,NA,NA,NA,N,3,0,1,2,A,-,10,21950,A,N,G,B,B,A,H,-,A,A,0,Y,NA,NA,NA,Y,NA,A,01,0,1,0,0,1,0,0,0,0,-,-,34.11717,-118.06287,LOS ANGELES,TEMPLE CITY,-118.06303007,34.11741002
8516958,2017,2017-12-21,1953,2017-11-29,1819,3722,PASAD,3,5,6,1953,0,0,0,NA,0,002,ORANGE GROVE BL,MANZANITA,150,W,N,A,-,N,NA,NA,NA,NA,NA,NA,NA,NA,NA,Y,4,0,4,2,A,-,08,22107,NA,N,C,C,A,A,H,-,C,D,0,NA,NA,NA,NA,Y,NA,A,01,0,0,4,0,0,0,0,0,0,-,-,NA,NA,LOS ANGELES,PASADENA,-118.15250777,34.1570371
8516975,2017,2018-01-02,1942,2017-12-05,0640,30452,2158,2,5,7,1942,0,0,0,NA,0,21A97,VICTORY BL,DE SOTO AV,1200,E,N,A,-,N,NA,NA,NA,NA,NA,NA,NA,NA,NA,Y,4,0,2,3,A,-,07,21658,A,N,D,C,A,A,H,-,A,D,0,NA,NA,NA,Y,Y,NA,D,22,0,0,2,0,0,0,0,0,0,-,-,NA,NA,LOS ANGELES,LOS ANGELES,-118.58443877,34.18838195
8516983,2017,2018-01-17,1942,2017-12-01,1710,38196,2145,5,5,7,1942,0,0,0,NA,0,21A43,SHOUP AV,KITTRIDGE ST,0,NA,Y,A,-,N,NA,NA,NA,NA,NA,NA,NA,NA,NA,Y,3,0,2,2,-,-,-,NA,NA,N,D,-,A,A,H,-,C,D,0,NA,NA,NA,NA,Y,NA,-,-,0,1,1,0,0,0,0,0,0,-,-,NA,NA,LOS ANGELES,LOS ANGELES,-118.61462003,34.19149003
8516985,2017,2018-01-26,1953,2017-11-29,1856,0311,1953,3,5,6,1953,0,0,0,NA,0,001,DEL MAR BL,OAKLAND AV,0,NA,Y,A,-,N,NA,NA,NA,NA,NA,NA,NA,NA,NA,N,4,0,1,2,A,-,03,22350,NA,N,C,C,A,A,H,-,C,D,0,NA,NA,NA,NA,Y,NA,A,01,0,0,1,0,0,0,0,0,0,-,-,NA,NA,LOS ANGELES,PASADENA,-118.13971001,34.14040003
8516986,2017,2018-02-06,1942,2017-12-03,0315,36270,1027,7,5,7,1942,0,0,0,J,0,9A19,SHERMAN WAY,AMESTOY AV,350,E,N,A,-,N,NA,NA,NA,NA,NA,NA,NA,NA,NA,N,4,0,1,3,A,-,03,22350,NA,N,B,E,A,A,H,-,C,A,0,NA,NA,NA,NA,Y,NA,A,01,0,0,1,0,0,0,0,0,0,-,-,NA,NA,LOS ANGELES,LOS ANGELES,-118.50434451,34.20122
8516987,2017,2018-02-07,1942,2017-12-11,1030,38857,2147,1,5,7,1942,0,0,0,NA,0,21A57,DE SOTO AV,GAULT ST,0,NA,Y,A,-,N,NA,NA,NA,NA,NA,NA,NA,NA,NA,Y,4,0,1,2,A,-,08,22103,NA,N,D,C,A,A,H,-,A,D,0,NA,NA,NA,NA,Y,NA,A,07,0,0,1,0,0,0,0,0,0,-,-,NA,NA,LOS ANGELES,LOS ANGELES,-118.58844009,34.19920006
8516990,2017,2018-02-06,1942,2017-12-03,0815,36257,1028,7,5,7,1942,0,0,0,J,0,10A17,HAYNES ST,HAYVENHURST AV,141,W,N,A,-,N,NA,NA,NA,NA,NA,NA,NA,NA,NA,Y,3,0,2,2,A,-,09,21804,A,N,-,C,A,A,H,-,A,D,0,NA,NA,NA,NA,Y,NA,D,22,0,1,1,0,0,0,0,0,0,-,-,NA,NA,LOS ANGELES,LOS ANGELES,-118.49284449,34.18927445
8516995,2017,2018-01-04,1942,2017-11-22,0925,39600,2183,3,5,7,1942,0,0,0,NA,0,21A1W2,MULHOLLAND DR,SPIELBERG DR,100,N,N,A,-,N,NA,NA,NA,NA,NA,NA,NA,NA,NA,Y,4,0,1,2,A,-,08,22102,NA,N,D,C,A,A,H,-,A,D,0,NA,NA,NA,Y,Y,NA,A,01,0,0,1,0,0,0,0,0,0,-,-,NA,NA,LOS ANGELES,LOS ANGELES,-118.63450598,34.15649711
8516997,2017,2018-01-29,1953,2017-11-26,0200,7231,PASAD,7,5,6,1953,0,0,0,NA,0,005,GREEN ST,LOS ROBLES AV,0,NA,Y,A,-,N,NA,NA,NA,NA,NA,NA,NA,NA,NA,Y,4,0,3,2,A,-,01,23152,A,N,D,C,A,A,H,-,C,A,0,NA,NA,NA,NA,Y,Y,-,-,0,0,3,0,0,0,0,0,0,-,-,NA,NA,LOS ANGELES,PASADENA,-118.14143005,34.14454012
8516999,2017,2018-01-03,1942,2017-11-17,2130,40383,2157,5,5,7,1942,0,0,0,NA,0,16TL25,VANOWEN ST,DE SOTO AV,0,NA,Y,A,-,N,NA,NA,NA,NA,NA,NA,NA,NA,NA,N,3,0,1,2,A,-,09,21801,A,N,D,C,A,A,H,-,C,A,0,NA,NA,NA,NA,Y,NA,A,07,0,1,0,0,0,0,0,0,0,-,-,NA,NA,LOS ANGELES,LOS ANGELES,-118.5884201,34.19379001
8517003,2017,2018-01-03,1942,2017-11-29,1525,40353,2128,3,5,7,1942,0,0,0,NA,0,21A29,STRATHERN ST,WINNETKA AV,0,NA,Y,A,-,N,NA,NA,NA,NA,NA,NA,NA,NA,NA,N,3,0,1,2,A,-,10,21950,A,N,G,B,B,A,H,-,A,D,0,Y,NA,NA,NA,Y,NA,D,22,0,1,0,0,1,0,0,0,0,-,-,NA,NA,LOS ANGELES,LOS ANGELES,-118.57103011,34.21558007
8517006,2017,2018-01-04,1942,2017-12-05,0950,38273,1078,2,5,7,1942,0,0,0,J,0,10A99,VENTURA BL,LIBBIT AV,227,E,N,A,-,N,NA,NA,NA,NA,NA,NA,NA,NA,NA,N,4,0,1,2,A,-,04,21703,NA,N,C,C,A,A,H,-,A,D,0,NA,NA,NA,NA,Y,NA,I,20,0,0,1,0,0,0,0,0,0,-,-,NA,NA,LOS ANGELES,LOS ANGELES,-118.48728047,34.15686131
8517011,2017,2018-01-03,1942,2017-11-27,0650,40165,2114,1,5,7,1942,0,0,0,NA,0,9TL55,TOPANGA CANYON BL,ROSCOE BL,10,N,N,A,-,N,NA,NA,NA,NA,NA,NA,NA,NA,NA,Y,4,0,1,2,A,-,07,21658,A,N,B,C,A,B,H,-,A,A,0,NA,NA,NA,NA,Y,NA,D,22,0,0,1,0,0,0,0,0,0,-,-,NA,NA,LOS ANGELES,LOS ANGELES,-118.606,34.21965743
8517018,2017,2018-01-03,1900,2017-11-10,1741,499039,1513,5,5,5,1954,0,0,0,NA,0,151T2,WHITTIER BL,ROSEMEAD BL,229,W,N,A,-,N,NA,NA,NA,NA,NA,NA,NA,NA,NA,N,4,0,2,3,A,-,03,22350,NA,N,C,E,A,A,H,-,C,D,0,NA,NA,NA,NA,Y,NA,A,01,0,0,2,0,0,0,0,0,0,-,-,NA,NA,LOS ANGELES,PICO RIVERA,-118.08465502,34.00159965
8517034,2017,2018-02-10,1942,2017-12-05,2205,37304,1747,2,5,7,1942,0,0,0,Q,0,17A49,CHATSWORTH ST,HAYVENHURST AV,0,NA,Y,G,-,N,NA,NA,NA,NA,NA,NA,NA,NA,NA,Y,3,0,3,3,A,-,12,21453,A,N,D,C,A,A,H,-,C,A,0,NA,NA,NA,NA,Y,NA,-,-,0,2,1,0,0,0,0,0,0,-,-,NA,NA,LOS ANGELES,LOS ANGELES,-118.49351002,34.26471004
8517042,2017,2017-12-27,1942,2017-12-07,1425,41125,2189,4,5,7,1942,0,0,0,NA,0,21A97,VENTURA BL,KELVIN AV,0,NA,Y,A,-,N,NA,NA,NA,NA,NA,NA,NA,NA,NA,Y,4,0,1,2,A,-,09,21801,A,N,D,C,A,A,H,-,A,A,0,NA,NA,NA,NA,Y,NA,A,01,0,0,1,0,0,0,0,0,0,-,-,NA,NA,LOS ANGELES,LOS ANGELES,-118.58586009,34.16647008
8517045,2017,2018-01-31,1900,2017-12-02,1400,615102,121,6,5,6,1992,0,0,0,NA,0,11T1,AVENUE I,15TH ST WEST,0,NA,Y,A,-,N,NA,NA,NA,NA,NA,NA,NA,NA,NA,Y,4,0,2,3,A,-,12,21453,A,N,A,C,A,A,H,-,A,A,0,NA,NA,NA,NA,Y,NA,A,01,0,0,2,0,0,0,0,0,0,-,-,NA,NA,LOS ANGELES,LANCASTER,-118.1570501,34.70441002
8517046,2017,2017-12-27,1942,2017-12-04,2010,32820,2143,1,5,7,1942,0,0,0,NA,0,21L43,VICTORY BL,ROYER AV,0,NA,Y,G,-,N,NA,NA,NA,NA,NA,NA,NA,NA,NA,Y,2,0,1,2,A,-,09,21801,A,N,D,C,A,A,H,-,C,D,0,NA,NA,Y,NA,Y,NA,A,01,1,0,0,0,0,0,0,0,1,-,-,NA,NA,LOS ANGELES,LOS ANGELES,-118.62772012,34.18644004
8517049,2017,2017-12-27,1900,2017-12-01,1720,551435,192,5,5,6,1992,0,0,0,NA,0,11T1,30TH ST WEST,AVENUE L,300,N,N,A,-,N,NA,NA,NA,NA,NA,NA,NA,NA,NA,N,4,0,1,2,A,-,09,21804,A,N,D,C,A,A,H,-,C,A,0,NA,NA,NA,NA,Y,NA,A,07,0,0,1,0,0,0,0,0,0,-,-,NA,NA,LOS ANGELES,LANCASTER,-118.18349,34.66109249
8517050,2017,2017-12-27,1942,2017-12-10,2500,40119,2139,7,5,7,1942,0,0,0,NA,0,NA,WINNETKA AV,SHERMAN WY,0,NA,Y,A,-,N,NA,NA,NA,NA,NA,NA,NA,NA,NA,N,4,0,1,2,A,-,09,21801,A,N,D,C,A,A,H,-,A,A,0,NA,NA,NA,NA,Y,NA,A,01,0,0,1,0,0,0,0,0,0,-,-,NA,NA,LOS ANGELES,LOS ANGELES,-118.57099,34.20114011
8517053,2017,2017-12-27,1900,2017-12-11,1320,484625,137,1,5,6,1992,0,0,0,NA,0,112T1,AVENUE J,21ST ST EAST,47,W,N,A,-,N,NA,NA,NA,NA,NA,NA,NA,NA,NA,Y,4,0,2,2,A,-,03,22350,NA,N,C,C,A,A,H,-,A,A,0,NA,NA,NA,NA,Y,NA,A,07,0,0,2,0,0,0,0,0,0,-,-,NA,NA,LOS ANGELES,LANCASTER,-118.09261596,34.68965653
8517054,2017,2017-12-27,1942,2017-12-07,1445,40398,2156,4,5,7,1942,0,0,0,NA,0,21A57,VANOWEN ST,CANOGA AV,215,W,N,A,-,N,NA,NA,NA,NA,NA,NA,NA,NA,NA,N,3,0,1,2,A,-,11,21954,A,N,G,B,D,A,H,-,A,D,0,Y,NA,NA,NA,Y,NA,N,60,0,1,0,0,1,0,0,0,0,-,-,NA,NA,LOS ANGELES,LOS ANGELES,-118.5981898,34.19375
8517058,2017,2017-12-27,1942,2017-12-01,1740,38354,2145,5,5,7,1942,0,0,0,NA,0,21A43,TOPANGA CANYON BL,VICTORY BL,703,N,N,A,-,N,NA,NA,NA,NA,NA,NA,NA,NA,NA,Y,3,0,4,3,A,-,03,22350,NA,N,-,C,A,A,H,-,C,A,0,NA,NA,NA,NA,Y,NA,A,01,0,1,3,0,0,0,0,0,0,-,-,NA,NA,LOS ANGELES,LOS ANGELES,-118.6058979,34.18884854
8517062,2017,2017-12-27,1942,2017-12-07,1825,36599,2126,4,5,7,1942,0,0,0,NA,0,21A5,DE SOTO AV,ROSCOE BL,580,S,N,A,-,N,NA,NA,NA,NA,NA,NA,NA,NA,NA,N,4,0,1,2,A,-,03,22350,NA,N,-,E,A,-,H,-,C,A,0,NA,NA,NA,NA,Y,NA,A,01,0,0,1,0,0,0,0,0,0,-,-,NA,NA,LOS ANGELES,LOS ANGELES,-118.58849,34.2183489
8517070,2017,2018-01-30,1942,2017-12-01,1440,27595,2185,5,5,7,1942,0,0,0,NA,0,35M31,SAN FELICIANO DR,SAN MIGUEL ST,9,N,N,A,-,N,NA,NA,NA,NA,NA,NA,NA,NA,NA,N,4,0,1,2,A,-,10,21950,A,N,G,B,B,A,H,-,A,D,0,Y,NA,NA,NA,Y,NA,A,07,0,0,1,0,1,0,0,0,0,-,-,NA,NA,LOS ANGELES,LOS ANGELES,-118.6091003,34.15857469
8517072,2017,2017-12-28,1942,2017-12-01,1605,38354,0929,5,5,7,1942,0,0,0,I,0,9A19,VICTORY BL,ETHEL AV,38,E,N,A,-,N,NA,NA,NA,NA,NA,NA,NA,NA,NA,N,4,0,1,2,A,-,08,22102,NA,F,D,C,A,A,H,-,A,A,0,NA,NA,NA,NA,Y,NA,-,99,0,0,1,0,0,0,0,0,0,-,-,NA,NA,LOS ANGELES,LOS ANGELES,-118.41801458,34.18668
8517074,2017,2017-12-27,1942,2017-12-05,1145,36261,2146,2,5,7,1942,0,0,0,NA,0,21X89,GAULT ST,VASSAR AV,0,NA,Y,A,G,N,NA,NA,NA,NA,NA,NA,NA,NA,NA,Y,3,0,2,2,A,-,09,21802,A,N,D,C,A,A,H,-,A,A,0,NA,NA,NA,NA,Y,NA,A,01,0,1,1,0,0,0,0,0,0,-,-,NA,NA,LOS ANGELES,LOS ANGELES,-118.60438005,34.1992201
8517076,2017,2017-12-28,1942,2017-12-04,1510,30830,1907,1,5,7,1942,0,0,0,NA,0,19A7,HUBBARD ST,GLADSTONE AV,300,W,N,A,-,N,NA,NA,NA,NA,NA,NA,NA,NA,NA,N,4,0,2,2,A,-,09,21801,A,N,D,C,A,A,H,-,A,D,0,NA,NA,NA,NA,Y,NA,A,01,0,0,2,0,0,0,0,0,0,-,-,NA,NA,LOS ANGELES,LOS ANGELES,-118.42800843,34.30947013
8517078,2017,2017-12-27,1942,2017-12-06,0755,38273,2103,3,5,7,1942,0,0,0,NA,0,21A1,RUDNICK AV,CHASE ST,0,NA,Y,A,-,N,NA,NA,NA,NA,NA,NA,NA,NA,NA,N,4,0,2,2,A,-,09,21802,A,N,D,C,A,A,H,-,A,A,0,NA,NA,NA,NA,Y,NA,A,01,0,0,2,0,0,0,0,0,0,-,-,NA,NA,LOS ANGELES,LOS ANGELES,-118.61328003,34.22322011
8517080,2017,2017-12-28,1942,2017-12-06,1800,39575,1007,3,5,7,1942,0,0,0,J,0,35E11,BALBOA BL,SATICOY ST,0,NA,Y,A,-,N,NA,NA,NA,NA,NA,NA,NA,NA,NA,Y,2,0,1,2,A,-,09,21801,A,N,D,C,A,A,H,-,C,A,0,NA,NA,Y,NA,Y,Y,A,01,1,0,0,0,0,0,0,0,1,-,-,NA,NA,LOS ANGELES,LOS ANGELES,-118.5011601,34.20842001
8517082,2017,2018-01-31,1942,2017-12-03,1730,33251,2144,7,5,7,1942,0,0,0,NA,0,21A2,SHOUP AV,ERWIN ST,200,N,N,A,-,N,NA,NA,NA,NA,NA,NA,NA,NA,NA,Y,4,0,1,2,C,-,18,NA,NA,N,B,E,A,A,H,-,C,D,0,NA,NA,NA,NA,Y,NA,-,-,0,0,1,0,0,0,0,0,0,-,-,NA,NA,LOS ANGELES,LOS ANGELES,-118.61459799,34.18335867
8517084,2017,2017-12-28,1942,2017-12-04,1615,39207,1035,1,5,7,1942,0,0,0,J,0,10A26,RESEDA BL,VANOWEN ST,0,NA,Y,-,-,N,NA,NA,NA,NA,NA,NA,NA,NA,NA,Y,4,0,1,2,A,-,08,22107,NA,N,A,C,A,A,H,-,B,A,0,NA,NA,NA,NA,Y,NA,A,01,0,0,1,0,0,0,0,0,0,-,-,NA,NA,LOS ANGELES,LOS ANGELES,-118.53604009,34.19385
8517086,2017,2017-12-27,1942,2017-12-06,1345,35481,2177,3,5,7,1942,0,0,0,NA,0,21A97,VENTURA BL,DON PIO DR,0,NA,Y,A,-,N,NA,NA,NA,NA,NA,NA,NA,NA,NA,Y,3,0,1,2,A,-,12,21453,A,N,D,C,A,A,H,-,A,A,0,NA,NA,NA,NA,Y,NA,A,01,0,1,0,0,0,0,0,0,0,-,-,NA,NA,LOS ANGELES,LOS ANGELES,-118.60383007,34.16845008
8517088,2017,2017-12-28,1942,2017-12-02,1735,36336,1008,6,5,7,1942,0,0,0,J,0,10A39,VICTORY BL,HAYVENHURST AV,330,E,N,A,-,N,NA,NA,NA,NA,NA,NA,NA,NA,NA,Y,2,0,2,2,A,-,03,22350,NA,N,C,C,A,A,H,-,C,D,0,NA,NA,NA,NA,Y,NA,A,01,1,0,1,0,0,0,0,0,0,-,-,NA,NA,LOS ANGELES,LOS ANGELES,-118.49131074,34.18661
8517092,2017,2017-12-28,1942,2017-12-03,2100,42529,0929,7,5,7,1942,0,0,0,I,0,9A41,VICTORY BL,ETHEL AV,0,NA,Y,A,-,N,NA,NA,NA,NA,NA,NA,NA,NA,NA,N,4,0,1,2,A,-,12,21453,A,F,D,C,A,A,-,-,B,A,0,NA,NA,NA,NA,Y,NA,A,01,0,0,1,0,0,0,0,0,0,-,-,NA,NA,LOS ANGELES,LOS ANGELES,-118.41814006,34.18668
8517096,2017,2017-12-27,1942,2017-12-03,1555,35867,1025,7,5,7,1942,0,0,0,J,0,9A23,LINDLEY AV,KITTRIDGE ST,300,N,N,A,-,N,NA,NA,NA,NA,NA,NA,NA,NA,NA,Y,4,0,1,2,A,-,08,22103,NA,N,D,-,A,A,H,-,A,D,0,NA,NA,NA,NA,Y,NA,A,07,0,0,1,0,0,0,0,0,0,-,-,NA,NA,LOS ANGELES,LOS ANGELES,-118.52729773,34.19106294
8517100,2017,2017-12-27,1942,2017-12-03,0414,37940,1018,7,5,7,1942,0,0,0,J,0,10A99,SHERMAN WY,HASKELL AV,0,NA,Y,A,-,N,NA,NA,NA,NA,NA,NA,NA,NA,NA,Y,4,0,2,2,A,-,12,21453,A,N,D,C,A,A,H,-,C,A,0,NA,NA,NA,NA,Y,NA,A,01,0,0,2,0,0,0,0,0,0,-,-,NA,NA,LOS ANGELES,LOS ANGELES,-118.47489007,34.20126004