CASE_ID,ACCIDENT_YEAR,PROC_DATE,JURIS,COLLISION_DATE,COLLISION_TIME,OFFICER_ID,REPORTING_DISTRICT,DAY_OF_WEEK,CHP_SHIFT,POPULATION,CNTY_CITY_LOC,SPECIAL_COND,BEAT_TYPE,CHP_BEAT_TYPE,CITY_DIVISION_LAPD,CHP_BEAT_CLASS,BEAT_NUMBER,PRIMARY_RD,SECONDARY_RD,DISTANCE,DIRECTION,INTERSECTION,WEATHER_1,WEATHER_2,STATE_HWY_IND,CALTRANS_COUNTY,CALTRANS_DISTRICT,STATE_ROUTE,ROUTE_SUFFIX,POSTMILE_PREFIX,POSTMILE,LOCATION_TYPE,RAMP_INTERSECTION,SIDE_OF_HWY,TOW_AWAY,COLLISION_SEVERITY,NUMBER_KILLED,NUMBER_INJURED,PARTY_COUNT,PRIMARY_COLL_FACTOR,PCF_CODE_OF_VIOL,PCF_VIOL_CATEGORY,PCF_VIOLATION,PCF_VIOL_SUBSECTION,HIT_AND_RUN,TYPE_OF_COLLISION,MVIW,PED_ACTION,ROAD_SURFACE,ROAD_COND_1,ROAD_COND_2,LIGHTING,CONTROL_DEVICE,CHP_ROAD_TYPE,PEDESTRIAN_ACCIDENT,BICYCLE_ACCIDENT,MOTORCYCLE_ACCIDENT,TRUCK_ACCIDENT,NOT_PRIVATE_PROPERTY,ALCOHOL_INVOLVED,STWD_VEHTYPE_AT_FAULT,CHP_VEHTYPE_AT_FAULT,COUNT_SEVERE_INJ,COUNT_VISIBLE_INJ,COUNT_COMPLAINT_PAIN,COUNT_PED_KILLED,COUNT_PED_INJURED,COUNT_BICYCLIST_KILLED,COUNT_BICYCLIST_INJURED,COUNT_MC_KILLED,COUNT_MC_INJURED,PRIMARY_RAMP,SECONDARY_RAMP,LATITUDE,LONGITUDE,COUNTY,CITY,POINT_X,POINT_Y
8517178,2017,2017-12-26,1942,2017-11-14,2130,42719,2158,2,5,7,1942,0,0,0,NA,0,21A29,VICTORY BL,MASON AV,900,E,N,A,-,N,NA,NA,NA,NA,NA,NA,NA,NA,NA,Y,3,0,1,2,A,-,05,21650,NA,N,D,C,A,A,H,-,C,D,0,NA,NA,NA,NA,Y,NA,A,01,0,1,0,0,0,0,0,0,0,-,-,NA,NA,LOS ANGELES,LOS ANGELES,-118.57670915,34.18839
8517179,2017,2017-12-21,1942,2017-11-18,1310,43013,2105,6,5,7,1942,0,0,0,NA,0,21A5,CANOGA AV,ROSCOE BL,120,S,N,A,-,N,NA,NA,NA,NA,NA,NA,NA,NA,NA,Y,4,0,1,2,A,-,09,21801,A,N,D,C,A,A,H,-,A,A,0,NA,NA,NA,NA,Y,NA,A,01,0,0,1,0,0,0,0,0,0,-,-,NA,NA,LOS ANGELES,LOS ANGELES,-118.59752,34.2194708
8517180,2017,2017-12-26,1942,2017-11-08,2000,41752,1526,3,5,7,1942,0,0,0,O,0,15A28,OXNARD,TUJUNGA,150,W,N,A,-,N,NA,NA,NA,NA,NA,NA,NA,NA,NA,N,4,0,2,2,A,-,08,22103,NA,N,E,C,A,A,H,-,C,D,0,NA,NA,NA,NA,Y,NA,A,01,0,0,2,0,0,0,0,0,0,-,-,NA,NA,LOS ANGELES,LOS ANGELES,-118.37953487,34.17944
8517181,2017,2017-12-22,1942,2017-11-26,1055,42974,2157,7,5,7,1942,0,0,0,NA,0,21A1,VANOWEN,MASON,110,W,N,A,-,N,NA,NA,NA,NA,NA,NA,NA,NA,NA,N,3,0,1,2,A,-,09,21804,A,N,D,G,A,A,H,-,A,D,0,NA,Y,NA,NA,Y,NA,A,01,0,1,0,0,0,0,1,0,0,-,-,NA,NA,LOS ANGELES,LOS ANGELES,-118.58006315,34.19378
8517182,2017,2017-12-26,1942,2017-11-21,1535,38017,21,2,5,7,1942,0,0,0,NA,0,35M67W,WOODLAKE AV,MEDICAL CENTER DR,10,N,N,A,-,N,NA,NA,NA,NA,NA,NA,NA,NA,NA,Y,4,0,2,2,A,-,09,21802,A,N,D,C,A,A,H,-,A,D,0,NA,NA,NA,NA,Y,NA,A,07,0,0,2,0,0,0,0,0,0,-,-,NA,NA,LOS ANGELES,LOS ANGELES,-118.63214105,34.20372742
8517184,2017,2017-12-26,1942,2017-11-10,0755,42836,LOSAN,5,5,7,1942,0,0,0,NA,0,15A21,SHERMAN WY,LANKERSHIM BL,100,W,N,A,-,N,NA,NA,NA,NA,NA,NA,NA,NA,NA,N,4,0,1,2,A,-,07,21658,A,N,B,C,A,A,H,-,A,A,0,NA,NA,NA,NA,Y,NA,A,01,0,0,1,0,0,0,0,0,0,-,-,NA,NA,LOS ANGELES,LOS ANGELES,-118.38811006,34.20119452
8517185,2017,2018-02-21,1942,2017-11-25,1830,40578,2129,6,5,7,1942,0,0,0,NA,0,21X62,CORBIN,ROSCOE,0,NA,Y,A,-,N,NA,NA,NA,NA,NA,NA,NA,NA,NA,Y,4,0,2,2,A,-,09,21801,A,N,D,C,A,A,H,-,C,A,0,NA,NA,NA,NA,Y,NA,A,01,0,0,2,0,0,0,0,0,0,-,-,NA,NA,LOS ANGELES,LOS ANGELES,-118.56229005,34.22035001
8517186,2017,2017-12-26,1942,2017-11-22,1505,42344,2159,3,5,7,1942,0,0,0,NA,0,21A29,VICTORY BL,CORBIN AV,0,NA,Y,A,-,N,NA,NA,NA,NA,NA,NA,NA,NA,NA,Y,3,0,2,2,A,-,09,21801,A,N,D,C,A,A,H,-,A,A,0,NA,NA,NA,NA,Y,NA,A,01,0,1,1,0,0,0,0,0,0,-,-,NA,NA,LOS ANGELES,LOS ANGELES,-118.56221003,34.18658007
8517187,2017,2017-12-21,1942,2017-11-29,1545,34674,1063,3,5,7,1942,0,0,0,J,0,35E11,WILBUR AV,CREBS AV,107,W,N,A,-,N,NA,NA,NA,NA,NA,NA,NA,NA,NA,Y,4,0,1,1,A,-,03,22350,NA,N,E,J,A,A,H,-,A,D,0,NA,NA,NA,NA,Y,NA,A,01,0,0,1,0,0,0,0,0,0,-,-,NA,NA,LOS ANGELES,LOS ANGELES,-118.54485,34.25364
8517188,2017,2017-12-26,1942,2017-11-08,2115,42529,1563,3,5,7,1942,0,0,0,O,0,15EL1,MOORPARK ST,COLFAX AV,0,NA,Y,A,-,N,NA,NA,NA,NA,NA,NA,NA,NA,NA,N,3,0,1,2,A,-,10,21950,A,N,A,B,B,A,H,-,B,D,0,Y,NA,NA,NA,Y,NA,A,07,0,1,0,0,1,0,0,0,0,-,-,NA,NA,LOS ANGELES,LOS ANGELES,-118.38773008,34.15036006
8517189,2017,2017-12-22,1942,2017-11-26,1533,26319,2136,7,5,7,1942,0,0,0,NA,0,19TL74,VARIEL AV,SHERMAN WY,160,N,N,A,-,N,NA,NA,NA,NA,NA,NA,NA,NA,NA,Y,3,0,1,3,A,-,05,21650,NA,N,B,C,A,A,H,-,A,D,0,NA,NA,Y,NA,Y,NA,C,02,0,1,0,0,0,0,0,0,1,-,-,NA,NA,LOS ANGELES,LOS ANGELES,-118.59280917,34.20141846
8517190,2017,2017-12-26,1942,2017-11-16,1510,31962,2161,4,5,7,1942,0,0,0,NA,0,21A1,PLATT AV,CALIFA ST,15,S,N,A,-,N,NA,NA,NA,NA,NA,NA,NA,NA,NA,N,4,0,3,2,A,-,04,21703,NA,N,C,C,A,A,H,-,A,A,0,NA,NA,NA,NA,Y,NA,A,01,0,0,3,0,0,0,0,0,0,-,-,NA,NA,LOS ANGELES,LOS ANGELES,-118.64301,34.17780885
8517191,2017,2017-12-21,1942,2017-11-29,1135,30830,1049,3,5,7,1942,0,0,0,J,0,10A17,BALBOA BL,VICTORY BL,0,NA,Y,A,-,N,NA,NA,NA,NA,NA,NA,NA,NA,NA,N,4,0,1,2,A,-,04,21703,NA,N,C,C,A,A,H,-,A,D,0,NA,NA,NA,NA,Y,NA,A,01,0,0,1,0,0,0,0,0,0,-,-,NA,NA,LOS ANGELES,LOS ANGELES,-118.50110008,34.18663011
8517192,2017,2018-06-14,1942,2017-11-07,2140,32642,1551,2,5,7,1942,0,0,0,O,0,15EL1,LAUREL CANYON,RT 101,20,S,N,A,-,Y,LA,7,101,-,-,12.987,R,4,N,Y,4,0,1,2,A,-,09,21801,A,N,D,C,A,A,H,-,C,A,0,NA,NA,NA,NA,Y,NA,A,01,0,0,1,0,0,0,0,0,0,-,-,NA,NA,LOS ANGELES,LOS ANGELES,-118.39869745,34.15475555
8517193,2017,2017-12-22,1942,2017-11-28,1319,26319,2148,2,5,7,1942,0,0,0,NA,0,19TL74,WINNETKA AV,VANOWEN ST,0,NA,Y,A,-,N,NA,NA,NA,NA,NA,NA,NA,NA,NA,N,4,0,1,2,A,-,11,21456,B,N,G,B,B,A,H,-,A,A,0,Y,NA,NA,NA,Y,NA,N,60,0,0,1,0,1,0,0,0,0,-,-,NA,NA,LOS ANGELES,LOS ANGELES,-118.57098004,34.19379004
8517194,2017,2017-12-26,1942,2017-11-16,1100,30734,2144,4,5,7,1942,0,0,0,NA,0,2144,SHOUP AV,VICTORY,0,NA,Y,A,-,N,NA,NA,NA,NA,NA,NA,NA,NA,NA,Y,3,0,2,2,A,-,09,21801,A,N,D,C,A,A,H,-,A,A,0,NA,NA,NA,NA,Y,NA,A,01,0,1,1,0,0,0,0,0,0,-,-,NA,NA,LOS ANGELES,LOS ANGELES,-118.61457011,34.18645002
8517196,2017,2018-02-21,1942,2017-11-03,1710,41811,NHWD1,5,5,7,1942,0,0,0,NA,0,15EL2,LANKERSHIM,RIVERSIDE,0,NA,Y,A,-,N,NA,NA,NA,NA,NA,NA,NA,NA,NA,N,4,0,2,2,A,-,09,21801,NA,N,D,C,A,A,H,-,A,A,0,NA,NA,NA,NA,Y,NA,-,-,0,0,2,0,0,0,0,0,0,-,-,NA,NA,LOS ANGELES,LOS ANGELES,-118.36701013,34.15227001
8517197,2017,2018-02-20,1942,2017-11-08,1610,30734,2149,3,5,7,1942,0,0,0,NA,0,21A73,WINNETKA AV,VANOWEN ST,300,N,N,A,-,N,NA,NA,NA,NA,NA,NA,NA,NA,NA,Y,3,0,1,2,A,-,08,22102,NA,N,D,C,A,A,H,-,A,D,0,NA,NA,Y,NA,Y,NA,A,01,0,1,0,0,0,0,0,0,1,-,-,NA,NA,LOS ANGELES,LOS ANGELES,-118.57097,34.19461288
8517198,2017,2018-01-30,1942,2017-11-16,2045,42820,2134,4,5,7,1942,0,0,0,NA,0,21A43,CARLSON CIR,SHERMAN WAY,5,E,N,A,-,N,NA,NA,NA,NA,NA,NA,NA,NA,NA,Y,4,0,1,2,A,-,08,22100,A,N,B,C,A,A,H,-,C,D,0,NA,NA,NA,NA,Y,NA,A,01,0,0,1,0,0,0,0,0,0,-,-,NA,NA,LOS ANGELES,LOS ANGELES,-118.61289,34.20102
8517199,2017,2017-12-21,1942,2017-11-30,1800,39223,1037,4,5,7,1942,0,0,0,J,0,10EL4,VANOWEN,WHITE OAK,0,NA,Y,A,-,N,NA,NA,NA,NA,NA,NA,NA,NA,NA,N,4,0,1,3,A,-,09,21801,A,N,D,C,A,A,H,-,C,A,0,NA,NA,NA,NA,Y,NA,A,01,0,0,1,0,0,0,0,0,0,-,-,NA,NA,LOS ANGELES,LOS ANGELES,-118.51858013,34.1938701
8517200,2017,2017-12-26,1942,2017-11-11,1720,36121,1529,6,5,7,1942,0,0,0,O,0,15A43,VICTORY BL,CLEON AV,18,W,N,A,-,N,NA,NA,NA,NA,NA,NA,NA,NA,NA,Y,2,0,1,2,A,-,09,21801,A,N,A,C,A,A,H,-,C,D,0,NA,NA,Y,NA,Y,NA,A,01,1,0,0,0,0,0,0,0,1,-,-,NA,NA,LOS ANGELES,LOS ANGELES,-118.36821939,34.18671876
8517202,2017,2018-01-04,1942,2017-12-11,0725,35433,1982,1,5,7,1942,0,0,0,NA,0,19A61,NOBLE AV,RAYEN ST,192,S,N,A,-,N,NA,NA,NA,NA,NA,NA,NA,NA,NA,N,3,0,1,2,A,-,11,21954,A,N,G,B,D,A,H,-,A,D,0,Y,NA,NA,NA,Y,NA,N,60,0,1,0,0,1,0,0,0,0,-,-,NA,NA,LOS ANGELES,LOS ANGELES,-118.46106786,34.23130339
8517206,2017,2018-01-03,1942,2017-11-24,1435,40449,1919,5,5,7,1942,0,0,0,NA,0,19A85,FOOTHILL BL,ARROYO ST,572,N,N,A,-,N,NA,NA,NA,NA,NA,NA,NA,NA,NA,Y,3,0,1,3,A,-,09,21801,A,N,D,C,A,A,H,-,A,D,0,NA,NA,NA,NA,Y,NA,D,22,0,1,0,0,0,0,0,0,0,-,-,NA,NA,LOS ANGELES,LOS ANGELES,-118.41567643,34.29395193
8517207,2017,2018-02-05,1953,2017-12-14,1740,7868,1953,4,5,6,1953,0,0,0,NA,0,003,ALTADENA DR,VILLA ST,0,NA,Y,A,-,N,NA,NA,NA,NA,NA,NA,NA,NA,NA,Y,4,0,2,2,A,-,08,22107,NA,N,B,C,A,A,H,-,C,A,0,NA,NA,NA,NA,Y,NA,A,01,0,0,2,0,0,0,0,0,0,-,-,NA,NA,LOS ANGELES,PASADENA,-118.09855012,34.15442005
8517214,2017,2018-01-03,1942,2017-11-14,1200,40449,1971,2,5,7,1942,0,0,0,NA,0,19A61,SEPULVEDA BL,NORDHOFF,0,NA,Y,A,-,N,NA,NA,NA,NA,NA,NA,NA,NA,NA,Y,4,0,1,2,A,-,08,22107,NA,N,B,C,A,A,H,-,A,D,0,NA,NA,NA,NA,Y,NA,D,22,0,0,1,0,0,0,0,0,0,-,-,NA,NA,LOS ANGELES,LOS ANGELES,-118.46771002,34.23553009
8517218,2017,2018-01-03,1942,2017-11-24,1800,42887,1998,5,5,7,1942,0,0,0,NA,0,19A61,RANCHITO AV,ROSCOE BL,30,S,N,A,-,N,NA,NA,NA,NA,NA,NA,NA,NA,NA,N,4,0,5,2,A,-,09,21804,A,N,B,C,A,A,H,-,C,D,0,NA,NA,NA,NA,Y,NA,D,22,0,0,5,0,0,0,0,0,0,-,-,NA,NA,LOS ANGELES,LOS ANGELES,-118.43664848,34.22155772
8517231,2017,2018-01-04,1953,2017-12-04,1141,8091,1953,1,5,6,1953,0,0,0,NA,0,002,MAPLE ST,LAKE AV,0,NA,Y,A,-,N,NA,NA,NA,NA,NA,NA,NA,NA,NA,Y,4,0,2,2,A,-,03,22350,NA,F,C,C,A,A,H,-,A,A,0,NA,NA,NA,NA,Y,NA,D,22,0,0,2,0,0,0,0,0,0,-,-,NA,NA,LOS ANGELES,PASADENA,-118.13236003,34.15233006
8517232,2017,2018-01-04,1956,2017-12-03,1930,1312,65,7,5,5,1956,0,0,0,NA,0,005,INGLEWOOD AV,MANHATTAN BEACH BL,30,N,N,A,-,N,NA,NA,NA,NA,NA,NA,NA,NA,NA,Y,2,0,1,2,A,-,05,21460,A,N,A,C,A,A,H,-,C,A,0,NA,NA,Y,NA,Y,NA,D,22,1,0,0,0,0,0,0,0,1,-,-,NA,NA,LOS ANGELES,REDONDO BEACH,-118.36134,33.88751228
8517240,2017,2017-12-29,1900,2017-11-30,1230,606051,2612,4,5,6,1950,0,0,0,NA,0,265,RANCHO VISTA BL,ARMFIELD AV,0,NA,Y,A,-,N,NA,NA,NA,NA,NA,NA,NA,NA,NA,Y,4,0,1,2,A,-,09,21801,A,N,A,C,A,A,H,-,A,A,0,NA,NA,NA,NA,Y,NA,A,07,0,0,1,0,0,0,0,0,0,-,-,NA,NA,LOS ANGELES,PALMDALE,-118.151397,34.601734
8517253,2017,2018-01-03,1942,2017-11-22,2225,42913,1985,3,5,7,1942,0,0,0,NA,0,19A1,VAN NUYS BL,RAYEN ST,0,N,N,A,-,N,NA,NA,NA,NA,NA,NA,NA,NA,NA,N,4,0,1,2,A,-,08,22102,NA,N,D,C,A,A,H,-,C,A,0,NA,NA,NA,NA,Y,NA,D,22,0,0,1,0,0,0,0,0,0,-,-,NA,NA,LOS ANGELES,LOS ANGELES,-118.45025009,34.23174009
8517257,2017,2018-01-04,1942,2017-12-01,1805,OLIVE,1967,5,5,7,1942,0,0,0,NA,0,19X12,PIERCE ST,WOODMAN AV,0,NA,Y,A,-,N,NA,NA,NA,NA,NA,NA,NA,NA,NA,N,3,0,1,2,A,-,05,21650,1,N,D,G,A,A,H,-,C,D,0,NA,Y,NA,NA,Y,NA,L,04,0,1,0,0,0,0,1,0,0,-,-,NA,NA,LOS ANGELES,LOS ANGELES,-118.44585009,34.24351006
8517260,2017,2017-12-29,1900,2017-11-28,1800,444712,2607,2,5,6,1950,0,0,0,NA,0,264T1,PALMDALE BL,55TH ST EAST,105,E,N,A,-,N,NA,NA,NA,NA,NA,NA,NA,NA,NA,N,4,0,1,2,A,-,09,21802,A,N,C,C,A,A,H,-,C,A,0,NA,NA,NA,NA,Y,NA,A,01,0,0,1,0,0,0,0,0,0,-,-,NA,NA,LOS ANGELES,PALMDALE,-118.03132196,34.57981705
8517261,2017,2018-01-04,1942,2017-12-05,2110,32774,1998,2,5,7,1942,0,0,0,NA,0,19A93,WOODMAN AV,SATICOY ST,95,S,N,A,-,N,NA,NA,NA,NA,NA,NA,NA,NA,NA,Y,3,0,2,1,A,-,03,22350,NA,N,E,I,A,A,H,-,C,D,0,NA,NA,NA,NA,Y,NA,D,22,0,1,1,0,0,0,0,0,0,-,-,NA,NA,LOS ANGELES,LOS ANGELES,-118.43119184,34.20920077
8517265,2017,2018-02-06,1942,2017-12-02,2100,40398,1995,6,5,7,1942,0,0,0,NA,0,19A93,VAN NUYS BL,ARMINTA ST,0,NA,Y,A,-,N,NA,NA,NA,NA,NA,NA,NA,NA,NA,Y,4,0,1,2,A,-,09,21801,A,N,D,C,A,A,H,-,C,A,0,NA,NA,NA,NA,Y,NA,A,01,0,0,1,0,0,0,0,0,0,-,-,NA,NA,LOS ANGELES,LOS ANGELES,-118.44926008,34.2134101
8517269,2017,2018-01-04,1942,2017-12-06,0600,42251,1979,3,5,7,1942,0,0,0,NA,0,19A79,ARLETA AV,BRANFORD ST,0,NA,Y,A,-,N,NA,NA,NA,NA,NA,NA,NA,NA,NA,N,4,0,1,3,A,-,09,21801,A,N,D,C,A,A,H,-,B,A,0,NA,NA,NA,NA,Y,NA,A,01,0,0,1,0,0,0,0,0,0,-,-,NA,NA,LOS ANGELES,LOS ANGELES,-118.41979013,34.23613002
8517273,2017,2018-01-02,1942,2017-12-08,0940,30452,1994,5,5,7,1942,0,0,0,NA,0,19A93,WILLIS AV,ROSCOE BL,0,NA,Y,A,-,N,NA,NA,NA,NA,NA,NA,NA,NA,NA,Y,4,0,1,2,A,-,12,21453,A,N,D,C,A,A,H,-,A,A,0,NA,NA,NA,Y,Y,NA,F,26,0,0,1,0,0,0,0,0,0,-,-,NA,NA,LOS ANGELES,LOS ANGELES,-118.45533,34.22149005
8517277,2017,2017-12-29,1942,2017-11-29,2040,40388,1676,3,5,7,1942,0,0,0,P,0,16A77,GLENOAKS BL,WHEATLAND AV,287,S,N,A,-,N,NA,NA,NA,NA,NA,NA,NA,NA,NA,N,2,0,1,2,A,-,11,21954,A,N,G,B,D,A,H,-,C,A,0,Y,NA,NA,Y,Y,NA,N,60,1,0,0,0,1,0,0,0,0,-,-,NA,NA,LOS ANGELES,LOS ANGELES,-118.36117049,34.2243505
8517281,2017,2018-01-30,1942,2017-12-01,2120,32774,1999,5,5,7,1942,0,0,0,NA,0,19A93,WOODMAN AV,LANARK ST,300,N,N,A,-,N,NA,NA,NA,NA,NA,NA,NA,NA,NA,Y,3,0,1,2,A,-,03,22350,NA,N,C,C,A,A,H,-,C,D,0,NA,NA,NA,NA,Y,NA,-,NA,0,1,0,0,0,0,0,0,0,-,-,NA,NA,LOS ANGELES,LOS ANGELES,-118.4321,34.21948
8517282,2017,2018-02-06,1942,2017-12-07,2115,41158,1589,4,5,7,1942,0,0,0,O,0,15A67,FOREST LAWN DR,COYOTE CANYON RD,3030,E,N,A,-,N,NA,NA,NA,NA,NA,NA,NA,NA,NA,Y,3,0,3,3,A,-,01,23152,A,N,A,C,A,A,H,-,C,A,0,NA,NA,NA,NA,Y,Y,A,01,0,2,1,0,0,0,0,0,0,-,-,NA,NA,LOS ANGELES,LOS ANGELES,-118.32985661,34.14875669
8517283,2017,2017-12-29,1942,2017-11-29,1900,38519,1512,3,5,7,1942,0,0,0,O,0,1521,SHERMAN WY,BELLAIRE AV,0,NA,Y,A,-,N,NA,NA,NA,NA,NA,NA,NA,NA,NA,N,3,0,1,2,A,-,11,21456,B,N,G,B,B,A,H,-,C,A,0,Y,NA,NA,NA,Y,Y,N,60,0,1,0,0,1,0,0,0,0,-,-,NA,NA,LOS ANGELES,LOS ANGELES,-118.4094301,34.20120012
8517285,2017,2018-01-30,1942,2017-12-06,1955,42865,1963,3,5,7,1942,0,0,0,NA,0,16A11,VAN NUYS BL,WOODMAN AV,0,NA,Y,A,-,N,NA,NA,NA,NA,NA,NA,NA,NA,NA,Y,4,0,2,3,A,-,09,21801,A,N,A,C,A,A,H,-,C,A,0,NA,NA,NA,NA,Y,NA,A,01,0,0,2,0,0,0,0,0,0,-,-,NA,NA,LOS ANGELES,LOS ANGELES,-118.44818005,34.24708002
8517286,2017,2018-02-06,1942,2017-12-09,1920,42739,1602,6,5,7,1942,0,0,0,P,0,16A81,FOOTHILL BL,VAN NUYS BL,0,NA,Y,A,-,N,NA,NA,NA,NA,NA,NA,NA,NA,NA,Y,4,0,1,3,A,-,07,21658,A,N,C,C,A,A,H,-,C,A,0,NA,NA,NA,NA,Y,Y,A,01,0,0,1,0,0,0,0,0,0,-,-,NA,NA,LOS ANGELES,LOS ANGELES,-118.40188012,34.28085004
8517289,2017,2018-01-30,1942,2017-12-03,1800,38835,1984,7,5,7,1942,0,0,0,NA,0,19X74,WILLIS AV,ROSCOE BL,300,N,N,A,-,N,NA,NA,NA,NA,NA,NA,NA,NA,NA,N,3,0,2,2,A,-,09,21801,A,N,D,C,A,A,H,-,C,D,0,NA,NA,NA,NA,Y,NA,A,01,0,1,1,0,0,0,0,0,0,-,-,NA,NA,LOS ANGELES,LOS ANGELES,-118.45531981,34.22231284
8517290,2017,2018-02-06,1942,2017-12-08,0145,36804,1548,5,5,7,1942,0,0,0,O,0,15A67,MAGNOLIA BL,LANKERSHIM BL,0,NA,Y,A,-,N,NA,NA,NA,NA,NA,NA,NA,NA,NA,Y,3,0,3,2,A,-,01,23152,A,F,D,C,A,A,H,-,C,A,0,NA,NA,NA,NA,Y,Y,A,01,0,1,2,0,0,0,0,0,0,-,-,NA,NA,LOS ANGELES,LOS ANGELES,-118.37465005,34.16490009
8517293,2017,2018-07-09,1942,2017-12-03,1500,42761,1918,7,5,7,1942,0,0,0,NA,0,19A7,HUBBARD ST,RT 210,5,E,N,A,-,Y,LA,7,210,-,R,3.949,R,4,W,N,3,0,1,2,A,-,09,21801,A,N,H,A,A,A,H,-,A,A,0,NA,NA,Y,NA,Y,NA,-,NA,0,1,0,0,0,0,0,0,1,-,-,NA,NA,LOS ANGELES,LOS ANGELES,-118.43129384,34.31004444
8517294,2017,2018-02-06,1942,2017-12-09,1550,41125,1563,6,5,7,1942,0,0,0,O,0,15A85,TUJUNGA AV,MOORPARK ST,0,NA,Y,A,-,N,NA,NA,NA,NA,NA,NA,NA,NA,NA,N,4,0,2,2,A,-,12,21453,A,N,D,C,A,A,H,-,A,A,0,NA,NA,NA,NA,Y,NA,A,07,0,0,2,0,0,0,0,0,0,-,-,NA,NA,LOS ANGELES,LOS ANGELES,-118.37900001,34.15035003
8517295,2017,2017-12-29,1900,2017-11-13,1800,548030,1334,1,5,5,1908,0,0,0,NA,0,133T1,ALONDRA BL,BELLFLOWER BL,100,W,N,A,-,N,NA,NA,NA,NA,NA,NA,NA,NA,NA,Y,4,0,1,2,A,-,04,21703,NA,N,C,C,A,A,H,-,C,A,0,NA,NA,NA,NA,Y,NA,A,07,0,0,1,0,0,0,0,0,0,-,-,NA,NA,LOS ANGELES,BELLFLOWER,-118.1256288,33.88935
8517297,2017,2018-01-30,1942,2017-12-06,0835,35433,1902,3,5,7,1942,0,0,0,NA,0,19TL77,FOOTHILL BL,GLENOAKS BL,1060,E,N,A,-,N,NA,NA,NA,NA,NA,NA,NA,NA,NA,Y,4,0,2,3,A,-,09,21804,A,N,D,C,A,A,H,-,A,D,0,NA,NA,NA,NA,Y,NA,A,01,0,0,2,0,0,0,0,0,0,-,-,NA,NA,LOS ANGELES,LOS ANGELES,-118.4659933,34.32317165
8517298,2017,2018-02-06,1942,2017-12-04,1340,30830,1538,1,5,7,1942,0,0,0,O,0,15A39,OXNARD ST,VINELAND AV,0,NA,Y,A,-,N,NA,NA,NA,NA,NA,NA,NA,NA,NA,Y,3,0,1,2,A,-,09,21801,A,N,D,C,A,A,H,-,A,A,0,NA,NA,NA,NA,Y,NA,A,01,0,1,0,0,0,0,0,0,0,-,-,NA,NA,LOS ANGELES,LOS ANGELES,-118.3703001,34.17943003
8517301,2017,2018-01-30,1942,2017-12-01,0540,37912,1964,5,5,7,1942,0,0,0,NA,0,19A75,PLUMMER ST,CEDROS AV,50,W,N,A,-,N,NA,NA,NA,NA,NA,NA,NA,NA,NA,N,3,0,1,3,A,-,03,22350,NA,N,A,E,A,B,H,-,B,D,0,NA,NA,NA,NA,Y,NA,A,01,0,1,0,0,0,0,0,0,0,-,-,NA,NA,LOS ANGELES,LOS ANGELES,-118.45369514,34.24268129
8517302,2017,2018-02-10,1942,2017-12-07,0730,30452,1543,4,5,7,1942,0,0,0,O,0,15A43,LAUREL CANYON BL,CHANDLER BL,360,N,N,A,G,N,NA,NA,NA,NA,NA,NA,NA,NA,NA,N,4,0,3,2,A,-,09,21804,A,N,D,C,A,A,H,-,A,D,0,NA,NA,NA,NA,Y,NA,-,-,0,0,3,0,0,0,0,0,0,-,-,NA,NA,LOS ANGELES,LOS ANGELES,-118.3965,34.16964741
8517305,2017,2018-01-30,1942,2017-12-02,0200,42998,1954,6,5,7,1942,0,0,0,NA,0,19A75,DEVONSHIRE ST,NOBLE AV,0,NA,Y,A,-,N,NA,NA,NA,NA,NA,NA,NA,NA,NA,Y,4,0,1,5,A,-,08,22107,NA,N,F,E,A,A,H,-,C,A,0,NA,NA,NA,NA,Y,NA,A,07,0,0,1,0,0,0,0,0,0,-,-,NA,NA,LOS ANGELES,LOS ANGELES,-118.46083011,34.25724011
8517306,2017,2018-02-06,1942,2017-12-08,0215,36336,1596,5,5,7,1942,0,0,0,O,0,15A85,VINELAND AV,FRUITLAND DR,151,NA,N,A,-,N,NA,NA,NA,NA,NA,NA,NA,NA,NA,Y,3,0,2,7,A,-,01,23152,A,F,A,E,A,A,H,-,C,D,0,NA,NA,NA,NA,Y,Y,A,01,0,1,1,0,0,0,0,0,0,-,-,NA,NA,LOS ANGELES,LOS ANGELES,-118.37023,34.13931002
8517309,2017,2018-01-30,1942,2017-12-11,2110,42045,1633,1,5,7,1942,0,0,0,P,0,16A77,FOOTHILL,TERRA BELLA ST,520,N,N,A,-,N,NA,NA,NA,NA,NA,NA,NA,NA,NA,Y,4,0,1,2,A,-,01,23152,A,N,A,C,A,A,D,-,C,D,0,NA,NA,NA,NA,Y,NA,-,-,0,0,1,0,0,0,0,0,0,-,-,NA,NA,LOS ANGELES,LOS ANGELES,-118.39666277,34.27596229
8517310,2017,2018-02-06,1942,2017-12-03,1220,42576,1547,7,5,7,1942,0,0,0,O,0,15A43,BURBANK BL,FARMDALE AV,110,E,N,A,-,N,NA,NA,NA,NA,NA,NA,NA,NA,NA,N,4,0,2,3,A,-,03,22350,NA,N,C,C,A,A,H,-,A,D,0,NA,NA,NA,NA,Y,Y,A,08,0,0,2,0,0,0,0,0,0,-,-,NA,NA,LOS ANGELES,LOS ANGELES,-118.38067701,34.17215
8517314,2017,2018-02-06,1942,2017-12-02,1810,41561,1586,6,5,7,1942,0,0,0,O,0,16X24,CAHUENGA BL,LANKERSHIM BL,15,N,N,A,-,N,NA,NA,NA,NA,NA,NA,NA,NA,NA,N,4,0,2,2,A,-,03,22350,NA,N,C,C,A,A,H,-,C,A,0,NA,NA,NA,NA,Y,NA,A,01,0,0,2,0,0,0,0,0,0,-,-,NA,NA,LOS ANGELES,LOS ANGELES,-118.3633,34.1372