CASE_ID,ACCIDENT_YEAR,PROC_DATE,JURIS,COLLISION_DATE,COLLISION_TIME,OFFICER_ID,REPORTING_DISTRICT,DAY_OF_WEEK,CHP_SHIFT,POPULATION,CNTY_CITY_LOC,SPECIAL_COND,BEAT_TYPE,CHP_BEAT_TYPE,CITY_DIVISION_LAPD,CHP_BEAT_CLASS,BEAT_NUMBER,PRIMARY_RD,SECONDARY_RD,DISTANCE,DIRECTION,INTERSECTION,WEATHER_1,WEATHER_2,STATE_HWY_IND,CALTRANS_COUNTY,CALTRANS_DISTRICT,STATE_ROUTE,ROUTE_SUFFIX,POSTMILE_PREFIX,POSTMILE,LOCATION_TYPE,RAMP_INTERSECTION,SIDE_OF_HWY,TOW_AWAY,COLLISION_SEVERITY,NUMBER_KILLED,NUMBER_INJURED,PARTY_COUNT,PRIMARY_COLL_FACTOR,PCF_CODE_OF_VIOL,PCF_VIOL_CATEGORY,PCF_VIOLATION,PCF_VIOL_SUBSECTION,HIT_AND_RUN,TYPE_OF_COLLISION,MVIW,PED_ACTION,ROAD_SURFACE,ROAD_COND_1,ROAD_COND_2,LIGHTING,CONTROL_DEVICE,CHP_ROAD_TYPE,PEDESTRIAN_ACCIDENT,BICYCLE_ACCIDENT,MOTORCYCLE_ACCIDENT,TRUCK_ACCIDENT,NOT_PRIVATE_PROPERTY,ALCOHOL_INVOLVED,STWD_VEHTYPE_AT_FAULT,CHP_VEHTYPE_AT_FAULT,COUNT_SEVERE_INJ,COUNT_VISIBLE_INJ,COUNT_COMPLAINT_PAIN,COUNT_PED_KILLED,COUNT_PED_INJURED,COUNT_BICYCLIST_KILLED,COUNT_BICYCLIST_INJURED,COUNT_MC_KILLED,COUNT_MC_INJURED,PRIMARY_RAMP,SECONDARY_RAMP,LATITUDE,LONGITUDE,COUNTY,CITY,POINT_X,POINT_Y
8519609,2017,2018-01-05,1942,2017-12-09,0825,34959,2021,6,5,7,1942,0,0,0,NA,0,20TL59,6TH ST,WILTON PL,31,E,N,A,-,N,NA,NA,NA,NA,NA,NA,NA,NA,NA,Y,4,0,2,2,A,-,07,21658,A,N,B,C,A,A,H,-,A,D,0,NA,NA,NA,NA,Y,NA,A,01,0,0,2,0,0,0,0,0,0,-,-,NA,NA,LOS ANGELES,LOS ANGELES,-118.31396554,34.06331238
8519610,2017,2018-03-16,1942,2017-11-17,1830,34859,1354,5,5,7,1942,0,0,0,M,0,13A41,S MAIN ST,E 41ST PL,123,N,N,A,-,N,NA,NA,NA,NA,NA,NA,NA,NA,NA,N,4,0,3,3,A,-,03,22350,NA,F,C,C,A,A,H,-,C,D,0,NA,NA,NA,NA,Y,NA,-,99,0,0,3,0,0,0,0,0,0,-,-,NA,NA,LOS ANGELES,LOS ANGELES,-118.27401,34.00855733
8519614,2017,2018-01-05,1942,2017-12-05,1535,41858,0857,2,5,7,1942,0,0,0,H,0,8A95,W PICO BL,OAKHURST DR,80,E,N,A,-,N,NA,NA,NA,NA,NA,NA,NA,NA,NA,Y,4,0,1,4,A,-,03,22350,NA,N,C,C,A,A,H,-,A,D,0,NA,NA,NA,NA,Y,NA,A,01,0,0,1,0,0,0,0,0,0,-,-,NA,NA,LOS ANGELES,LOS ANGELES,-118.39078637,34.05528
8519622,2017,2017-12-29,1942,2017-11-29,1735,26810,0857,3,5,7,1942,0,0,0,H,0,34MQ96,W PICO BL,BEVERLY DR,57,E,N,A,-,N,NA,NA,NA,NA,NA,NA,NA,NA,NA,N,2,0,1,2,A,-,10,21952,NA,N,G,B,F,A,H,-,B,D,0,Y,NA,NA,NA,Y,NA,D,22,1,0,0,0,1,0,0,0,0,-,-,NA,NA,LOS ANGELES,LOS ANGELES,-118.39525216,34.05527
8519625,2017,2017-12-29,1942,2017-11-10,1050,30455,0836,5,5,7,1942,0,0,0,H,0,34MQ64,BEVERLY GLEN BL,MISSISSIPPI AV,60,S,N,A,-,N,NA,NA,NA,NA,NA,NA,NA,NA,NA,Y,3,0,1,2,A,-,09,21804,A,N,B,C,A,A,H,-,A,D,0,NA,NA,NA,NA,Y,NA,A,01,0,1,0,0,0,0,0,0,0,-,-,NA,NA,LOS ANGELES,LOS ANGELES,-118.42146132,34.05221964
8519629,2017,2018-01-24,1942,2017-12-07,1410,37900,0823,4,5,7,1942,0,0,0,H,0,8A1,VIA DE LA PAZ,W SUNSET BL,0,NA,Y,A,-,N,NA,NA,NA,NA,NA,NA,NA,NA,NA,Y,4,0,3,3,A,-,12,21453,A,N,D,C,A,A,H,-,A,A,0,NA,NA,NA,NA,Y,NA,-,-,0,0,3,0,0,0,0,0,0,-,-,NA,NA,LOS ANGELES,LOS ANGELES,-118.52692014,34.04800006
8519633,2017,2018-01-05,1942,2017-12-01,0200,42373,0899,5,5,7,1942,0,0,0,H,0,6T7,VENICE BL,E OLIN ST,24,W,N,A,-,N,NA,NA,NA,NA,NA,NA,NA,NA,NA,N,4,0,4,4,A,-,03,22350,NA,N,C,C,A,A,H,-,C,D,0,NA,NA,NA,NA,Y,NA,I,11,0,0,4,0,0,0,0,0,0,-,-,NA,NA,LOS ANGELES,LOS ANGELES,-118.3800147,34.03413216
8519637,2017,2017-12-29,1942,2017-11-25,1415,41858,0811,6,5,7,1942,0,0,0,H,0,8TL26,W SUNSET BL,BIENVENEDA AV,0,NA,Y,A,-,N,NA,NA,NA,NA,NA,NA,NA,NA,NA,Y,4,0,2,2,A,-,09,21801,A,N,D,C,A,A,H,-,A,A,0,NA,NA,NA,NA,Y,NA,A,01,0,0,2,0,0,0,0,0,0,-,-,NA,NA,LOS ANGELES,LOS ANGELES,-118.53967006,34.04885004
8519641,2017,2018-01-04,1942,2017-11-25,1450,36940,0852,6,5,7,1942,0,0,0,H,0,8A53,BARRINGTON AV,IDAHO AV,0,NA,Y,A,-,N,NA,NA,NA,NA,NA,NA,NA,NA,NA,Y,4,0,1,2,A,-,09,21802,A,N,D,C,A,A,H,-,A,A,0,NA,NA,NA,Y,Y,NA,F,76,0,0,1,0,0,0,0,0,0,-,-,NA,NA,LOS ANGELES,LOS ANGELES,-118.45505,34.04260009
8519642,2017,2018-01-04,1942,2017-11-17,1430,42845,WILSH,5,5,7,1942,0,0,0,NA,0,0783,S HAUSER BL,GLENNIE LN,0,NA,Y,A,-,N,NA,NA,NA,NA,NA,NA,NA,NA,NA,Y,4,0,1,2,A,-,03,22350,NA,N,C,C,A,A,H,-,A,D,0,NA,NA,NA,Y,Y,NA,A,01,0,0,1,0,0,0,0,0,0,-,-,NA,NA,LOS ANGELES,LOS ANGELES,-118.36177011,34.03507011
8519645,2017,2018-01-04,1942,2017-11-03,0820,26281,0838,5,5,7,1942,0,0,0,H,0,34MQ13,VETERAN AV,WEYBURN AV,170,N,N,B,-,N,NA,NA,NA,NA,NA,NA,NA,NA,NA,Y,4,0,2,3,A,-,08,22102,NA,N,D,C,A,A,H,-,A,D,0,NA,NA,NA,Y,Y,NA,A,01,0,0,2,0,0,0,0,0,0,-,-,NA,NA,LOS ANGELES,LOS ANGELES,-118.45107589,34.06179683
8519646,2017,2018-02-06,1942,2017-12-10,0015,42674,0836,7,5,7,1942,0,0,0,H,0,8498,BEVERLY GLEN,MISSIPPI,5,S,N,A,-,N,NA,NA,NA,NA,NA,NA,NA,NA,NA,Y,4,0,1,3,A,-,08,22107,NA,N,B,C,A,A,H,-,C,D,0,NA,NA,NA,NA,Y,NA,A,01,0,0,1,0,0,0,0,0,0,-,-,NA,NA,LOS ANGELES,LOS ANGELES,NA,NA
8519649,2017,2018-01-05,1942,2017-12-05,1510,41179,0787,2,5,7,1942,0,0,0,G,0,6TL4,CRENSHAW BL,WASHINGTON BL,45,N,N,A,-,N,NA,NA,NA,NA,NA,NA,NA,NA,NA,Y,3,0,1,4,A,-,04,21703,NA,N,C,C,A,A,H,-,A,A,0,NA,NA,NA,Y,Y,NA,F,25,0,1,0,0,0,0,0,0,0,-,-,NA,NA,LOS ANGELES,LOS ANGELES,-118.33100895,34.03997247
8519673,2017,2018-01-03,1942,2017-11-28,1010,34959,0729,2,5,7,1942,0,0,0,G,0,20TL59,ROSSMORE AV,BEVERLY BL,1030,S,N,A,-,N,NA,NA,NA,NA,NA,NA,NA,NA,NA,Y,3,0,1,2,A,-,08,22107,NA,N,C,E,A,A,H,-,A,D,0,NA,NA,NA,Y,Y,NA,A,01,0,1,0,0,0,0,0,0,0,-,-,NA,NA,LOS ANGELES,LOS ANGELES,-118.32736183,34.07327085
8519677,2017,2018-01-05,1942,2017-12-04,1815,37613,0773,1,5,7,1942,0,0,0,G,0,7T23,VENICE BL,COCHRAN AV,0,NA,Y,A,-,N,NA,NA,NA,NA,NA,NA,NA,NA,NA,Y,3,0,2,7,A,-,12,21453,A,N,B,C,A,A,H,-,C,A,0,NA,NA,NA,NA,Y,NA,D,22,0,1,1,0,0,0,0,0,0,-,-,NA,NA,LOS ANGELES,LOS ANGELES,-118.35389002,34.04483007
8519681,2017,2017-12-28,1942,2017-10-27,1500,42215,1435,5,5,7,1942,0,0,0,N,0,14A49,MCLAUGHLIN AV,WESTMINSTER AV,65,N,N,A,-,N,NA,NA,NA,NA,NA,NA,NA,NA,NA,Y,3,0,1,3,A,-,04,21703,NA,N,C,C,A,A,H,-,A,D,0,NA,NA,NA,NA,Y,NA,A,01,0,1,0,0,0,0,0,0,0,-,-,NA,NA,LOS ANGELES,LOS ANGELES,-118.42897341,34.01428122
8519685,2017,2017-12-28,1942,2017-10-20,0805,42146,1445,5,5,7,1942,0,0,0,N,0,14TL49,WASHINGTON PL,WADE ST,120,E,N,B,-,N,NA,NA,NA,NA,NA,NA,NA,NA,NA,N,3,0,1,2,A,-,11,21954,A,N,G,B,D,A,H,-,A,D,0,Y,NA,NA,NA,Y,NA,N,60,0,1,0,0,1,0,0,0,0,-,-,NA,NA,LOS ANGELES,LOS ANGELES,-118.43439493,33.99738452
8519686,2017,2018-01-03,1900,2017-10-13,2034,536405,0332,5,5,4,1939,0,0,0,NA,0,35T1,INGLEWOOD AV,147TH ST,0,NA,Y,A,-,N,NA,NA,NA,NA,NA,NA,NA,NA,NA,Y,2,0,2,2,D,-,00,NA,NA,N,A,C,A,A,H,-,C,A,0,NA,NA,Y,NA,Y,Y,-,-,2,0,0,0,0,0,0,0,2,-,-,NA,NA,LOS ANGELES,LAWNDALE,-118.36131008,33.8982901
8519689,2017,2017-12-28,1942,2017-10-26,1630,41048,1477,4,5,7,1942,0,0,0,N,0,14A13,LA TIJERA,79TH ST,0,NA,Y,-,-,N,NA,NA,NA,NA,NA,NA,NA,NA,NA,Y,4,0,2,2,A,-,09,21801,NA,N,A,D,A,A,A,-,A,-,0,NA,NA,NA,NA,Y,NA,A,01,0,0,2,0,0,0,0,0,0,-,-,NA,NA,LOS ANGELES,LOS ANGELES,-118.38584009,33.9648
8519690,2017,2018-01-03,1900,2017-10-31,0630,551896,0332,2,5,4,1939,0,0,0,NA,0,35T1,HAWTHORNE BL,154TH ST,13,S,N,A,-,N,NA,NA,NA,NA,NA,NA,NA,NA,NA,N,2,0,1,2,A,-,10,21950,A,N,G,B,B,A,H,-,A,A,0,Y,NA,NA,NA,Y,NA,A,01,1,0,0,0,1,0,0,0,0,-,-,NA,NA,LOS ANGELES,LAWNDALE,-118.35274,33.89097434
8519693,2017,2017-12-28,1942,2017-10-23,1010,37975,1431,1,5,7,1942,0,0,0,N,0,14FB5,SPEEDWAY,HORIZON CT,0,NA,Y,A,-,N,NA,NA,NA,NA,NA,NA,NA,NA,NA,N,3,0,1,2,A,-,17,21657,NA,N,B,G,A,A,H,-,A,A,0,NA,Y,NA,NA,Y,NA,L,04,0,1,0,0,0,0,1,0,0,-,-,NA,NA,LOS ANGELES,LOS ANGELES,-118.47399001,33.98792011
8519697,2017,2017-12-28,1942,2017-10-26,0040,42301,1464,4,5,7,1942,0,0,0,N,0,14A13,MESMER AV,CENTINELA AV,0,NA,Y,A,-,N,NA,NA,NA,NA,NA,NA,NA,NA,NA,Y,4,0,1,1,A,-,03,22350,NA,N,H,A,A,A,H,-,D,D,0,NA,NA,Y,NA,Y,NA,C,02,0,0,1,0,0,0,0,0,1,-,-,NA,NA,LOS ANGELES,LOS ANGELES,-118.39889007,33.98342004
8519701,2017,2018-02-13,1942,2017-10-25,2100,42373,1444,3,5,7,1942,0,0,0,N,0,14A45,LINCOLN BL,WASHINGTON BL,220,S,N,A,-,N,NA,NA,NA,NA,NA,NA,NA,NA,NA,Y,4,0,1,3,A,-,08,22102,NA,N,A,C,A,A,H,-,C,A,0,NA,NA,NA,NA,Y,NA,-,-,0,0,1,0,0,0,0,0,0,-,-,NA,NA,LOS ANGELES,LOS ANGELES,-118.44737463,33.99001463
8519704,2017,2018-01-02,1900,2017-11-30,1530,281409,2915,4,5,4,1974,0,0,0,NA,0,291KEP,PIERRE RD,WRANGLER WY,75,N,N,A,-,N,NA,NA,NA,NA,NA,NA,NA,NA,NA,N,4,0,1,2,A,-,09,21804,A,N,G,B,E,A,H,-,A,D,0,Y,NA,NA,NA,Y,NA,A,01,0,0,1,0,1,0,0,0,0,-,-,NA,NA,LOS ANGELES,WALNUT,NA,NA
8519705,2017,2017-12-28,1942,2017-10-25,1615,03573,1494,3,5,7,1942,0,0,0,N,0,5M38,SEPULVEDA BL,CENTURY BL,1300,S,N,A,-,N,NA,NA,NA,NA,NA,NA,NA,NA,NA,N,4,0,2,2,A,-,17,22109,NA,N,C,C,A,A,H,-,A,D,0,NA,NA,NA,NA,Y,NA,A,01,0,0,2,0,0,0,0,0,0,-,-,NA,NA,LOS ANGELES,LOS ANGELES,-118.39633,33.94538
8519709,2017,2017-12-28,1942,2017-10-26,1555,38088,1456,4,5,7,1942,0,0,0,N,0,14EL3,CENTINELA AV,SHORT AV,100,S,N,A,-,N,NA,NA,NA,NA,NA,NA,NA,NA,NA,N,4,0,1,2,A,-,03,22350,NA,N,C,C,A,A,H,-,A,A,0,NA,NA,NA,NA,Y,NA,A,01,0,0,1,0,0,0,0,0,0,-,-,NA,NA,LOS ANGELES,LOS ANGELES,-118.42312981,33.99273235
8519710,2017,2018-01-03,1942,2017-10-23,1630,40849,LA,1,5,7,1942,0,0,0,NA,0,7A22,WILSHIRE BL,MUIRFIELD AV,0,NA,Y,A,-,N,NA,NA,NA,NA,NA,NA,NA,NA,NA,N,3,0,1,2,A,-,09,21804,A,N,A,G,A,A,H,-,A,D,0,NA,Y,NA,NA,Y,NA,L,04,0,1,0,0,0,0,1,0,0,-,-,NA,NA,LOS ANGELES,LOS ANGELES,-118.32943002,34.06195011
8519711,2017,2018-01-02,1969,2017-11-24,1729,10195,TRAFF,5,5,5,1969,0,0,0,NA,0,003,FIRESTONE BL,SAN JUAN AV,0,NA,Y,A,-,N,NA,NA,NA,NA,NA,NA,NA,NA,NA,Y,4,0,1,2,A,-,09,21801,A,N,D,C,A,A,H,-,C,A,0,NA,NA,NA,NA,Y,NA,A,01,0,0,1,0,0,0,0,0,0,-,-,NA,NA,LOS ANGELES,SOUTH GATE,-118.2014401,33.95375012
8519713,2017,2017-12-28,1942,2017-10-26,1755,42959,1443,4,5,7,1942,0,0,0,N,0,14A16,ZANJA ST,GLENCOE AV,0,NA,Y,A,-,N,NA,NA,NA,NA,NA,NA,NA,NA,NA,N,4,0,2,2,A,-,09,21801,A,N,D,C,A,A,H,-,B,-,0,NA,NA,NA,NA,Y,NA,A,01,0,0,2,0,0,0,0,0,0,-,-,NA,NA,LOS ANGELES,LOS ANGELES,-118.44536001,33.99421005
8519714,2017,2018-01-03,1942,2017-10-23,1815,42268,LOS A,1,5,7,1942,0,0,0,NA,0,7X58,OLYMPIC BL,CURSON AV,0,NA,N,A,-,N,NA,NA,NA,NA,NA,NA,NA,NA,NA,Y,4,0,1,2,A,-,03,22350,A,N,D,C,A,A,H,-,C,A,0,NA,NA,NA,NA,Y,NA,A,01,0,0,1,0,0,0,0,0,0,-,-,NA,NA,LOS ANGELES,LOS ANGELES,-118.35714009,34.05747006
8519715,2017,2018-01-02,1969,2017-11-26,0156,10073,PARTO,7,5,5,1969,0,0,0,NA,0,0A5,FIRESTONE BL,NATIONAL AV,0,NA,Y,A,-,N,NA,NA,NA,NA,NA,NA,NA,NA,NA,Y,4,0,1,3,A,-,03,22350,NA,N,C,C,A,A,H,-,C,B,0,NA,NA,NA,NA,Y,NA,A,01,0,0,1,0,0,0,0,0,0,-,-,NA,NA,LOS ANGELES,SOUTH GATE,-118.16754007,33.9495001
8519717,2017,2017-12-28,1942,2017-10-28,0930,41048,1468,6,5,7,1942,0,0,0,N,0,14A73,INGLEWOOD BL,ALLIN ST,0,NA,Y,A,-,N,NA,NA,NA,NA,NA,NA,NA,NA,NA,N,4,0,4,2,A,-,09,21801,A,N,D,C,A,A,-,-,A,A,0,NA,NA,NA,NA,Y,NA,A,01,0,0,4,0,0,0,0,0,0,-,-,NA,NA,LOS ANGELES,LOS ANGELES,-118.41322009,33.99141006
8519718,2017,2018-02-20,1942,2017-10-10,1937,31774,07,2,5,7,1942,0,0,0,G,0,701,MELROSE AV,LAUREL AV,0,NA,Y,A,-,N,NA,NA,NA,NA,NA,NA,NA,NA,NA,N,4,0,1,2,A,-,06,21755,NA,N,B,C,A,A,H,-,C,D,0,NA,NA,Y,NA,Y,NA,C,02,0,0,1,0,0,0,0,0,1,-,-,NA,NA,LOS ANGELES,LOS ANGELES,-118.36482008,34.08377005
8519719,2017,2018-01-02,1969,2017-11-22,1819,20226,TRAFF,3,5,5,1969,0,0,0,NA,0,001,TWEEDY BL,SAN ANSELMO AV,0,NA,Y,A,-,N,NA,NA,NA,NA,NA,NA,NA,NA,NA,N,4,0,1,2,A,-,05,21650,1,N,D,G,A,A,H,-,C,A,0,NA,Y,NA,NA,Y,NA,L,04,0,0,1,0,0,0,1,0,0,-,-,NA,NA,LOS ANGELES,SOUTH GATE,-118.21954007,33.94572002
8519721,2017,2017-12-28,1942,2017-10-25,1123,42826,1477,3,5,7,1942,0,0,0,N,0,8A53,SEPULVEDA BL,W 79TH ST,0,NA,Y,A,-,N,NA,NA,NA,NA,NA,NA,NA,NA,NA,Y,4,0,1,2,A,-,09,21801,A,N,A,C,A,A,H,-,A,A,0,NA,NA,NA,NA,Y,NA,A,01,0,0,1,0,0,0,0,0,0,-,-,NA,NA,LOS ANGELES,LOS ANGELES,-118.39606,33.96695
8519722,2017,2018-01-03,1942,2017-10-27,1550,42586,0734,5,5,7,1942,0,0,0,G,0,7A47,FAIRFAX AV,6TH ST,0,NA,Y,A,-,N,NA,NA,NA,NA,NA,NA,NA,NA,NA,N,3,0,1,2,A,-,11,21456,A,N,G,B,B,A,H,-,A,A,0,Y,NA,NA,NA,Y,NA,N,60,0,1,0,0,1,0,0,0,0,-,-,NA,NA,LOS ANGELES,LOS ANGELES,-118.36139005,34.06487004
8519725,2017,2017-12-28,1942,2017-10-30,0820,43008,1469,1,5,7,1942,0,0,0,N,0,14A49,LA CIENEGA BL,CENTINELA AV,15,N,N,A,-,N,NA,NA,NA,NA,NA,NA,NA,NA,NA,N,4,0,1,2,A,-,04,21703,NA,N,C,C,A,A,H,-,A,A,0,NA,NA,NA,NA,Y,NA,A,01,0,0,1,0,0,0,0,0,0,-,-,NA,NA,LOS ANGELES,LOS ANGELES,-118.37024,33.97734114
8519726,2017,2018-01-03,1942,2017-10-25,1045,42981,0758,3,5,7,1942,0,0,0,G,0,7A33,OLYMPIC,RIMPAU,0,NA,Y,A,-,N,NA,NA,NA,NA,NA,NA,NA,NA,NA,Y,3,0,3,2,A,-,09,21801,A,N,D,C,A,A,H,-,A,A,0,NA,NA,NA,NA,Y,NA,A,01,0,2,1,0,0,0,0,0,0,-,-,NA,NA,LOS ANGELES,LOS ANGELES,-118.33373006,34.05690005
8519727,2017,2018-01-02,1900,2017-11-01,0725,548644,0331,3,5,4,1939,0,0,0,NA,0,35T1 D,MARINE AV,OSAGE AV,13,W,N,A,-,N,NA,NA,NA,NA,NA,NA,NA,NA,NA,N,2,0,1,2,A,-,10,21950,A,N,G,B,B,A,H,-,A,A,0,Y,NA,NA,NA,Y,NA,A,07,1,0,0,0,1,0,0,0,0,-,-,NA,NA,LOS ANGELES,LAWNDALE,-118.34621276,33.89465
8519729,2017,2017-12-28,1942,2017-10-31,1700,42834,1458,2,5,7,1942,0,0,0,N,0,14A27,SLAUSON AV,BRADDOCK DR,0,NA,Y,B,-,N,NA,NA,NA,NA,NA,NA,NA,NA,NA,Y,4,0,1,2,A,-,03,22350,NA,N,D,C,A,A,H,-,A,A,0,NA,NA,NA,NA,Y,NA,A,01,0,0,1,0,0,0,0,0,0,-,-,NA,NA,LOS ANGELES,LOS ANGELES,-118.41158013,33.99664006
8519730,2017,2018-01-03,1942,2017-10-27,0815,42586,0732,5,5,7,1942,0,0,0,G,0,7A47,CRESCENT HEIGHTS BL,MARYLAND AV,0,NA,Y,A,-,N,NA,NA,NA,NA,NA,NA,NA,NA,NA,N,3,0,1,2,A,-,12,22450,A,N,D,C,A,A,H,-,A,A,0,NA,NA,NA,NA,Y,NA,A,01,0,1,0,0,0,0,0,0,0,-,-,NA,NA,LOS ANGELES,LOS ANGELES,-118.36468004,34.06694005
8519733,2017,2017-12-28,1942,2017-10-31,0645,39058,1407,2,5,7,1942,0,0,0,N,0,14TL49,VENICE BL,CLARINGTON AV,0,NA,Y,A,-,N,NA,NA,NA,NA,NA,NA,NA,NA,NA,Y,4,0,2,2,A,-,09,21801,A,N,D,C,A,A,H,-,B,A,0,NA,NA,NA,NA,Y,NA,A,01,0,0,2,0,0,0,0,0,0,-,-,NA,NA,LOS ANGELES,LOS ANGELES,-118.40036001,34.02255007
8519734,2017,2018-01-03,1942,2017-10-17,1500,36356,0773,2,5,7,1942,0,0,0,G,0,7A21,WASHINGTON BL,DUNSMUIR AV,0,NA,Y,A,-,N,NA,NA,NA,NA,NA,NA,NA,NA,NA,N,4,0,1,2,A,-,09,21804,A,N,H,G,A,A,H,-,A,A,0,NA,Y,NA,NA,Y,NA,L,04,0,0,1,0,0,0,1,0,0,-,-,NA,NA,LOS ANGELES,LOS ANGELES,-118.35638008,34.04113007
8519735,2017,2018-01-02,1976,2017-11-24,0926,409,1976,5,5,5,1976,0,0,0,NA,0,001,BEVERLY BL,MAVIS AV,0,NA,Y,A,-,N,NA,NA,NA,NA,NA,NA,NA,NA,NA,Y,4,0,1,2,A,-,09,21802,A,N,D,C,A,A,H,-,A,A,0,NA,NA,NA,NA,Y,NA,A,01,0,0,1,0,0,0,0,0,0,-,-,NA,NA,LOS ANGELES,WHITTIER,-118.0576001,34.00014004
8519736,2017,2018-01-02,1942,2017-11-29,1125,30128,2023,3,5,7,1942,0,0,0,NA,0,6TL4,3RD ST,NORMANDIE AV,114,W,N,A,-,N,NA,NA,NA,NA,NA,NA,NA,NA,NA,N,4,0,1,2,A,-,03,22350,NA,F,C,C,A,A,H,-,A,D,0,NA,NA,NA,NA,Y,NA,-,99,0,0,1,0,0,0,0,0,0,-,-,NA,NA,LOS ANGELES,LOS ANGELES,-118.3007357,34.06901
8519737,2017,2017-12-28,1941,2017-10-19,1520,5870,NA,4,5,7,1941,0,0,0,NA,0,NA,DOWNEY AV,ARTESIA BL,0,NA,Y,A,-,N,NA,NA,NA,NA,NA,NA,NA,NA,NA,N,4,0,1,2,A,-,10,21950,A,N,D,B,B,A,H,-,A,A,0,Y,NA,NA,NA,Y,NA,M,NA,0,0,1,0,1,0,0,0,0,-,-,NA,NA,LOS ANGELES,LONG BEACH,-118.1512901,33.87478011
8519738,2017,2018-01-03,1942,2017-10-12,1535,38590,0724,4,5,7,1942,0,0,0,G,0,6TL2,FAIRFAX AV,BEVERLY BL,350,S,N,A,-,N,NA,NA,NA,NA,NA,NA,NA,NA,NA,Y,3,0,1,2,A,-,06,21755,A,N,D,C,A,A,H,-,A,A,0,NA,NA,Y,NA,Y,NA,C,02,0,1,0,0,0,0,0,0,1,-,-,NA,NA,LOS ANGELES,LOS ANGELES,-118.36144403,34.07514014
8519739,2017,2018-01-02,1976,2017-11-18,1501,409,NA,6,5,5,1976,0,0,0,NA,0,001,PIONEER BL,BEVERLY BL,10,N,N,A,-,N,NA,NA,NA,NA,NA,NA,NA,NA,NA,N,4,0,1,2,A,-,01,23152,A,N,C,C,A,A,H,-,A,A,0,NA,NA,NA,NA,Y,Y,A,01,0,0,1,0,0,0,0,0,0,-,-,NA,NA,LOS ANGELES,WHITTIER,-118.06285951,34.00376146
8519740,2017,2018-01-02,1942,2017-11-22,1050,42161,2014,3,5,7,1942,0,0,0,NA,0,20TL59,N NORMANDIE AV,BEVERLY BL,162,S,N,A,-,N,NA,NA,NA,NA,NA,NA,NA,NA,NA,N,4,0,1,3,A,-,06,21755,A,N,C,C,A,A,H,-,A,D,0,NA,NA,Y,NA,Y,NA,C,02,0,0,1,0,0,0,0,0,1,-,-,NA,NA,LOS ANGELES,LOS ANGELES,-118.30041,34.0758457
8519742,2017,2018-01-03,1942,2017-10-24,1515,36356,0784,2,5,7,1942,0,0,0,G,0,7A73,WASHINGTON BL,HIGHLAND AV,0,NA,Y,A,-,N,NA,NA,NA,NA,NA,NA,NA,NA,NA,N,4,0,2,2,A,-,09,21804,A,N,D,C,A,A,H,-,A,A,0,NA,NA,NA,NA,Y,NA,A,01,0,0,2,0,0,0,0,0,0,-,-,NA,NA,LOS ANGELES,LOS ANGELES,-118.34644005,34.04018011
8519743,2017,2018-01-02,1976,2017-11-16,1008,449,NA,4,5,5,1976,0,0,0,NA,0,004,JANINE DR,LA SERNA DR,87,E,N,A,-,N,NA,NA,NA,NA,NA,NA,NA,NA,NA,N,4,0,1,2,A,-,11,21954,A,N,G,B,E,A,H,-,A,D,0,Y,NA,NA,NA,Y,NA,N,60,0,0,1,0,1,0,0,0,0,-,-,NA,NA,LOS ANGELES,WHITTIER,-118.00221,33.94866
8519744,2017,2018-01-02,1942,2017-11-27,1755,41179,2029,1,5,7,1942,0,0,0,NA,0,14TL52,6TH ST,VERMONT AV,0,NA,Y,A,-,N,NA,NA,NA,NA,NA,NA,NA,NA,NA,N,3,0,1,2,A,-,12,21453,A,N,D,G,A,A,H,-,A,A,0,NA,Y,NA,NA,Y,NA,L,04,0,1,0,0,0,0,1,0,0,-,-,NA,NA,LOS ANGELES,LOS ANGELES,-118.29164004,34.06364001
8519745,2017,2018-03-05,1947,2017-10-31,1621,1406,NA,2,5,5,1947,0,0,0,NA,0,00A,W LINCOLN AV,HAY ST,0,NA,Y,A,-,N,NA,NA,NA,NA,NA,NA,NA,NA,NA,Y,4,0,1,2,D,-,00,NA,NA,N,D,C,A,A,H,-,A,A,0,NA,NA,NA,NA,Y,NA,-,-,0,0,1,0,0,0,0,0,0,-,-,NA,NA,LOS ANGELES,MONTEBELLO,-118.12656009,34.02553009
8519746,2017,2018-01-03,1942,2017-10-10,2115,39454,0765,2,5,7,1942,0,0,0,G,0,7A69,LA BREA AV,DOCKWEILER ST,100,N,N,A,-,N,NA,NA,NA,NA,NA,NA,NA,NA,NA,Y,4,0,1,2,A,-,08,22102,NA,N,D,C,A,A,H,-,C,D,0,NA,NA,NA,NA,Y,NA,A,01,0,0,1,0,0,0,0,0,0,-,-,NA,NA,LOS ANGELES,LOS ANGELES,-118.34402814,34.05231084
8519747,2017,2018-01-02,1976,2017-11-16,0725,376,NA,4,5,5,1976,0,0,0,NA,0,001,NORWALK BL,SHIRE PL,75,S,N,B,-,N,NA,NA,NA,NA,NA,NA,NA,NA,NA,N,4,0,3,3,A,-,03,22350,NA,N,C,C,A,A,H,-,A,A,0,NA,NA,NA,NA,Y,NA,A,01,0,0,3,0,0,0,0,0,0,-,-,NA,NA,LOS ANGELES,WHITTIER,-118.05731801,33.99675199
8519748,2017,2018-01-02,1942,2017-11-26,1710,41708,0759,7,5,7,1942,0,0,0,G,0,7A85,COUNTRY CLUB DR,5TH AV,20,W,N,A,-,N,NA,NA,NA,NA,NA,NA,NA,NA,NA,N,3,0,1,2,A,-,21,22106,NA,F,G,B,E,A,H,-,C,D,0,Y,NA,NA,NA,Y,NA,-,99,0,1,0,0,1,0,0,0,0,-,-,NA,NA,LOS ANGELES,LOS ANGELES,-118.32065572,34.05135398
8519750,2017,2018-01-03,1942,2017-10-22,1710,42869,0705,7,5,7,1942,0,0,0,G,0,20A34,N DETROIT ST,MELROSE AV,0,NA,Y,A,-,N,NA,NA,NA,NA,NA,NA,NA,NA,NA,Y,4,0,1,1,A,-,08,22107,NA,N,B,C,A,A,H,-,A,D,0,NA,NA,NA,NA,Y,NA,I,09,0,0,1,0,0,0,0,0,0,-,-,NA,NA,LOS ANGELES,LOS ANGELES,-118.34518005,34.08347008