CASE_ID,ACCIDENT_YEAR,PROC_DATE,JURIS,COLLISION_DATE,COLLISION_TIME,OFFICER_ID,REPORTING_DISTRICT,DAY_OF_WEEK,CHP_SHIFT,POPULATION,CNTY_CITY_LOC,SPECIAL_COND,BEAT_TYPE,CHP_BEAT_TYPE,CITY_DIVISION_LAPD,CHP_BEAT_CLASS,BEAT_NUMBER,PRIMARY_RD,SECONDARY_RD,DISTANCE,DIRECTION,INTERSECTION,WEATHER_1,WEATHER_2,STATE_HWY_IND,CALTRANS_COUNTY,CALTRANS_DISTRICT,STATE_ROUTE,ROUTE_SUFFIX,POSTMILE_PREFIX,POSTMILE,LOCATION_TYPE,RAMP_INTERSECTION,SIDE_OF_HWY,TOW_AWAY,COLLISION_SEVERITY,NUMBER_KILLED,NUMBER_INJURED,PARTY_COUNT,PRIMARY_COLL_FACTOR,PCF_CODE_OF_VIOL,PCF_VIOL_CATEGORY,PCF_VIOLATION,PCF_VIOL_SUBSECTION,HIT_AND_RUN,TYPE_OF_COLLISION,MVIW,PED_ACTION,ROAD_SURFACE,ROAD_COND_1,ROAD_COND_2,LIGHTING,CONTROL_DEVICE,CHP_ROAD_TYPE,PEDESTRIAN_ACCIDENT,BICYCLE_ACCIDENT,MOTORCYCLE_ACCIDENT,TRUCK_ACCIDENT,NOT_PRIVATE_PROPERTY,ALCOHOL_INVOLVED,STWD_VEHTYPE_AT_FAULT,CHP_VEHTYPE_AT_FAULT,COUNT_SEVERE_INJ,COUNT_VISIBLE_INJ,COUNT_COMPLAINT_PAIN,COUNT_PED_KILLED,COUNT_PED_INJURED,COUNT_BICYCLIST_KILLED,COUNT_BICYCLIST_INJURED,COUNT_MC_KILLED,COUNT_MC_INJURED,PRIMARY_RAMP,SECONDARY_RAMP,LATITUDE,LONGITUDE,COUNTY,CITY,POINT_X,POINT_Y
8519965,2017,2018-03-05,1942,2017-12-11,1300,42451,0735,1,5,7,1942,0,0,0,G,0,20T59,DETROIT ST,6TH ST,0,NA,Y,A,-,N,NA,NA,NA,NA,NA,NA,NA,NA,NA,N,4,0,2,2,A,-,12,21453,A,N,D,C,A,A,H,-,A,A,0,NA,NA,NA,NA,Y,NA,-,-,0,0,2,0,0,0,0,0,0,-,-,NA,NA,LOS ANGELES,LOS ANGELES,-118.3451401,34.06488003
8519966,2017,2018-01-08,1942,2017-12-09,1750,31255,0737,6,5,7,1942,0,0,0,G,0,7A17,6TH ST,LA BREA AV,0,NA,Y,A,-,N,NA,NA,NA,NA,NA,NA,NA,NA,NA,N,3,0,1,2,A,-,09,21801,A,N,D,C,A,A,H,-,C,D,0,NA,NA,NA,NA,Y,NA,A,07,0,1,0,0,0,0,0,0,0,-,-,NA,NA,LOS ANGELES,LOS ANGELES,-118.34402007,34.06491001
8519969,2017,2018-01-08,1942,2017-12-02,1225,33215,0701,6,5,7,1942,0,0,0,G,0,35MQ31,ROSEWOOD AV,NORTH CRESCENT HEIGHTS BL,0,NA,Y,B,-,N,NA,NA,NA,NA,NA,NA,NA,NA,NA,Y,4,0,1,2,A,-,09,21802,A,N,D,C,A,A,H,-,A,A,0,NA,NA,NA,NA,Y,NA,A,07,0,0,1,0,0,0,0,0,0,-,-,NA,NA,LOS ANGELES,LOS ANGELES,-118.36589011,34.0801301
8519970,2017,2018-01-05,1942,2017-12-05,1250,37966,0758,2,5,7,1942,0,0,0,G,0,06T,WEST OLYMPIC BL,SOUTH RIMPAU BL,0,NA,Y,G,-,N,NA,NA,NA,NA,NA,NA,NA,NA,NA,Y,4,0,3,3,A,-,12,21453,A,N,D,C,A,A,H,-,A,A,0,NA,NA,NA,NA,Y,NA,A,01,0,0,3,0,0,0,0,0,0,-,-,NA,NA,LOS ANGELES,LOS ANGELES,-118.33373006,34.05690005
8519973,2017,2018-01-08,1942,2017-12-03,1020,39624,0776,7,5,7,1942,0,0,0,G,0,7TL23,SAINT CHARLES PL,RIMPAU BL,0,NA,Y,A,-,N,NA,NA,NA,NA,NA,NA,NA,NA,NA,N,4,0,2,2,A,-,09,21802,A,N,D,C,A,A,H,-,A,A,0,NA,NA,NA,NA,Y,NA,A,01,0,0,2,0,0,0,0,0,0,-,-,NA,NA,LOS ANGELES,LOS ANGELES,-118.34079003,34.04576011
8519974,2017,2018-01-08,1942,2017-12-04,0655,34959,048,1,5,7,1942,0,0,0,D,0,20TL59,OLYMPIC BL,SHENANDOAH ST,0,NA,Y,A,-,N,NA,NA,NA,NA,NA,NA,NA,NA,NA,Y,3,0,1,2,A,-,09,21801,A,N,D,C,A,A,H,-,A,D,0,NA,NA,NA,NA,Y,NA,A,01,0,1,0,0,0,0,0,0,0,-,-,NA,NA,LOS ANGELES,LOS ANGELES,-118.3814301,34.05936001
8519977,2017,2018-01-08,1942,2017-12-08,2100,37511,0784,5,5,7,1942,0,0,0,G,0,7A73,SOUTH REDONDO BL,WEST 20TH ST,0,NA,Y,A,-,N,NA,NA,NA,NA,NA,NA,NA,NA,NA,Y,4,0,3,2,A,-,09,21801,A,N,A,C,A,A,H,-,C,D,0,NA,NA,NA,NA,Y,NA,A,01,0,0,3,0,0,0,0,0,0,-,-,NA,NA,LOS ANGELES,LOS ANGELES,-118.35321011,34.04019001
8519978,2017,2018-01-08,1942,2017-12-07,2140,42966,0784,4,5,7,1942,0,0,0,G,0,7A21,LA BREA AV,21ST ST,0,NA,Y,A,-,N,NA,NA,NA,NA,NA,NA,NA,NA,NA,Y,3,0,2,2,A,-,01,23152,A,N,D,C,A,A,H,-,C,A,0,NA,NA,NA,NA,Y,NA,A,01,0,2,0,0,0,0,0,0,0,-,-,NA,NA,LOS ANGELES,LOS ANGELES,-118.34846002,34.03847003
8519981,2017,2018-01-08,1942,2017-12-05,2020,41210,0725,2,5,7,1942,0,0,0,G,0,6T7,MARTEL AV,2ND ST,0,NA,Y,A,-,N,NA,NA,NA,NA,NA,NA,NA,NA,NA,N,3,0,1,2,A,-,12,22450,A,F,H,G,A,A,H,-,D,A,0,NA,Y,NA,NA,Y,NA,L,04,0,1,0,0,0,0,1,0,0,-,-,NA,NA,LOS ANGELES,LOS ANGELES,-118.35107008,34.0710201
8519982,2017,2018-01-08,1942,2017-12-01,2037,25495,0762,5,5,7,1942,0,0,0,G,0,7T23,PICO BL,LA CIENEGA BL,0,NA,Y,A,-,N,NA,NA,NA,NA,NA,NA,NA,NA,NA,Y,2,0,2,2,A,-,09,21801,A,N,D,C,A,A,H,-,C,A,0,NA,NA,Y,NA,Y,NA,A,01,1,0,1,0,0,0,0,0,1,-,-,NA,NA,LOS ANGELES,LOS ANGELES,-118.37617012,34.05334003
8519985,2017,2018-01-08,1942,2017-12-02,2300,39762,721,6,5,7,1942,0,0,0,NA,0,7A53,ROBERTSON BL,BURTON WY,60,S,N,A,-,N,NA,NA,NA,NA,NA,NA,NA,NA,NA,Y,4,0,1,2,A,-,03,22350,NA,F,C,C,A,A,H,-,C,A,0,NA,NA,NA,NA,Y,NA,A,01,0,0,1,0,0,0,0,0,0,-,-,NA,NA,LOS ANGELES,LOS ANGELES,-118.38378,34.07217543
8519989,2017,2018-01-08,1942,2017-12-04,0915,41003,0724,1,5,7,1942,0,0,0,G,0,7TL23,BEVERLY BL,FAIRFAX AV,60,E,N,A,-,N,NA,NA,NA,NA,NA,NA,NA,NA,NA,N,4,0,1,2,A,-,04,21703,NA,F,C,C,A,A,H,-,A,A,0,NA,NA,NA,NA,Y,NA,-,99,0,0,1,0,0,0,0,0,0,-,-,NA,NA,LOS ANGELES,LOS ANGELES,-118.3612623,34.07610367
8519990,2017,2018-01-08,1967,2017-12-13,1535,136,NA,3,5,2,1967,0,0,0,NA,0,NORTH,SPRING,WALNUT AV,375,W,N,A,-,N,NA,NA,NA,NA,NA,NA,NA,NA,NA,N,4,0,1,2,A,-,03,22350,NA,N,C,C,A,A,H,-,A,A,0,NA,NA,NA,NA,Y,NA,A,01,0,0,1,0,0,0,0,0,0,-,-,NA,NA,LOS ANGELES,SIGNAL HILL,-118.17319196,33.81167
8519993,2017,2018-01-08,1942,2017-12-10,1310,31465,0738,7,5,7,1942,0,0,0,G,0,34M111,HIGHLAND AV,3RD ST,0,NA,Y,A,-,N,NA,NA,NA,NA,NA,NA,NA,NA,NA,N,4,0,1,2,A,-,12,21453,A,F,A,C,A,A,H,-,A,A,0,NA,NA,NA,NA,Y,NA,-,99,0,0,1,0,0,0,0,0,0,-,-,NA,NA,LOS ANGELES,LOS ANGELES,-118.338508,34.068889
8519997,2017,2018-01-08,1942,2017-12-02,0150,39762,747,6,5,7,1942,0,0,0,NA,0,7A33,WILSHIRE BL,RIMPAU BL,0,NA,Y,A,-,N,NA,NA,NA,NA,NA,NA,NA,NA,NA,N,3,0,1,2,A,-,10,21950,A,N,G,B,B,A,H,-,C,A,0,Y,NA,NA,NA,Y,NA,A,01,0,1,0,0,1,0,0,0,0,-,-,NA,NA,LOS ANGELES,LOS ANGELES,-118.33179011,34.06199004
8519998,2017,2018-01-08,1942,2017-12-07,0950,42451,0803,4,5,7,1942,0,0,0,H,0,14T49,SEPULVEDA BL,PROMONTORY RD,3696,S,N,A,-,N,NA,NA,NA,NA,NA,NA,NA,NA,NA,N,4,0,2,2,A,-,03,22350,NA,N,C,C,A,A,H,-,A,D,0,NA,NA,NA,NA,Y,NA,A,01,0,0,2,0,0,0,0,0,0,-,-,NA,NA,LOS ANGELES,LOS ANGELES,-118.47859003,34.09723081
8520001,2017,2018-01-11,1900,2017-11-10,0550,526367,0262,5,5,4,1917,0,0,0,NA,0,26T,CLARA ST,WALKER AV,72,W,N,A,-,N,NA,NA,NA,NA,NA,NA,NA,NA,NA,Y,4,0,1,3,A,-,08,22107,NA,N,B,E,A,A,H,-,B,D,0,NA,NA,NA,NA,Y,NA,A,01,0,0,1,0,0,0,0,0,0,-,-,NA,NA,LOS ANGELES,CUDAHY,-118.17475511,33.9642946
8520025,2017,2018-01-11,1900,2017-10-11,0720,610405,0241,3,5,3,1914,0,0,0,NA,0,27T,TELEGRAPH RD,FRASER AV,0,NA,Y,A,-,N,NA,NA,NA,NA,NA,NA,NA,NA,NA,Y,3,0,1,4,A,-,09,21802,A,N,D,C,A,A,H,-,A,D,0,NA,NA,NA,NA,Y,NA,A,01,0,1,0,0,0,0,0,0,0,-,-,NA,NA,LOS ANGELES,COMMERCE,-118.16425001,34.01305002
8520032,2017,2017-12-29,1900,2017-11-28,1840,602965,1137,2,5,6,1992,0,0,0,NA,0,112T2,AVENUE J,15TH ST WEST,41,W,N,A,-,N,NA,NA,NA,NA,NA,NA,NA,NA,NA,NA,4,0,1,2,A,-,21,22106,NA,N,C,C,A,A,H,-,A,A,0,NA,NA,NA,NA,Y,NA,D,22,0,0,1,0,0,0,0,0,0,-,-,NA,NA,LOS ANGELES,LANCASTER,-118.15697609,34.68942842
8520034,2017,2017-12-29,1900,2017-10-27,0450,525033,0245,5,5,3,1914,0,0,0,NA,0,27T,WASHINGTON BL,TELEGRAPH RD,0,NA,Y,A,-,N,NA,NA,NA,NA,NA,NA,NA,NA,NA,Y,3,0,2,2,A,-,12,21453,A,N,D,C,A,A,H,-,C,A,0,NA,NA,NA,NA,Y,NA,A,01,0,1,1,0,0,0,0,0,0,-,-,NA,NA,LOS ANGELES,COMMERCE,-118.14360006,33.99520009
8520036,2017,2017-12-29,1900,2017-11-30,1729,540658,1125,4,5,6,1992,0,0,0,NA,0,112T1,AVENUE I,13TH ST WEST,14,W,N,A,-,N,NA,NA,NA,NA,NA,NA,NA,NA,NA,Y,4,0,1,2,A,-,07,21658,A,N,B,C,A,A,H,-,C,A,0,NA,NA,NA,NA,Y,NA,D,22,0,0,1,0,0,0,0,0,0,-,-,NA,NA,LOS ANGELES,LANCASTER,-118.15339648,34.70418
8520040,2017,2018-02-07,1900,2017-12-04,1700,622059,1192,1,5,6,1992,0,0,0,NA,0,111T2,AVENUE M,30TH ST WEST,450,E,N,A,-,N,NA,NA,NA,NA,NA,NA,NA,NA,NA,N,4,0,1,2,A,-,03,22350,NA,N,C,D,A,A,H,-,D,D,0,NA,NA,NA,NA,Y,NA,A,01,0,0,1,0,0,0,0,0,0,-,-,NA,NA,LOS ANGELES,LANCASTER,-118.18155722,34.64571158
8520042,2017,2017-12-28,1900,2017-10-28,0405,448429,0245,6,5,3,1914,0,0,0,NA,0,27T,WASHINGTON BL,GARFIELD AV,0,NA,Y,A,-,N,NA,NA,NA,NA,NA,NA,NA,NA,NA,Y,4,0,1,2,A,-,12,21453,A,N,D,C,A,A,H,-,C,A,0,NA,NA,NA,Y,Y,NA,A,01,0,0,1,0,0,0,0,0,0,-,-,NA,NA,LOS ANGELES,COMMERCE,-118.13294001,34.00044008
8520045,2017,2018-01-03,1900,2017-11-24,1752,548793,0452,5,5,6,1949,0,0,0,NA,0,43T1P,ALLARD ST,PIONEER BL,20,E,Y,A,-,N,NA,NA,NA,NA,NA,NA,NA,NA,NA,N,2,0,1,2,A,-,11,21453,D,N,G,B,B,A,H,-,C,A,0,Y,NA,NA,NA,Y,NA,N,60,1,0,0,0,1,0,0,0,0,-,-,NA,NA,LOS ANGELES,NORWALK,-118.08181422,33.92438
8520046,2017,2018-01-02,1900,2017-10-28,1923,617315,0262,6,5,4,1917,0,0,0,NA,0,26A,CLARA ST,ATLANTIC AV,15,E,N,A,-,N,NA,NA,NA,NA,NA,NA,NA,NA,NA,N,4,0,1,3,A,-,03,22350,NA,F,C,C,A,A,H,-,B,A,0,NA,NA,NA,NA,Y,NA,A,01,0,0,1,0,0,0,0,0,0,-,-,NA,NA,LOS ANGELES,CUDAHY,-118.18697088,33.96556591
8520052,2017,2018-01-04,1900,2017-11-30,1728,610418,1125,4,5,6,1992,0,0,0,NA,0,111T1,LANCASTER BL,15TH ST WEST,0,NA,Y,A,-,N,NA,NA,NA,NA,NA,NA,NA,NA,NA,Y,4,0,1,2,A,-,09,21801,A,N,D,C,A,A,H,-,B,A,0,NA,NA,NA,NA,Y,NA,A,07,0,0,1,0,0,0,0,0,0,-,-,NA,NA,LOS ANGELES,LANCASTER,-118.15694007,34.69671011
8520056,2017,2017-12-29,1900,2017-11-29,0837,442237,1127,3,5,6,1992,0,0,0,NA,0,111T1,AVENUE K,50TH ST WEST,97,E,N,A,-,N,NA,NA,NA,NA,NA,NA,NA,NA,NA,Y,3,0,3,3,A,-,03,22350,NA,N,C,-,A,A,H,-,A,A,0,NA,NA,NA,NA,Y,NA,D,22,0,2,1,0,0,0,0,0,0,-,-,NA,NA,LOS ANGELES,LANCASTER,-118.2185781,34.67491454
8520057,2017,2018-02-06,1900,2017-11-10,1715,489533,0454,5,5,6,1949,0,0,0,NA,0,45T1,SAN ANTONIO DR,SPROUL ST,55,S,N,A,-,N,NA,NA,NA,NA,NA,NA,NA,NA,NA,Y,3,0,2,7,A,-,03,22350,NA,N,C,C,A,A,H,-,A,D,0,NA,NA,NA,NA,Y,NA,D,22,0,1,1,0,0,0,0,0,0,-,-,NA,NA,LOS ANGELES,NORWALK,-118.07516872,33.91015363
8520068,2017,2018-01-06,1924,2017-08-04,0600,115299,G15,5,5,5,1924,0,0,0,NA,0,0G1,ROSECRANS AV,ARDATH AV,11,W,N,A,-,N,NA,NA,NA,NA,NA,NA,NA,NA,NA,Y,4,0,1,2,A,-,01,23152,A,N,D,C,A,A,H,-,B,D,0,NA,NA,NA,Y,Y,Y,-,NA,0,0,1,0,0,0,0,0,0,-,-,33.90192,-118.32398,LOS ANGELES,GARDENA,-118.32404618,33.9021
8520077,2017,2018-02-06,1900,2017-11-17,0600,609671,1351,5,5,3,1927,0,0,0,NA,0,135B,223 RD ST,ARLINE AV,0,NA,Y,B,C,N,NA,NA,NA,NA,NA,NA,NA,NA,NA,Y,4,0,1,4,A,-,09,21802,A,N,B,C,A,B,H,-,A,D,0,NA,NA,NA,NA,Y,NA,A,01,0,0,1,0,0,0,0,0,0,-,-,NA,NA,LOS ANGELES,HAWAIIAN GARDENS,-118.08095,33.82594
8520080,2017,2017-12-27,1924,2017-08-14,1202,80862,47,1,5,5,1924,0,0,0,NA,0,8L8D,VERMONT AV,161ST ST,12,S,N,A,-,N,NA,NA,NA,NA,NA,NA,NA,NA,NA,Y,4,0,1,3,A,-,12,21453,A,N,D,C,A,A,H,-,A,A,0,NA,NA,NA,NA,Y,NA,D,22,0,0,1,0,0,0,0,0,0,-,-,33.89611,-118.29744,LOS ANGELES,GARDENA,-118.29173847,33.88517711
8520085,2017,2018-01-22,1965,2017-12-12,1435,3158,0B3C,2,5,5,1965,0,0,0,NA,0,B003,OLYMPIC BL,21ST ST,215,E,N,A,-,N,NA,NA,NA,NA,NA,NA,NA,NA,NA,Y,4,0,1,3,A,-,01,21200,5,N,D,G,A,A,H,-,A,A,0,NA,Y,NA,NA,Y,Y,L,04,0,0,1,0,0,0,1,0,0,-,-,37.01651,-120.99683,LOS ANGELES,SANTA MONICA,-118.47419023,34.02593053
8520100,2017,2018-02-07,1900,2017-12-02,1230,602250,1322,6,5,5,1935,0,0,0,NA,0,132B,SOUTH ST,ADENMOOR AV,0,NA,Y,A,-,N,NA,NA,NA,NA,NA,NA,NA,NA,NA,Y,4,0,2,3,A,-,03,22350,NA,N,C,C,A,A,H,-,A,D,0,NA,NA,NA,NA,Y,NA,A,01,0,0,2,0,0,0,0,0,0,-,-,NA,NA,LOS ANGELES,LAKEWOOD,-118.12354006,33.86035006
8520115,2017,2018-02-07,1900,2017-12-06,1321,548793,0455,3,5,6,1949,0,0,0,NA,0,45T1D,LIGGETT ST,STUDEBAKER RD,0,NA,Y,A,-,N,NA,NA,NA,NA,NA,NA,NA,NA,NA,Y,4,0,2,2,A,-,09,21801,A,N,D,C,A,A,H,-,A,D,0,NA,NA,NA,NA,Y,NA,A,01,0,0,2,0,0,0,0,0,0,-,-,NA,NA,LOS ANGELES,NORWALK,-118.10010007,33.90113001
8520128,2017,2017-12-29,1900,2017-11-29,1500,610427,1368,3,5,5,1952,0,0,0,NA,0,136W,DOWNEY AV,JACKSON ST,0,NA,Y,A,-,N,NA,NA,NA,NA,NA,NA,NA,NA,NA,N,4,0,1,2,A,-,10,21950,A,N,G,B,B,A,H,-,A,D,0,Y,NA,NA,NA,Y,NA,D,22,0,0,1,0,1,0,0,0,0,-,-,NA,NA,LOS ANGELES,PARAMOUNT,-118.15135001,33.88546005
8520132,2017,2017-12-29,1900,2017-11-27,0810,625463,1368,1,5,5,1952,0,0,0,NA,0,136B,HARRISON ST,PARAMOUNT BL,0,NA,Y,B,-,N,NA,NA,NA,NA,NA,NA,NA,NA,NA,Y,4,0,1,3,A,-,12,21453,A,N,D,C,A,B,H,-,A,A,0,NA,NA,NA,NA,Y,NA,D,22,0,0,1,0,0,0,0,0,0,-,-,NA,NA,LOS ANGELES,PARAMOUNT,-118.16011014,33.88357002
8520259,2017,2018-01-24,1900,2017-11-14,1153,625459,1335,2,5,5,1908,0,0,0,NA,0,133T2,CLARK AV,ARTESIA BL,165,S,N,A,-,N,NA,NA,NA,NA,NA,NA,NA,NA,NA,Y,4,0,1,2,C,-,18,NA,NA,N,C,E,A,A,H,-,A,D,0,NA,NA,NA,NA,Y,NA,-,-,0,0,1,0,0,0,0,0,0,-,-,NA,NA,LOS ANGELES,BELLFLOWER,-118.13388,33.87439754
8520360,2017,2017-12-26,1900,2017-12-09,1811,620747,1337,6,5,5,1908,0,0,0,NA,0,133T2,BELLFLOWER BL,JEFFERSON ST,40,N,N,A,-,N,NA,NA,NA,NA,NA,NA,NA,NA,NA,Y,4,0,1,4,A,-,08,22107,NA,N,C,E,A,A,H,-,C,A,0,NA,NA,NA,NA,Y,NA,A,07,0,0,1,0,0,0,0,0,0,-,-,NA,NA,LOS ANGELES,BELLFLOWER,-118.12532059,33.893069679999996
8520364,2017,2017-12-26,1900,2017-12-01,2500,620747,1337,5,5,5,1908,0,0,0,NA,0,133T1,WOODRUFF AV,MIDWAY ST,331,N,N,A,-,N,NA,NA,NA,NA,NA,NA,NA,NA,NA,Y,4,0,1,5,A,-,08,22103,NA,M,B,C,A,A,H,-,C,D,0,NA,NA,NA,NA,Y,NA,A,01,0,0,1,0,0,0,0,0,0,-,-,NA,NA,LOS ANGELES,BELLFLOWER,-118.11734,33.88461764
8520368,2017,2017-12-26,1900,2017-12-04,2150,619491,1321,1,5,5,1935,0,0,0,NA,0,133K,DEL AMO BL,CLARK AV,500,W,N,F,-,N,NA,NA,NA,NA,NA,NA,NA,NA,NA,Y,4,0,1,1,A,-,08,22107,NA,N,E,I,A,A,H,-,C,D,0,NA,NA,NA,NA,Y,NA,A,01,0,0,1,0,0,0,0,0,0,-,-,NA,NA,LOS ANGELES,LAKEWOOD,-118.13544318,33.84714658
8520401,2017,2017-12-27,1900,2017-11-30,1355,520665,1335,4,5,5,1908,0,0,0,NA,0,133T1,CLARK AV,ROSE ST,0,NA,Y,A,-,N,NA,NA,NA,NA,NA,NA,NA,NA,NA,N,3,0,1,2,A,-,09,21802,A,N,D,C,A,A,H,-,A,A,0,NA,NA,NA,NA,Y,NA,A,01,0,1,0,0,0,0,0,0,0,-,-,NA,NA,LOS ANGELES,BELLFLOWER,-118.13387009,33.86960011
8520402,2017,2017-12-26,1900,2017-12-07,1825,442237,1107,4,5,6,1992,0,0,0,NA,0,112T1,AVENUE G,60TH ST WEST,0,NA,Y,A,-,N,NA,NA,NA,NA,NA,NA,NA,NA,NA,Y,4,0,1,2,A,-,09,21802,A,N,D,C,A,A,H,-,D,A,0,NA,NA,NA,NA,Y,NA,A,01,0,0,1,0,0,0,0,0,0,-,-,NA,NA,LOS ANGELES,LANCASTER,-118.23723009,34.73302007
8520405,2017,2017-12-27,1900,2017-11-22,2315,407852,1321,3,5,5,1935,0,0,0,NA,0,132T1,BELLFLOWER BL,DEL AMO BL,0,NA,Y,A,-,N,NA,NA,NA,NA,NA,NA,NA,NA,NA,Y,4,0,1,2,A,-,09,21801,A,N,D,C,A,A,H,-,C,A,0,NA,NA,NA,NA,Y,NA,A,01,0,0,1,0,0,0,0,0,0,-,-,NA,NA,LOS ANGELES,LAKEWOOD,-118.12515011,33.84711005
8520406,2017,2017-12-26,1900,2017-12-07,1334,546182,135,4,5,6,1992,0,0,0,NA,0,112T2,15TH ST EAST,AVENUE I,0,NA,Y,A,-,N,NA,NA,NA,NA,NA,NA,NA,NA,NA,Y,4,0,1,2,A,-,09,21801,A,N,D,C,A,A,H,-,A,A,0,NA,NA,NA,NA,Y,NA,A,01,0,0,1,0,0,0,0,0,0,-,-,NA,NA,LOS ANGELES,LANCASTER,-118.1037101,34.7042201
8520409,2017,2017-12-27,1900,2017-11-02,1800,624036,1334,4,5,5,1908,0,0,0,NA,0,133D,BELLFLOWER BL,WALNUT ST,0,NA,Y,A,-,N,NA,NA,NA,NA,NA,NA,NA,NA,NA,N,4,0,1,2,A,-,12,21453,A,N,-,C,A,A,H,-,A,A,0,NA,NA,Y,NA,Y,Y,C,02,0,0,1,0,0,0,0,0,1,-,-,NA,NA,LOS ANGELES,BELLFLOWER,-118.12527011,33.88024002
8520410,2017,2017-12-26,1900,2017-12-07,0725,600122,1127,4,5,6,1992,0,0,0,NA,0,12T3,AVENUE J,35TH ST WEST,130,E,N,A,-,N,NA,NA,NA,NA,NA,NA,NA,NA,NA,Y,3,0,3,3,A,-,03,22350,NA,N,C,C,A,A,H,-,A,A,0,NA,NA,NA,NA,Y,NA,A,01,0,1,2,0,0,0,0,0,0,-,-,NA,NA,LOS ANGELES,LANCASTER,-118.19210843,34.68936
8520413,2017,2017-12-27,1900,2017-11-13,0130,476846,1352,1,5,3,1927,0,0,0,NA,0,134,EW ALY WY N TILBURY ST,NORWALK BL,500,W,N,-,-,N,NA,NA,NA,NA,NA,NA,NA,NA,NA,N,2,0,1,2,D,-,00,NA,NA,M,C,G,A,A,H,-,C,D,0,NA,Y,NA,NA,Y,NA,-,-,1,0,0,0,0,0,1,0,0,-,-,NA,NA,LOS ANGELES,HAWAIIAN GARDENS,NA,NA
8520414,2017,2017-12-26,1900,2017-12-04,1420,602401,1124,1,5,6,1992,0,0,0,NA,0,111T1,10TH ST WEST,COMMERCE CENTER DR,0,NA,Y,A,-,N,NA,NA,NA,NA,NA,NA,NA,NA,NA,N,4,0,2,2,A,-,08,22107,NA,N,B,C,A,A,H,-,A,A,0,NA,NA,NA,NA,Y,NA,A,01,0,0,2,0,0,0,0,0,0,-,-,NA,NA,LOS ANGELES,LANCASTER,-118.14787012,34.67248003
8520417,2017,2017-12-27,1900,2017-11-30,1340,508822,1336,4,5,5,1908,0,0,0,NA,0,133T2,WOODRUFF AV,PARK ST,30,S,N,A,-,N,NA,NA,NA,NA,NA,NA,NA,NA,NA,Y,4,0,1,2,A,-,08,22107,NA,N,C,E,A,A,H,-,A,D,0,NA,NA,NA,NA,Y,NA,A,08,0,0,1,0,0,0,0,0,0,-,-,NA,NA,LOS ANGELES,BELLFLOWER,-118.11731,33.87841774
8520419,2017,2017-12-26,1900,2017-12-07,0132,602259,0456,4,5,6,1949,0,0,0,NA,0,45A,SHOEMAKER AV,ALONDRA BL,400,N,N,A,-,N,NA,NA,NA,NA,NA,NA,NA,NA,NA,Y,4,0,1,2,A,-,03,22350,NA,F,C,C,A,A,H,-,C,D,0,NA,NA,NA,NA,Y,Y,-,99,0,0,1,0,0,0,0,0,0,-,-,NA,NA,LOS ANGELES,NORWALK,-118.05536169,33.88883643
8520421,2017,2017-12-27,1900,2017-11-28,0605,438096,1327,2,5,5,1935,0,0,0,NA,0,132D,DEL AMO BL,STATE ST,227,E,N,A,-,N,NA,NA,NA,NA,NA,NA,NA,NA,NA,N,3,0,1,2,A,-,12,21453,A,N,D,C,A,A,H,-,B,A,0,NA,NA,NA,NA,Y,NA,-,-,0,1,0,0,0,0,0,0,0,-,-,NA,NA,LOS ANGELES,LAKEWOOD,-118.09428402,33.84597
8520423,2017,2017-12-26,1900,2017-12-04,1525,517022,0466,1,5,4,1936,0,0,0,NA,0,46T1,STAGE RD,BIOLA AV,0,NA,Y,A,-,N,NA,NA,NA,NA,NA,NA,NA,NA,NA,N,4,0,1,2,A,-,09,21802,A,N,D,C,A,A,H,-,A,A,0,NA,NA,NA,NA,Y,NA,A,08,0,0,1,0,0,0,0,0,0,-,-,NA,NA,LOS ANGELES,LA MIRADA,-118.02350013,33.89491001
8520424,2017,2017-12-28,1900,2017-10-22,2000,506936,0251,7,5,4,1945,0,0,0,NA,0,28T,SLAUSON AV,MAYFLOWER AV,0,NA,Y,A,-,N,NA,NA,NA,NA,NA,NA,NA,NA,NA,Y,4,0,2,2,A,-,08,22107,NA,M,D,C,A,A,H,-,C,A,0,NA,NA,NA,NA,Y,NA,A,01,0,0,2,0,0,0,0,0,0,-,-,NA,NA,LOS ANGELES,MAYWOOD,-118.18113012,33.98670004
8520425,2017,2017-12-27,1900,2017-11-25,2042,544630,1332,6,5,5,1908,0,0,0,NA,0,133T2,ROSECRANS AV,CERRITOS AV,671,W,N,A,-,N,NA,NA,NA,NA,NA,NA,NA,NA,NA,Y,4,0,1,3,A,-,08,22107,NA,N,C,C,A,A,H,-,C,D,0,NA,NA,NA,NA,Y,NA,A,01,0,0,1,0,0,0,0,0,0,-,-,NA,NA,LOS ANGELES,BELLFLOWER,-118.13803458,33.90396051
8520429,2017,2017-12-27,1900,2017-11-26,0848,274533,132,7,5,5,1935,0,0,0,NA,0,132T1,SOUTH ST,COLDBROOK AV,29,E,N,A,-,N,NA,NA,NA,NA,NA,NA,NA,NA,NA,Y,4,0,1,1,A,-,08,22107,NA,N,E,I,A,A,H,-,A,D,0,NA,NA,NA,NA,Y,NA,A,01,0,0,1,0,0,0,0,0,0,-,-,NA,NA,LOS ANGELES,LAKEWOOD,-118.12227952,33.86004497
8520451,2017,2018-02-20,1900,2017-12-04,0815,529403,0465,1,5,4,1936,0,0,0,NA,0,46T2,ALONDRA BL,AVON LN,208,W,N,A,-,N,NA,NA,NA,NA,NA,NA,NA,NA,NA,N,4,0,1,2,A,-,03,22350,NA,N,C,C,A,A,H,-,A,D,0,NA,NA,NA,NA,Y,NA,A,01,0,0,1,0,0,0,0,0,0,-,-,NA,NA,LOS ANGELES,LA MIRADA,-118.010596,33.888095