CASE_ID,ACCIDENT_YEAR,PROC_DATE,JURIS,COLLISION_DATE,COLLISION_TIME,OFFICER_ID,REPORTING_DISTRICT,DAY_OF_WEEK,CHP_SHIFT,POPULATION,CNTY_CITY_LOC,SPECIAL_COND,BEAT_TYPE,CHP_BEAT_TYPE,CITY_DIVISION_LAPD,CHP_BEAT_CLASS,BEAT_NUMBER,PRIMARY_RD,SECONDARY_RD,DISTANCE,DIRECTION,INTERSECTION,WEATHER_1,WEATHER_2,STATE_HWY_IND,CALTRANS_COUNTY,CALTRANS_DISTRICT,STATE_ROUTE,ROUTE_SUFFIX,POSTMILE_PREFIX,POSTMILE,LOCATION_TYPE,RAMP_INTERSECTION,SIDE_OF_HWY,TOW_AWAY,COLLISION_SEVERITY,NUMBER_KILLED,NUMBER_INJURED,PARTY_COUNT,PRIMARY_COLL_FACTOR,PCF_CODE_OF_VIOL,PCF_VIOL_CATEGORY,PCF_VIOLATION,PCF_VIOL_SUBSECTION,HIT_AND_RUN,TYPE_OF_COLLISION,MVIW,PED_ACTION,ROAD_SURFACE,ROAD_COND_1,ROAD_COND_2,LIGHTING,CONTROL_DEVICE,CHP_ROAD_TYPE,PEDESTRIAN_ACCIDENT,BICYCLE_ACCIDENT,MOTORCYCLE_ACCIDENT,TRUCK_ACCIDENT,NOT_PRIVATE_PROPERTY,ALCOHOL_INVOLVED,STWD_VEHTYPE_AT_FAULT,CHP_VEHTYPE_AT_FAULT,COUNT_SEVERE_INJ,COUNT_VISIBLE_INJ,COUNT_COMPLAINT_PAIN,COUNT_PED_KILLED,COUNT_PED_INJURED,COUNT_BICYCLIST_KILLED,COUNT_BICYCLIST_INJURED,COUNT_MC_KILLED,COUNT_MC_INJURED,PRIMARY_RAMP,SECONDARY_RAMP,LATITUDE,LONGITUDE,COUNTY,CITY,POINT_X,POINT_Y
8521673,2017,2018-01-16,1906,2017-12-10,1806,4411,1906,7,5,5,1906,0,0,0,NA,0,003,MERCED AV,PUENTE AV,151,W,N,A,-,N,NA,NA,NA,NA,NA,NA,NA,NA,NA,Y,3,0,1,2,A,-,09,21801,NA,N,D,C,A,A,H,-,C,A,0,NA,NA,NA,NA,Y,Y,A,01,0,1,0,0,0,0,0,0,0,-,-,NA,NA,LOS ANGELES,BALDWIN PARK,-117.9607107,34.07204649
8521674,2017,2018-01-05,1925,2017-12-12,1708,19364,238,2,5,6,1925,0,0,0,NA,0,004,WILSON AV,BELMONT ST,20,W,N,A,-,N,NA,NA,NA,NA,NA,NA,NA,NA,NA,N,4,0,1,2,A,-,10,21950,A,N,G,B,B,A,H,-,C,D,0,Y,NA,NA,NA,Y,NA,A,07,0,0,1,0,1,0,0,0,0,-,-,NA,NA,LOS ANGELES,GLENDALE,-118.24316597,34.14812
8521675,2017,2018-01-05,1900,2017-12-04,1031,517840,2607,1,5,6,1950,0,0,0,NA,0,264T1,AVENUE S,HILLCREST DR,0,NA,Y,A,-,N,NA,NA,NA,NA,NA,NA,NA,NA,NA,Y,3,0,1,1,A,-,08,22107,NA,N,C,I,A,A,H,-,A,A,0,NA,NA,NA,NA,Y,NA,A,01,0,1,0,0,0,0,0,0,0,-,-,NA,NA,LOS ANGELES,PALMDALE,-118.03656003,34.55818004
8521676,2017,2017-12-28,1976,2017-11-19,0955,429,NA,7,5,3,1964,0,0,0,NA,0,003,ALONDRA BL,SHOEMAKER AV,94,E,N,A,-,N,NA,NA,NA,NA,NA,NA,NA,NA,NA,N,4,0,2,3,A,-,03,22350,NA,N,C,C,A,A,H,-,A,A,0,NA,NA,NA,NA,Y,NA,A,07,0,0,2,0,0,0,0,0,0,-,-,NA,NA,LOS ANGELES,SANTA FE SPRINGS,-118.05506098,33.88785368
8521677,2017,2018-01-03,1906,2017-12-09,1447,4414,1906,6,5,5,1906,0,0,0,NA,0,003,FRANCISQUITO AV,MAINE AV,0,NA,Y,A,-,N,NA,NA,NA,NA,NA,NA,NA,NA,NA,N,4,0,1,2,A,-,08,22107,NA,N,-,C,A,A,H,-,A,A,0,NA,NA,NA,NA,Y,NA,A,01,0,0,1,0,0,0,0,0,0,-,-,NA,NA,LOS ANGELES,BALDWIN PARK,-117.97670014,34.07046009
8521678,2017,2018-01-05,1925,2017-12-16,1322,24476,233,6,5,6,1925,0,0,0,NA,0,004,DORAN ST,GLENDALE AV,4,W,N,A,-,N,NA,NA,NA,NA,NA,NA,NA,NA,NA,Y,4,0,2,4,A,-,08,22107,NA,N,-,C,A,A,H,-,A,A,0,NA,NA,NA,NA,Y,NA,A,01,0,0,2,0,0,0,0,0,0,-,-,NA,NA,LOS ANGELES,GLENDALE,-118.24367178,34.15354493
8521679,2017,2018-01-05,1900,2017-12-09,1740,533363,2612,6,5,6,1950,0,0,0,NA,0,262T1,RANCHO VISTA BL,TOWN CENTER DR,217,E,N,A,-,N,NA,NA,NA,NA,NA,NA,NA,NA,NA,Y,2,0,2,2,A,-,03,22350,NA,N,C,C,A,A,H,-,C,A,0,NA,NA,NA,NA,Y,NA,A,01,1,0,1,0,0,0,0,0,0,-,-,NA,NA,LOS ANGELES,PALMDALE,-118.198306,34.61183223
8521680,2017,2017-12-28,1976,2017-11-16,0946,858,1976,4,5,3,1964,0,0,0,NA,0,003,FIRESTONE BL,MARQUARDT AV,0,NA,Y,A,-,N,NA,NA,NA,NA,NA,NA,NA,NA,NA,Y,4,0,1,2,A,-,09,21802,A,N,D,C,A,A,H,-,A,D,0,NA,NA,NA,NA,Y,NA,A,01,0,0,1,0,0,0,0,0,0,-,-,NA,NA,LOS ANGELES,SANTA FE SPRINGS,-118.03801008,33.88861011
8521683,2017,2018-01-03,1975,2017-12-07,1333,377,NA,4,5,6,1975,0,0,0,NA,0,004,MERCED AV,HOLLY PL,119,W,N,A,-,N,NA,NA,NA,NA,NA,NA,NA,NA,NA,Y,3,0,1,1,A,-,08,22107,NA,N,E,I,A,A,H,-,A,D,0,NA,NA,NA,NA,Y,NA,A,01,0,1,0,0,0,0,0,0,0,-,-,34.05405,-117.92981,LOS ANGELES,WEST COVINA,-117.93020194,34.05404245
8521684,2017,2018-01-03,1906,2017-12-07,0721,1791,1906,4,5,5,1906,0,0,0,NA,0,003,MERCED AV,BIG DALTON AV,0,NA,Y,A,-,N,NA,NA,NA,NA,NA,NA,NA,NA,NA,Y,4,0,1,2,A,-,12,22450,A,N,D,C,A,A,H,-,A,A,0,NA,NA,NA,NA,Y,NA,A,01,0,0,1,0,0,0,0,0,0,-,-,NA,NA,LOS ANGELES,BALDWIN PARK,-117.96274006,34.07351011
8521687,2017,2018-01-03,1975,2017-12-07,0404,375,NA,4,5,6,1975,0,0,0,NA,0,006,NOGALES ST,AMANDA ST,0,NA,Y,A,-,N,NA,NA,NA,NA,NA,NA,NA,NA,NA,Y,2,0,1,2,A,-,12,21453,A,N,D,C,A,A,H,-,C,A,0,NA,NA,NA,NA,Y,NA,-,NA,1,0,0,0,0,0,0,0,0,-,-,NA,NA,LOS ANGELES,WEST COVINA,-117.8866401,34.01399003
8521688,2017,2018-01-03,1906,2017-12-06,1517,4426,NA,3,5,5,1906,0,0,0,NA,0,003,MAINE AV,FOSTER AV,6,S,N,A,-,N,NA,NA,NA,NA,NA,NA,NA,NA,NA,N,3,0,1,2,A,-,12,22450,A,N,G,B,B,A,H,-,A,A,0,Y,NA,NA,NA,Y,NA,A,01,0,1,0,0,1,0,0,0,0,-,-,NA,NA,LOS ANGELES,BALDWIN PARK,-117.97374276,34.07327744
8521691,2017,2018-01-03,1975,2017-12-06,1431,427,NA,3,5,6,1975,0,0,0,NA,0,TRAFFI,BADILLO,LARK ELLEN,411,W,N,A,-,N,NA,NA,NA,NA,NA,NA,NA,NA,NA,Y,4,0,1,1,A,-,08,22107,NA,N,E,I,A,A,H,-,A,D,0,NA,NA,NA,NA,Y,NA,-,NA,0,0,1,0,0,0,0,0,0,-,-,NA,NA,LOS ANGELES,WEST COVINA,-117.91795416,34.08653205
8521692,2017,2018-01-03,1906,2017-12-08,1903,1791,1906,5,5,5,1906,0,0,0,NA,0,003,FRANCISQUITO AV,DALEWOOD ST,0,NA,Y,A,-,N,NA,NA,NA,NA,NA,NA,NA,NA,NA,Y,4,0,2,6,A,-,00,23153,F,N,A,C,A,A,H,-,C,A,0,NA,NA,NA,NA,Y,NA,A,01,0,0,2,0,0,0,0,0,0,-,-,NA,NA,LOS ANGELES,BALDWIN PARK,-117.97260005,34.06749001
8521695,2017,2018-01-03,1975,2017-12-06,0800,427,NA,3,5,6,1975,0,0,0,NA,0,TRAFFI,E FRANCISQUITO,FRANCISQUITO 1500,42,S,N,A,-,N,NA,NA,NA,NA,NA,NA,NA,NA,NA,N,4,0,1,2,A,-,11,21954,A,N,G,B,D,A,H,-,A,D,0,Y,NA,NA,NA,Y,NA,N,60,0,0,1,0,1,0,0,0,0,-,-,NA,NA,LOS ANGELES,WEST COVINA,NA,NA
8521699,2017,2018-01-03,1975,2017-12-04,1453,679,NA,1,5,6,1975,0,0,0,NA,0,003,ORANGE AV,GARVEY AVE S,0,NA,Y,A,-,N,NA,NA,NA,NA,NA,NA,NA,NA,NA,Y,3,0,1,2,A,-,09,21801,A,N,D,C,A,A,H,-,A,A,0,NA,NA,NA,NA,Y,NA,-,NA,0,1,0,0,0,0,0,0,0,-,-,NA,NA,LOS ANGELES,WEST COVINA,-117.9454901,34.06990008
8521700,2017,2018-01-03,1900,2017-12-13,1550,525763,0530,3,5,5,1959,0,0,0,NA,0,53T1PM,GRAND AV,HALKETT AV,3,W,N,A,-,N,NA,NA,NA,NA,NA,NA,NA,NA,NA,N,4,0,1,2,A,-,06,21750,A,N,B,C,A,A,H,-,A,D,0,NA,NA,NA,NA,Y,NA,A,01,0,0,1,0,0,0,0,0,0,-,-,34.09179,-118.08268,LOS ANGELES,ROSEMEAD,-118.08258989,34.09177
8521703,2017,2018-01-03,1975,2017-12-03,1854,370,NA,7,5,6,1975,0,0,0,NA,0,004,SUSANNA AV,VINE AV,0,NA,Y,B,-,N,NA,NA,NA,NA,NA,NA,NA,NA,NA,N,4,0,1,2,A,-,10,21950,A,N,G,B,B,A,H,-,C,D,0,Y,NA,NA,NA,Y,NA,-,NA,0,0,1,0,1,0,0,0,0,-,-,NA,NA,LOS ANGELES,WEST COVINA,-117.92770008,34.05763009
8521704,2017,2018-01-03,1900,2017-12-10,1830,547938,0531,7,5,5,1959,0,0,0,NA,0,53T1PM,WALNUT GROVE AV,MARSHALL ST,412,S,N,A,-,N,NA,NA,NA,NA,NA,NA,NA,NA,NA,N,3,0,1,2,A,-,09,21802,A,N,H,G,A,A,H,-,C,D,0,NA,Y,NA,NA,Y,NA,A,07,0,1,0,0,0,0,1,0,0,-,-,34.07374,-118.08219,LOS ANGELES,ROSEMEAD,-118.08200505,34.07376073
8521708,2017,2018-07-09,1900,2017-12-07,0710,529472,0531,4,5,5,1959,0,0,0,NA,0,53T1AM,RT 164,VALLEY BL,34,S,N,A,-,Y,LA,7,164,-,-,6.224,I,6,S,N,4,0,1,2,A,-,12,21453,A,N,D,G,A,A,H,-,A,A,0,NA,Y,NA,NA,Y,NA,L,04,0,0,1,0,0,0,1,0,0,-,-,34.08088,-118.07316,LOS ANGELES,ROSEMEAD,-118.07327544,34.0809385
8521711,2017,2018-07-02,1975,2017-12-03,1214,679,NA,7,5,6,1975,0,0,0,NA,0,002,GARVEY AV SOUTH,RT 10,0,NA,Y,A,-,Y,LA,7,10,-,-,30.696,R,4,W,Y,4,0,2,2,A,-,09,21801,A,N,D,C,A,A,H,-,A,D,0,NA,NA,NA,NA,Y,NA,A,01,0,0,2,0,0,0,0,0,0,-,EO,NA,NA,LOS ANGELES,WEST COVINA,-118.0078837,34.06414637
8521712,2017,2018-01-03,1900,2017-12-03,1135,551347,0534,7,5,5,1959,0,0,0,NA,0,53T1AM,WALNUT GROVE AV,GARVEY AV,608,E,N,A,-,N,NA,NA,NA,NA,NA,NA,NA,NA,NA,N,4,0,1,2,A,-,07,21658,A,M,B,C,A,A,H,-,A,D,0,NA,NA,NA,NA,Y,NA,A,01,0,0,1,0,0,0,0,0,0,-,-,34.0609,-118.081,LOS ANGELES,ROSEMEAD,-118.08198,34.06268
8521716,2017,2018-01-03,1900,2017-12-13,1750,531921,0524,3,5,4,1971,0,0,0,NA,0,52T1PM,LOWER AZUSA RD,BALDWIN AV,365,E,N,A,-,N,NA,NA,NA,NA,NA,NA,NA,NA,NA,Y,4,0,1,3,A,-,03,22350,NA,N,C,C,A,A,H,-,C,D,0,NA,NA,NA,NA,Y,NA,A,01,0,0,1,0,0,0,0,0,0,-,-,34.091,-118.0477,LOS ANGELES,TEMPLE CITY,-118.04778487,34.09086134
8521719,2017,2018-01-03,1975,2017-12-13,1913,327,NA,3,5,6,1975,0,0,0,NA,0,FIVE,VALINDA AV,MAPLEGROVE ST,0,NA,Y,A,-,N,NA,NA,NA,NA,NA,NA,NA,NA,NA,Y,3,0,1,2,A,-,12,21453,A,N,D,C,A,A,H,-,C,A,0,NA,NA,NA,NA,Y,NA,-,NA,0,1,0,0,0,0,0,0,0,-,-,NA,NA,LOS ANGELES,WEST COVINA,-117.92571003,34.04414006
8521723,2017,2018-01-03,1975,2017-12-16,2200,370,NA,6,5,6,1975,0,0,0,NA,0,004,GLENDORA AV,W MICHELLE ST,0,NA,Y,A,-,N,NA,NA,NA,NA,NA,NA,NA,NA,NA,Y,4,0,2,3,A,-,08,22107,NA,N,B,C,A,A,H,-,C,D,0,NA,NA,NA,NA,Y,Y,-,NA,0,0,2,0,0,0,0,0,0,-,-,NA,NA,LOS ANGELES,WEST COVINA,-117.94122001,34.05298007
8521736,2017,2018-01-24,1975,2017-12-13,1243,682,NA,3,5,6,1975,0,0,0,NA,0,NA,AMAR RD,AZUSA AV,345,W,N,A,-,N,NA,NA,NA,NA,NA,NA,NA,NA,NA,Y,3,0,1,2,A,-,09,21804,A,N,D,C,A,A,H,-,A,D,0,NA,NA,NA,NA,Y,NA,-,NA,0,1,0,0,0,0,0,0,0,-,-,NA,NA,LOS ANGELES,WEST COVINA,-117.91561945,34.03213156
8521740,2017,2018-01-24,1975,2017-12-11,1610,683,NA,1,5,6,1975,0,0,0,NA,0,005,AMAR RD,BRENTWOOD DR,105,E,N,A,-,N,NA,NA,NA,NA,NA,NA,NA,NA,NA,N,4,0,1,2,A,-,03,22350,NA,F,C,C,A,A,H,-,A,D,0,NA,NA,NA,NA,Y,NA,-,NA,0,0,1,0,0,0,0,0,0,-,-,NA,NA,LOS ANGELES,WEST COVINA,-117.91729609,34.03400802
8521744,2017,2018-06-13,1975,2017-12-11,0724,314,NA,1,5,6,1975,0,0,0,NA,0,002,AZUSA AV,CORTEZ AV,0,NA,Y,A,-,N,NA,NA,NA,NA,NA,NA,NA,NA,NA,Y,4,0,1,2,A,-,12,21453,A,N,D,C,A,A,H,-,A,A,0,NA,NA,NA,NA,Y,NA,-,NA,0,0,1,0,0,0,0,0,0,-,-,NA,NA,LOS ANGELES,WEST COVINA,-117.90788004,34.06471005
8521748,2017,2018-01-03,1975,2017-12-10,0249,364,NA,7,5,6,1975,0,0,0,NA,0,002,AZUSA AV,VINE AV,0,NA,Y,A,-,N,NA,NA,NA,NA,NA,NA,NA,NA,NA,Y,4,0,1,1,A,-,03,22350,NA,N,H,J,A,A,H,-,C,A,0,NA,NA,NA,NA,Y,NA,-,NA,0,0,1,0,0,0,0,0,0,-,-,NA,NA,LOS ANGELES,WEST COVINA,-117.90799005,34.05746008
8521752,2017,2018-01-03,1975,2017-12-09,1713,434,NA,6,5,6,1975,0,0,0,NA,0,006,SHADOW OAK DR,SHAKESPEARE,0,NA,Y,A,-,N,NA,NA,NA,NA,NA,NA,NA,NA,NA,Y,3,0,3,3,A,-,09,21801,A,N,D,C,A,A,H,-,C,A,0,NA,NA,NA,NA,Y,NA,-,NA,0,1,2,0,0,0,0,0,0,-,-,NA,NA,LOS ANGELES,WEST COVINA,-117.89571003,34.01892001
8521756,2017,2018-01-03,1975,2017-12-08,0623,370,NA,5,5,6,1975,0,0,0,NA,0,003,FRANCISQUITO AV,RAMA DR,40,E,N,A,-,N,NA,NA,NA,NA,NA,NA,NA,NA,NA,N,4,0,1,2,A,-,03,22350,NA,N,C,C,A,A,H,-,B,D,0,NA,NA,NA,NA,Y,NA,-,NA,0,0,1,0,0,0,0,0,0,-,-,NA,NA,LOS ANGELES,WEST COVINA,-117.9614806,34.05925802
8521760,2017,2018-01-03,1975,2017-12-07,1803,640,NA,4,5,6,1975,0,0,0,NA,0,002,CITRUS AV,GARVEY AV SOUTH,0,NA,Y,A,-,N,NA,NA,NA,NA,NA,NA,NA,NA,NA,N,4,0,1,2,A,-,12,21453,A,N,D,C,A,A,H,-,C,A,0,NA,NA,NA,NA,Y,NA,-,NA,0,0,1,0,0,0,0,0,0,-,-,NA,NA,LOS ANGELES,WEST COVINA,-117.89014002,34.07044005
8521841,2017,2018-02-09,1975,2017-12-05,1913,414,NA,2,5,6,1975,0,0,0,NA,0,003,FRANCISQUITO AV,GLENSHAW DR,0,NA,Y,A,-,N,NA,NA,NA,NA,NA,NA,NA,NA,NA,Y,4,0,1,3,A,-,03,22350,NA,N,C,C,A,A,H,-,C,D,0,NA,NA,NA,NA,Y,NA,-,NA,0,0,1,0,0,0,0,0,0,-,-,NA,NA,LOS ANGELES,WEST COVINA,-117.95087012,34.05123008
8521874,2017,2018-02-10,1975,2017-12-14,0209,414,NA,4,5,6,1975,0,0,0,NA,0,004,VALINDA AV,VALINDA AV 914,0,NA,N,A,-,N,NA,NA,NA,NA,NA,NA,NA,NA,NA,Y,4,0,1,3,A,-,08,22107,NA,N,C,E,A,A,H,-,C,D,0,NA,NA,NA,NA,Y,NA,-,NA,0,0,1,0,0,0,0,0,0,-,-,NA,NA,LOS ANGELES,WEST COVINA,-117.925465,34.058985
8521894,2017,2018-02-10,1975,2017-12-08,1825,683,NA,5,5,6,1975,0,0,0,NA,0,003,SUNSET AV,W VINE AV,265,S,N,A,-,N,NA,NA,NA,NA,NA,NA,NA,NA,NA,N,4,0,1,2,A,-,11,21954,A,N,G,B,D,A,H,-,C,D,0,Y,NA,NA,NA,Y,NA,N,60,0,0,1,0,1,0,0,0,0,-,-,NA,NA,LOS ANGELES,WEST COVINA,-117.94400482,34.06325323
8521990,2017,2017-12-27,1924,2017-08-09,0040,112602,19,3,5,5,1924,0,0,0,NA,0,8L4M,VERMONT AV,ROSECRANS AV,0,NA,Y,A,-,N,NA,NA,NA,NA,NA,NA,NA,NA,NA,Y,4,0,1,2,A,-,12,21453,A,N,D,C,A,A,H,-,C,A,0,NA,NA,NA,NA,Y,NA,A,01,0,0,1,0,0,0,0,0,0,-,-,33.90189,-118.29176,LOS ANGELES,GARDENA,-118.2919601,33.90189007
8521994,2017,2017-12-27,1924,2017-08-18,1615,117993,46,5,5,5,1924,0,0,0,NA,0,8L51D,REDONDO BEACH BL,BERENDO AV,0,NA,Y,A,-,N,NA,NA,NA,NA,NA,NA,NA,NA,NA,Y,4,0,1,2,A,-,09,21801,A,M,D,C,A,A,H,-,A,A,0,NA,NA,NA,NA,Y,NA,A,01,0,0,1,0,0,0,0,0,0,-,-,33.90184,-118.29384,LOS ANGELES,GARDENA,-118.29392011,33.89243005
8522003,2017,2018-01-04,1942,2017-12-17,1835,38669,1936,7,5,7,1942,0,0,0,NA,0,19A43,SAN FERNANDO MISSION BL,LAUREL CANYON BL,120,W,N,A,-,N,NA,NA,NA,NA,NA,NA,NA,NA,NA,Y,3,0,1,1,A,-,01,23152,A,N,A,I,A,A,H,-,C,A,0,NA,NA,NA,NA,Y,Y,A,01,0,1,0,0,0,0,0,0,0,-,-,NA,NA,LOS ANGELES,LOS ANGELES,-118.45236422,34.27731891
8522004,2017,2018-02-01,1942,2017-12-12,1200,32372,1007,2,5,7,1942,0,0,0,J,0,10A17,BALBOA BL,STAGG ST,0,NA,Y,A,-,N,NA,NA,NA,NA,NA,NA,NA,NA,NA,N,4,0,2,2,A,-,12,21453,A,N,D,C,A,A,H,-,A,A,0,NA,NA,NA,NA,Y,NA,-,-,0,0,2,0,0,0,0,0,0,-,-,NA,NA,LOS ANGELES,LOS ANGELES,-118.50136007,34.2120501
8522007,2017,2018-01-04,1942,2017-12-15,1925,42309,1601,5,5,7,1942,0,0,0,P,0,16A11,FOOTHILL BL,VAUGHN ST,0,NA,Y,A,-,N,NA,NA,NA,NA,NA,NA,NA,NA,NA,N,3,0,1,2,A,-,01,23152,A,N,A,C,A,A,H,-,C,A,0,NA,NA,NA,NA,Y,Y,A,07,0,1,0,0,0,0,0,0,0,-,-,NA,NA,LOS ANGELES,LOS ANGELES,-118.41129,34.28983008
8522011,2017,2018-01-04,1942,2017-12-15,1110,39281,1539,5,5,7,1942,0,0,0,O,0,15A39,WHITNALL HWY,HATTERAS ST,0,NA,Y,A,-,N,NA,NA,NA,NA,NA,NA,NA,NA,NA,Y,4,0,1,2,A,-,01,23152,A,F,C,C,A,A,H,-,A,A,0,NA,NA,NA,NA,Y,Y,A,01,0,0,1,0,0,0,0,0,0,-,-,NA,NA,LOS ANGELES,LOS ANGELES,-118.36212009,34.17586011
8522015,2017,2018-01-04,1942,2017-12-16,2335,40841,1063,6,5,7,1942,0,0,0,J,0,10A83,RESEDA BL,BURBANK BL,180,N,N,A,-,N,NA,NA,NA,NA,NA,NA,NA,NA,NA,Y,4,0,1,2,A,-,01,23152,A,N,D,C,A,A,H,-,C,A,0,NA,NA,NA,NA,Y,Y,A,01,0,0,1,0,0,0,0,0,0,-,-,NA,NA,LOS ANGELES,LOS ANGELES,-118.53600209,34.17283354
8522019,2017,2018-03-03,1942,2017-12-13,0555,35433,1027,3,5,7,1942,0,0,0,J,0,10A17,WHITE OAK AV,HART ST,30,S,N,A,-,N,NA,NA,NA,NA,NA,NA,NA,NA,NA,Y,3,0,2,2,A,-,08,22102,NA,N,D,C,A,A,H,-,A,A,0,NA,NA,NA,NA,Y,NA,A,07,0,1,1,0,0,0,0,0,0,-,-,NA,NA,LOS ANGELES,LOS ANGELES,-118.51858,34.19742771
8522023,2017,2018-02-01,1942,2017-12-14,0820,39217,1008,4,5,7,1942,0,0,0,J,0,10A39,WOODLEY AV,SATICOY ST,0,NA,Y,A,-,N,NA,NA,NA,NA,NA,NA,NA,NA,NA,Y,4,0,2,2,A,-,12,21453,A,N,D,C,A,A,H,-,A,A,0,NA,NA,NA,NA,Y,NA,-,-,0,0,2,0,0,0,0,0,0,-,-,NA,NA,LOS ANGELES,LOS ANGELES,-118.48368013,34.20845001
8522024,2017,2018-01-04,1942,2017-12-11,1845,42179,1684,1,5,7,1942,0,0,0,P,0,16X4,STRATHERN ST,LANKERSHIM BL,0,NA,Y,A,-,N,NA,NA,NA,NA,NA,NA,NA,NA,NA,N,4,0,1,2,A,-,10,21950,A,N,G,G,A,A,H,-,C,A,0,NA,Y,NA,NA,Y,NA,A,07,0,0,1,0,0,0,1,0,0,-,-,NA,NA,LOS ANGELES,LOS ANGELES,-118.38780009,34.2157301
8522027,2017,2018-01-04,1942,2017-12-14,0755,35433,1007,4,5,7,1942,0,0,0,J,0,10A17,ROSCOE BL,AMESTOY AV,30,E,N,A,-,N,NA,NA,NA,NA,NA,NA,NA,NA,NA,Y,4,0,2,4,A,-,03,22350,NA,N,C,C,A,A,H,-,A,D,0,NA,NA,NA,NA,Y,NA,A,07,0,0,2,0,0,0,0,0,0,-,-,NA,NA,LOS ANGELES,LOS ANGELES,-118.50542093,34.22142
8522028,2017,2018-01-04,1942,2017-12-12,1914,42103,1675,2,5,7,1942,0,0,0,P,0,16X4,GLENOAKS BL,TUXFORD ST,500,S,N,A,-,N,NA,NA,NA,NA,NA,NA,NA,NA,NA,N,4,0,4,2,A,-,09,21804,A,N,D,C,A,A,H,-,C,D,0,NA,NA,NA,NA,Y,NA,A,01,0,0,4,0,0,0,0,0,0,-,-,NA,NA,LOS ANGELES,LOS ANGELES,-118.37025665,34.23346248
8522031,2017,2018-01-04,1942,2017-12-13,1320,31688,1063,3,5,7,1942,0,0,0,J,0,10A83,VENTURA BL,ETIWANDA AV,0,NA,Y,A,-,N,NA,NA,NA,NA,NA,NA,NA,NA,NA,Y,4,0,3,4,A,-,03,22350,NA,N,-,C,A,-,H,-,A,A,0,NA,NA,NA,NA,Y,NA,D,22,0,0,3,0,0,0,0,0,0,-,-,NA,NA,LOS ANGELES,LOS ANGELES,-118.53081013,34.16666009
8522032,2017,2018-01-04,1942,2017-12-13,0700,31167,1602,3,5,7,1942,0,0,0,P,0,35MQ6,GLENOAKS BL,LOUVRE ST,0,NA,Y,A,-,N,NA,NA,NA,NA,NA,NA,NA,NA,NA,Y,3,0,1,2,A,-,00,20802,A,N,D,C,A,A,H,-,A,D,0,NA,NA,NA,NA,Y,NA,A,07,0,1,0,0,0,0,0,0,0,-,-,NA,NA,LOS ANGELES,LOS ANGELES,-118.4156301,34.27712003
8522035,2017,2018-01-04,1942,2017-12-13,1535,31688,1033,3,5,7,1942,0,0,0,J,0,10A21,VICTORY BL,WILBUR AV,0,NA,Y,A,-,N,NA,NA,NA,NA,NA,NA,NA,NA,NA,Y,4,0,1,2,A,-,09,21801,A,N,D,C,A,A,H,-,A,A,0,NA,NA,NA,NA,Y,NA,A,01,0,0,1,0,0,0,0,0,0,-,-,NA,NA,LOS ANGELES,LOS ANGELES,-118.54474004,34.18658011
8522036,2017,2018-01-04,1942,2017-12-10,1430,42744,1684,7,5,7,1942,0,0,0,P,0,16A37,TUXFORD ST,LANKERSHIM BL,0,NA,Y,A,-,N,NA,NA,NA,NA,NA,NA,NA,NA,NA,Y,4,0,1,1,A,-,03,22350,NA,N,A,I,A,B,H,-,A,A,0,NA,NA,NA,NA,Y,NA,A,01,0,0,1,0,0,0,0,0,0,-,-,NA,NA,LOS ANGELES,LOS ANGELES,-118.38780011,34.22248007
8522039,2017,2018-01-04,1942,2017-12-12,1210,38996,1067,2,5,7,1942,0,0,0,J,0,10A99,VENTURA BL,TEXHOMA AV,265,E,N,A,-,N,NA,NA,NA,NA,NA,NA,NA,NA,NA,N,4,0,1,2,C,-,18,NA,NA,N,G,B,E,A,H,-,A,D,0,Y,NA,NA,NA,Y,NA,-,-,0,0,1,0,1,0,0,0,0,-,-,NA,NA,LOS ANGELES,LOS ANGELES,-118.51627205,34.16184284
8522040,2017,2018-04-03,1942,2017-12-09,0300,38443,1612,6,5,7,1942,0,0,0,P,0,16A11,GLENOAKS BL,PAXTON ST,0,NA,Y,A,-,N,NA,NA,NA,NA,NA,NA,NA,NA,NA,Y,4,0,2,2,A,-,09,21801,A,N,A,C,A,A,H,-,C,D,0,NA,NA,NA,NA,Y,NA,A,01,0,0,2,0,0,0,0,0,0,-,-,NA,NA,LOS ANGELES,LOS ANGELES,-118.41801,34.27965007
8522043,2017,2018-01-04,1942,2017-12-13,1720,39207,1017,3,5,7,1942,0,0,0,J,0,10A26,WHITE OAK AV,SATICOY ST,0,NA,Y,A,-,N,NA,NA,NA,NA,NA,NA,NA,NA,NA,N,4,0,1,2,A,-,11,21955,NA,N,G,B,D,A,H,-,C,A,0,Y,NA,NA,NA,Y,NA,N,60,0,0,1,0,1,0,0,0,0,-,-,NA,NA,LOS ANGELES,LOS ANGELES,-118.51860001,34.20841011
8522044,2017,2018-03-27,1942,2017-12-10,1930,35752,1685,7,5,7,1942,0,0,0,P,0,16X24,STRATHERN ST,TUJUNGA AV,0,NA,Y,A,-,N,NA,NA,NA,NA,NA,NA,NA,NA,NA,N,4,0,1,2,A,-,03,22350,NA,N,C,C,A,A,H,-,C,D,0,NA,NA,NA,NA,Y,NA,A,01,0,0,1,0,0,0,0,0,0,-,-,NA,NA,LOS ANGELES,LOS ANGELES,-118.3790601,34.21570011
8522047,2017,2018-01-04,1942,2017-12-08,0920,41274,1041,5,5,7,1942,0,0,0,J,0,10A83,TOPHAM ST,TAMPA AV,125,E,N,A,-,N,NA,NA,NA,NA,NA,NA,NA,NA,NA,N,4,0,1,2,A,-,08,22107,NA,N,B,C,A,A,H,-,A,D,0,NA,NA,NA,NA,Y,NA,A,08,0,0,1,0,0,0,0,0,0,-,-,NA,NA,LOS ANGELES,LOS ANGELES,-118.55307956,34.18087729