CASE_ID,ACCIDENT_YEAR,PROC_DATE,JURIS,COLLISION_DATE,COLLISION_TIME,OFFICER_ID,REPORTING_DISTRICT,DAY_OF_WEEK,CHP_SHIFT,POPULATION,CNTY_CITY_LOC,SPECIAL_COND,BEAT_TYPE,CHP_BEAT_TYPE,CITY_DIVISION_LAPD,CHP_BEAT_CLASS,BEAT_NUMBER,PRIMARY_RD,SECONDARY_RD,DISTANCE,DIRECTION,INTERSECTION,WEATHER_1,WEATHER_2,STATE_HWY_IND,CALTRANS_COUNTY,CALTRANS_DISTRICT,STATE_ROUTE,ROUTE_SUFFIX,POSTMILE_PREFIX,POSTMILE,LOCATION_TYPE,RAMP_INTERSECTION,SIDE_OF_HWY,TOW_AWAY,COLLISION_SEVERITY,NUMBER_KILLED,NUMBER_INJURED,PARTY_COUNT,PRIMARY_COLL_FACTOR,PCF_CODE_OF_VIOL,PCF_VIOL_CATEGORY,PCF_VIOLATION,PCF_VIOL_SUBSECTION,HIT_AND_RUN,TYPE_OF_COLLISION,MVIW,PED_ACTION,ROAD_SURFACE,ROAD_COND_1,ROAD_COND_2,LIGHTING,CONTROL_DEVICE,CHP_ROAD_TYPE,PEDESTRIAN_ACCIDENT,BICYCLE_ACCIDENT,MOTORCYCLE_ACCIDENT,TRUCK_ACCIDENT,NOT_PRIVATE_PROPERTY,ALCOHOL_INVOLVED,STWD_VEHTYPE_AT_FAULT,CHP_VEHTYPE_AT_FAULT,COUNT_SEVERE_INJ,COUNT_VISIBLE_INJ,COUNT_COMPLAINT_PAIN,COUNT_PED_KILLED,COUNT_PED_INJURED,COUNT_BICYCLIST_KILLED,COUNT_BICYCLIST_INJURED,COUNT_MC_KILLED,COUNT_MC_INJURED,PRIMARY_RAMP,SECONDARY_RAMP,LATITUDE,LONGITUDE,COUNTY,CITY,POINT_X,POINT_Y
8522204,2017,2018-01-10,1910,2017-12-15,1029,03209,NA,5,5,4,1910,0,0,0,NA,0,007,BURTON WY,MAPLE DR,113,W,N,A,-,N,NA,NA,NA,NA,NA,NA,NA,NA,NA,Y,3,0,1,2,A,-,08,22107,NA,N,E,E,A,A,H,-,A,A,0,NA,NA,NA,Y,Y,NA,A,01,0,1,0,0,0,0,0,0,0,-,-,NA,NA,LOS ANGELES,BEVERLY HILLS,-118.39393245,34.07209
8522227,2017,2018-01-17,1942,2017-12-12,1300,42796,0969,2,5,7,1942,0,0,0,I,0,9A63,RIVERSIDE DR,LA MAIDA,200,E,N,A,-,N,NA,NA,NA,NA,NA,NA,NA,NA,NA,Y,4,0,1,2,A,-,09,21804,A,N,D,C,A,A,H,-,A,D,0,NA,NA,NA,NA,Y,NA,A,01,0,0,1,0,0,0,0,0,0,-,-,NA,NA,LOS ANGELES,LOS ANGELES,-118.40879012,34.15761
8522229,2017,2018-02-10,1956,2017-12-07,0225,1260,13,4,5,5,1956,0,0,0,NA,0,002,TORRANCE BL,S LUCIA AV,46,E,N,A,-,N,NA,NA,NA,NA,NA,NA,NA,NA,NA,Y,4,0,1,3,A,-,01,23152,A,N,C,C,A,A,H,-,C,D,0,NA,NA,NA,NA,Y,NA,A,01,0,0,1,0,0,0,0,0,0,-,-,NA,NA,LOS ANGELES,REDONDO BEACH,-118.37765311,33.83853992
8522235,2017,2018-01-17,1942,2017-12-11,2300,43017,0915,1,5,7,1942,0,0,0,I,0,19A79,SHERMAN WAY,KATHERINE AV,110,W,N,A,-,N,NA,NA,NA,NA,NA,NA,NA,NA,NA,Y,3,0,1,2,A,-,01,23152,A,N,C,E,A,A,H,-,C,D,0,NA,NA,NA,NA,Y,Y,D,22,0,1,0,0,0,0,0,0,0,-,-,NA,NA,LOS ANGELES,LOS ANGELES,-118.44358303,34.20121302
8522239,2017,2018-01-12,1942,2017-12-06,1230,42852,0979,3,5,7,1942,0,0,0,I,0,9A23W2,COLD WATER CANYON,RT 101,10,W,N,A,-,N,NA,NA,NA,NA,NA,NA,NA,NA,NA,Y,4,0,1,2,A,-,09,21801,A,N,D,-,A,A,H,-,A,A,0,NA,NA,NA,Y,Y,Y,-,-,0,0,1,0,0,0,0,0,0,-,-,NA,NA,LOS ANGELES,LOS ANGELES,-118.41379,34.15683
8522241,2017,2018-01-30,1942,2017-12-12,1353,38940,2158,2,5,7,1942,0,0,0,NA,0,35M78,ERWIN ST,CANOGA AV,560,E,N,A,-,N,NA,NA,NA,NA,NA,NA,NA,NA,NA,N,4,0,1,2,A,-,09,21804,A,N,B,C,A,A,H,-,A,D,0,NA,NA,NA,NA,Y,NA,A,01,0,0,1,0,0,0,0,0,0,-,-,NA,NA,LOS ANGELES,LOS ANGELES,-118.59568151,34.18284113
8522243,2017,2018-01-04,1942,2017-12-02,2250,42017,0456,6,5,7,1942,0,0,0,D,0,4A15W3,SOTO ST,MALABAR ST,0,NA,Y,A,-,N,NA,NA,NA,NA,NA,NA,NA,NA,NA,Y,3,0,3,2,A,-,01,23152,A,N,D,C,A,A,H,-,C,D,0,NA,NA,NA,NA,Y,Y,A,07,0,2,1,0,0,0,0,0,0,-,-,NA,NA,LOS ANGELES,LOS ANGELES,-118.20555002,34.05036002
8522244,2017,2018-01-05,1942,2017-12-06,0235,41210,0615,3,5,7,1942,0,0,0,F,0,6T7,CAHUENGA BL,ODIN ST,5,S,N,A,-,N,NA,NA,NA,NA,NA,NA,NA,NA,NA,Y,2,0,1,1,A,-,03,22350,NA,N,B,J,A,A,H,-,C,A,0,NA,NA,Y,NA,Y,Y,C,02,1,0,0,0,0,0,0,0,1,-,-,NA,NA,LOS ANGELES,LOS ANGELES,-118.334,34.11132
8522245,2017,2018-01-03,1942,2017-12-18,0805,38326,2138,1,5,7,1942,0,0,0,NA,0,21A29,SHERMAN WY,OSO AV,75,W,N,A,-,N,NA,NA,NA,NA,NA,NA,NA,NA,NA,Y,4,0,2,3,A,-,04,21703,NA,N,C,C,A,A,H,-,A,D,0,NA,NA,NA,NA,Y,NA,A,01,0,0,2,0,0,0,0,0,0,-,-,NA,NA,LOS ANGELES,LOS ANGELES,-118.57559758,34.20101641
8522248,2017,2018-01-05,1942,2017-12-10,0640,35945,0635,7,5,7,1942,0,0,0,F,0,6TL7,FRANKLIN AV,WILCOX AV,60,E,N,A,-,N,NA,NA,NA,NA,NA,NA,NA,NA,NA,Y,4,0,2,1,A,-,08,22107,NA,N,E,I,A,A,H,-,B,D,0,NA,NA,NA,NA,Y,NA,A,01,0,0,2,0,0,0,0,0,0,-,-,NA,NA,LOS ANGELES,LOS ANGELES,-118.33081221,34.10523319
8522249,2017,2018-01-03,1942,2017-12-16,1705,39281,2144,6,5,7,1942,0,0,0,NA,0,21A43,VICTORY BL,SHOUP AV,0,NA,Y,A,-,N,NA,NA,NA,NA,NA,NA,NA,NA,NA,Y,3,0,3,2,A,-,09,21801,A,N,D,C,A,A,H,-,A,A,0,NA,NA,NA,NA,Y,NA,A,01,0,2,1,0,0,0,0,0,0,-,-,NA,NA,LOS ANGELES,LOS ANGELES,-118.61457011,34.18645002
8522252,2017,2018-01-04,1942,2017-12-01,1900,42660,0632,5,5,7,1942,0,0,0,F,0,6A76,HOLLYWOOD BL,FAIRFAX AV,50,E,N,A,-,N,NA,NA,NA,NA,NA,NA,NA,NA,NA,Y,4,0,1,3,A,-,03,22350,NA,N,C,C,A,A,H,-,C,A,0,NA,NA,NA,NA,Y,NA,A,07,0,0,1,0,0,0,0,0,0,-,-,NA,NA,LOS ANGELES,LOS ANGELES,-118.36140596,34.10131271
8522253,2017,2018-01-03,1942,2017-12-12,0915,38326,2149,2,5,7,1942,0,0,0,NA,0,21A29,WINNETKA AV,SHERMAN WY,100,S,N,A,-,N,NA,NA,NA,NA,NA,NA,NA,NA,NA,N,4,0,1,2,A,-,04,21703,NA,N,C,C,A,A,H,-,A,D,0,NA,NA,NA,NA,Y,NA,A,01,0,0,1,0,0,0,0,0,0,-,-,NA,NA,LOS ANGELES,LOS ANGELES,-118.57099,34.20086568
8522257,2017,2018-01-03,1942,2017-12-12,0745,38326,2149,2,5,7,1942,0,0,0,NA,0,21A29,MARIANO ST,VALLEY CIRCLE BL,8,E,N,A,-,N,NA,NA,NA,NA,NA,NA,NA,NA,NA,N,3,0,1,2,D,-,00,NA,NA,N,G,B,B,A,H,-,A,A,0,Y,NA,NA,NA,Y,NA,-,-,0,1,0,0,1,0,0,0,0,-,-,NA,NA,LOS ANGELES,LOS ANGELES,-118.64259887,34.16840316
8522261,2017,2018-01-03,1942,2017-12-08,1920,32774,2155,5,5,7,1942,0,0,0,NA,0,21A43,OXNARD ST,FARRALONE AV,0,NA,Y,A,-,N,NA,NA,NA,NA,NA,NA,NA,NA,NA,Y,4,0,1,2,A,-,03,22350,NA,N,C,C,A,A,H,-,C,D,0,NA,NA,NA,NA,Y,NA,A,01,0,0,1,0,0,0,0,0,0,-,-,NA,NA,LOS ANGELES,LOS ANGELES,-118.61036002,34.17919011
8522275,2017,2018-01-04,1965,2017-12-12,1056,3693,0B1N,2,5,5,1965,0,0,0,NA,0,B001,OCEAN AV,WASHINGTON AV,0,NA,Y,A,-,N,NA,NA,NA,NA,NA,NA,NA,NA,NA,Y,4,0,2,2,A,-,09,21802,A,N,D,C,A,A,H,-,A,A,0,NA,NA,NA,NA,Y,NA,A,01,0,0,2,0,0,0,0,0,0,-,-,NA,NA,LOS ANGELES,SANTA MONICA,-118.50439001,34.0195601
8522284,2017,2018-01-04,1900,2017-12-04,1355,546525,2619,1,5,6,1950,0,0,0,NA,0,262T1,10TH ST WEST,AVENUE M-4,0,NA,Y,A,-,N,NA,NA,NA,NA,NA,NA,NA,NA,NA,Y,4,0,2,4,A,-,09,21802,A,N,D,C,A,A,H,-,A,A,0,NA,NA,NA,NA,Y,NA,A,01,0,0,2,0,0,0,0,0,0,-,-,NA,NA,LOS ANGELES,PALMDALE,-118.14773008,34.64218004
8522288,2017,2018-01-04,1900,2017-12-13,0705,443105,2607,3,5,6,1950,0,0,0,NA,0,262T1,AVENUE S,57TH ST EAST,0,NA,Y,A,-,N,NA,NA,NA,NA,NA,NA,NA,NA,NA,Y,4,0,2,2,A,-,09,21801,A,N,D,C,A,A,H,-,A,A,0,NA,NA,NA,NA,Y,NA,A,07,0,0,2,0,0,0,0,0,0,-,-,NA,NA,LOS ANGELES,PALMDALE,-118.02815004,34.55799002
8522303,2017,2018-01-04,1909,2017-12-08,1725,574,1909,5,5,4,1909,0,0,0,NA,0,NORTH,LIVE OAK ST,JABONERIA RD,268,E,N,A,-,N,NA,NA,NA,NA,NA,NA,NA,NA,NA,Y,4,0,1,2,A,-,08,22107,NA,N,C,E,A,A,H,-,C,B,0,NA,NA,NA,NA,Y,Y,A,01,0,0,1,0,0,0,0,0,0,-,-,NA,NA,LOS ANGELES,BELL GARDENS,-118.15914756,33.96465586
8522315,2017,2018-01-04,1942,2017-12-13,1340,41125,1743,3,5,7,1942,0,0,0,Q,0,17A35,CHATSWORTH ST,ETIWANDA AV,0,NA,Y,A,-,N,NA,NA,NA,NA,NA,NA,NA,NA,NA,Y,3,0,4,3,A,-,01,23152,A,N,D,C,A,A,H,-,A,A,0,NA,NA,NA,NA,Y,Y,A,01,0,3,1,0,0,0,0,0,0,-,-,NA,NA,LOS ANGELES,LOS ANGELES,-118.53173005,34.26454005
8522318,2017,2018-01-08,1942,2017-12-02,1215,40632,LOS A,6,5,7,1942,0,0,0,NA,0,014,CENTINELA AV,MESMER AV,5,W,N,A,-,N,NA,NA,NA,NA,NA,NA,NA,NA,NA,Y,3,0,2,2,A,-,08,22107,NA,N,D,C,A,A,H,-,A,A,0,NA,NA,NA,NA,Y,NA,A,01,0,1,1,0,0,0,0,0,0,-,-,NA,NA,LOS ANGELES,LOS ANGELES,-118.3989049,33.98342583
8522322,2017,2019-01-17,1942,2017-12-08,1830,42584,1722,5,5,7,1942,0,0,0,Q,0,17X82,TOPANGA CANYON,DEVONSHIRE ST,0,NA,Y,A,-,N,NA,NA,NA,NA,NA,NA,NA,NA,NA,N,4,0,1,3,A,-,08,22107,NA,F,B,C,A,A,H,-,C,D,0,NA,NA,Y,NA,Y,Y,-,99,0,0,1,0,0,0,0,0,1,-,-,NA,NA,LOS ANGELES,LOS ANGELES,-118.60605007,34.25720011
8522326,2017,2018-01-04,1942,2017-12-07,2200,31923,1523,4,5,7,1942,0,0,0,O,0,15A67,VICTORY BL,BABCOCK AV,310,W,N,A,-,N,NA,NA,NA,NA,NA,NA,NA,NA,NA,Y,2,0,2,1,A,-,03,22350,A,F,A,I,A,A,H,-,C,-,0,NA,NA,NA,NA,Y,NA,A,01,2,0,0,0,0,0,0,0,0,-,-,NA,NA,LOS ANGELES,LOS ANGELES,-118.40735316,34.18686001
8522329,2017,2018-01-04,1900,2017-12-10,1010,526282,0560,7,5,3,1968,0,0,0,NA,0,55T1AM,RUSH ST,SANTA ANITA AV,0,NA,Y,A,-,N,NA,NA,NA,NA,NA,NA,NA,NA,NA,Y,3,0,1,2,A,-,09,21801,A,N,A,C,A,A,H,-,A,A,0,NA,NA,NA,NA,Y,NA,A,01,0,1,0,0,0,0,0,0,0,-,-,NA,NA,LOS ANGELES,SOUTH EL MONTE,-118.04244008,34.05185005
8522330,2017,2018-01-04,1942,2017-12-03,1855,36336,1581,7,5,7,1942,0,0,0,O,0,15A85,MOORPARK ST,COLDWATER CANYON AV,45,W,N,A,-,N,NA,NA,NA,NA,NA,NA,NA,NA,NA,N,2,0,1,2,A,-,11,21954,A,F,G,B,D,A,H,-,C,A,0,Y,NA,NA,NA,Y,NA,N,60,1,0,0,0,1,0,0,0,0,-,-,NA,NA,LOS ANGELES,LOS ANGELES,-118.41393846,34.15035
8522334,2017,2018-01-04,1942,2017-12-13,2040,32774,1591,3,5,7,1942,0,0,0,O,0,15A85,VENTURA BL,RHODES AV,0,NA,Y,A,-,N,NA,NA,NA,NA,NA,NA,NA,NA,NA,N,4,0,2,3,A,-,10,21950,A,F,G,B,B,A,H,-,C,D,0,Y,NA,NA,NA,Y,NA,-,99,0,0,2,0,2,0,0,0,0,-,-,NA,NA,LOS ANGELES,LOS ANGELES,-118.40304008,34.14287001
8522337,2017,2018-01-04,1975,2017-12-08,1644,681,NA,5,5,6,1975,0,0,0,NA,0,003,WALNUT CREEK PKWY,GLENDORA,0,NA,Y,A,-,N,NA,NA,NA,NA,NA,NA,NA,NA,NA,Y,4,0,1,2,A,-,12,22450,A,N,D,C,A,A,H,-,C,D,0,NA,NA,NA,NA,Y,NA,A,01,0,0,1,0,0,0,0,0,0,-,-,NA,NA,LOS ANGELES,WEST COVINA,-117.92470008,34.06797011
8522338,2017,2018-01-04,1942,2017-12-09,1700,32774,0909,6,5,7,1942,0,0,0,I,0,9A5,SHERMAN WAY,WOODMAN AV,450,E,N,A,-,N,NA,NA,NA,NA,NA,NA,NA,NA,NA,N,4,0,1,2,A,-,05,21650,1,F,D,C,A,A,H,-,A,D,0,NA,Y,NA,NA,Y,NA,L,04,0,0,1,0,0,0,1,0,0,-,-,NA,NA,LOS ANGELES,LOS ANGELES,-118.42975448,34.20119
8522341,2017,2018-01-04,1975,2017-12-07,1315,683,NA,4,5,6,1975,0,0,0,NA,0,005,AZUSA AV,AMAR RD,400,S,N,A,-,N,NA,NA,NA,NA,NA,NA,NA,NA,NA,Y,4,0,1,3,A,-,09,21801,NA,N,-,C,A,A,H,-,A,A,0,NA,NA,NA,NA,Y,NA,-,NA,0,0,1,0,0,0,0,0,0,-,-,NA,NA,LOS ANGELES,WEST COVINA,-117.91538304,34.0304693
8522342,2017,2018-01-04,1942,2017-12-13,0910,42251,0963,3,5,7,1942,0,0,0,I,0,9A63,MAGNOLIA BL,LEMONA AV,139,E,N,A,-,N,NA,NA,NA,NA,NA,NA,NA,NA,NA,N,4,0,2,3,A,-,04,21703,NA,F,C,C,A,A,H,-,A,D,0,NA,NA,NA,NA,Y,NA,-,99,0,0,2,0,0,0,0,0,0,-,-,NA,NA,LOS ANGELES,LOS ANGELES,-118.45918132,34.16485
8522346,2017,2018-01-04,1942,2017-12-09,2210,36336,0955,6,5,7,1942,0,0,0,I,0,9A63,MAGNOLIA BL,VAN NUYS BL,0,NA,Y,A,-,N,NA,NA,NA,NA,NA,NA,NA,NA,NA,Y,4,0,2,2,A,-,09,21801,A,N,A,C,A,A,H,-,C,A,0,NA,NA,NA,NA,Y,NA,A,01,0,0,2,0,0,0,0,0,0,-,-,NA,NA,LOS ANGELES,LOS ANGELES,-118.44871003,34.1648701
8522350,2017,2018-01-04,1942,2017-12-07,1910,40383,0911,4,5,7,1942,0,0,0,I,0,NA,SHERMAN WAY,SEPULVEDA BL,90,W,N,A,-,N,NA,NA,NA,NA,NA,NA,NA,NA,NA,Y,4,0,3,2,A,-,09,21801,A,N,D,C,A,A,H,-,C,A,0,NA,NA,NA,NA,Y,NA,A,01,0,0,3,0,0,0,0,0,0,-,-,NA,NA,LOS ANGELES,LOS ANGELES,-118.46649711,34.20125
8522354,2017,2018-01-04,1942,2017-12-08,0810,39473,0926,5,5,7,1942,0,0,0,I,0,9A19,VICTORY BL,HAZELTINE AV,0,NA,Y,A,-,N,NA,NA,NA,NA,NA,NA,NA,NA,NA,Y,4,0,2,2,A,-,12,21453,A,N,D,C,A,A,H,-,A,A,0,NA,NA,NA,NA,Y,NA,A,07,0,0,2,0,0,0,0,0,0,-,-,NA,NA,LOS ANGELES,LOS ANGELES,-118.43998008,34.18666008
8522357,2017,2018-01-03,1900,2017-12-15,2126,487834,0532,5,5,5,1959,0,0,0,NA,0,53T1PM,BRIGHTON ST,GARVEY AV,5,S,N,A,-,N,NA,NA,NA,NA,NA,NA,NA,NA,NA,N,3,0,1,2,A,-,00,21450,A,N,G,B,B,A,H,-,C,D,0,Y,NA,NA,NA,Y,NA,A,07,0,1,0,0,1,0,0,0,0,-,-,34.06252,-118.09824,LOS ANGELES,ROSEMEAD,-118.09833,34.06263
8522358,2017,2018-01-04,1942,2017-12-08,1930,40388,0915,5,5,7,1942,0,0,0,I,0,9A19,HAZELTINE AV,SHERMAN WAY,0,NA,Y,A,-,N,NA,NA,NA,NA,NA,NA,NA,NA,NA,Y,4,0,1,2,A,-,09,21801,A,N,D,C,A,A,H,-,C,A,0,NA,NA,Y,NA,Y,NA,C,02,0,0,1,0,0,0,0,0,1,-,-,NA,NA,LOS ANGELES,LOS ANGELES,-118.43997007,34.20122005
8522362,2017,2018-01-04,1942,2017-12-08,0625,42251,0919,5,5,7,1942,0,0,0,I,0,9A19,VANOWEN ST,WOODMAN AV,90,E,N,A,-,N,NA,NA,NA,NA,NA,NA,NA,NA,NA,N,3,0,1,2,A,-,11,21954,A,N,G,B,D,A,H,-,B,D,0,Y,NA,NA,NA,Y,NA,N,60,0,1,0,0,1,0,0,0,0,-,-,NA,NA,LOS ANGELES,LOS ANGELES,-118.43097292,34.19394
8522366,2017,2018-01-04,1942,2017-12-04,1740,34862,09,1,5,7,1942,0,0,0,I,0,9X16,VANOWEN ST,LENNOX AV,2,W,N,A,-,N,NA,NA,NA,NA,NA,NA,NA,NA,NA,N,3,0,1,2,A,-,12,21453,A,N,-,G,A,A,H,-,C,A,0,NA,Y,NA,NA,Y,NA,L,04,0,1,0,0,0,0,1,0,0,-,-,NA,NA,LOS ANGELES,LOS ANGELES,-118.4454666,34.19394
8522370,2017,2018-01-04,1942,2017-12-05,1545,42489,0904,2,5,7,1942,0,0,0,I,0,9X64,SHERMAN WY,KESTER AV,600,W,N,A,G,N,NA,NA,NA,NA,NA,NA,NA,NA,NA,N,3,0,1,2,A,-,09,21804,A,N,H,C,A,A,H,-,A,D,0,NA,NA,Y,NA,Y,NA,A,01,0,1,0,0,0,0,0,0,1,-,-,NA,NA,LOS ANGELES,LOS ANGELES,-118.45944069,34.20112777
8522374,2017,2018-01-04,1942,2017-12-01,1620,36380,915,5,5,7,1942,0,0,0,NA,0,9A23,SHERMAN WAY,LENNOX AV,0,NA,Y,A,-,N,NA,NA,NA,NA,NA,NA,NA,NA,NA,N,4,0,3,2,A,-,08,22107,NA,N,B,C,A,A,H,-,A,D,0,NA,NA,NA,NA,Y,NA,A,01,0,0,3,0,0,0,0,0,0,-,-,NA,NA,LOS ANGELES,LOS ANGELES,-118.44625007,34.20120007
8522377,2017,2018-01-03,1900,2017-12-16,2145,530672,2117,6,5,5,1943,0,0,0,NA,0,212T4,ATLANTIC AV,CARLIN AV,0,NA,Y,A,-,N,NA,NA,NA,NA,NA,NA,NA,NA,NA,Y,3,0,3,2,A,-,01,23152,A,N,A,C,A,A,H,-,C,A,0,NA,NA,NA,NA,Y,Y,A,01,0,1,2,0,0,0,0,0,0,-,-,NA,NA,LOS ANGELES,LYNWOOD,-118.19201005,33.91034007
8522378,2017,2018-01-04,1942,2017-12-11,1520,38996,0964,1,5,7,1942,0,0,0,I,0,9A63,MAGNOLIA BL,RANCHITO AV,0,NA,Y,A,-,N,NA,NA,NA,NA,NA,NA,NA,NA,NA,Y,3,0,1,2,A,-,09,21801,A,N,A,C,A,A,H,-,A,A,0,NA,NA,NA,NA,Y,NA,A,01,0,1,0,0,0,0,0,0,0,-,-,NA,NA,LOS ANGELES,LOS ANGELES,-118.43563011,34.16488009
8522381,2017,2018-01-03,1942,2017-12-13,2300,38399,2136,3,5,7,1942,0,0,0,NA,0,21X56W,OWENSMOUTH AV,COHASSET ST,65,S,N,A,-,N,NA,NA,NA,NA,NA,NA,NA,NA,NA,Y,3,0,1,1,A,-,01,23152,A,N,F,I,A,A,H,-,C,D,0,NA,NA,NA,NA,Y,Y,A,01,0,1,0,0,0,0,0,0,0,-,-,NA,NA,LOS ANGELES,LOS ANGELES,-118.60158,34.20629168
8522382,2017,2018-01-04,1942,2017-12-11,1015,39217,0905,1,5,7,1942,0,0,0,I,0,9A5,WYANDOTTE ST,VISTA DEL MONTE AV,0,NA,Y,A,-,N,NA,NA,NA,NA,NA,NA,NA,NA,NA,N,4,0,1,2,A,-,09,21802,A,N,D,C,A,A,H,-,A,A,0,NA,NA,NA,NA,Y,NA,A,01,0,0,1,0,0,0,0,0,0,-,-,NA,NA,LOS ANGELES,LOS ANGELES,-118.45007013,34.20300001
8522385,2017,2018-01-03,1941,2017-12-13,1958,5854,NA,3,5,7,1941,0,0,0,NA,0,NA,WILLOW ST,MAGNOLIA AV,0,NA,Y,A,-,N,NA,NA,NA,NA,NA,NA,NA,NA,NA,N,4,0,2,3,A,-,08,22107,NA,N,B,C,A,A,H,-,C,A,0,NA,NA,NA,NA,Y,NA,A,NA,0,0,2,0,0,0,0,0,0,-,-,NA,NA,LOS ANGELES,LONG BEACH,-118.19811004,33.80445004
8522386,2017,2018-01-24,1942,2017-12-11,1045,35433,0911,1,5,7,1942,0,0,0,I,0,9A23,VANOWEN ST,SEPULVEDA BL,0,NA,Y,A,-,N,NA,NA,NA,NA,NA,NA,NA,NA,NA,N,4,0,2,2,A,-,12,21453,A,N,-,-,A,A,H,-,A,-,0,NA,NA,NA,NA,Y,NA,-,-,0,0,2,0,0,0,0,0,0,-,-,NA,NA,LOS ANGELES,LOS ANGELES,-118.46618002,34.19392009
8522389,2017,2018-01-03,1942,2017-12-14,2244,42460,2158,4,5,7,1942,0,0,0,NA,0,21A97,DE SOTO AV,VICTORY BL,45,S,N,A,-,N,NA,NA,NA,NA,NA,NA,NA,NA,NA,Y,4,0,1,2,A,-,01,23152,A,N,C,C,A,A,H,-,C,A,0,NA,NA,NA,NA,Y,Y,A,01,0,0,1,0,0,0,0,0,0,-,-,NA,NA,LOS ANGELES,LOS ANGELES,-118.58839763,34.18823657
8522390,2017,2018-01-04,1942,2017-12-13,0930,35433,0985,3,5,7,1942,0,0,0,I,0,9A89,BEVERLY GLEN BL,VENTURA BL,0,NA,Y,A,-,N,NA,NA,NA,NA,NA,NA,NA,NA,NA,Y,4,0,1,2,D,-,00,NA,NA,N,D,C,A,A,H,-,A,A,0,NA,NA,NA,NA,Y,NA,-,-,0,0,1,0,0,0,0,0,0,-,-,NA,NA,LOS ANGELES,LOS ANGELES,-118.44584,34.15045008
8522393,2017,2018-01-03,1942,2017-12-13,1400,32372,2139,3,5,7,1942,0,0,0,NA,0,21A29,SATICOY ST,OSO AV,410,E,N,A,-,N,NA,NA,NA,NA,NA,NA,NA,NA,NA,N,3,0,2,2,A,-,07,21658,A,F,C,C,A,A,H,-,A,D,0,NA,NA,NA,NA,Y,NA,A,01,0,1,1,0,0,0,0,0,0,-,-,NA,NA,LOS ANGELES,LOS ANGELES,-118.57402626,34.20835645
8522394,2017,2018-01-04,1942,2017-12-14,1010,40165,0941,4,5,7,1942,0,0,0,I,0,9A41,KESTER AV,OXNARD ST,0,NA,Y,A,-,N,NA,NA,NA,NA,NA,NA,NA,NA,NA,Y,3,0,4,2,A,-,12,21453,A,N,D,A,A,A,H,-,A,A,0,NA,NA,NA,NA,Y,NA,A,07,0,2,2,0,0,0,0,0,0,-,-,NA,NA,LOS ANGELES,LOS ANGELES,-118.45744004,34.17939008
8522397,2017,2018-01-03,1942,2017-12-12,1500,38996,1776,2,5,7,1942,0,0,0,Q,0,17A95,NORDHOFF ST,BALBOA BL,700,W,N,A,-,N,NA,NA,NA,NA,NA,NA,NA,NA,NA,N,3,0,1,2,A,-,08,22107,NA,F,D,C,A,A,H,-,A,D,0,NA,NA,NA,NA,Y,NA,-,99,0,1,0,0,0,0,0,0,0,-,-,NA,NA,LOS ANGELES,LOS ANGELES,-118.50482178,34.23573
8522398,2017,2018-01-04,1942,2017-12-03,1520,32319,933,7,5,7,1942,0,0,0,NA,0,35M55,VAN NUYS BL,VICTORY BL,39,S,N,A,-,N,NA,NA,NA,NA,NA,NA,NA,NA,NA,N,3,0,1,2,A,-,09,21804,A,F,-,G,A,A,H,-,A,A,0,NA,Y,NA,NA,Y,NA,L,04,0,1,0,0,0,0,1,0,0,-,-,NA,NA,LOS ANGELES,LOS ANGELES,-118.44873809,34.18656304
8522403,2017,2018-01-05,1910,2017-12-12,1549,04445,NA,2,5,4,1910,0,0,0,NA,0,007,WILSHIRE BL,S ELM DR,0,NA,Y,A,-,N,NA,NA,NA,NA,NA,NA,NA,NA,NA,Y,3,0,1,2,A,-,09,21801,A,N,A,C,A,A,H,-,A,D,0,NA,NA,NA,NA,Y,NA,A,01,0,1,0,0,0,0,0,0,0,-,-,34.06693,-118.39489,LOS ANGELES,BEVERLY HILLS,-118.39488006,34.06704003
8522407,2017,2018-01-05,1910,2017-12-01,1530,03633,NA,5,5,4,1910,0,0,0,NA,0,006,SUNSET BL,CANON DR,0,NA,Y,A,-,N,NA,NA,NA,NA,NA,NA,NA,NA,NA,N,3,0,1,2,A,-,11,21456,B,N,G,B,B,A,H,-,A,A,0,Y,NA,NA,NA,Y,NA,N,60,0,1,0,0,1,0,0,0,0,-,-,NA,NA,LOS ANGELES,BEVERLY HILLS,-118.41401,34.08010006
8522411,2017,2018-01-05,1910,2017-12-07,0535,03633,NA,4,5,4,1910,0,0,0,NA,0,006,CANON DR,LOMITAS AV,0,NA,Y,A,-,N,NA,NA,NA,NA,NA,NA,NA,NA,NA,Y,4,0,1,2,A,-,00,22450,B,N,D,C,A,A,H,-,A,D,0,NA,NA,NA,NA,Y,NA,A,01,0,0,1,0,0,0,0,0,0,-,-,NA,NA,LOS ANGELES,BEVERLY HILLS,-118.41165005,34.07964004
8522415,2017,2018-01-05,1967,2017-12-09,0108,141,NA,6,5,2,1967,0,0,0,NA,0,SOUTH,ORANGE AV,23RD,277,S,N,A,-,N,NA,NA,NA,NA,NA,NA,NA,NA,NA,Y,3,0,1,2,A,-,01,23152,A,N,B,E,A,A,H,-,C,D,0,NA,NA,NA,NA,Y,Y,A,07,0,1,0,0,0,0,0,0,0,-,-,NA,NA,LOS ANGELES,SIGNAL HILL,-118.17634,33.79815038
8522419,2017,2018-01-05,1942,2017-12-06,1416,37715,0745,3,5,7,1942,0,0,0,G,0,NA,RIDGELEY DR,9TH ST,23,S,N,A,-,N,NA,NA,NA,NA,NA,NA,NA,NA,NA,N,3,0,1,1,C,-,18,NA,NA,N,H,J,A,A,H,-,A,D,0,NA,Y,NA,NA,Y,NA,-,-,0,1,0,0,0,0,1,0,0,-,-,NA,NA,LOS ANGELES,LOS ANGELES,-118.35187401,34.05894017
8522423,2017,2018-01-05,1942,2017-12-01,1755,41858,0723,5,5,7,1942,0,0,0,G,0,7TL38,S CRESCENT HEIGHTS BL,BLACKBURN AV,0,NA,Y,A,-,N,NA,NA,NA,NA,NA,NA,NA,NA,NA,N,3,0,1,2,A,-,09,21801,A,N,D,C,A,A,H,-,C,D,0,NA,NA,Y,NA,Y,NA,A,01,0,1,0,0,0,0,0,0,1,-,-,NA,NA,LOS ANGELES,LOS ANGELES,-118.3657701,34.07124011