CASE_ID,ACCIDENT_YEAR,PROC_DATE,JURIS,COLLISION_DATE,COLLISION_TIME,OFFICER_ID,REPORTING_DISTRICT,DAY_OF_WEEK,CHP_SHIFT,POPULATION,CNTY_CITY_LOC,SPECIAL_COND,BEAT_TYPE,CHP_BEAT_TYPE,CITY_DIVISION_LAPD,CHP_BEAT_CLASS,BEAT_NUMBER,PRIMARY_RD,SECONDARY_RD,DISTANCE,DIRECTION,INTERSECTION,WEATHER_1,WEATHER_2,STATE_HWY_IND,CALTRANS_COUNTY,CALTRANS_DISTRICT,STATE_ROUTE,ROUTE_SUFFIX,POSTMILE_PREFIX,POSTMILE,LOCATION_TYPE,RAMP_INTERSECTION,SIDE_OF_HWY,TOW_AWAY,COLLISION_SEVERITY,NUMBER_KILLED,NUMBER_INJURED,PARTY_COUNT,PRIMARY_COLL_FACTOR,PCF_CODE_OF_VIOL,PCF_VIOL_CATEGORY,PCF_VIOLATION,PCF_VIOL_SUBSECTION,HIT_AND_RUN,TYPE_OF_COLLISION,MVIW,PED_ACTION,ROAD_SURFACE,ROAD_COND_1,ROAD_COND_2,LIGHTING,CONTROL_DEVICE,CHP_ROAD_TYPE,PEDESTRIAN_ACCIDENT,BICYCLE_ACCIDENT,MOTORCYCLE_ACCIDENT,TRUCK_ACCIDENT,NOT_PRIVATE_PROPERTY,ALCOHOL_INVOLVED,STWD_VEHTYPE_AT_FAULT,CHP_VEHTYPE_AT_FAULT,COUNT_SEVERE_INJ,COUNT_VISIBLE_INJ,COUNT_COMPLAINT_PAIN,COUNT_PED_KILLED,COUNT_PED_INJURED,COUNT_BICYCLIST_KILLED,COUNT_BICYCLIST_INJURED,COUNT_MC_KILLED,COUNT_MC_INJURED,PRIMARY_RAMP,SECONDARY_RAMP,LATITUDE,LONGITUDE,COUNTY,CITY,POINT_X,POINT_Y
8525433,2017,2018-01-16,1900,2017-10-31,0750,548644,0333,2,5,4,1939,0,0,0,NA,0,35T1D,INGLEWOOD AV,160TH ST,0,NA,Y,C,-,N,NA,NA,NA,NA,NA,NA,NA,NA,NA,Y,3,0,1,2,A,-,09,21801,A,N,D,C,A,B,H,-,A,D,0,NA,NA,NA,Y,Y,NA,F,26,0,1,0,0,0,0,0,0,0,-,-,NA,NA,LOS ANGELES,LAWNDALE,-118.36136003,33.88544001
8525435,2017,2018-01-10,1942,2017-10-30,2345,36814,NA,1,5,7,1942,0,0,0,NA,0,NA,VERMONT AV,SANTA MONICA BL,190,S,N,B,-,N,NA,NA,NA,NA,NA,NA,NA,NA,NA,N,3,0,1,2,A,-,11,21955,NA,N,G,B,D,-,H,-,C,D,0,Y,NA,NA,NA,Y,Y,N,60,0,1,0,0,1,0,0,0,0,-,-,NA,NA,LOS ANGELES,LOS ANGELES,-118.29174,34.09034899
8525439,2017,2018-01-10,1942,2017-10-11,1830,42055,1345,3,5,7,1942,0,0,0,M,0,13X17,ZAMORA ST,41ST PL,126,S,N,A,-,N,NA,NA,NA,NA,NA,NA,NA,NA,NA,N,2,0,1,2,A,-,11,21954,A,F,B,B,D,A,H,-,B,D,0,Y,NA,NA,NA,Y,Y,N,60,1,0,0,0,1,0,0,0,0,-,-,NA,NA,LOS ANGELES,LOS ANGELES,-118.25294323,34.0089345
8525446,2017,2018-01-16,1942,2017-12-11,2220,41870,0522,1,5,7,1942,0,0,0,E,0,25TL27,WILMINGTON BL,WEST G ST,70,N,N,A,-,N,NA,NA,NA,NA,NA,NA,NA,NA,NA,Y,4,0,2,3,A,-,03,22350,NA,N,B,E,A,A,H,-,C,D,0,NA,NA,NA,NA,Y,NA,A,07,0,0,2,0,0,0,0,0,0,-,-,NA,NA,LOS ANGELES,LOS ANGELES,-118.27405128,33.77807175
8525450,2017,2018-01-16,1942,2017-12-20,1900,411L67,0521,3,5,7,1942,0,0,0,E,0,5Z3,WESTERN AV,WESTMONT DR,200,N,N,A,-,N,NA,NA,NA,NA,NA,NA,NA,NA,NA,Y,3,0,2,2,A,-,08,22107,NA,N,D,D,A,B,H,-,C,D,0,NA,NA,NA,NA,Y,NA,D,22,0,2,0,0,0,0,0,0,0,-,-,NA,NA,LOS ANGELES,LOS ANGELES,-118.31140274,33.76357457
8525454,2017,2018-01-16,1942,2017-12-04,1640,38720,0519,1,5,7,1942,0,0,0,E,0,5A24,PACIFIC COAST HWY,SANFORD AV,0,NA,Y,A,-,N,NA,NA,NA,NA,NA,NA,NA,NA,NA,Y,3,0,2,2,A,-,09,21801,A,N,D,C,A,A,H,-,A,A,0,NA,NA,NA,NA,Y,NA,D,22,0,1,1,0,0,0,0,0,0,-,-,NA,NA,LOS ANGELES,LOS ANGELES,-118.25101009,33.7908901
8525458,2017,2018-06-15,1942,2017-12-04,0835,42770,0532,1,5,7,1942,0,0,0,E,0,SA15,PACIFIC COAST HWY,BAYVIEW AV,0,NA,Y,A,-,Y,LA,7,1,-,-,10.97,H,-,S,Y,4,0,2,2,A,-,03,22350,NA,N,C,C,A,A,H,-,A,D,0,NA,NA,NA,Y,Y,NA,A,01,0,0,2,0,0,0,0,0,0,-,-,NA,NA,LOS ANGELES,LOS ANGELES,-118.27093036,33.79070639
8525462,2017,2018-01-16,1942,2017-12-13,0635,31288,0506,3,5,7,1942,0,0,0,E,0,NA,W CARSON ST,S NORMANDIE AV,0,NA,Y,A,-,N,NA,NA,NA,NA,NA,NA,NA,NA,NA,Y,4,0,2,3,A,-,09,21801,A,N,D,C,A,A,H,-,A,A,0,NA,NA,NA,NA,Y,NA,D,22,0,0,2,0,0,0,0,0,0,-,-,NA,NA,LOS ANGELES,LOS ANGELES,-118.29958002,33.83155003
8525468,2017,2018-01-17,1900,2017-12-27,1940,525763,0533,3,5,5,1959,0,0,0,NA,0,53T1PM,DELTA AV,RUSH ST,1,S,N,A,-,N,NA,NA,NA,NA,NA,NA,NA,NA,NA,N,4,0,1,2,A,-,10,21950,A,N,D,B,B,A,H,-,C,A,0,Y,NA,NA,NA,Y,NA,D,22,0,0,1,0,1,0,0,0,0,-,-,NA,NA,LOS ANGELES,ROSEMEAD,-118.08619,34.05170726
8525470,2017,2018-01-16,1942,2017-12-27,0610,41167,0526,3,5,7,1942,0,0,0,E,0,5A25,ANAHEIM ST,AVALON BL,0,NA,Y,A,-,N,NA,NA,NA,NA,NA,NA,NA,NA,NA,N,4,0,1,3,A,-,10,21950,A,N,G,B,B,A,H,-,B,A,0,Y,NA,NA,NA,Y,NA,D,22,0,0,1,0,1,0,0,0,0,-,-,NA,NA,LOS ANGELES,LOS ANGELES,-118.26245004,33.77998006
8525472,2017,2018-01-17,1900,2017-12-14,1720,525763,0533,4,5,5,1959,0,0,0,NA,0,53T1PM,GARVEY AV,CHARLOTTE AV,180,W,N,A,-,N,NA,NA,NA,NA,NA,NA,NA,NA,NA,N,4,0,2,2,A,-,09,21801,A,N,D,C,A,A,H,-,C,D,0,NA,NA,NA,NA,Y,NA,A,01,0,0,2,0,0,0,0,0,0,-,-,34.06275,-118.0889,LOS ANGELES,ROSEMEAD,-118.08892303,34.06265
8525474,2017,2018-01-16,1942,2017-12-25,1710,38167,0503,1,5,7,1942,0,0,0,E,0,5A12,PACIFIC COAST HWY,VERMONT AV,100,W,N,A,-,N,NA,NA,NA,NA,NA,NA,NA,NA,NA,Y,4,0,1,2,A,-,03,22350,NA,F,C,C,A,A,H,-,C,A,0,NA,NA,NA,NA,Y,NA,D,22,0,0,1,0,0,0,0,0,0,-,-,NA,NA,LOS ANGELES,LOS ANGELES,-118.29206848,33.79101
8525478,2017,2018-01-16,1942,2017-12-16,1100,42694,0585,6,5,7,1942,0,0,0,E,0,5A85,24TH ST,GAFFEY ST,100,E,N,A,-,N,NA,NA,NA,NA,NA,NA,NA,NA,NA,N,3,0,1,3,A,-,03,22350,NA,N,C,E,A,A,H,-,A,D,0,NA,NA,NA,NA,Y,NA,D,22,0,1,0,0,0,0,0,0,0,-,-,NA,NA,LOS ANGELES,LOS ANGELES,-118.29209188,33.7224567
8525486,2017,2018-03-05,1942,2017-12-12,0826,31152,1151,2,5,7,1942,0,0,0,K,0,11A51,SUNSET BL,VERMONT AV,100,W,N,A,-,N,NA,NA,NA,NA,NA,NA,NA,NA,NA,N,4,0,1,2,A,-,03,22350,NA,F,B,E,A,A,H,-,A,D,0,NA,NA,NA,Y,Y,NA,-,-,0,0,1,0,0,0,0,0,0,-,-,NA,NA,LOS ANGELES,LOS ANGELES,-118.29209967,34.09815
8525494,2017,2018-01-17,1942,2017-12-13,1225,40099,1377,3,5,7,1942,0,0,0,M,0,13A75,LONG BEACH AV,SLAUSON AV,100,N,N,A,-,N,NA,NA,NA,NA,NA,NA,NA,NA,NA,N,2,0,1,2,C,-,18,NA,NA,N,H,F,F,A,H,-,A,D,0,Y,NA,NA,NA,Y,NA,-,-,1,0,0,0,1,0,0,0,0,-,-,NA,NA,LOS ANGELES,LOS ANGELES,-118.24365724,33.98945467
8525502,2017,2018-03-05,1942,2017-12-11,1145,32973,0192,1,5,7,1942,0,0,0,A,0,1A61,W PICO BL,S GRAND AV,0,NA,Y,A,-,N,NA,NA,NA,NA,NA,NA,NA,NA,NA,N,4,0,1,2,A,-,10,21950,A,N,G,B,B,A,H,-,A,A,0,Y,NA,NA,NA,Y,NA,-,-,0,0,1,0,1,0,0,0,0,-,-,NA,NA,LOS ANGELES,LOS ANGELES,-118.26432006,34.03889009
8525503,2017,2018-01-16,1942,2017-12-03,2025,34458,0265,7,5,7,1942,0,0,0,B,0,24T32,W 7TH ST,ALVARADO ST,30,W,N,A,-,N,NA,NA,NA,NA,NA,NA,NA,NA,NA,Y,4,0,1,2,A,-,01,23152,A,N,C,C,A,A,H,-,C,A,0,NA,NA,NA,NA,Y,Y,A,01,0,0,1,0,0,0,0,0,0,-,-,NA,NA,LOS ANGELES,LOS ANGELES,-118.27689654,34.05651976
8525515,2017,2019-04-10,1942,2017-12-01,1815,33452,0407,5,5,7,1942,0,0,0,D,0,4A3,MONTEREY RD,HUNTINGTON DR N,15,N,N,A,-,N,NA,NA,NA,NA,NA,NA,NA,NA,NA,N,1,1,0,2,A,-,11,21453,D,N,G,B,B,A,H,-,C,A,0,Y,NA,NA,NA,Y,NA,N,60,0,0,0,1,0,0,0,0,0,-,-,NA,NA,LOS ANGELES,LOS ANGELES,-118.1875,34.08626113
8525519,2017,2018-01-16,1942,2017-12-07,2100,39586,NA,4,5,7,1942,0,0,0,NA,0,NA,WABASH AV,STONE ST,90,W,N,A,-,N,NA,NA,NA,NA,NA,NA,NA,NA,NA,Y,3,0,4,2,A,-,01,23152,A,N,D,C,A,A,H,-,C,D,0,NA,NA,NA,NA,Y,Y,D,22,0,2,2,0,0,0,0,0,0,-,-,NA,NA,LOS ANGELES,LOS ANGELES,-118.19487221,34.04913521
8525521,2017,2018-01-11,1900,2017-12-14,0900,548644,0333,4,5,4,1939,0,0,0,NA,0,35T1D,REDONDO BEACH BL,GREVILLEA AV,0,NA,Y,A,-,N,NA,NA,NA,NA,NA,NA,NA,NA,NA,Y,3,0,2,2,A,-,12,21453,A,N,A,C,A,A,H,-,A,A,0,NA,NA,NA,NA,Y,NA,A,01,0,2,0,0,0,0,0,0,0,-,-,NA,NA,LOS ANGELES,LAWNDALE,-118.35483001,33.87278002
8525525,2017,2018-01-11,1900,2017-12-12,1542,540340,0331,2,5,4,1939,0,0,0,NA,0,35T1,MARINE AV,OSAGE AV,0,NA,Y,A,-,N,NA,NA,NA,NA,NA,NA,NA,NA,NA,N,3,0,1,2,A,-,04,21703,NA,N,C,C,A,A,H,-,A,D,0,NA,NA,Y,NA,Y,NA,C,02,0,1,0,0,0,0,0,0,1,-,-,NA,NA,LOS ANGELES,LAWNDALE,-118.34617002,33.89465004
8525529,2017,2018-01-11,1900,2017-12-14,0830,462141,2111,4,5,5,1943,0,0,0,NA,0,212T4,STATE ST,MARTIN LUTHER KING JR BL,0,NA,Y,A,-,N,NA,NA,NA,NA,NA,NA,NA,NA,NA,N,4,0,1,2,A,-,09,21801,A,N,D,C,A,A,H,-,A,A,0,NA,NA,NA,NA,Y,NA,A,01,0,0,1,0,0,0,0,0,0,-,-,NA,NA,LOS ANGELES,LYNWOOD,-118.2156,33.93705
8525533,2017,2018-01-11,1900,2017-12-24,2340,602967,1614,7,5,5,1977,0,0,0,NA,0,1605,CAIRO AV,VICTORIA ST,300,N,N,A,-,N,NA,NA,NA,NA,NA,NA,NA,NA,NA,Y,3,0,1,2,A,-,08,22107,NA,N,C,C,A,A,H,-,C,D,0,NA,NA,NA,NA,Y,NA,A,01,0,1,0,0,0,0,0,0,0,-,-,NA,NA,LOS ANGELES,CARSON,-118.27228,33.86636
8525585,2017,2018-01-11,1900,2017-12-29,1432,531921,0525,5,5,4,1971,0,0,0,NA,0,5251DM,PERSIMMON AV,FREER ST,0,NA,Y,A,-,N,NA,NA,NA,NA,NA,NA,NA,NA,NA,Y,3,0,1,1,A,-,01,23152,A,N,E,I,A,A,H,-,A,A,0,NA,NA,NA,NA,Y,Y,A,01,0,1,0,0,0,0,0,0,0,-,-,34.09957,-118.03539,LOS ANGELES,TEMPLE CITY,-118.0354601,34.09957012
8525589,2017,2018-01-11,1900,2017-12-26,1200,509080,0533,2,5,5,1959,0,0,0,NA,0,53AAM,WALNUT GROVE AV,RAMONA AV,168,N,N,A,-,N,NA,NA,NA,NA,NA,NA,NA,NA,NA,N,4,0,1,4,A,-,03,22350,NA,N,C,C,A,A,H,-,A,D,0,NA,NA,NA,NA,Y,NA,A,07,0,0,1,0,0,0,0,0,0,-,-,34.0704,-118.082,LOS ANGELES,ROSEMEAD,-118.082079,34.070431
8525593,2017,2018-01-11,1900,2017-12-24,2045,600819,0523,7,5,4,1971,0,0,0,NA,0,52T1PM,CLOVERLY AV,DAINES DR,46,S,N,A,-,N,NA,NA,NA,NA,NA,NA,NA,NA,NA,N,3,0,1,2,A,-,21,22106,NA,N,B,G,A,A,H,-,C,D,0,NA,Y,NA,NA,Y,NA,A,01,0,1,0,0,0,0,1,0,0,-,-,34.0986,-118.062,LOS ANGELES,TEMPLE CITY,-118.06215306,34.09863588
8525597,2017,2018-01-11,1900,2017-12-22,0746,530855,0523,5,5,4,1971,0,0,0,NA,0,52T1AM,TEMPLE CITY BL,BROADWAY,0,NA,Y,A,-,N,NA,NA,NA,NA,NA,NA,NA,NA,NA,Y,3,0,2,2,A,-,09,21801,A,N,D,C,A,A,H,-,A,A,0,NA,NA,NA,NA,Y,NA,A,01,0,1,1,0,0,0,0,0,0,-,-,34.1005,-118.0596,LOS ANGELES,TEMPLE CITY,-118.05962,34.10048001
8525605,2017,2018-01-17,1942,2017-12-23,1255,36460,1137,6,5,7,1942,0,0,0,K,0,24T251,N AVE 51,MONTE VISTA ST,0,NA,Y,A,-,N,NA,NA,NA,NA,NA,NA,NA,NA,NA,Y,4,0,1,3,A,-,09,21802,A,N,D,C,A,B,H,-,A,A,0,NA,NA,NA,NA,Y,NA,A,01,0,0,1,0,0,0,0,0,0,-,-,NA,NA,LOS ANGELES,LOS ANGELES,-118.20244002,34.10784005
8525607,2017,2018-01-11,1900,2017-11-10,1005,548644,0334,5,5,4,1939,0,0,0,NA,0,35T1D,HAWTHORNE BL,166TH ST,0,NA,Y,A,-,N,NA,NA,NA,NA,NA,NA,NA,NA,NA,Y,3,0,2,2,A,-,12,21453,A,N,D,C,A,A,H,-,A,A,0,NA,NA,NA,NA,Y,NA,A,07,0,2,0,0,0,0,0,0,0,-,-,NA,NA,LOS ANGELES,LAWNDALE,-118.35271013,33.88013009
8525611,2017,2018-01-11,1900,2017-11-19,1648,602267,0334,7,5,4,1939,0,0,0,NA,0,35T1P,OSAGE AV,164TH ST,20,N,N,A,-,N,NA,NA,NA,NA,NA,NA,NA,NA,NA,N,3,0,1,2,A,-,09,21802,A,N,H,G,A,A,H,-,A,A,0,NA,Y,NA,NA,Y,NA,A,01,0,1,0,0,0,0,1,0,0,-,-,NA,NA,LOS ANGELES,LAWNDALE,-118.34614935,33.88192485
8525623,2017,2018-01-11,1900,2017-11-22,1800,610410,0332,3,5,4,1939,0,0,0,NA,0,35T1P,HAWTHORNE BL,154TH ST,0,NA,Y,A,-,N,NA,NA,NA,NA,NA,NA,NA,NA,NA,N,3,0,1,2,A,-,12,21453,A,N,D,C,A,A,H,-,B,A,0,NA,NA,NA,NA,Y,NA,A,01,0,1,0,0,0,0,0,0,0,-,-,NA,NA,LOS ANGELES,LAWNDALE,-118.35274013,33.89101005
8525627,2017,2018-01-11,1900,2017-11-14,1604,602267,0334,2,5,4,1939,0,0,0,NA,0,35T1,OSAGE AV,MANHATTAN BEACH BL,10,S,N,A,-,N,NA,NA,NA,NA,NA,NA,NA,NA,NA,N,3,0,1,2,A,-,09,21801,A,N,H,G,A,A,H,-,A,D,0,NA,Y,NA,NA,Y,NA,A,01,0,1,0,0,0,0,1,0,0,-,-,NA,NA,LOS ANGELES,LAWNDALE,-118.34615,33.88743257
8525631,2017,2018-01-11,1900,2017-11-20,1700,602267,0333,1,5,4,1939,0,0,0,NA,0,35T1P,INGLEWOOD AV,160TH ST,0,NA,Y,A,-,N,NA,NA,NA,NA,NA,NA,NA,NA,NA,N,3,0,1,3,A,-,09,21801,A,N,B,C,A,A,H,-,A,D,0,NA,NA,NA,NA,Y,NA,A,01,0,1,0,0,0,0,0,0,0,-,-,NA,NA,LOS ANGELES,LAWNDALE,-118.36136003,33.88544001
8525635,2017,2018-01-11,1900,2017-11-14,0850,610410,0331,2,5,4,1939,0,0,0,NA,0,35T1D,MARINE AV,EASTWOOD AV,11,S,N,A,-,N,NA,NA,NA,NA,NA,NA,NA,NA,NA,N,3,0,1,2,A,-,12,22450,A,N,H,G,A,A,H,-,A,A,0,NA,Y,NA,NA,Y,NA,A,01,0,1,0,0,0,0,1,0,0,-,-,NA,NA,LOS ANGELES,LAWNDALE,-118.34754,33.89465
8525639,2017,2018-01-11,1900,2017-11-17,0002,523209,0332,5,5,4,1939,0,0,0,NA,0,35T1,INGLEWOOD AV,147TH ST,250,N,N,A,-,N,NA,NA,NA,NA,NA,NA,NA,NA,NA,Y,3,0,1,2,A,-,03,22350,A,N,C,C,A,A,H,-,C,A,0,NA,NA,NA,NA,Y,NA,A,01,0,1,0,0,0,0,0,0,0,-,-,NA,NA,LOS ANGELES,LAWNDALE,-118.36129669,33.89897561
8525643,2017,2018-01-30,1900,2017-11-23,1513,540340,0334,4,5,4,1939,0,0,0,NA,0,35T1P,HAWTHORNE BL,170TH ST,94,N,N,A,-,N,NA,NA,NA,NA,NA,NA,NA,NA,NA,Y,3,0,1,2,A,-,04,21703,NA,N,-,C,A,A,H,-,A,-,0,NA,NA,NA,NA,Y,NA,A,01,0,1,0,0,0,0,0,0,0,-,-,NA,NA,LOS ANGELES,LAWNDALE,-118.35271,33.87688782
8525647,2017,2018-01-11,1900,2017-11-06,1813,602267,0334,1,5,4,1939,0,0,0,NA,0,35T1,ROSECRANS AV,MANSEL AV,0,NA,Y,A,-,N,NA,NA,NA,NA,NA,NA,NA,NA,NA,N,4,0,1,2,A,-,09,21801,A,N,D,C,A,A,H,-,C,D,0,NA,NA,NA,NA,Y,NA,A,01,0,0,1,0,0,0,0,0,0,-,-,NA,NA,LOS ANGELES,LAWNDALE,-118.35585003,33.90191005
8525651,2017,2018-01-11,1900,2017-11-18,0748,548644,0332,6,5,4,1939,0,0,0,NA,0,35T1D,HAWTHORNE BL,154TH ST,0,NA,Y,A,-,N,NA,NA,NA,NA,NA,NA,NA,NA,NA,Y,4,0,1,2,A,-,12,21453,A,N,D,C,A,A,H,-,A,A,0,NA,NA,NA,NA,Y,NA,A,07,0,0,1,0,0,0,0,0,0,-,-,NA,NA,LOS ANGELES,LAWNDALE,-118.35274013,33.89101005
8525661,2017,2018-01-17,1942,2017-12-29,1200,30128,0663,5,5,7,1942,0,0,0,F,0,20TL56,SANTA MONICA BL,MC CADDEN PL,0,NA,Y,A,-,N,NA,NA,NA,NA,NA,NA,NA,NA,NA,Y,4,0,1,2,A,-,04,21703,NA,N,C,C,A,A,H,-,A,D,0,NA,NA,NA,NA,Y,NA,I,11,0,0,1,0,0,0,0,0,0,-,-,NA,NA,LOS ANGELES,LOS ANGELES,-118.3374401,34.09070001
8525669,2017,2018-02-02,1942,2017-11-21,1200,40927,0638,2,5,7,1942,0,0,0,F,0,6A36W4,N WILTON PL,FRANKLIN AV,0,NA,Y,A,-,N,NA,NA,NA,NA,NA,NA,NA,NA,NA,N,4,0,1,2,A,-,10,21950,NA,N,G,B,B,A,H,-,A,A,0,Y,NA,NA,NA,Y,NA,D,22,0,0,1,0,1,0,0,0,0,-,-,NA,NA,LOS ANGELES,LOS ANGELES,-118.31366004,34.10534007
8525673,2017,2018-01-17,1942,2017-12-15,0740,26281,0642,5,5,7,1942,0,0,0,F,0,6A31,SUNSET BL,GENESEE AV,30,E,N,A,-,N,NA,NA,NA,NA,NA,NA,NA,NA,NA,N,4,0,1,2,A,-,03,22350,NA,N,C,C,A,A,H,-,A,A,0,NA,NA,NA,NA,Y,NA,D,22,0,0,1,0,0,0,0,0,0,-,-,NA,NA,LOS ANGELES,LOS ANGELES,-118.35821109,34.09806
8525683,2017,2018-01-17,1942,2017-12-24,1800,39523,0557,7,5,7,1942,0,0,0,E,0,5A58,GAFFEY ST,2ND ST,20,S,N,A,-,N,NA,NA,NA,NA,NA,NA,NA,NA,NA,N,4,0,2,2,A,-,04,21703,NA,N,C,C,A,A,H,-,C,D,0,NA,NA,NA,NA,Y,NA,-,NA,0,0,2,0,0,0,0,0,0,-,-,NA,NA,LOS ANGELES,LOS ANGELES,-118.29232112,33.74237516
8525684,2017,2018-01-17,1942,2017-12-07,2005,34332,0235,4,5,7,1942,0,0,0,B,0,2A17,BEVERLY BL,CORONADO ST,20,E,N,A,-,N,NA,NA,NA,NA,NA,NA,NA,NA,NA,Y,4,0,4,6,A,-,07,21658,A,F,B,C,A,A,H,-,C,A,0,NA,NA,NA,NA,Y,NA,A,07,0,0,4,0,0,0,0,0,0,-,-,NA,NA,LOS ANGELES,LOS ANGELES,-118.2758135,34.06906175
8525687,2017,2018-06-15,1942,2017-12-17,1010,31324,0513,7,5,7,1942,0,0,0,E,0,5A11,BIXBY AV,PACIFIC COAST HWY,198,N,N,A,-,Y,LA,7,1,-,-,12.12,I,6,N,N,4,0,1,2,A,-,21,22106,NA,F,H,C,A,A,H,-,A,A,0,NA,NA,NA,NA,Y,NA,-,99,0,0,1,0,0,0,0,0,0,-,-,NA,NA,LOS ANGELES,LOS ANGELES,-118.29087461,33.79106225
8525688,2017,2018-01-17,1942,2017-12-11,1540,41661,0271,1,5,7,1942,0,0,0,B,0,2A75,W OLYMPIC BL,S PARK VIEW ST,0,NA,Y,A,-,N,NA,NA,NA,NA,NA,NA,NA,NA,NA,Y,4,0,1,2,A,-,09,21801,A,F,D,C,A,A,H,-,A,D,0,NA,NA,NA,NA,Y,NA,A,01,0,0,1,0,0,0,0,0,0,-,-,NA,NA,LOS ANGELES,LOS ANGELES,-118.2835801,34.05238007
8525691,2017,2018-01-17,1942,2017-12-22,1910,39785,1178,5,5,7,1942,0,0,0,K,0,11A89,FIGUEROA ST,AMABEL ST,100,S,N,A,-,N,NA,NA,NA,NA,NA,NA,NA,NA,NA,N,4,0,3,2,A,-,03,22350,A,N,C,C,A,A,H,-,C,A,0,NA,NA,NA,NA,Y,NA,-,99,0,0,3,0,0,0,0,0,0,-,-,NA,NA,LOS ANGELES,LOS ANGELES,-118.21592688,34.08837123
8525692,2017,2018-01-17,1942,2017-12-02,1825,33452,0233,6,5,7,1942,0,0,0,B,0,2A17,W 3RD ST,BENTON WY,46,E,N,A,-,N,NA,NA,NA,NA,NA,NA,NA,NA,NA,N,2,0,1,2,A,-,11,21955,NA,N,G,B,D,A,H,-,C,D,0,Y,NA,NA,NA,Y,NA,N,60,1,0,0,0,1,0,0,0,0,-,-,NA,NA,LOS ANGELES,LOS ANGELES,-118.27956006,34.06662503
8525695,2017,2018-05-08,1942,2017-12-08,2250,42961,1137,5,5,7,1942,0,0,0,K,0,11A17,TOLAND WY,EL PASO CT,485,S,N,A,-,N,NA,NA,NA,NA,NA,NA,NA,NA,NA,N,4,0,3,2,B,-,22,NA,NA,F,C,E,A,A,H,-,C,D,0,NA,NA,NA,NA,Y,NA,A,01,0,0,3,0,0,0,0,0,0,-,-,NA,NA,LOS ANGELES,LOS ANGELES,-118.22384114,34.12066054
8525696,2017,2018-01-17,1942,2017-12-04,1845,34458,0238,1,5,7,1942,0,0,0,B,0,24T322,W 1ST ST,EDGEWARE RD,10,N,N,A,-,N,NA,NA,NA,NA,NA,NA,NA,NA,NA,Y,4,0,1,2,A,-,09,21802,B,F,D,C,A,A,H,-,C,A,0,NA,NA,NA,NA,Y,NA,-,99,0,0,1,0,0,0,0,0,0,-,-,NA,NA,LOS ANGELES,LOS ANGELES,-118.25793883,34.06099328
8525699,2017,2018-01-17,1942,2017-12-09,1410,40643,1172,6,5,7,1942,0,0,0,K,0,11A71,DUANE ST,SILVERLAKE BL,90,E,N,A,-,N,NA,NA,NA,NA,NA,NA,NA,NA,NA,N,4,0,1,2,A,-,10,21954,B,F,G,B,E,A,H,-,A,D,0,Y,NA,NA,NA,Y,NA,-,99,0,0,1,0,1,0,0,0,0,-,-,NA,NA,LOS ANGELES,LOS ANGELES,-118.263766,34.0919474
8525700,2017,2018-01-17,1942,2017-12-11,1730,40099,0422,1,5,7,1942,0,0,0,D,0,4A15,GRIFFIN AV,MANITOU AV,7,W,N,A,-,N,NA,NA,NA,NA,NA,NA,NA,NA,NA,N,4,0,1,2,A,-,10,21950,A,N,G,B,B,A,H,-,C,A,0,Y,NA,NA,NA,Y,NA,A,01,0,0,1,0,1,0,0,0,0,-,-,NA,NA,LOS ANGELES,LOS ANGELES,-118.21168,34.0719
8525703,2017,2018-03-16,1942,2017-12-10,1730,40643,1177,7,5,7,1942,0,0,0,K,0,11A89,AVE 28,HURON ST,0,NA,Y,A,-,N,NA,NA,NA,NA,NA,NA,NA,NA,NA,N,4,0,1,2,A,-,09,21802,NA,F,D,C,A,A,H,-,C,A,0,NA,NA,NA,NA,Y,NA,-,99,0,0,1,0,0,0,0,0,0,-,-,NA,NA,LOS ANGELES,LOS ANGELES,-118.22196008,34.08547006
8525704,2017,2018-01-17,1942,2017-12-07,2050,39586,0459,4,5,7,1942,0,0,0,D,0,4A59,DUNDAS ST,BLANCHARD ST,15,N,N,A,-,N,NA,NA,NA,NA,NA,NA,NA,NA,NA,N,4,0,2,2,A,-,08,22107,NA,F,B,C,A,A,H,-,C,D,0,NA,NA,NA,NA,Y,NA,-,99,0,0,2,0,0,0,0,0,0,-,-,NA,NA,LOS ANGELES,LOS ANGELES,-118.1924059,34.04607857
8525707,2017,2018-02-07,1942,2017-12-06,2230,35024,1132,3,5,7,1942,0,0,0,K,0,11A1,LOS FELIZ BL,TICA DR,7,W,N,A,-,N,NA,NA,NA,NA,NA,NA,NA,NA,NA,Y,2,0,5,3,A,-,05,21651,B,N,A,C,A,A,H,-,C,A,0,NA,NA,NA,NA,Y,NA,A,01,4,0,1,0,0,0,0,0,0,-,-,NA,NA,LOS ANGELES,LOS ANGELES,-118.27994277,34.11323686
8525711,2017,2018-01-17,1942,2017-12-14,0500,42657,1142,4,5,7,1942,0,0,0,K,0,11A1,HILLHURST AV,LOS FELIZ BL,81,S,N,A,-,N,NA,NA,NA,NA,NA,NA,NA,NA,NA,N,4,0,1,2,B,-,22,NA,NA,F,G,B,F,A,H,-,A,D,0,Y,NA,NA,NA,Y,NA,-,NA,0,0,1,0,1,0,0,0,0,-,-,NA,NA,LOS ANGELES,LOS ANGELES,-118.28743495,34.1116679
8525712,2017,2018-01-17,1942,2017-12-22,1510,41661,0132,5,5,7,1942,0,0,0,A,0,1A1,OLIVE ST,KOSCIUSZKO AV,81,S,N,A,-,N,NA,NA,NA,NA,NA,NA,NA,NA,NA,Y,3,0,2,2,A,-,08,22102,NA,N,D,C,A,A,H,-,A,D,0,NA,NA,Y,NA,Y,NA,A,01,0,1,1,0,0,0,0,0,1,-,-,NA,NA,LOS ANGELES,LOS ANGELES,-118.24954,34.053033
8525715,2017,2018-03-03,1942,2017-12-24,0740,36238,1151,7,5,7,1942,0,0,0,K,0,11A51,KENMORE AV,HOLLYWOOD BL,0,NA,Y,A,-,N,NA,NA,NA,NA,NA,NA,NA,NA,NA,Y,2,0,2,2,A,-,09,21802,A,N,D,C,A,A,H,-,A,D,0,NA,NA,NA,NA,Y,NA,A,01,1,0,1,0,0,0,0,0,0,-,-,NA,NA,LOS ANGELES,LOS ANGELES,-118.29727003,34.10177006