CASE_ID,ACCIDENT_YEAR,PROC_DATE,JURIS,COLLISION_DATE,COLLISION_TIME,OFFICER_ID,REPORTING_DISTRICT,DAY_OF_WEEK,CHP_SHIFT,POPULATION,CNTY_CITY_LOC,SPECIAL_COND,BEAT_TYPE,CHP_BEAT_TYPE,CITY_DIVISION_LAPD,CHP_BEAT_CLASS,BEAT_NUMBER,PRIMARY_RD,SECONDARY_RD,DISTANCE,DIRECTION,INTERSECTION,WEATHER_1,WEATHER_2,STATE_HWY_IND,CALTRANS_COUNTY,CALTRANS_DISTRICT,STATE_ROUTE,ROUTE_SUFFIX,POSTMILE_PREFIX,POSTMILE,LOCATION_TYPE,RAMP_INTERSECTION,SIDE_OF_HWY,TOW_AWAY,COLLISION_SEVERITY,NUMBER_KILLED,NUMBER_INJURED,PARTY_COUNT,PRIMARY_COLL_FACTOR,PCF_CODE_OF_VIOL,PCF_VIOL_CATEGORY,PCF_VIOLATION,PCF_VIOL_SUBSECTION,HIT_AND_RUN,TYPE_OF_COLLISION,MVIW,PED_ACTION,ROAD_SURFACE,ROAD_COND_1,ROAD_COND_2,LIGHTING,CONTROL_DEVICE,CHP_ROAD_TYPE,PEDESTRIAN_ACCIDENT,BICYCLE_ACCIDENT,MOTORCYCLE_ACCIDENT,TRUCK_ACCIDENT,NOT_PRIVATE_PROPERTY,ALCOHOL_INVOLVED,STWD_VEHTYPE_AT_FAULT,CHP_VEHTYPE_AT_FAULT,COUNT_SEVERE_INJ,COUNT_VISIBLE_INJ,COUNT_COMPLAINT_PAIN,COUNT_PED_KILLED,COUNT_PED_INJURED,COUNT_BICYCLIST_KILLED,COUNT_BICYCLIST_INJURED,COUNT_MC_KILLED,COUNT_MC_INJURED,PRIMARY_RAMP,SECONDARY_RAMP,LATITUDE,LONGITUDE,COUNTY,CITY,POINT_X,POINT_Y
8531635,2017,2018-01-17,1942,2017-12-17,1425,32366,0952,7,5,7,1942,0,0,0,I,0,35MQ13,SEPULVEDA BL,BURBANK BL,40,S,N,A,-,N,NA,NA,NA,NA,NA,NA,NA,NA,NA,N,3,0,2,2,A,-,03,22350,NA,N,C,C,A,A,H,-,A,D,0,NA,NA,NA,NA,Y,NA,A,01,0,1,1,0,0,0,0,0,0,-,-,NA,NA,LOS ANGELES,LOS ANGELES,-118.46615134,34.17198029
8531636,2017,2018-06-13,1926,2017-12-29,1121,0022,NA,5,5,5,1926,0,0,0,NA,0,004,SUNFLOWER AV,ARROW HWY,180,N,N,A,-,N,NA,NA,NA,NA,NA,NA,NA,NA,NA,N,4,0,1,2,A,-,09,21804,A,N,D,C,A,A,H,-,A,D,0,NA,NA,NA,NA,Y,NA,A,01,0,0,1,0,0,0,0,0,0,-,-,NA,NA,LOS ANGELES,GLENDORA,-117.84638,34.10722343
8531637,2017,2018-01-19,1942,2017-12-10,0340,40440,1232,7,5,7,1942,0,0,0,L,0,25TL45,CRENSHAW BL,59TH ST,40,S,N,A,-,N,NA,NA,NA,NA,NA,NA,NA,NA,NA,N,3,0,1,2,A,-,11,21956,A,F,G,B,E,A,H,-,C,D,0,Y,NA,NA,NA,Y,NA,N,60,0,1,0,0,1,0,0,0,0,-,-,NA,NA,LOS ANGELES,LOS ANGELES,-118.331007,33.987061
8531638,2017,2018-01-22,1975,2017-12-24,2006,431,NA,7,5,6,1975,0,0,0,NA,0,005,AMAR RD,TEMPLE AV,0,NA,Y,A,-,N,NA,NA,NA,NA,NA,NA,NA,NA,NA,Y,2,0,1,2,A,-,09,21453,C,N,D,C,A,A,H,-,C,A,0,NA,NA,NA,NA,Y,Y,-,NA,1,0,0,0,0,0,0,0,0,-,-,NA,NA,LOS ANGELES,WEST COVINA,-117.91008006,34.02920011
8531639,2017,2018-01-17,1942,2017-12-18,1355,35391,1039,1,5,7,1942,0,0,0,J,0,35M41,WOODLEY AV,VANOWEN ST,750,S,N,A,-,N,NA,NA,NA,NA,NA,NA,NA,NA,NA,Y,4,0,3,2,A,-,08,22102,NA,N,D,C,A,A,H,-,A,D,0,NA,NA,NA,NA,Y,NA,A,01,0,0,3,0,0,0,0,0,0,-,-,NA,NA,LOS ANGELES,LOS ANGELES,-118.48366,34.19185274
8531641,2017,2018-01-26,1942,2017-12-13,1915,40105,RD125,3,5,7,1942,0,0,0,NA,0,25T21,FLORENCE AV,CRENSHAW BL,0,NA,Y,A,-,N,NA,NA,NA,NA,NA,NA,NA,NA,NA,Y,3,0,4,6,A,-,12,21453,A,N,G,A,F,A,H,-,C,A,0,Y,NA,NA,NA,Y,NA,-,NA,0,3,1,0,2,0,0,0,0,-,-,NA,NA,LOS ANGELES,LOS ANGELES,-118.33089001,33.97454006
8531643,2017,2018-03-03,1942,2017-12-17,1150,39724,1557,7,5,7,1942,0,0,0,O,0,35U72,VINELAND AV,PEACH GROVE,0,NA,Y,A,-,N,NA,NA,NA,NA,NA,NA,NA,NA,NA,Y,2,0,3,2,A,-,09,21801,A,N,D,C,A,A,H,-,A,D,0,NA,NA,NA,NA,Y,NA,A,01,1,0,2,0,0,0,0,0,0,-,-,NA,NA,LOS ANGELES,LOS ANGELES,-118.37046002,34.15902001
8531645,2017,2018-01-19,1942,2017-12-06,1500,42867,18,3,5,7,1942,0,0,0,R,0,18A1,FLORENCE AV,ESTRELLA,0,NA,Y,A,-,N,NA,NA,NA,NA,NA,NA,NA,NA,NA,Y,2,0,2,3,A,-,03,22350,NA,F,G,B,F,A,H,-,A,D,0,Y,NA,NA,NA,Y,NA,A,01,1,1,0,0,2,0,0,0,0,-,-,NA,NA,LOS ANGELES,LOS ANGELES,-118.28489012,33.97466012
8531646,2017,2018-01-16,1975,2017-12-28,1255,426,NA,4,5,6,1975,0,0,0,NA,0,001,VINCENT AV,NORTH GARVEY AV,45,S,N,A,-,N,NA,NA,NA,NA,NA,NA,NA,NA,NA,Y,3,0,1,1,A,-,01,23152,A,N,A,I,A,A,H,-,A,D,0,NA,NA,NA,NA,Y,Y,D,22,0,1,0,0,0,0,0,0,0,-,-,NA,NA,LOS ANGELES,WEST COVINA,-117.92651534,34.07390729
8531647,2017,2018-01-17,1942,2017-12-17,1245,32366,1962,7,5,7,1942,0,0,0,NA,0,35MQ13,SEPULVEDA BL,LASSEN ST,270,S,N,A,-,N,NA,NA,NA,NA,NA,NA,NA,NA,NA,Y,3,0,3,2,A,-,03,22350,NA,N,B,C,A,A,H,-,A,D,0,NA,NA,NA,NA,Y,NA,A,01,0,1,2,0,0,0,0,0,0,-,-,NA,NA,LOS ANGELES,LOS ANGELES,-118.4675582,34.24929977
8531649,2017,2018-01-19,1942,2017-12-11,2000,39689,1881,1,5,7,1942,0,0,0,R,0,18A3,FIGUEROA,REDONDO BEACH,0,NA,Y,A,-,N,NA,NA,NA,NA,NA,NA,NA,NA,NA,N,4,0,1,2,A,-,03,22350,NA,N,C,C,A,-,H,-,C,A,0,NA,NA,NA,NA,Y,NA,-,-,0,0,1,0,0,0,0,0,0,-,-,NA,NA,LOS ANGELES,LOS ANGELES,-118.28305,33.89272001
8531650,2017,2018-01-22,1975,2017-12-11,1807,445,CITR6,1,5,6,1975,0,0,0,NA,0,003,CALIFORNIA AV,CAMERON AV,0,NA,Y,A,-,N,NA,NA,NA,NA,NA,NA,NA,NA,NA,Y,4,0,2,3,A,-,08,22107,A,N,A,C,A,A,H,-,C,A,0,NA,NA,NA,NA,Y,NA,-,NA,0,0,2,0,0,0,0,0,0,-,-,NA,NA,LOS ANGELES,WEST COVINA,-117.93495003,34.06392006
8531651,2017,2018-01-17,1942,2017-12-16,1730,32366,1969,6,5,7,1942,0,0,0,NA,0,35MQ13,TERRA BELLA ST,ARLETA AV,600,W,N,A,-,N,NA,NA,NA,NA,NA,NA,NA,NA,NA,N,4,0,1,2,A,-,08,22103,NA,N,D,C,A,A,H,-,C,D,0,NA,NA,NA,NA,Y,NA,A,01,0,0,1,0,0,0,0,0,0,-,-,NA,NA,LOS ANGELES,LOS ANGELES,-118.43389843,34.2469535
8531653,2017,2018-01-19,1942,2017-12-11,1620,43010,1844,1,5,7,1942,0,0,0,R,0,18A35,LANZIT AV,TOWNE AV,0,NA,Y,A,-,N,NA,NA,NA,NA,NA,NA,NA,NA,NA,N,4,0,1,2,A,-,11,21956,A,N,B,B,E,A,H,-,A,D,0,Y,NA,NA,NA,Y,NA,N,60,0,0,1,0,1,0,0,0,0,-,-,NA,NA,LOS ANGELES,LOS ANGELES,-118.26736006,33.93180002
8531655,2017,2018-01-17,1942,2017-12-15,1415,32366,1916,5,5,7,1942,0,0,0,NA,0,3SMQ13,HUBBARD ST,GLENOAKS BL,0,NA,Y,A,-,N,NA,NA,NA,NA,NA,NA,NA,NA,NA,N,3,0,1,2,A,-,09,21801,A,N,D,C,A,A,H,-,A,A,0,NA,NA,NA,NA,Y,NA,A,08,0,1,0,0,0,0,0,0,0,-,-,NA,NA,LOS ANGELES,LOS ANGELES,-118.43923012,34.29949001
8531657,2017,2018-02-21,1942,2017-12-06,1650,41537,1802,3,5,7,1942,0,0,0,R,0,18A44,BROADWAY,88TH ST,0,NA,Y,A,-,N,NA,NA,NA,NA,NA,NA,NA,NA,NA,N,3,0,2,2,A,-,09,21801,A,N,D,C,A,A,H,-,C,A,0,NA,NA,NA,NA,Y,NA,A,01,0,2,0,0,0,0,0,0,0,-,-,NA,NA,LOS ANGELES,LOS ANGELES,-118.27822,33.95719
8531659,2017,2018-01-17,1942,2017-12-19,0540,31167,1998,2,5,7,1942,0,0,0,NA,0,35MQ6,ROSCOE BL,HAZELTINE AV,300,E,N,A,-,N,NA,NA,NA,NA,NA,NA,NA,NA,NA,N,3,0,1,2,A,-,03,22350,NA,N,C,C,A,A,H,-,C,D,0,NA,NA,NA,NA,Y,NA,A,07,0,1,0,0,0,0,0,0,0,-,-,NA,NA,LOS ANGELES,LOS ANGELES,-118.43943955,34.22163058
8531663,2017,2018-01-17,1942,2017-12-15,1450,34482,2118,5,5,7,1942,0,0,0,NA,0,35MQ5,MASON AV,ROSCOE BL,0,NA,Y,A,-,N,NA,NA,NA,NA,NA,NA,NA,NA,NA,Y,4,0,3,2,A,-,12,21453,A,N,D,C,A,A,H,-,A,A,0,NA,NA,NA,NA,Y,NA,A,01,0,0,3,0,0,0,0,0,0,-,-,NA,NA,LOS ANGELES,LOS ANGELES,-118.57978012,34.22009003
8531667,2017,2018-01-17,1942,2017-12-27,1530,42344,0938,3,5,7,1942,0,0,0,I,0,9A37,VICTORY BL,VENTURA CANYON AV,120,E,N,A,-,N,NA,NA,NA,NA,NA,NA,NA,NA,NA,Y,4,0,1,3,A,-,03,22350,NA,F,C,E,A,A,H,-,A,D,0,NA,NA,NA,NA,Y,NA,A,01,0,0,1,0,0,0,0,0,0,-,-,NA,NA,LOS ANGELES,LOS ANGELES,-118.42865393,34.18668
8531671,2017,2018-01-17,1942,2017-12-29,1555,40119,0915,5,5,7,1942,0,0,0,I,0,15TL46,LENNOX AV,SHERMAN WY,15,S,N,A,-,N,NA,NA,NA,NA,NA,NA,NA,NA,NA,N,4,0,1,2,A,-,03,22350,NA,N,D,G,A,-,H,-,A,D,0,NA,Y,NA,NA,Y,NA,L,04,0,0,1,0,0,0,1,0,0,-,-,NA,NA,LOS ANGELES,LOS ANGELES,-118.44625,34.2012
8531675,2017,2018-01-17,1942,2017-12-28,1425,39048,0974,4,5,7,1942,0,0,0,I,0,9A63,VAN NUYS BL,KLING ST,75,N,N,A,-,N,NA,NA,NA,NA,NA,NA,NA,NA,NA,Y,3,0,3,3,A,-,03,22350,NA,N,C,E,A,A,H,-,A,D,0,NA,NA,NA,NA,Y,NA,A,07,0,2,1,0,0,0,0,0,0,-,-,NA,NA,LOS ANGELES,LOS ANGELES,-118.44868709,34.15623564
8531679,2017,2018-01-17,1942,2017-12-30,1120,30983,0915,6,5,7,1942,0,0,0,I,0,9A19,TYRONE AV,SHERMAN WY,10,E,N,A,-,N,NA,NA,NA,NA,NA,NA,NA,NA,NA,N,2,0,1,2,A,-,10,21950,A,N,G,B,B,A,H,-,A,A,0,Y,NA,NA,NA,Y,NA,A,01,1,0,0,0,1,0,0,0,0,-,-,NA,NA,LOS ANGELES,LOS ANGELES,-118.44436,34.2012
8531684,2018,2018-01-17,1926,2018-01-02,1724,0028,NA,2,5,5,1926,0,0,0,NA,0,004,GLENDORA MARKET PLACE RD,LONE HILL AV,330,W,N,A,-,N,NA,NA,NA,NA,NA,NA,NA,NA,NA,N,4,0,1,2,D,-,00,NA,NA,F,C,C,A,A,H,-,C,A,0,NA,NA,NA,NA,Y,NA,-,-,0,0,1,0,0,0,0,0,0,-,-,NA,NA,LOS ANGELES,GLENDORA,-117.8301010131836,34.115997314453125
8531692,2018,2018-01-17,1942,2018-01-02,0035,41158,0969,2,5,7,1942,0,0,0,I,0,9A37,COLDWATER CANYON AV,MAGNOLIA BL,130,N,N,A,-,N,NA,NA,NA,NA,NA,NA,NA,NA,NA,Y,3,0,1,3,A,-,03,22350,NA,N,B,E,A,A,H,-,C,D,0,NA,NA,NA,NA,Y,NA,A,01,0,1,0,0,0,0,0,0,0,-,-,NA,NA,LOS ANGELES,LOS ANGELES,-118.41380310058594,34.165225982666016
8531696,2018,2018-01-17,1942,2018-01-03,0720,39473,0929,3,5,7,1942,0,0,0,I,0,9A19,VICTORY BL,FULTON AV,0,NA,Y,A,-,N,NA,NA,NA,NA,NA,NA,NA,NA,NA,N,3,0,1,2,A,-,09,21453,B,N,C,C,A,A,H,-,A,A,0,NA,NA,Y,NA,Y,NA,A,07,0,1,0,0,0,0,0,0,1,-,-,NA,NA,LOS ANGELES,LOS ANGELES,-118.42250061035156,34.18667984008789
8531700,2018,2018-01-17,1942,2018-01-03,1640,35433,0941,3,5,7,1942,0,0,0,I,0,9A41,SEPULVEDA BL,BURBANK BL,150,N,N,A,-,N,NA,NA,NA,NA,NA,NA,NA,NA,NA,N,4,0,1,3,A,-,07,21658,A,N,C,C,A,A,H,-,C,A,0,NA,NA,NA,NA,Y,NA,A,01,0,0,1,0,0,0,0,0,0,-,-,NA,NA,LOS ANGELES,LOS ANGELES,-118.46614837646484,34.17250061035156
8531704,2018,2018-01-19,1942,2018-01-03,2259,42460,1754,3,5,7,1942,0,0,0,Q,0,17A35,RESEDA BL,MAYALL ST,280,S,N,A,-,N,NA,NA,NA,NA,NA,NA,NA,NA,NA,N,2,0,1,2,B,-,22,NA,NA,F,G,B,F,A,H,-,C,D,0,Y,NA,NA,NA,Y,NA,-,99,1,0,0,0,1,0,0,0,0,-,-,NA,NA,LOS ANGELES,LOS ANGELES,-118.5360870361328,34.25250244140625
8531708,2018,2018-01-17,1975,2018-01-02,1946,402,NA,2,5,6,1975,0,0,0,NA,0,005,LARK ELLEN AV,FAIRGROVE AV,0,NA,Y,A,-,N,NA,NA,NA,NA,NA,NA,NA,NA,NA,N,4,0,1,2,A,-,03,22350,NA,N,D,C,A,A,H,-,C,A,0,NA,NA,NA,NA,Y,NA,-,NA,0,0,1,0,0,0,0,0,0,-,-,NA,NA,LOS ANGELES,WEST COVINA,-117.92040252685548,34.04011154174805
8531748,2017,2018-01-17,1902,2017-12-26,1633,756,12,2,5,5,1902,0,0,0,NA,0,003,COLORADO,SAN ANTONIO RD,165,E,N,A,-,N,NA,NA,NA,NA,NA,NA,NA,NA,NA,Y,4,0,1,2,A,-,03,22350,NA,N,-,C,A,A,H,-,C,A,0,NA,NA,NA,NA,Y,NA,A,01,0,0,1,0,0,0,0,0,0,-,-,NA,NA,LOS ANGELES,ARCADIA,-118.03469588,34.14544
8531752,2018,2018-01-17,1902,2018-01-01,1435,768,5,1,5,5,1902,0,0,0,NA,0,001,ORANGE GROVE AV,RODEO RD,12,W,N,A,-,N,NA,NA,NA,NA,NA,NA,NA,NA,NA,N,4,0,1,2,A,-,09,21802,A,N,D,C,A,A,H,-,A,A,0,NA,NA,NA,NA,Y,NA,A,07,0,0,1,0,0,0,0,0,0,-,-,NA,NA,LOS ANGELES,ARCADIA,-118.03736877441406,34.15728759765625
8531756,2018,2018-01-17,1902,2018-01-06,0940,745,9,6,5,5,1902,0,0,0,NA,0,001,FOOTHILL BL,BALDWIN AV,39,W,N,A,-,N,NA,NA,NA,NA,NA,NA,NA,NA,NA,N,4,0,1,2,A,-,03,22350,NA,N,C,C,A,A,H,-,A,D,0,NA,NA,NA,NA,Y,NA,A,01,0,0,1,0,0,0,0,0,0,-,-,NA,NA,LOS ANGELES,ARCADIA,-118.05336761474608,34.150699615478516
8531774,2017,2018-01-16,1924,2017-10-27,1341,112953,G10,5,5,5,1924,0,0,0,NA,0,8L7D,BUDLONG AV,135TH ST,12,S,N,A,-,N,NA,NA,NA,NA,NA,NA,NA,NA,NA,N,4,0,1,2,A,-,10,21950,A,M,G,B,B,A,H,-,A,A,0,Y,NA,NA,NA,Y,NA,A,01,0,0,1,0,1,0,0,0,0,-,-,33.90916,-118.29639,LOS ANGELES,GARDENA,-118.29640858,33.9091285
8531778,2017,2018-01-17,1924,2017-10-27,1242,111229,G22,5,5,5,1924,0,0,0,NA,0,8L3D,GRAMERCY PL,MARINE AV,0,NA,Y,A,-,N,NA,NA,NA,NA,NA,NA,NA,NA,NA,Y,3,0,4,3,A,-,12,21453,A,N,D,D,A,A,H,-,A,A,0,NA,NA,NA,NA,Y,NA,A,01,0,3,1,0,0,0,0,0,0,-,-,33.89468,-118.31349,LOS ANGELES,GARDENA,-118.31352005,33.89468008
8531782,2017,2018-01-16,1924,2017-10-27,0229,115299,G31,5,5,5,1924,0,0,0,NA,0,0G3,REDONDO BEACH BL,VAN NESS AV,295,E,N,A,-,N,NA,NA,NA,NA,NA,NA,NA,NA,NA,Y,3,0,1,1,A,-,01,23152,A,N,E,I,A,A,H,-,D,D,0,NA,NA,NA,NA,Y,Y,A,07,0,1,0,0,0,0,0,0,0,-,-,NA,NA,LOS ANGELES,GARDENA,-118.31695264,33.88598629
8531786,2017,2018-01-16,1924,2017-10-26,1353,111229,G21,4,5,5,1924,0,0,0,NA,0,8L3D,MARINE AV,SPINNING AV,30,W,N,A,-,N,NA,NA,NA,NA,NA,NA,NA,NA,NA,Y,3,0,4,3,A,-,08,22107,NA,N,C,E,A,A,H,-,A,D,0,NA,NA,NA,NA,Y,NA,A,07,0,4,0,0,0,0,0,0,0,-,-,33.89467,-118.31875,LOS ANGELES,GARDENA,-118.31889867,33.89467
8531790,2017,2018-01-16,1924,2017-10-25,1630,112162,41,3,5,5,1924,0,0,0,NA,0,005,NORMANDIE AV,166TH ST,0,NA,Y,A,-,N,NA,NA,NA,NA,NA,NA,NA,NA,NA,N,3,0,1,2,A,-,09,21801,A,N,D,C,A,A,H,-,A,A,0,NA,NA,NA,NA,Y,NA,A,01,0,1,0,0,0,0,0,0,0,-,-,33.89104,-118.30582,LOS ANGELES,GARDENA,-118.29981013,33.88013007
8531794,2017,2018-01-17,1924,2017-10-25,0848,111165,SW,3,5,5,1924,0,0,0,NA,0,1924,135TH ST,NORMANDIE AV,0,NA,Y,A,-,N,NA,NA,NA,NA,NA,NA,NA,NA,NA,Y,3,0,1,3,A,-,09,21801,A,N,D,C,A,A,H,-,A,A,0,NA,NA,NA,NA,Y,NA,A,01,0,1,0,0,0,0,0,0,0,-,-,33.90916,-118.30038,LOS ANGELES,GARDENA,-118.30040004,33.9091801
8531831,2018,2018-02-15,1902,2018-01-03,1709,640,NA,3,5,5,1902,0,0,0,NA,0,NA,HOLLY AV,DUARTE RD,33,S,N,A,-,N,NA,NA,NA,NA,NA,NA,NA,NA,NA,N,3,0,1,1,A,-,08,22107,NA,N,E,I,A,A,H,-,C,D,0,NA,NA,NA,NA,Y,NA,-,NA,0,1,0,0,0,0,0,0,0,-,-,NA,NA,LOS ANGELES,ARCADIA,-118.0458526611328,34.12730026245117
8532099,2017,2018-01-26,1976,2017-12-16,1645,597,NA,6,5,3,1964,0,0,0,NA,0,NA,100TH AV,ANN ST,536,N,N,A,-,N,NA,NA,NA,NA,NA,NA,NA,NA,NA,Y,3,0,3,1,A,-,08,22107,NA,N,-,I,A,A,H,-,B,D,0,NA,NA,NA,NA,Y,NA,D,22,0,1,2,0,0,0,0,0,0,-,-,NA,NA,LOS ANGELES,SANTA FE SPRINGS,NA,NA
8532103,2017,2018-01-26,1976,2017-12-15,0834,883,NA,5,5,3,1964,0,0,0,NA,0,001,WASHINGTON BL,SORENSEN AV,70,W,N,A,-,N,NA,NA,NA,NA,NA,NA,NA,NA,NA,N,4,0,2,3,A,-,03,22350,NA,N,C,C,A,A,H,-,A,A,0,NA,NA,NA,NA,Y,NA,A,01,0,0,2,0,0,0,0,0,0,-,-,NA,NA,LOS ANGELES,SANTA FE SPRINGS,-118.06024188,33.9694216
8532115,2017,2018-01-26,1976,2017-12-04,1535,226,1976,1,5,3,1964,0,0,0,NA,0,002,NORWALK BL,FLORENCE AV,120,S,N,A,-,N,NA,NA,NA,NA,NA,NA,NA,NA,NA,Y,4,0,3,2,A,-,09,21804,A,N,D,C,A,A,H,-,A,D,0,NA,NA,NA,NA,Y,NA,A,07,0,0,3,0,0,0,0,0,0,-,-,NA,NA,LOS ANGELES,SANTA FE SPRINGS,-118.07272,33.93502096
8532123,2017,2018-06-13,1976,2017-11-22,1031,391,NA,3,5,3,1964,0,0,0,NA,0,NA,SHOEMAKER AV,IMPERIAL HWY,68,N,N,A,-,N,NA,NA,NA,NA,NA,NA,NA,NA,NA,N,4,0,1,2,A,-,06,21755,A,N,B,C,A,A,H,-,A,A,0,NA,NA,NA,Y,Y,NA,A,01,0,0,1,0,0,0,0,0,0,-,-,NA,NA,LOS ANGELES,SANTA FE SPRINGS,-118.05523,33.91728645
8532128,2017,2018-01-26,1970,2017-09-15,1507,169,4,5,5,4,1970,0,0,0,NA,0,004,FREMONT AV,BANK ST,100,S,N,A,-,N,NA,NA,NA,NA,NA,NA,NA,NA,NA,N,4,0,1,2,A,-,03,22350,NA,N,C,C,A,A,H,-,A,D,0,NA,NA,NA,NA,Y,NA,A,07,0,0,1,0,0,0,0,0,0,-,-,NA,NA,LOS ANGELES,SOUTH PASADENA,-118.15317609,34.10967583
8532132,2017,2018-01-26,1970,2017-09-08,2000,192,1970,5,5,4,1970,0,0,0,NA,0,002,FREMONT AV,MISSION ST,12,S,N,A,-,N,NA,NA,NA,NA,NA,NA,NA,NA,NA,N,4,0,1,2,A,-,11,21954,A,N,G,B,D,A,H,-,C,A,0,Y,NA,NA,NA,Y,NA,N,60,0,0,1,0,1,0,0,0,0,-,-,NA,NA,LOS ANGELES,SOUTH PASADENA,-118.15312,34.11574709
8532213,2018,2018-02-28,1956,2018-01-10,0144,1262,NA,3,5,5,1956,0,0,0,NA,0,004,INGLEWOOD AV,MANHATTAN BEACH BL,0,NA,Y,A,-,N,NA,NA,NA,NA,NA,NA,NA,NA,NA,Y,4,0,1,2,A,-,12,21453,A,N,D,C,A,A,H,-,C,A,0,NA,NA,NA,Y,Y,NA,F,25,0,0,1,0,0,0,0,0,0,-,-,NA,NA,LOS ANGELES,REDONDO BEACH,-118.36134338378906,33.887428283691406
8532241,2018,2018-06-20,1900,2018-01-11,0545,536381,0521,4,5,4,1971,0,0,0,NA,0,52T1/A,ROSEMEAD BL,GARIBALDI AV,7,N,N,A,-,N,NA,NA,NA,NA,NA,NA,NA,NA,NA,Y,3,0,1,3,A,-,08,22107,NA,N,C,I,A,A,H,-,C,D,0,NA,NA,NA,Y,Y,NA,F,87,0,1,0,0,0,0,0,0,0,-,-,34.11042022705078,-118.07305145263672,LOS ANGELES,TEMPLE CITY,-118.07367706298828,34.10934829711914
8532245,2017,2018-01-31,1900,2017-12-31,1045,551347,0535,7,5,5,1959,0,0,0,NA,0,53J1AM,SAN GABRIEL BL,WALNUT GROVE AV,99,E,N,A,-,N,NA,NA,NA,NA,NA,NA,NA,NA,NA,N,3,0,1,2,A,-,08,22107,NA,N,B,C,A,A,H,-,A,A,0,NA,NA,NA,NA,Y,NA,D,22,0,1,0,0,0,0,0,0,0,-,-,34.04063,-118.081,LOS ANGELES,ROSEMEAD,-118.08185495,34.04062188
8532249,2018,2018-02-01,1900,2018-01-15,1740,519502,0560,1,5,3,1968,0,0,0,NA,0,55T1PM,LOMA AV,RUSH ST,30,N,N,A,-,N,NA,NA,NA,NA,NA,NA,NA,NA,NA,Y,3,0,2,2,A,-,12,22450,A,N,D,C,A,A,H,-,C,A,0,NA,NA,NA,NA,Y,NA,A,01,0,2,0,0,0,0,0,0,0,-,-,34.05181884765625,-118.06871795654295,LOS ANGELES,SOUTH EL MONTE,-118.06870269775392,34.051883697509766
8532257,2017,2018-01-31,1955,2017-12-24,0645,42293,10,7,5,6,1955,0,0,0,NA,0,003,MCKINLEY AV,ORANGE GROVE AV,15,W,N,A,-,N,NA,NA,NA,NA,NA,NA,NA,NA,NA,Y,4,0,1,2,A,-,03,22350,NA,F,C,C,A,A,H,-,A,A,0,NA,NA,NA,NA,Y,NA,A,01,0,0,1,0,0,0,0,0,0,-,-,NA,NA,LOS ANGELES,POMONA,-117.75049939,34.07417105
8532258,2018,2018-01-29,1900,2018-01-09,1520,606079,0607,2,5,6,1950,0,0,0,NA,0,263T1,AVENUE S,47TH ST EAST,0,NA,Y,B,-,N,NA,NA,NA,NA,NA,NA,NA,NA,NA,N,4,0,2,2,A,-,03,22350,NA,M,C,C,A,B,H,-,A,A,0,NA,NA,NA,NA,Y,NA,A,07,0,0,2,0,0,0,0,0,0,-,-,NA,NA,LOS ANGELES,PALMDALE,-118.04525756835938,34.558101654052734
8532265,2017,2018-03-03,1955,2017-12-21,0710,42369,84,4,5,6,1955,0,0,0,NA,0,005,GAREY AV,RIO RANCHO RD,0,NA,Y,A,-,N,NA,NA,NA,NA,NA,NA,NA,NA,NA,N,4,0,1,2,A,-,10,21950,A,F,G,G,A,A,H,-,A,A,0,NA,Y,NA,NA,Y,Y,D,22,0,0,1,0,0,0,1,0,0,-,-,NA,NA,LOS ANGELES,POMONA,-117.74932007,34.03337009
8532266,2018,2018-01-29,1900,2018-01-10,1259,527069,2603,3,5,6,1950,0,0,0,NA,0,263T1,PEARBLOSSOM HWY,25TH ST EAST,109,W,N,A,-,N,NA,NA,NA,NA,NA,NA,NA,NA,NA,Y,3,0,2,4,A,-,07,21658,A,M,D,C,A,A,H,-,A,D,0,NA,NA,NA,NA,Y,NA,A,08,0,1,1,0,0,0,0,0,0,-,-,NA,NA,LOS ANGELES,PALMDALE,-118.08274841308594,34.5377082824707
8532269,2017,2018-01-29,1955,2017-12-28,1255,40220,83,4,5,6,1955,0,0,0,NA,0,005,WHITE AV,LEXINGTON AV,120,N,N,A,-,N,NA,NA,NA,NA,NA,NA,NA,NA,NA,N,4,0,1,2,A,-,08,22107,NA,M,B,E,A,A,H,-,A,A,0,NA,NA,NA,NA,Y,NA,D,22,0,0,1,0,0,0,0,0,0,-,-,NA,NA,LOS ANGELES,POMONA,-117.75814233,34.03700876
8532282,2018,2018-02-10,1900,2018-01-12,1302,616621,1124,5,5,6,1992,0,0,0,NA,0,11T1,10TH ST WEST,AVENUE K-15,50,S,N,A,-,N,NA,NA,NA,NA,NA,NA,NA,NA,NA,N,4,0,1,2,A,-,04,21703,NA,N,C,C,A,A,D,-,A,D,0,NA,NA,Y,NA,Y,NA,C,02,0,0,1,0,0,0,0,0,1,-,-,NA,NA,LOS ANGELES,LANCASTER,-118.14778900146484,34.661502838134766
8532286,2018,2018-02-09,1900,2018-01-06,1720,610418,1121,6,5,6,1992,0,0,0,NA,0,112T1,10TH ST W,AVENUE H8,0,NA,Y,A,-,N,NA,NA,NA,NA,NA,NA,NA,NA,NA,Y,3,0,1,2,A,-,09,21801,A,N,D,C,A,A,H,-,C,D,0,NA,NA,Y,NA,Y,NA,D,22,0,1,0,0,0,0,0,0,0,-,-,NA,NA,LOS ANGELES,LANCASTER,-118.14826965332033,34.710838317871094