CASE_ID,ACCIDENT_YEAR,PROC_DATE,JURIS,COLLISION_DATE,COLLISION_TIME,OFFICER_ID,REPORTING_DISTRICT,DAY_OF_WEEK,CHP_SHIFT,POPULATION,CNTY_CITY_LOC,SPECIAL_COND,BEAT_TYPE,CHP_BEAT_TYPE,CITY_DIVISION_LAPD,CHP_BEAT_CLASS,BEAT_NUMBER,PRIMARY_RD,SECONDARY_RD,DISTANCE,DIRECTION,INTERSECTION,WEATHER_1,WEATHER_2,STATE_HWY_IND,CALTRANS_COUNTY,CALTRANS_DISTRICT,STATE_ROUTE,ROUTE_SUFFIX,POSTMILE_PREFIX,POSTMILE,LOCATION_TYPE,RAMP_INTERSECTION,SIDE_OF_HWY,TOW_AWAY,COLLISION_SEVERITY,NUMBER_KILLED,NUMBER_INJURED,PARTY_COUNT,PRIMARY_COLL_FACTOR,PCF_CODE_OF_VIOL,PCF_VIOL_CATEGORY,PCF_VIOLATION,PCF_VIOL_SUBSECTION,HIT_AND_RUN,TYPE_OF_COLLISION,MVIW,PED_ACTION,ROAD_SURFACE,ROAD_COND_1,ROAD_COND_2,LIGHTING,CONTROL_DEVICE,CHP_ROAD_TYPE,PEDESTRIAN_ACCIDENT,BICYCLE_ACCIDENT,MOTORCYCLE_ACCIDENT,TRUCK_ACCIDENT,NOT_PRIVATE_PROPERTY,ALCOHOL_INVOLVED,STWD_VEHTYPE_AT_FAULT,CHP_VEHTYPE_AT_FAULT,COUNT_SEVERE_INJ,COUNT_VISIBLE_INJ,COUNT_COMPLAINT_PAIN,COUNT_PED_KILLED,COUNT_PED_INJURED,COUNT_BICYCLIST_KILLED,COUNT_BICYCLIST_INJURED,COUNT_MC_KILLED,COUNT_MC_INJURED,PRIMARY_RAMP,SECONDARY_RAMP,LATITUDE,LONGITUDE,COUNTY,CITY,POINT_X,POINT_Y
8532478,2018,2018-01-30,1922,2018-01-09,1800,521414,0561,2,5,6,1922,0,0,0,NA,0,55T1PM,RUSH ST,MERCED AV,0,NA,Y,A,-,N,NA,NA,NA,NA,NA,NA,NA,NA,NA,Y,3,0,5,2,A,-,12,21453,A,N,D,C,A,A,H,-,C,A,0,NA,NA,NA,NA,Y,NA,A,01,0,5,0,0,0,0,0,0,0,-,-,34.05179977416992,-118.05130004882813,LOS ANGELES,EL MONTE,-118.0512924194336,34.05186080932617
8532501,2017,2018-01-26,1900,2017-12-18,1400,522648,28630,1,5,5,1915,0,0,0,NA,0,284,REDONDO BEACH BL,COMPTON BL,10,S,N,A,-,N,NA,NA,NA,NA,NA,NA,NA,NA,NA,Y,4,0,1,2,A,-,07,21658,A,F,B,C,A,A,H,-,A,D,0,NA,NA,NA,NA,Y,NA,-,99,0,0,1,0,0,0,0,0,0,-,-,NA,NA,LOS ANGELES,COMPTON,-118.25915095,33.89534072
8532505,2017,2018-07-09,1900,2017-12-23,1730,611157,2608,6,5,6,1950,0,0,0,NA,0,264T1,RT 138,25TH ST EAST,403,W,N,A,-,Y,LA,7,138,-,-,46.14,H,-,E,Y,4,0,4,2,A,-,03,22350,NA,N,C,C,A,A,H,-,C,D,0,NA,NA,NA,NA,Y,NA,A,08,0,0,4,0,0,0,0,0,0,-,-,NA,NA,LOS ANGELES,PALMDALE,-118.08664441,34.5801386
8532509,2017,2018-01-30,1900,2017-12-08,1800,541571,2664,5,5,6,1950,0,0,0,NA,0,264T1,PEARBLOSSOM HWY,STOKELEY RD,367,N,N,A,-,N,NA,NA,NA,NA,NA,NA,NA,NA,NA,Y,4,0,1,1,A,-,08,22107,NA,N,F,A,A,A,H,-,D,D,0,NA,NA,NA,NA,Y,NA,A,01,0,0,1,0,0,0,0,0,0,-,-,NA,NA,LOS ANGELES,PALMDALE,-118.00902635999999,34.5235863
8532513,2017,2018-01-26,1900,2017-12-22,2132,546548,2611,5,5,6,1950,0,0,0,NA,0,264T1,DIVISION ST,BARBARA LN,528,S,N,A,-,N,NA,NA,NA,NA,NA,NA,NA,NA,NA,Y,3,0,1,1,A,-,03,22350,NA,N,E,I,A,A,H,-,C,D,0,NA,NA,NA,NA,Y,NA,A,01,0,1,0,0,0,0,0,0,0,-,-,NA,NA,LOS ANGELES,PALMDALE,-118.12779051,34.56607428
8532521,2017,2018-01-26,1955,2017-12-08,1251,42150,NA,5,5,6,1955,0,0,0,NA,0,005,PHILLIPS BL,HAMILTON BL,16,W,N,A,-,N,NA,NA,NA,NA,NA,NA,NA,NA,NA,Y,3,0,2,1,A,-,08,22107,NA,N,E,I,A,A,H,-,A,A,0,NA,NA,NA,NA,Y,NA,A,07,0,2,0,0,0,0,0,0,0,-,-,NA,NA,LOS ANGELES,POMONA,-117.76374264,34.0438517
8532525,2017,2018-06-15,1955,2017-12-18,1714,40220,88,1,5,6,1955,0,0,0,NA,0,004,GAREY AV,RT 60,222,N,N,A,-,Y,LA,7,60,-,R,29.512,R,4,E,N,3,0,1,2,A,-,11,21954,A,N,G,B,D,A,H,-,C,A,0,Y,NA,NA,NA,Y,NA,N,60,0,1,0,0,1,0,0,0,0,-,EO,NA,NA,LOS ANGELES,POMONA,-117.74580478,34.02355838
8532529,2017,2018-03-12,1955,2017-12-24,1109,41897,97,7,5,6,1955,0,0,0,NA,0,004,MISSION BL,RESERVOIR ST,0,NA,Y,B,-,N,NA,NA,NA,NA,NA,NA,NA,NA,NA,Y,4,0,2,2,A,-,12,21453,A,N,D,C,A,A,H,-,A,A,0,NA,NA,NA,NA,Y,NA,A,01,0,0,2,0,0,0,0,0,0,-,-,NA,NA,LOS ANGELES,POMONA,-117.73261011,34.05554009
8532533,2017,2018-03-03,1955,2017-12-18,1640,41149,18,1,5,6,1955,0,0,0,NA,0,003,SAN BERNARDINO AV,MARTELLO ST,84,E,N,A,-,N,NA,NA,NA,NA,NA,NA,NA,NA,NA,N,4,0,1,2,A,-,03,22350,NA,N,C,C,A,A,H,-,A,D,0,NA,NA,NA,NA,Y,NA,A,01,0,0,1,0,0,0,0,0,0,-,-,NA,NA,LOS ANGELES,POMONA,-117.72558331,34.07586
8532645,2017,2018-06-08,1942,2017-12-07,2030,42380,0625,4,5,7,1942,0,0,0,F,0,6A15,CAHUENGA PASS,RT 101,7,W,N,A,-,N,NA,NA,NA,NA,NA,NA,NA,NA,NA,Y,4,0,1,2,A,-,01,23152,A,N,A,C,A,A,H,-,C,D,0,NA,NA,NA,NA,Y,Y,A,01,0,0,1,0,0,0,0,0,0,-,-,NA,NA,LOS ANGELES,LOS ANGELES,-118.33081511,34.10808872
8532657,2017,2018-02-09,1942,2017-12-10,1745,42485,1842,7,5,7,1942,0,0,0,R,0,18A34,AVALON,118TH ST,150,S,N,A,-,N,NA,NA,NA,NA,NA,NA,NA,NA,NA,N,3,0,1,5,A,-,09,21453,B,F,D,C,A,A,H,-,C,D,0,NA,NA,NA,NA,Y,NA,-,99,0,1,0,0,0,0,0,0,0,-,-,NA,NA,LOS ANGELES,LOS ANGELES,-118.26520924,33.92604869
8532669,2017,2018-02-09,1942,2017-12-07,1250,42914,1822,4,5,7,1942,0,0,0,R,0,18A17,FIGUEROA,COLDEN,75,S,N,A,-,N,NA,NA,NA,NA,NA,NA,NA,NA,NA,N,4,0,1,2,A,-,03,22350,NA,F,D,C,A,A,-,-,A,D,0,NA,NA,NA,NA,Y,NA,-,99,0,0,1,0,0,0,0,0,0,-,-,NA,NA,LOS ANGELES,LOS ANGELES,-118.2827,33.94895431
8532673,2017,2018-02-15,1942,2017-12-04,0615,41747,0506,1,5,7,1942,0,0,0,E,0,25TL41,WESTERN AV,214TH ST,0,NA,Y,A,-,N,NA,NA,NA,NA,NA,NA,NA,NA,NA,Y,4,0,3,4,A,-,03,22350,NA,N,C,C,A,A,H,-,A,A,0,NA,NA,NA,Y,Y,NA,F,55,0,0,3,0,0,0,0,0,0,-,-,NA,NA,LOS ANGELES,LOS ANGELES,-118.30907,33.83448
8532681,2018,2018-02-08,1942,2018-01-13,1550,37765,0557,6,5,7,1942,0,0,0,E,0,5XL4,1ST ST,CABRILLO AV,0,NA,Y,A,-,N,NA,NA,NA,NA,NA,NA,NA,NA,NA,N,4,0,1,2,A,-,10,21950,A,N,B,B,B,A,H,-,A,A,0,Y,NA,NA,NA,Y,NA,D,22,0,0,1,0,1,0,0,0,0,-,-,NA,NA,LOS ANGELES,LOS ANGELES,-118.29454040527344,33.74333190917969
8532693,2018,2018-02-08,1942,2018-01-25,1700,43185,557,4,5,7,1942,0,0,0,NA,0,5A15,GAFFEY ST,5TH ST,0,NA,Y,A,-,N,NA,NA,NA,NA,NA,NA,NA,NA,NA,N,4,0,1,2,A,-,09,21801,A,N,D,C,A,A,H,-,B,A,0,NA,NA,NA,NA,Y,NA,D,22,0,0,1,0,0,0,0,0,0,-,-,NA,NA,LOS ANGELES,LOS ANGELES,-118.29232788085938,33.739688873291016
8532697,2018,2018-02-08,1942,2018-01-12,1550,37724,0315,5,5,7,1942,0,0,0,C,0,3A15,W ADAMS BL,GRAMERCY PL,0,NA,N,A,-,N,NA,NA,NA,NA,NA,NA,NA,NA,NA,Y,3,0,2,2,A,-,01,23152,A,N,C,E,A,A,H,-,A,B,0,NA,NA,NA,NA,Y,Y,A,01,0,2,0,0,0,0,0,0,0,-,-,NA,NA,LOS ANGELES,LOS ANGELES,-118.31333160400392,34.03266143798828
8532715,2017,2018-02-16,1969,2017-12-16,2044,10215,PATRO,6,5,5,1969,0,0,0,NA,0,002,TWEEDY BL,STATE ST,0,NA,Y,A,-,N,NA,NA,NA,NA,NA,NA,NA,NA,NA,N,4,0,2,2,A,-,09,21801,A,N,A,C,A,A,H,-,C,A,0,NA,NA,NA,NA,Y,NA,A,01,0,0,2,0,0,0,0,0,0,-,-,NA,NA,LOS ANGELES,SOUTH GATE,-118.21362011,33.94507007
8532718,2018,2018-02-20,1942,2018-01-22,0410,42498,0678,1,5,7,1942,0,0,0,F,0,6A49,WESTERN,ROMAIN ST,0,NA,Y,A,-,N,NA,NA,NA,NA,NA,NA,NA,NA,NA,Y,4,0,1,2,A,-,09,21801,A,N,D,C,A,A,-,-,B,A,0,NA,NA,NA,NA,Y,NA,D,22,0,0,1,0,0,0,0,0,0,-,-,NA,NA,LOS ANGELES,LOS ANGELES,-118.30916,34.08849
8532744,2017,2018-01-26,1956,2017-11-29,0753,1239,09,3,5,5,1956,0,0,0,NA,0,001,SOUTH CATALINA AV,SAPPHIRE ST,0,NA,Y,A,-,N,NA,NA,NA,NA,NA,NA,NA,NA,NA,N,3,0,2,3,A,-,10,21950,A,N,G,B,B,A,H,-,A,A,0,Y,NA,NA,NA,Y,NA,A,01,0,2,0,0,2,0,0,0,0,-,-,NA,NA,LOS ANGELES,REDONDO BEACH,-118.38820001,33.83330007
8532748,2017,2018-01-26,1956,2017-11-22,1925,1249,48,3,5,5,1956,0,0,0,NA,0,005,182ND ST,KINGSDALE AV,90,E,N,A,-,N,NA,NA,NA,NA,NA,NA,NA,NA,NA,N,4,0,1,2,A,-,03,22350,NA,F,C,C,A,A,H,-,C,D,0,NA,NA,NA,NA,Y,NA,A,01,0,0,1,0,0,0,0,0,0,-,-,NA,NA,LOS ANGELES,REDONDO BEACH,-118.35630409,33.86554
8532752,2017,2018-01-26,1900,2017-11-09,1830,546540,2812,4,5,5,1915,0,0,0,NA,0,287D,WILMINGTON AV,131ST ST,10,N,N,A,-,N,NA,NA,NA,NA,NA,NA,NA,NA,NA,N,3,0,1,2,D,-,00,NA,NA,F,G,B,D,A,H,-,C,A,0,Y,NA,NA,NA,Y,NA,-,-,0,1,0,0,1,0,0,0,0,-,-,NA,NA,LOS ANGELES,COMPTON,-118.23915,33.91332742
8532808,2017,2018-01-17,1900,2017-12-12,1728,459717,0613,2,5,6,1985,0,0,0,NA,0,63T1,RAINBOW GLEN DR,FLO LN,50,N,N,A,-,N,NA,NA,NA,NA,NA,NA,NA,NA,NA,N,4,0,1,2,A,-,11,21954,A,N,G,B,D,A,H,-,C,D,0,Y,NA,NA,NA,Y,NA,N,60,0,0,1,0,1,0,0,0,0,-,-,NA,NA,LOS ANGELES,SANTA CLARITA,-118.48882412,34.4191166
8532814,2017,2018-01-13,1928,2017-12-04,1214,398,515,1,5,5,1928,0,0,0,NA,0,503,HAWTHORNE BL,EL SEGUNDO BL,0,NA,Y,A,-,N,NA,NA,NA,NA,NA,NA,NA,NA,NA,N,4,0,2,2,A,-,08,22107,NA,F,C,C,A,A,H,-,A,D,0,NA,NA,NA,NA,Y,NA,A,01,0,0,2,0,0,0,0,0,0,-,-,33.91642,-118.35255,LOS ANGELES,HAWTHORNE,-118.35270009,33.91642002
8532820,2017,2018-01-17,1900,2017-12-13,0930,509580,0642,3,5,6,1985,0,0,0,NA,0,64T1,BOUQUET CANYON RD,BOUQUET PLAZA,0,NA,Y,A,-,N,NA,NA,NA,NA,NA,NA,NA,NA,NA,Y,4,0,1,2,A,-,12,21453,A,N,D,C,A,A,H,-,A,A,0,NA,NA,NA,NA,Y,NA,A,07,0,0,1,0,0,0,0,0,0,-,-,NA,NA,LOS ANGELES,SANTA CLARITA,-118.536037,34.428487
8532824,2017,2018-06-13,1900,2017-12-03,1505,509580,0637,7,5,6,1985,0,0,0,NA,0,61T1,SIERRA HWY,AVALON DR,520,S,N,A,-,N,NA,NA,NA,NA,NA,NA,NA,NA,NA,Y,4,0,1,4,C,-,18,NA,NA,N,C,E,A,A,H,-,A,D,0,NA,NA,NA,NA,Y,NA,-,-,0,0,1,0,0,0,0,0,0,-,-,NA,NA,LOS ANGELES,SANTA CLARITA,-118.45306908,34.42144194
8532826,2017,2018-01-12,1909,2017-12-12,1818,507,NA,2,5,4,1909,0,0,0,NA,0,NORHT,LOVELAND ST,AJAX AV,0,NA,Y,A,-,N,NA,NA,NA,NA,NA,NA,NA,NA,NA,N,4,0,1,2,A,-,09,21453,B,N,G,B,D,A,H,-,C,A,0,Y,NA,NA,NA,Y,NA,A,01,0,0,1,0,1,0,0,0,0,-,-,NA,NA,LOS ANGELES,BELL GARDENS,-118.16239009,33.97413006
8532828,2017,2018-01-17,1900,2017-12-09,1225,480759,0648,6,5,6,1985,0,0,0,NA,0,64T1,SUNNY CREEK DR,LILY FIELD LN,66,S,N,A,-,N,NA,NA,NA,NA,NA,NA,NA,NA,NA,Y,4,0,1,3,D,-,00,NA,NA,N,B,C,A,A,H,-,A,D,0,NA,NA,NA,NA,Y,NA,-,-,0,0,1,0,0,0,0,0,0,-,-,NA,NA,LOS ANGELES,SANTA CLARITA,-118.55635569,34.44263296
8532832,2017,2018-01-17,1900,2017-12-07,1740,605608,0642,4,5,6,1985,0,0,0,NA,0,066,MCBEAN PKWY,COPPERHILL DR,40,S,N,A,-,N,NA,NA,NA,NA,NA,NA,NA,NA,NA,Y,4,0,2,3,A,-,03,22350,NA,N,C,C,A,A,H,-,C,A,0,NA,NA,NA,NA,Y,NA,A,01,0,0,2,0,0,0,0,0,0,-,-,NA,NA,LOS ANGELES,SANTA CLARITA,-118.54991608,34.46210032
8532834,2017,2018-01-12,1909,2017-12-24,2055,579,1909,7,5,4,1909,0,0,0,NA,0,00S,FLORENCE AV,JABONERIA RD,25,N,N,A,-,N,NA,NA,NA,NA,NA,NA,NA,NA,NA,N,4,0,2,2,A,-,03,22350,NA,N,C,C,A,A,H,-,C,A,0,NA,NA,NA,NA,Y,NA,A,01,0,0,2,0,0,0,0,0,0,-,-,NA,NA,LOS ANGELES,BELL GARDENS,-118.15778,33.96708
8532836,2017,2018-01-17,1900,2017-12-14,1225,542821,0629,4,5,6,1985,0,0,0,NA,0,63T1D,LYONS AV,APPLE ST,0,NA,Y,A,-,N,NA,NA,NA,NA,NA,NA,NA,NA,NA,Y,4,0,1,2,A,-,12,21453,A,N,D,C,A,A,H,-,A,A,0,NA,NA,NA,NA,Y,NA,A,07,0,0,1,0,0,0,0,0,0,-,-,NA,NA,LOS ANGELES,SANTA CLARITA,-118.54248007,34.37974002
8532838,2017,2018-01-12,1909,2017-12-29,1533,583,1909,5,5,4,1909,0,0,0,NA,0,SOUTH,GAGE AV,PERRY RD,0,NA,Y,A,-,N,NA,NA,NA,NA,NA,NA,NA,NA,NA,Y,4,0,1,2,A,-,03,22350,NA,N,C,C,A,A,H,-,A,A,0,NA,NA,NA,NA,Y,Y,A,01,0,0,1,0,0,0,0,0,0,-,-,NA,NA,LOS ANGELES,BELL GARDENS,-118.14437004,33.97349011
8532840,2017,2018-01-17,1900,2017-12-08,1722,295010,0617,5,5,6,1985,0,0,0,NA,0,61T1PM,GOLDEN TRIANGLE RD,CARL BOYER DR,0,NA,Y,A,-,N,NA,NA,NA,NA,NA,NA,NA,NA,NA,Y,4,0,1,2,A,-,09,21801,A,N,D,C,A,A,H,-,C,D,0,NA,NA,NA,NA,Y,NA,A,07,0,0,1,0,0,0,0,0,0,-,-,NA,NA,LOS ANGELES,SANTA CLARITA,-118.50692001,34.4187701
8532842,2017,2018-01-12,1909,2017-12-24,1018,524,1909,7,5,4,1909,0,0,0,NA,0,001,GAGE AV,COLMAR AV,0,NA,Y,A,-,N,NA,NA,NA,NA,NA,NA,NA,NA,NA,N,4,0,1,2,A,-,12,21453,A,N,G,B,B,A,H,-,A,A,0,Y,NA,NA,NA,Y,NA,-,NA,0,0,1,0,1,0,0,0,0,-,-,NA,NA,LOS ANGELES,BELL GARDENS,-118.15697001,33.97478004
8532844,2017,2018-01-17,1900,2017-12-20,2340,600125,0623,3,5,6,1985,0,0,0,NA,0,62T1,MCBEAN PKWY,ROCKWELL CYN RD,0,NA,Y,A,-,N,NA,NA,NA,NA,NA,NA,NA,NA,NA,Y,4,0,2,2,D,-,00,NA,NA,N,D,C,A,A,H,-,C,A,0,NA,NA,NA,NA,Y,NA,-,-,0,0,2,0,0,0,0,0,0,-,-,NA,NA,LOS ANGELES,SANTA CLARITA,-118.56510004,34.39486006
8532846,2017,2018-01-12,1909,2017-12-26,1042,568,1909,2,5,4,1909,0,0,0,NA,0,NORTH,GAGE AV,AGRA ST,65,W,N,A,-,N,NA,NA,NA,NA,NA,NA,NA,NA,NA,Y,4,0,1,1,A,-,08,22107,NA,N,E,I,A,A,H,-,A,D,0,NA,NA,NA,NA,Y,NA,A,01,0,0,1,0,0,0,0,0,0,-,-,NA,NA,LOS ANGELES,BELL GARDENS,-118.13317978,33.97242504
8532848,2017,2018-01-17,1900,2017-12-10,1915,509580,0610,7,5,6,1985,0,0,0,NA,0,61T1,SOLEDAD CANYON RD,RAINBOW GLEN DR,100,W,N,A,-,N,NA,NA,NA,NA,NA,NA,NA,NA,NA,N,4,0,2,2,A,-,21,22106,NA,N,C,C,A,A,H,-,C,A,0,NA,NA,NA,NA,Y,NA,A,01,0,0,2,0,0,0,0,0,0,-,-,NA,NA,LOS ANGELES,SANTA CLARITA,-118.49059074,34.42159898
8532850,2017,2018-01-12,1902,2017-12-30,0941,755,26,6,5,5,1902,0,0,0,NA,0,004,BALDWIN AV,NAOMI AV,200,N,N,A,-,N,NA,NA,NA,NA,NA,NA,NA,NA,NA,N,3,0,1,2,A,-,05,21202,A,N,G,G,A,A,H,-,A,A,0,NA,Y,NA,NA,Y,NA,L,04,0,1,0,0,0,0,0,0,0,-,-,NA,NA,LOS ANGELES,ARCADIA,-118.05502714000001,34.1245872
8532852,2017,2018-01-17,1900,2017-12-11,0730,514681,0627,1,5,6,1985,0,0,0,NA,0,62T1,RAILROAD AV,14TH ST,0,NA,Y,A,-,N,NA,NA,NA,NA,NA,NA,NA,NA,NA,Y,4,0,1,2,A,-,04,21703,NA,N,C,C,A,A,H,-,A,D,0,NA,NA,Y,NA,Y,NA,C,02,0,0,1,0,0,0,0,0,1,-,-,NA,NA,LOS ANGELES,SANTA CLARITA,-118.53216002,34.38581011
8532856,2017,2018-03-06,1900,2017-12-11,1710,509580,0613,1,5,6,1985,0,0,0,NA,0,61T1,SOLEDAD CANYON RD,SHANGRI LA DR,160,E,N,A,-,N,NA,NA,NA,NA,NA,NA,NA,NA,NA,Y,3,0,6,3,C,-,18,NA,NA,N,C,C,A,A,H,-,A,A,0,NA,NA,NA,NA,Y,NA,-,-,0,1,5,0,0,0,0,0,0,-,-,NA,NA,LOS ANGELES,SANTA CLARITA,-118.45813634,34.41613842
8532857,2017,2018-01-13,1931,2017-12-20,0914,5649,1931,3,5,5,1931,0,0,0,NA,0,003,WILMINGTON AV,67TH ST,35,N,N,A,-,N,NA,NA,NA,NA,NA,NA,NA,NA,NA,N,2,0,1,3,A,-,03,22350,NA,F,B,C,A,A,H,-,A,D,0,NA,NA,Y,NA,Y,NA,C,02,1,0,0,0,0,0,0,0,1,-,-,NA,NA,LOS ANGELES,HUNTINGTON PARK,-118.239,33.97889599
8532858,2017,2018-01-12,1902,2017-12-28,2010,661,14,4,5,5,1902,0,0,0,NA,0,002,DUARTE RD,SANTA ANITA AV,0,NA,Y,A,-,N,NA,NA,NA,NA,NA,NA,NA,NA,NA,Y,3,0,1,2,A,-,09,21453,C,N,D,C,A,A,H,-,C,A,0,NA,NA,NA,NA,Y,NA,A,07,0,1,0,0,0,0,0,0,0,-,-,NA,NA,LOS ANGELES,ARCADIA,-118.0313,34.12949011
8532860,2017,2018-01-17,1900,2017-12-20,1250,407357,0611,3,5,6,1985,0,0,0,NA,0,61T1,GOLDEN VALLEY RD,FIVE KNOLLS DR,8,S,N,A,-,N,NA,NA,NA,NA,NA,NA,NA,NA,NA,N,4,0,1,2,A,-,03,22350,NA,N,C,C,A,A,H,-,A,A,0,NA,NA,NA,NA,Y,NA,A,07,0,0,1,0,0,0,0,0,0,-,-,NA,NA,LOS ANGELES,SANTA CLARITA,-118.499532,34.430293
8532862,2017,2018-01-12,1902,2017-12-26,1850,710,17,2,5,5,1902,0,0,0,NA,0,003,BALDWIN AV,GATE 10,99,S,N,A,-,N,NA,NA,NA,NA,NA,NA,NA,NA,NA,N,4,0,6,3,A,-,03,22350,NA,F,C,C,A,A,H,-,C,A,0,NA,NA,NA,NA,Y,NA,A,07,0,0,6,0,0,0,0,0,0,-,-,NA,NA,LOS ANGELES,ARCADIA,-118.054302,34.133845
8532864,2017,2018-01-17,1900,2017-12-13,2005,542835,0622,3,5,6,1985,0,0,0,NA,0,62T2,VALENCIA BL,MCBEAN PKWY,680,E,N,A,-,N,NA,NA,NA,NA,NA,NA,NA,NA,NA,Y,4,0,5,2,A,-,12,21453,A,N,D,C,A,A,H,-,C,A,0,NA,NA,NA,NA,Y,NA,A,01,0,0,5,0,0,0,0,0,0,-,-,NA,NA,LOS ANGELES,SANTA CLARITA,-118.55774164,34.41319572
8532868,2017,2018-01-17,1900,2017-12-14,0910,542821,0621,4,5,6,1985,0,0,0,NA,0,63T1D,TOURNEY RD,MAGIC MOUNTAIN PKWY,2640,S,N,A,-,N,NA,NA,NA,NA,NA,NA,NA,NA,NA,Y,4,0,2,2,A,-,09,21804,A,N,D,C,A,A,H,-,A,D,0,NA,NA,NA,NA,Y,NA,A,01,0,0,2,0,0,0,0,0,0,-,-,NA,NA,LOS ANGELES,SANTA CLARITA,-118.57741797,34.41774651
8532870,2017,2018-01-12,1944,2017-12-29,1131,1944,1944,5,5,4,1944,0,0,0,NA,0,002,MARINE AV,ELM AV,0,NA,Y,A,-,N,NA,NA,NA,NA,NA,NA,NA,NA,NA,Y,3,0,1,1,A,-,08,22107,NA,N,E,I,A,A,H,-,A,D,0,NA,NA,NA,NA,Y,NA,A,01,0,1,0,0,0,0,0,0,0,-,-,NA,NA,LOS ANGELES,MANHATTAN BEACH,-118.39785002,33.89462004
8532872,2017,2018-01-17,1900,2017-12-14,1300,523835,0641,4,5,6,1985,0,0,0,NA,0,64T1,VALENCIA BL,CREEKSIDE RD,462,N,N,A,-,N,NA,NA,NA,NA,NA,NA,NA,NA,NA,N,4,0,1,3,A,-,04,21703,NA,N,C,C,A,A,H,-,A,D,0,NA,NA,NA,NA,Y,NA,A,01,0,0,1,0,0,0,0,0,0,-,-,NA,NA,LOS ANGELES,SANTA CLARITA,-118.54880212,34.41871917
8532874,2017,2018-01-12,1944,2017-12-17,1421,353,M26,7,5,4,1944,0,0,0,NA,0,001,S SEPULVEDA BL,TENNYSON ST,0,NA,Y,A,-,N,NA,NA,NA,NA,NA,NA,NA,NA,NA,Y,3,0,2,3,A,-,08,22107,NA,N,B,C,A,A,H,-,A,A,0,NA,NA,NA,NA,Y,NA,A,07,0,1,1,0,0,0,0,0,0,-,-,NA,NA,LOS ANGELES,MANHATTAN BEACH,-118.39590013,33.8741901
8532876,2017,2018-01-17,1900,2017-12-15,1350,480759,0644,5,5,6,1985,0,0,0,NA,0,62T1,BOUQUET CANYON RD,CINEMA DR,129,S,N,A,-,N,NA,NA,NA,NA,NA,NA,NA,NA,NA,N,4,0,1,2,D,-,00,NA,NA,M,G,B,F,A,H,-,A,D,0,Y,NA,NA,NA,Y,NA,-,-,0,0,1,0,1,0,0,0,0,-,-,NA,NA,LOS ANGELES,SANTA CLARITA,-118.5419905,34.41888959
8532878,2017,2018-01-12,1944,2017-12-10,1608,353,M19,7,5,4,1944,0,0,0,NA,0,002,VALLEY DR,FRANCISCO ST,0,NA,Y,A,-,N,NA,NA,NA,NA,NA,NA,NA,NA,NA,Y,2,0,2,2,A,-,09,21801,A,N,D,C,A,A,H,-,A,A,0,NA,NA,NA,NA,Y,NA,A,08,1,0,1,0,0,0,0,0,0,-,-,NA,NA,LOS ANGELES,MANHATTAN BEACH,-118.4022001,33.87799009
8532880,2017,2018-01-17,1900,2017-12-07,1225,609143,0645,4,5,6,1985,0,0,0,NA,0,64T1,RYE CANYON RD,AVENUE SCOTT,12,E,N,A,G,N,NA,NA,NA,NA,NA,NA,NA,NA,NA,N,4,0,1,2,A,-,03,22350,NA,N,C,C,A,A,H,-,A,A,0,NA,NA,NA,NA,Y,NA,A,01,0,0,1,0,0,0,0,0,0,-,-,NA,NA,LOS ANGELES,SANTA CLARITA,-118.57719111,34.43842896
8532881,2017,2018-01-11,1916,2017-08-07,1656,2625,W6M1,1,5,4,1916,0,0,0,NA,0,WEST,SAN BERNARDINO RD,LARK ELLEN,160,E,N,A,-,N,NA,NA,NA,NA,NA,NA,NA,NA,NA,Y,4,0,1,2,A,-,09,21804,A,N,D,C,A,A,H,-,A,D,0,NA,NA,NA,NA,Y,NA,A,01,0,0,1,0,0,0,0,0,0,-,-,34.08843,-117.91659,LOS ANGELES,COVINA,-117.91608418,34.08846181
8532882,2017,2018-01-12,1907,2017-11-17,1423,235,2,5,5,4,1907,0,0,0,NA,0,NA,GAGE AV,WILCOX AV,0,NA,Y,A,-,N,NA,NA,NA,NA,NA,NA,NA,NA,NA,Y,4,0,3,2,A,-,01,23153,B,F,D,C,A,A,H,-,A,A,0,NA,NA,NA,NA,Y,Y,A,01,0,0,3,0,0,0,0,0,0,-,-,33.97691,-118.17665,LOS ANGELES,BELL,-118.17666004,33.97689007
8532884,2017,2018-01-12,1924,2017-10-10,1318,115237,31,2,5,5,1924,0,0,0,NA,0,003,REDONDO BEACH BL,VAN NESS AV,205,W,N,A,-,N,NA,NA,NA,NA,NA,NA,NA,NA,NA,Y,3,0,3,2,A,-,03,22350,NA,N,C,C,A,A,H,-,A,D,0,NA,NA,NA,NA,Y,NA,A,01,0,1,2,0,0,0,0,0,0,-,-,33.8857,-118.31783,LOS ANGELES,GARDENA,-118.3184888,33.88549727
8532886,2017,2018-01-11,1916,2017-08-29,1549,2378,D34M1,2,5,4,1916,0,0,0,NA,0,DOWNTO,BARRANCA AV,NAVILLA PL,222,S,N,A,-,N,NA,NA,NA,NA,NA,NA,NA,NA,NA,Y,3,0,1,3,A,-,03,22350,NA,N,C,C,A,A,H,-,A,D,0,NA,NA,NA,NA,Y,NA,A,01,0,1,0,0,0,0,0,0,0,-,-,34.08026,-117.88131,LOS ANGELES,COVINA,-117.88131714,34.08050142
8532888,2017,2018-01-12,1924,2017-10-09,1144,115237,26,1,5,5,1924,0,0,0,NA,0,004,NORMANDIE AV,149TH ST,213,S,N,A,-,N,NA,NA,NA,NA,NA,NA,NA,NA,NA,Y,3,0,2,3,A,-,08,22107,NA,N,H,E,A,A,H,-,A,D,0,NA,NA,NA,NA,Y,NA,A,01,0,1,1,0,0,0,0,0,0,-,-,33.89691,-118.30041,LOS ANGELES,GARDENA,-118.30044306,33.89633583