CASE_ID,ACCIDENT_YEAR,PROC_DATE,JURIS,COLLISION_DATE,COLLISION_TIME,OFFICER_ID,REPORTING_DISTRICT,DAY_OF_WEEK,CHP_SHIFT,POPULATION,CNTY_CITY_LOC,SPECIAL_COND,BEAT_TYPE,CHP_BEAT_TYPE,CITY_DIVISION_LAPD,CHP_BEAT_CLASS,BEAT_NUMBER,PRIMARY_RD,SECONDARY_RD,DISTANCE,DIRECTION,INTERSECTION,WEATHER_1,WEATHER_2,STATE_HWY_IND,CALTRANS_COUNTY,CALTRANS_DISTRICT,STATE_ROUTE,ROUTE_SUFFIX,POSTMILE_PREFIX,POSTMILE,LOCATION_TYPE,RAMP_INTERSECTION,SIDE_OF_HWY,TOW_AWAY,COLLISION_SEVERITY,NUMBER_KILLED,NUMBER_INJURED,PARTY_COUNT,PRIMARY_COLL_FACTOR,PCF_CODE_OF_VIOL,PCF_VIOL_CATEGORY,PCF_VIOLATION,PCF_VIOL_SUBSECTION,HIT_AND_RUN,TYPE_OF_COLLISION,MVIW,PED_ACTION,ROAD_SURFACE,ROAD_COND_1,ROAD_COND_2,LIGHTING,CONTROL_DEVICE,CHP_ROAD_TYPE,PEDESTRIAN_ACCIDENT,BICYCLE_ACCIDENT,MOTORCYCLE_ACCIDENT,TRUCK_ACCIDENT,NOT_PRIVATE_PROPERTY,ALCOHOL_INVOLVED,STWD_VEHTYPE_AT_FAULT,CHP_VEHTYPE_AT_FAULT,COUNT_SEVERE_INJ,COUNT_VISIBLE_INJ,COUNT_COMPLAINT_PAIN,COUNT_PED_KILLED,COUNT_PED_INJURED,COUNT_BICYCLIST_KILLED,COUNT_BICYCLIST_INJURED,COUNT_MC_KILLED,COUNT_MC_INJURED,PRIMARY_RAMP,SECONDARY_RAMP,LATITUDE,LONGITUDE,COUNTY,CITY,POINT_X,POINT_Y
8534553,2018,2018-02-02,1900,2018-01-09,0605,522135,2837,2,5,5,1915,0,0,0,NA,0,282T1,WALNUT ST,ACACIA AV,300,W,N,B,C,N,NA,NA,NA,NA,NA,NA,NA,NA,NA,N,2,0,1,2,A,-,11,21955,NA,N,G,B,D,B,H,-,C,D,0,Y,NA,NA,NA,Y,NA,N,60,1,0,0,0,1,0,0,0,0,-,-,NA,NA,LOS ANGELES,COMPTON,-118.2258758544922,33.87649154663086
8534557,2018,2018-01-31,1976,2018-01-04,1310,406,1976,4,5,5,1976,0,0,0,NA,0,002,SLAUSON AV,SANTA FE SPRINGS RD,300,W,N,A,-,N,NA,NA,NA,NA,NA,NA,NA,NA,NA,N,3,0,1,2,A,-,09,21804,A,N,H,G,A,A,H,-,A,D,0,NA,Y,NA,NA,Y,NA,A,01,0,1,0,0,0,0,1,0,0,-,-,NA,NA,LOS ANGELES,WHITTIER,-118.05148315429688,33.95949935913086
8534561,2018,2018-01-26,1941,2018-01-10,1236,5737,NA,3,5,7,1941,0,0,0,NA,0,NA,LAKEWOOD,SPRING ST,240,N,N,A,-,N,NA,NA,NA,NA,NA,NA,NA,NA,NA,N,4,0,1,2,A,-,03,22350,NA,N,C,C,A,A,H,-,A,D,0,NA,NA,NA,NA,Y,NA,A,NA,0,0,1,0,0,0,0,0,0,-,-,NA,NA,LOS ANGELES,LONG BEACH,-118.13930511474608,33.81328582763672
8534565,2018,2018-01-26,1941,2018-01-01,0156,10996,NA,1,5,7,1941,0,0,0,NA,0,NA,GREENBRIER RD,VISTA HERMOSA ST,21,N,N,A,-,N,NA,NA,NA,NA,NA,NA,NA,NA,NA,Y,4,0,1,2,D,-,00,NA,NA,N,F,E,A,A,H,-,C,D,0,NA,NA,NA,NA,Y,Y,-,-,0,0,1,0,0,0,0,0,0,-,-,NA,NA,LOS ANGELES,LONG BEACH,-118.13347625732422,33.78541946411133
8534569,2018,2018-01-26,1941,2018-01-11,1657,10120,NA,4,5,7,1941,0,0,0,NA,0,NA,9TH ST,CEDAR AV,0,NA,Y,A,-,N,NA,NA,NA,NA,NA,NA,NA,NA,NA,Y,4,0,3,2,A,-,21,22106,NA,N,D,C,A,A,H,-,D,D,0,NA,NA,NA,NA,Y,Y,A,NA,0,0,3,0,0,0,0,0,0,-,-,NA,NA,LOS ANGELES,LONG BEACH,-118.19508361816406,33.77775955200195
8534573,2018,2018-01-26,1941,2018-01-10,0326,6325,NA,3,5,7,1941,0,0,0,NA,0,NA,LAKEWOOD BL,SPRING ST,430,S,N,B,-,N,NA,NA,NA,NA,NA,NA,NA,NA,NA,Y,4,0,1,1,A,-,08,22107,NA,N,F,J,A,B,H,-,C,A,0,NA,NA,NA,NA,Y,NA,A,NA,0,0,1,0,0,0,0,0,0,-,-,NA,NA,LOS ANGELES,LONG BEACH,-118.13955688476564,33.811466217041016
8534577,2018,2018-01-26,1941,2018-01-11,0955,6204,NA,4,5,7,1941,0,0,0,NA,0,NA,7TH ST,SANTIAGO AV,0,NA,Y,A,-,N,NA,NA,NA,NA,NA,NA,NA,NA,NA,Y,4,0,1,2,A,-,09,21801,A,N,A,C,A,A,H,-,A,A,0,NA,NA,NA,NA,Y,NA,A,NA,0,0,1,0,0,0,0,0,0,-,-,NA,NA,LOS ANGELES,LONG BEACH,-118.12853240966795,33.77534866333008
8534581,2018,2018-01-26,1941,2018-01-10,0937,11139,NA,3,5,7,1941,0,0,0,NA,0,NA,7TH ST,MAIN AV,0,NA,Y,A,-,N,NA,NA,NA,NA,NA,NA,NA,NA,NA,Y,4,0,1,1,A,-,03,22350,NA,N,E,I,A,A,H,-,A,D,0,NA,NA,NA,NA,Y,NA,A,NA,0,0,1,0,0,0,0,0,0,-,-,NA,NA,LOS ANGELES,LONG BEACH,-118.25138092041016,34.04393005371094
8534585,2018,2018-01-26,1942,2018-01-10,0550,42469,1037,3,5,7,1942,0,0,0,J,0,10A17,BALBOA BL,VICTORY BL,75,S,N,B,-,N,NA,NA,NA,NA,NA,NA,NA,NA,NA,Y,2,0,1,2,A,-,11,21955,NA,N,G,B,D,A,H,-,C,A,0,Y,NA,NA,NA,Y,NA,N,60,1,0,0,0,1,0,0,0,0,-,-,NA,NA,LOS ANGELES,LOS ANGELES,-118.50111389160156,34.186424255371094
8534589,2018,2018-01-26,1942,2018-01-07,1455,33294,1544,7,5,7,1942,0,0,0,O,0,35M52,RIVERSIDE DR,LAURELGROVE AV,0,NA,Y,A,-,N,NA,NA,NA,NA,NA,NA,NA,NA,NA,Y,4,0,2,2,A,-,09,21801,A,N,A,C,A,A,H,-,A,A,0,NA,NA,NA,NA,Y,NA,A,01,0,0,2,0,0,0,0,0,0,-,-,NA,NA,LOS ANGELES,LOS ANGELES,-118.40087127685548,34.15761184692383
8534593,2018,2018-02-12,1941,2018-01-06,0807,11093,NA,6,5,7,1941,0,0,0,NA,0,NA,ATLANTIC AV,45TH ST,0,NA,Y,A,-,N,NA,NA,NA,NA,NA,NA,NA,NA,NA,Y,4,0,1,2,-,-,-,NA,NA,N,-,D,A,A,H,-,A,A,0,NA,NA,NA,NA,Y,NA,-,-,0,0,1,0,0,0,0,0,0,-,-,NA,NA,LOS ANGELES,LONG BEACH,-118.18524169921876,33.83987045288086
8534597,2018,2018-01-26,1941,2018-01-09,0837,10860,NA,2,5,7,1941,0,0,0,NA,0,NA,ATLANTIC AV,52ND ST,0,NA,Y,C,-,N,NA,NA,NA,NA,NA,NA,NA,NA,NA,N,4,0,1,2,A,-,10,21950,NA,N,D,B,B,B,H,-,A,A,0,Y,NA,NA,NA,Y,NA,A,NA,0,0,1,0,1,0,0,0,0,-,-,NA,NA,LOS ANGELES,LONG BEACH,-118.18496704101564,33.85049057006836
8534601,2018,2018-01-26,1942,2018-01-07,1140,33947,1687,7,5,7,1942,0,0,0,P,0,NA,VINELAND AV,STRATHERN ST,200,S,N,A,-,N,NA,NA,NA,NA,NA,NA,NA,NA,NA,Y,3,0,3,2,A,-,21,22106,NA,N,D,C,A,A,H,-,A,-,0,NA,NA,NA,NA,Y,NA,A,08,0,1,2,0,0,0,0,0,0,-,-,NA,NA,LOS ANGELES,LOS ANGELES,-118.3703384399414,34.215171813964844
8534605,2018,2018-01-26,1942,2018-01-08,0750,39724,1653,1,5,7,1942,0,0,0,P,0,16TL25,SAN FERNANDO RD,MONTAGUE ST,500,S,N,B,-,N,NA,NA,NA,NA,NA,NA,NA,NA,NA,N,4,0,1,2,A,-,09,21804,A,N,D,C,A,B,H,-,A,D,0,NA,NA,NA,NA,Y,NA,A,01,0,0,1,0,0,0,0,0,0,-,-,NA,NA,LOS ANGELES,LOS ANGELES,-118.40524291992188,34.25016784667969
8534609,2018,2018-01-26,1942,2018-01-15,0930,39473,0926,1,5,7,1942,0,0,0,I,0,9A19,W VICTORY BL,MAMMOTH AV,5,E,N,A,-,N,NA,NA,NA,NA,NA,NA,NA,NA,NA,Y,4,0,1,3,A,-,09,21802,A,F,D,A,A,A,H,-,A,A,0,NA,NA,NA,NA,Y,NA,-,99,0,0,1,0,0,0,0,0,0,-,-,NA,NA,LOS ANGELES,LOS ANGELES,-118.43255615234376,34.186668395996094
8534613,2018,2018-01-26,1942,2018-01-05,0915,40777,1591,5,5,7,1942,0,0,0,O,0,35M82,VENTURA,RHODES,0,NA,Y,A,-,N,NA,NA,NA,NA,NA,NA,NA,NA,NA,N,4,0,2,3,A,-,04,21703,NA,N,C,C,A,A,H,-,A,A,0,NA,NA,NA,NA,Y,NA,A,01,0,0,2,0,0,0,0,0,0,-,-,NA,NA,LOS ANGELES,LOS ANGELES,-118.4030532836914,34.143280029296875
8534617,2018,2018-01-26,1942,2018-01-17,0045,42051,1021,3,5,7,1942,0,0,0,J,0,10A21,HARTLAND ST,BELMAR AV,40,W,N,A,-,N,NA,NA,NA,NA,NA,NA,NA,NA,NA,Y,3,0,1,4,A,-,01,23152,A,N,C,E,A,A,H,-,C,D,0,NA,NA,NA,NA,Y,Y,A,01,0,1,0,0,0,0,0,0,0,-,-,NA,NA,LOS ANGELES,LOS ANGELES,-118.55883026123048,34.1946907043457
8534621,2018,2018-01-26,1942,2018-01-11,1445,33294,1007,4,5,7,1942,0,0,0,J,0,35M52,AMESTOY AV,SATICOY ST,0,NA,Y,A,-,N,NA,NA,NA,NA,NA,NA,NA,NA,NA,N,2,0,1,2,A,-,09,21802,A,N,D,C,A,A,H,-,A,A,0,NA,NA,Y,NA,Y,NA,A,01,1,0,0,0,0,0,0,0,1,-,-,NA,NA,LOS ANGELES,LOS ANGELES,-118.50547790527344,34.20841979980469
8534625,2018,2018-01-26,1942,2018-01-05,1550,34482,1047,5,5,7,1942,0,0,0,J,0,35MQ5,BALBOA BL,BURBANK BL,0,NA,Y,A,-,N,NA,NA,NA,NA,NA,NA,NA,NA,NA,Y,4,0,2,2,A,-,09,21801,A,N,D,C,A,A,H,-,A,A,0,NA,NA,NA,NA,Y,NA,A,01,0,0,2,0,0,0,0,0,0,-,-,NA,NA,LOS ANGELES,LOS ANGELES,-118.50119018554688,34.172218322753906
8534629,2018,2018-02-12,1941,2018-01-07,1147,11138,NA,7,5,7,1941,0,0,0,NA,0,NA,CHERRY AV,10TH ST,0,NA,Y,A,-,N,NA,NA,NA,NA,NA,NA,NA,NA,NA,N,3,0,1,2,A,-,05,21650,1,N,G,G,A,A,H,-,A,A,0,NA,Y,NA,NA,Y,Y,L,NA,0,1,0,0,0,0,1,0,0,-,-,NA,NA,LOS ANGELES,LONG BEACH,-118.16766,33.77897
8534633,2018,2018-01-26,1941,2018-01-08,0606,11109,NA,1,5,7,1941,0,0,0,NA,0,NA,PACIFIC AV,HILL ST,0,NA,Y,C,-,N,NA,NA,NA,NA,NA,NA,NA,NA,NA,Y,4,0,1,2,A,-,12,21453,A,N,D,C,A,B,H,-,C,A,0,NA,NA,NA,NA,Y,NA,A,NA,0,0,1,0,0,0,0,0,0,-,-,NA,NA,LOS ANGELES,LONG BEACH,-118.19377136230467,33.797119140625
8534637,2018,2018-01-26,1941,2018-01-08,0745,10245,NA,1,5,7,1941,0,0,0,NA,0,NA,7TH ST,ROSWELL AV,160,W,N,B,C,N,NA,NA,NA,NA,NA,NA,NA,NA,NA,Y,4,0,1,3,A,-,03,22350,NA,N,C,C,A,B,H,-,A,A,0,NA,NA,NA,NA,Y,NA,A,NA,0,0,1,0,0,0,0,0,0,-,-,NA,NA,LOS ANGELES,LONG BEACH,-118.144287109375,33.77534103393555
8534640,2018,2018-01-29,1942,2018-01-14,1140,38996,1005,7,5,7,1942,0,0,0,J,0,10A3,STAGG ST,WHITE OAK AV,15,W,N,A,-,N,NA,NA,NA,NA,NA,NA,NA,NA,NA,N,3,0,1,2,A,-,03,22350,NA,F,C,C,A,A,H,-,A,A,0,NA,NA,NA,NA,Y,NA,-,99,0,1,0,0,0,0,0,0,0,-,-,NA,NA,LOS ANGELES,LOS ANGELES,-118.51864624023438,34.2120475769043
8534644,2017,2018-06-15,1941,2017-12-20,2025,5348,NA,3,5,7,1941,0,0,0,NA,0,NA,CANAL,PACIFIC COAST HWY,0,NA,Y,A,-,Y,LA,7,1,-,-,7.681,I,5,S,N,4,0,1,2,A,-,06,21755,NA,N,B,C,A,A,H,-,C,D,0,NA,NA,NA,Y,Y,NA,A,NA,0,0,1,0,0,0,0,0,0,-,-,NA,NA,LOS ANGELES,LONG BEACH,-118.21387554,33.78981738
8534646,2018,2018-01-29,1942,2018-01-04,1415,31688,1526,4,5,7,1942,0,0,0,O,0,35M111,LANKERSHIM BL,ERWIN ST,0,NA,Y,A,-,N,NA,NA,NA,NA,NA,NA,NA,NA,NA,N,4,0,1,2,A,-,12,21453,A,N,D,C,A,A,H,-,A,A,0,NA,NA,NA,NA,Y,NA,A,08,0,0,1,0,0,0,0,0,0,-,-,NA,NA,LOS ANGELES,LOS ANGELES,-118.38559722900392,34.183040618896484
8534655,2017,2018-02-20,1942,2017-12-26,1940,41833,1793,2,5,7,1942,0,0,0,Q,0,17A99,TAMPA AV,BUSINESS CENTER DR,0,NA,Y,A,-,N,NA,NA,NA,NA,NA,NA,NA,NA,NA,Y,4,0,1,2,A,-,09,21801,A,N,D,C,A,A,H,-,C,A,0,NA,NA,NA,NA,Y,NA,D,22,0,0,1,0,0,0,0,0,0,-,-,NA,NA,LOS ANGELES,LOS ANGELES,-118.55355007,34.23096003
8534658,2018,2018-01-29,1942,2018-01-15,0600,39473,1693,1,5,7,1942,0,0,0,P,0,16A81,SATICOY ST,LAURELGROVE AV,0,NA,Y,A,-,N,NA,NA,NA,NA,NA,NA,NA,NA,NA,Y,4,0,1,2,A,-,09,21802,A,F,D,C,A,A,H,-,A,A,0,NA,NA,NA,NA,Y,NA,D,22,0,0,1,0,0,0,0,0,0,-,-,NA,NA,LOS ANGELES,LOS ANGELES,-118.40025329589844,34.20846939086914
8534659,2017,2018-01-29,1942,2017-12-27,1820,40029,LOSAN,3,5,7,1942,0,0,0,NA,0,17X24,TAMPA AV,NASHVILLE ST,0,NA,Y,A,-,N,NA,NA,NA,NA,NA,NA,NA,NA,NA,N,3,0,3,4,A,-,03,22350,NA,N,C,C,A,A,H,-,C,A,0,NA,NA,NA,NA,Y,NA,D,22,0,1,2,0,0,0,0,0,0,-,-,NA,NA,LOS ANGELES,LOS ANGELES,-118.55529,34.26931006
8534668,2017,2018-01-29,1942,2017-12-18,1720,40533,LOS A,1,5,7,1942,0,0,0,NA,0,2126,DE SOTO,SATICOY,200,N,N,A,-,N,NA,NA,NA,NA,NA,NA,NA,NA,NA,N,4,0,1,3,A,-,03,22350,NA,N,C,C,A,A,H,-,C,D,0,NA,NA,NA,NA,Y,NA,D,22,0,0,1,0,0,0,0,0,0,-,-,NA,NA,LOS ANGELES,LOS ANGELES,-118.58848,34.20887866
8534670,2018,2018-01-29,1942,2018-01-05,1025,40777,1739,5,5,7,1942,0,0,0,Q,0,35M82,WOODLEY,TULSA,0,NA,Y,A,-,N,NA,NA,NA,NA,NA,NA,NA,NA,NA,Y,4,0,6,2,A,-,09,21802,A,N,D,C,A,A,H,-,A,D,0,NA,NA,NA,NA,Y,NA,D,22,0,0,6,0,0,0,0,0,0,-,-,NA,NA,LOS ANGELES,LOS ANGELES,-118.48473358154295,34.26847839355469
8534674,2018,2018-01-29,1941,2018-01-05,0912,6117,NA,5,5,7,1941,0,0,0,NA,0,NA,ORANGE,SAN ANTONIO,60,S,N,-,-,N,NA,NA,NA,NA,NA,NA,NA,NA,NA,Y,4,0,1,3,A,-,05,21650,NA,N,A,C,A,A,H,-,A,D,0,NA,NA,NA,NA,Y,NA,A,NA,0,0,1,0,0,0,0,0,0,-,-,NA,NA,LOS ANGELES,LONG BEACH,-118.17632293701172,33.84139633178711
8534676,2017,2018-01-29,1942,2017-12-30,1920,32774,2115,6,5,7,1942,0,0,0,NA,0,21A5,ROSCOE BL,OWENSMOUTH AV,0,NA,Y,A,-,N,NA,NA,NA,NA,NA,NA,NA,NA,NA,Y,2,0,1,3,A,-,09,21801,A,N,A,C,A,A,H,-,C,D,0,NA,NA,Y,NA,Y,NA,D,22,1,0,0,0,0,0,0,0,1,-,-,NA,NA,LOS ANGELES,LOS ANGELES,-118.60163013,34.21973003
8534678,2018,2018-01-29,1941,2018-01-10,1352,5462,NA,3,5,7,1941,0,0,0,NA,0,NA,10TH ST,REDONDO AV,50,W,N,A,-,N,NA,NA,NA,NA,NA,NA,NA,NA,NA,N,4,0,1,2,A,-,05,21650,1,N,D,G,A,A,H,-,A,D,0,NA,Y,NA,NA,Y,NA,L,NA,0,0,1,0,0,0,1,0,0,-,-,NA,NA,LOS ANGELES,LONG BEACH,-118.15259552001952,33.77894973754883
8534680,2017,2018-01-29,1942,2017-12-29,1950,37617,2148,5,5,7,1942,0,0,0,NA,0,NA,VANOWEN ST,OSO AV,520,W,N,A,-,N,NA,NA,NA,NA,NA,NA,NA,NA,NA,Y,4,0,1,4,A,-,03,22350,NA,N,B,E,A,A,-,-,C,D,0,NA,NA,NA,NA,Y,NA,A,01,0,0,1,0,0,0,0,0,0,-,-,NA,NA,LOS ANGELES,LOS ANGELES,-118.57704647,34.19378
8534682,2018,2018-01-29,1942,2018-01-07,1540,33947,1794,7,5,7,1942,0,0,0,Q,0,NA,PARTHENIA ST,LINDLEY AV,0,NA,Y,A,-,N,NA,NA,NA,NA,NA,NA,NA,NA,NA,Y,3,0,2,2,A,-,09,21801,A,N,D,C,A,A,H,-,A,A,0,NA,NA,NA,NA,Y,NA,A,01,0,1,1,0,0,0,0,0,0,-,-,NA,NA,LOS ANGELES,LOS ANGELES,-118.52735137939452,34.228668212890625
8534684,2017,2018-02-20,1942,2017-12-19,2230,34398,2146,2,5,7,1942,0,0,0,NA,0,21A73,SHERMAN WY,VARIEL AV,0,NA,Y,A,-,N,NA,NA,NA,NA,NA,NA,NA,NA,NA,N,4,0,2,7,A,-,12,21453,A,N,D,C,A,A,H,-,C,A,0,NA,NA,NA,NA,Y,NA,D,22,0,0,2,0,0,0,0,0,0,-,-,NA,NA,LOS ANGELES,LOS ANGELES,-118.5928101,34.20098003
8534685,2018,2018-02-10,1941,2018-01-02,1454,10045,622,2,5,7,1941,0,0,0,NA,0,010,2ND ST,ATTICA AV,22,W,N,A,-,N,NA,NA,NA,NA,NA,NA,NA,NA,NA,Y,4,0,4,2,A,-,03,22350,NA,N,C,C,A,A,H,-,A,D,0,NA,NA,NA,NA,Y,NA,A,NA,0,0,4,0,0,0,0,0,0,-,-,NA,NA,LOS ANGELES,LONG BEACH,-118.1221923828125,33.75679016113281
8534686,2018,2018-01-29,1942,2018-01-05,1355,32366,1766,5,5,7,1942,0,0,0,Q,0,35MQ13,LASSEN ST,WILBUR AV,0,NA,Y,A,-,N,NA,NA,NA,NA,NA,NA,NA,NA,NA,Y,3,0,4,2,A,-,09,21801,A,N,A,C,A,A,H,-,A,A,0,NA,NA,NA,NA,Y,NA,A,01,0,4,0,0,0,0,0,0,0,-,-,NA,NA,LOS ANGELES,LOS ANGELES,-118.54483795166016,34.25
8534688,2017,2018-01-29,1942,2017-12-19,1500,35428,2134,2,5,7,1942,0,0,0,NA,0,21X62,SHERMAN WY,FARRALONE AV,0,NA,Y,A,-,N,NA,NA,NA,NA,NA,NA,NA,NA,NA,Y,4,0,1,2,A,-,12,21453,A,N,D,C,A,A,H,-,A,A,0,NA,NA,NA,NA,Y,NA,D,22,0,0,1,0,0,0,0,0,0,-,-,NA,NA,LOS ANGELES,LOS ANGELES,-118.6103,34.20102
8534690,2018,2018-01-29,1942,2018-01-11,0325,33504,1707,4,5,7,1942,0,0,0,Q,0,17A35,BRADFORD PL,FAIRLAND CT,0,NA,Y,A,-,N,NA,NA,NA,NA,NA,NA,NA,NA,NA,N,4,0,1,1,A,-,03,22350,NA,N,E,I,A,A,H,-,C,D,0,NA,NA,NA,NA,Y,NA,A,01,0,0,1,0,0,0,0,0,0,-,-,NA,NA,LOS ANGELES,LOS ANGELES,-118.5114974975586,34.29391098022461
8534692,2017,2018-01-27,1942,2017-12-18,1801,39099,2146,1,5,7,1942,0,0,0,NA,0,21X62,TOPANGA CANYON BL,VANOWEN ST,0,NA,Y,A,-,N,NA,NA,NA,NA,NA,NA,NA,NA,NA,N,2,0,2,2,A,-,09,21801,A,N,H,C,A,A,H,-,C,A,0,NA,NA,NA,NA,Y,NA,A,01,1,0,1,0,0,0,0,0,0,-,-,NA,NA,LOS ANGELES,LOS ANGELES,-118.60591009,34.1937501
8534693,2018,2018-02-10,1941,2018-01-06,1548,11012,NA,6,5,7,1941,0,0,0,NA,0,007,LONG BEACH BL,11TH ST,5,N,N,A,-,N,NA,NA,NA,NA,NA,NA,NA,NA,NA,N,4,0,1,2,A,-,05,21650,1,N,D,G,A,A,H,-,A,D,0,NA,Y,NA,NA,Y,NA,L,NA,0,0,1,0,0,0,1,0,0,-,-,NA,NA,LOS ANGELES,LONG BEACH,-118.18927764892578,33.78093338012695
8534694,2018,2018-01-29,1942,2018-01-13,1920,42029,1747,6,5,7,1942,0,0,0,Q,0,17A49,CHATSWORTH ST,PETIT AV,40,W,N,A,-,N,NA,NA,NA,NA,NA,NA,NA,NA,NA,N,4,0,1,2,A,-,10,21954,B,F,G,B,E,A,H,-,D,D,0,Y,NA,NA,NA,Y,NA,-,99,0,0,1,0,1,0,0,0,0,-,-,NA,NA,LOS ANGELES,LOS ANGELES,-118.49805450439452,34.264739990234375
8534696,2017,2018-01-29,1942,2017-12-29,1220,42344,1008,5,5,7,1942,0,0,0,J,0,10A39,ROSCOE BL,HAYVENHURST AV,965,W,N,A,-,N,NA,NA,NA,NA,NA,NA,NA,NA,NA,N,3,0,1,2,A,-,03,22350,NA,N,B,C,A,A,H,-,A,D,0,NA,NA,NA,NA,Y,NA,D,22,0,1,0,0,0,0,0,0,0,-,-,NA,NA,LOS ANGELES,LOS ANGELES,-118.49497533,34.22028694
8534698,2018,2018-01-29,1942,2018-01-11,0750,38326,1781,4,5,7,1942,0,0,0,Q,0,17A81,INDEPENDENCE AV,OSBORNE ST,8,S,N,A,-,N,NA,NA,NA,NA,NA,NA,NA,NA,NA,N,4,0,1,2,A,-,10,21950,A,F,G,B,B,A,H,-,A,A,0,Y,NA,NA,NA,Y,NA,-,99,0,0,1,0,1,0,0,0,0,-,-,NA,NA,LOS ANGELES,LOS ANGELES,-118.59072875976564,34.232967376708984
8534702,2018,2018-01-29,1942,2018-01-13,1125,42344,1004,6,5,7,1942,0,0,0,J,0,10A3,RESEDA BL,ROSCOE BL,175,S,N,A,-,N,NA,NA,NA,NA,NA,NA,NA,NA,NA,N,4,0,1,2,A,-,08,22107,NA,F,B,C,A,A,H,-,A,D,0,NA,NA,NA,NA,Y,NA,-,99,0,0,1,0,0,0,0,0,0,-,-,NA,NA,LOS ANGELES,LOS ANGELES,-118.53607940673828,34.22026824951172
8534704,2017,2018-01-29,1942,2017-12-22,1950,35410,2126,5,5,7,1942,0,0,0,NA,0,21A5,SATICOY ST,VARIEL AV,0,NA,Y,A,-,N,NA,NA,NA,NA,NA,NA,NA,NA,NA,Y,4,0,1,2,A,-,09,21801,A,N,A,C,A,A,H,-,C,A,0,NA,NA,NA,NA,Y,NA,D,22,0,0,1,0,0,0,0,0,0,-,-,NA,NA,LOS ANGELES,LOS ANGELES,-118.59287004,34.2083301
8534706,2018,2018-01-29,1942,2018-01-12,1505,36733,1774,5,5,7,1942,0,0,0,Q,0,9TL56,ZELZAH AV,SUPERIOR ST,25,N,N,A,-,N,NA,NA,NA,NA,NA,NA,NA,NA,NA,N,3,0,1,3,A,-,09,21804,A,F,C,C,A,A,H,-,A,A,0,NA,NA,Y,NA,Y,NA,-,99,0,1,0,0,0,0,0,0,1,-,-,NA,NA,LOS ANGELES,LOS ANGELES,-118.52330017089844,34.24681854248047
8534707,2018,2018-01-29,1941,2018-01-04,1307,5462,NA,4,5,7,1941,0,0,0,NA,0,NA,REDONDO,20TH ST,0,NA,Y,A,-,N,NA,NA,NA,NA,NA,NA,NA,NA,NA,Y,3,0,1,2,A,-,08,22101,D,N,D,C,A,A,H,-,A,A,0,NA,NA,Y,Y,Y,NA,F,NA,0,1,0,0,0,0,0,0,1,-,-,NA,NA,LOS ANGELES,LONG BEACH,-118.15167999267578,33.79349899291992
8534708,2017,2018-01-29,1942,2017-12-27,0940,37080,1991,3,5,7,1942,0,0,0,NA,0,19A93,ROSCOE BL,ORION AV,0,NA,Y,A,-,N,NA,NA,NA,NA,NA,NA,NA,NA,NA,Y,3,0,2,4,A,-,12,21453,A,N,D,C,A,A,H,-,A,-,0,NA,NA,NA,Y,Y,NA,A,01,0,1,1,0,0,0,0,0,0,-,-,NA,NA,LOS ANGELES,LOS ANGELES,-118.47209006,34.22138007
8534712,2017,2018-01-29,1942,2017-12-23,1840,41622,1655,6,5,7,1942,0,0,0,P,0,16EL4,SUNLAND BL,WHEATLAND,400,N,N,A,-,N,NA,NA,NA,NA,NA,NA,NA,NA,NA,Y,4,0,1,2,A,-,03,22350,NA,F,C,C,A,A,H,-,C,D,0,NA,NA,NA,NA,Y,NA,-,99,0,0,1,0,0,0,0,0,0,-,-,NA,NA,LOS ANGELES,LOS ANGELES,-118.35746,34.24705
8534715,2018,2018-08-01,1941,2018-01-02,0802,5617,NA,2,5,7,1941,0,0,0,NA,0,004,RT 1,OREGON AV,0,NA,Y,A,-,Y,LA,7,1,-,-,6.941,I,5,S,Y,4,0,1,2,A,-,08,22100,A,N,D,C,A,A,H,-,A,A,0,NA,NA,NA,Y,Y,NA,F,NA,0,0,1,0,0,0,0,0,0,-,-,NA,NA,LOS ANGELES,LONG BEACH,-118.20101928710938,33.78981018066406
8534716,2017,2018-01-31,1942,2017-12-26,1205,33294,1063,2,5,7,1942,0,0,0,J,0,35M52,VENTURA BL,DONNA AV,30,W,N,A,-,N,NA,NA,NA,NA,NA,NA,NA,NA,NA,Y,3,0,1,2,A,-,08,22107,NA,N,C,E,A,A,H,-,A,A,0,NA,NA,NA,NA,Y,NA,A,01,0,1,0,0,0,0,0,0,0,-,-,NA,NA,LOS ANGELES,LOS ANGELES,-118.54843897,34.17252236
8534720,2017,2018-06-26,1942,2017-12-14,1520,33829,1751,4,5,7,1942,0,0,0,Q,0,17X22,TOPANGA CANYON BL,LASSEN ST,1000,N,N,A,-,Y,LA,7,27,-,-,18.32,H,-,S,Y,3,0,3,3,A,-,03,22350,NA,N,C,C,A,A,H,-,A,D,0,NA,NA,NA,NA,Y,NA,A,07,0,1,2,0,0,0,0,0,0,-,-,NA,NA,LOS ANGELES,LOS ANGELES,-118.60614176,34.25269402
8534724,2018,2018-01-26,1941,2018-01-08,0823,10952,NA,1,5,7,1941,0,0,0,NA,0,NA,LAKEWOOD BL,OUTER TRAFFIC CIR,0,NA,Y,C,-,N,NA,NA,NA,NA,NA,NA,NA,NA,NA,Y,3,0,1,1,A,-,03,22350,NA,N,A,I,A,B,H,-,A,D,0,NA,NA,NA,NA,Y,NA,A,NA,0,1,0,0,0,0,0,0,0,-,-,NA,NA,LOS ANGELES,LONG BEACH,-118.14273071289064,33.79153060913086
8534728,2018,2018-01-26,1941,2018-01-02,1839,10545,NA,2,5,7,1941,0,0,0,NA,0,NA,ORANGE AV,WASHINGTON ST,36,S,N,-,-,N,NA,NA,NA,NA,NA,NA,NA,NA,NA,N,4,0,1,2,A,-,03,22350,NA,F,D,C,A,A,H,-,C,D,0,NA,NA,NA,NA,Y,NA,A,NA,0,0,1,0,0,0,0,0,0,-,-,NA,NA,LOS ANGELES,LONG BEACH,-118.1772689819336,33.8551025390625