CASE_ID,ACCIDENT_YEAR,PROC_DATE,JURIS,COLLISION_DATE,COLLISION_TIME,OFFICER_ID,REPORTING_DISTRICT,DAY_OF_WEEK,CHP_SHIFT,POPULATION,CNTY_CITY_LOC,SPECIAL_COND,BEAT_TYPE,CHP_BEAT_TYPE,CITY_DIVISION_LAPD,CHP_BEAT_CLASS,BEAT_NUMBER,PRIMARY_RD,SECONDARY_RD,DISTANCE,DIRECTION,INTERSECTION,WEATHER_1,WEATHER_2,STATE_HWY_IND,CALTRANS_COUNTY,CALTRANS_DISTRICT,STATE_ROUTE,ROUTE_SUFFIX,POSTMILE_PREFIX,POSTMILE,LOCATION_TYPE,RAMP_INTERSECTION,SIDE_OF_HWY,TOW_AWAY,COLLISION_SEVERITY,NUMBER_KILLED,NUMBER_INJURED,PARTY_COUNT,PRIMARY_COLL_FACTOR,PCF_CODE_OF_VIOL,PCF_VIOL_CATEGORY,PCF_VIOLATION,PCF_VIOL_SUBSECTION,HIT_AND_RUN,TYPE_OF_COLLISION,MVIW,PED_ACTION,ROAD_SURFACE,ROAD_COND_1,ROAD_COND_2,LIGHTING,CONTROL_DEVICE,CHP_ROAD_TYPE,PEDESTRIAN_ACCIDENT,BICYCLE_ACCIDENT,MOTORCYCLE_ACCIDENT,TRUCK_ACCIDENT,NOT_PRIVATE_PROPERTY,ALCOHOL_INVOLVED,STWD_VEHTYPE_AT_FAULT,CHP_VEHTYPE_AT_FAULT,COUNT_SEVERE_INJ,COUNT_VISIBLE_INJ,COUNT_COMPLAINT_PAIN,COUNT_PED_KILLED,COUNT_PED_INJURED,COUNT_BICYCLIST_KILLED,COUNT_BICYCLIST_INJURED,COUNT_MC_KILLED,COUNT_MC_INJURED,PRIMARY_RAMP,SECONDARY_RAMP,LATITUDE,LONGITUDE,COUNTY,CITY,POINT_X,POINT_Y
8536312,2017,2018-01-26,1942,2017-12-21,1250,42918,1361,4,5,7,1942,0,0,0,M,0,13A85,BROADWAY,VERNON AV,0,NA,Y,A,-,N,NA,NA,NA,NA,NA,NA,NA,NA,NA,N,4,0,1,2,A,-,10,21950,A,N,G,B,-,A,H,-,A,A,0,Y,NA,NA,Y,Y,NA,F,21,0,0,1,0,1,0,0,0,0,-,-,NA,NA,LOS ANGELES,LOS ANGELES,-118.27837014,34.00380007
8536320,2018,2018-01-26,1942,2018-01-04,1030,31324,1372,4,5,7,1942,0,0,0,M,0,13A85,SAN PEDRO PL,E SLAUSON AV,0,NA,Y,A,-,N,NA,NA,NA,NA,NA,NA,NA,NA,NA,N,3,0,1,2,A,-,12,22450,A,N,H,G,A,A,H,-,A,A,0,NA,Y,NA,NA,Y,NA,L,04,0,1,0,0,0,0,1,0,0,-,-,NA,NA,LOS ANGELES,LOS ANGELES,-118.27011108398438,33.98923110961914
8536322,2017,2018-06-14,1942,2017-12-17,0055,42363,0979,7,5,7,1942,0,0,0,I,0,9A63,COLDWATER CANYON BL,RT 101,0,NA,-,A,-,Y,LA,7,101,-,-,13.765,R,4,N,N,4,0,2,2,A,-,12,21453,A,N,D,C,A,A,H,-,C,A,0,NA,NA,NA,NA,Y,NA,-,-,0,0,2,0,0,0,0,0,0,-,-,NA,NA,LOS ANGELES,LOS ANGELES,-118.41167648,34.15682323
8536326,2017,2018-01-24,1942,2017-12-28,1615,38471,0974,4,5,7,1942,0,0,0,I,0,9A41W2,VISTA DEL MONTE AV,MOORPARK ST,280,N,N,A,-,N,NA,NA,NA,NA,NA,NA,NA,NA,NA,Y,4,0,1,4,A,-,07,21658,A,N,A,E,A,A,H,-,A,A,0,NA,NA,NA,NA,Y,Y,A,01,0,0,1,0,0,0,0,0,0,-,-,NA,NA,LOS ANGELES,LOS ANGELES,-118.44987287,34.15286802
8536327,2017,2018-01-22,1928,2017-12-12,1406,376,516,2,5,5,1928,0,0,0,NA,0,503,HAWTHORN BL,139TH ST,0,NA,Y,A,-,N,NA,NA,NA,NA,NA,NA,NA,NA,NA,N,4,0,1,2,A,-,03,22350,NA,N,H,G,A,A,H,-,A,A,0,NA,Y,NA,NA,Y,NA,L,04,0,0,1,0,0,0,1,0,0,-,-,33.90526,-118.35259,LOS ANGELES,HAWTHORNE,-118.35276,33.90525
8536329,2017,2018-01-23,1942,2017-12-19,1015,34216,1047,2,5,7,1942,0,0,0,J,0,10A99,BURBANK BL,WHITE OAK,200,E,N,A,-,N,NA,NA,NA,NA,NA,NA,NA,NA,NA,N,4,0,1,2,A,-,09,21801,A,N,A,C,A,A,H,-,A,D,0,NA,NA,NA,NA,Y,NA,A,07,0,0,1,0,0,0,0,0,0,-,-,NA,NA,LOS ANGELES,LOS ANGELES,-118.51788087,34.17226
8536330,2017,2018-01-24,1942,2017-12-14,2100,43004,09,4,5,7,1942,0,0,0,I,0,9A41,SEPULVEDA BL,HATTERAS ST,0,NA,Y,A,-,N,NA,NA,NA,NA,NA,NA,NA,NA,NA,Y,3,0,1,2,A,-,12,21453,A,N,D,C,A,A,H,-,C,A,0,NA,NA,NA,NA,Y,NA,A,01,0,1,0,0,0,0,0,0,0,-,-,NA,NA,LOS ANGELES,LOS ANGELES,-118.46616014,34.17573004
8536331,2017,2018-01-31,1928,2017-12-21,1052,376,522,4,5,5,1928,0,0,0,NA,0,503,MARINE AV,PRAIRIE AV,0,NA,Y,A,-,N,NA,NA,NA,NA,NA,NA,NA,NA,NA,Y,3,0,9,5,A,-,12,21453,A,N,D,C,A,A,H,-,A,A,0,NA,NA,NA,NA,Y,NA,A,01,0,3,6,0,0,0,0,0,0,-,-,33.89463,-118.34387,LOS ANGELES,HAWTHORNE,-118.34384001,33.89465009
8536333,2017,2018-01-23,1942,2017-12-23,2130,33512,1097,6,5,7,1942,0,0,0,J,0,17X22,HASKELL AV,VANOWEN ST,0,NA,Y,A,-,N,NA,NA,NA,NA,NA,NA,NA,NA,NA,Y,4,0,2,2,A,-,03,22350,NA,N,C,C,A,A,H,-,C,A,0,NA,NA,NA,NA,Y,NA,A,01,0,0,2,0,0,0,0,0,0,-,-,NA,NA,LOS ANGELES,LOS ANGELES,-118.47488007,34.19391009
8536334,2017,2018-01-24,1942,2017-12-10,0600,42864,0914,7,5,7,1942,0,0,0,I,0,0LA,VANOWEN ST,VESPER AV,0,NA,Y,A,-,N,NA,NA,NA,NA,NA,NA,NA,NA,NA,Y,4,0,1,2,A,-,12,21453,A,N,D,C,A,A,H,-,B,A,0,NA,NA,NA,NA,Y,NA,A,07,0,0,1,0,0,0,0,0,0,-,-,NA,NA,LOS ANGELES,LOS ANGELES,-118.45095013,34.19393001
8536335,2017,2018-01-22,1928,2017-12-13,0748,324,520,3,5,5,1928,0,0,0,NA,0,503,ROSECRANS AV,KORNBLUM AV,0,NA,Y,A,-,N,NA,NA,NA,NA,NA,NA,NA,NA,NA,Y,4,0,1,3,A,-,09,21801,A,N,D,C,A,A,H,-,A,A,0,NA,NA,NA,NA,Y,NA,A,01,0,0,1,0,0,0,0,0,0,-,-,33.90187,-118.33746,LOS ANGELES,HAWTHORNE,-118.33738002,33.90193005
8536337,2017,2018-01-23,1942,2017-12-18,1635,43032,1033,1,5,7,1942,0,0,0,J,0,17A74,VANALDEN,FRIAR,0,NA,Y,A,-,N,NA,NA,NA,NA,NA,NA,NA,NA,NA,Y,4,0,1,2,A,-,09,21802,A,N,B,C,A,A,H,-,A,D,0,NA,NA,NA,NA,Y,NA,A,01,0,0,1,0,0,0,0,0,0,-,-,NA,NA,LOS ANGELES,LOS ANGELES,-118.54911007,34.18566001
8536338,2017,2018-01-24,1942,2017-12-18,1630,42870,0971,1,5,7,1942,0,0,0,I,0,15A44,MOORPARK ST,KESTER AV,0,NA,Y,A,-,N,NA,NA,NA,NA,NA,NA,NA,NA,NA,Y,3,0,3,2,A,-,09,21802,A,N,D,C,A,A,H,-,B,A,0,NA,NA,NA,NA,Y,NA,A,01,0,2,1,0,0,0,0,0,0,-,-,NA,NA,LOS ANGELES,LOS ANGELES,-118.45745013,34.15381004
8536341,2017,2018-01-23,1942,2017-12-31,1420,39048,1037,7,5,7,1942,0,0,0,J,0,10A17,LOUISE AV,VICTORY BL,9,N,N,A,-,N,NA,NA,NA,NA,NA,NA,NA,NA,NA,Y,2,0,4,2,A,-,03,22350,NA,N,D,C,A,A,H,-,A,A,0,NA,NA,NA,NA,Y,NA,A,07,2,1,1,0,0,0,0,0,0,-,-,NA,NA,LOS ANGELES,LOS ANGELES,-118.51006164,34.18684465
8536342,2017,2018-01-24,1942,2017-12-24,1101,43061,0974,7,5,7,1942,0,0,0,I,0,9A89,MOORPARK ST,KESTER AV,10,W,N,A,-,N,NA,NA,NA,NA,NA,NA,NA,NA,NA,Y,2,0,2,2,A,-,09,21802,A,N,D,C,A,A,H,-,A,A,0,NA,NA,NA,NA,Y,NA,A,01,1,0,1,0,0,0,0,0,0,-,-,NA,NA,LOS ANGELES,LOS ANGELES,-118.45745,34.15381
8536345,2017,2018-01-23,1942,2017-12-23,2205,41175,1094,6,5,7,1942,0,0,0,J,0,1024,ALONZO AV,CATHEDRAL PL,170,N,N,A,-,N,NA,NA,NA,NA,NA,NA,NA,NA,NA,Y,4,0,1,1,A,-,03,22350,NA,N,E,I,A,A,H,-,C,D,0,NA,NA,NA,NA,Y,NA,A,07,0,0,1,0,0,0,0,0,0,-,-,NA,NA,LOS ANGELES,LOS ANGELES,-118.52189294,34.14991413
8536346,2017,2018-03-12,1942,2017-12-30,0950,37244,NA,6,5,7,1942,0,0,0,NA,0,NA,SHERMAN WY,TYRONE AV,150,E,N,A,-,N,NA,NA,NA,NA,NA,NA,NA,NA,NA,N,4,0,2,2,A,-,09,21804,A,N,D,C,A,A,H,-,A,D,0,NA,NA,NA,NA,Y,NA,A,01,0,0,2,0,0,0,0,0,0,-,-,NA,NA,LOS ANGELES,LOS ANGELES,-118.44386491,34.20120799
8536349,2017,2018-02-27,1942,2017-12-31,0600,41083,1012,7,5,7,1942,0,0,0,J,0,10A3W3,SATICOY ST,RESEDA BL,0,NA,Y,A,-,N,NA,NA,NA,NA,NA,NA,NA,NA,NA,Y,4,0,1,2,A,-,12,21453,A,N,D,C,A,A,H,-,B,A,0,NA,NA,NA,NA,Y,NA,-,-,0,0,1,0,0,0,0,0,0,-,-,NA,NA,LOS ANGELES,LOS ANGELES,-118.5360501,34.20841001
8536350,2017,2018-01-25,1941,2017-12-20,1703,11112,NA,3,5,7,1941,0,0,0,NA,0,NA,LONG BEACH BL,WILLOW ST,0,NA,Y,B,-,N,NA,NA,NA,NA,NA,NA,NA,NA,NA,NA,4,0,1,3,A,-,-,NA,A,N,B,C,A,A,H,-,B,A,0,NA,NA,NA,NA,Y,NA,A,NA,0,0,1,0,0,0,0,0,0,-,-,NA,NA,LOS ANGELES,LONG BEACH,-118.18946005,33.80444008
8536353,2017,2018-01-23,1942,2017-12-12,0005,40704,0938,2,5,7,1942,0,0,0,I,0,9A41,WOODMAN AV,BESSEMER ST,120,N,N,A,-,N,NA,NA,NA,NA,NA,NA,NA,NA,NA,Y,3,0,1,4,A,-,08,22107,NA,F,-,-,A,A,H,-,C,-,0,NA,NA,NA,NA,Y,NA,A,01,0,1,0,0,0,0,0,0,0,-,-,NA,NA,LOS ANGELES,LOS ANGELES,-118.43125,34.18154915
8536354,2017,2018-01-24,1942,2017-12-24,1511,42448,0932,7,5,7,1942,0,0,0,I,0,9X14,SEPULVEDA BL,VICTORY BL,0,NA,Y,A,-,N,NA,NA,NA,NA,NA,NA,NA,NA,NA,N,4,0,1,2,A,-,04,21703,NA,N,C,C,A,A,H,-,A,A,0,NA,NA,NA,NA,Y,NA,A,01,0,0,1,0,0,0,0,0,0,-,-,NA,NA,LOS ANGELES,LOS ANGELES,-118.46617011,34.18666009
8536357,2017,2018-01-23,1942,2017-12-26,1720,42993,RD102,2,5,7,1942,0,0,0,NA,0,10A26,RESEDA BL,SHERMAN WAY,0,NA,Y,A,-,N,NA,NA,NA,NA,NA,NA,NA,NA,NA,Y,4,0,1,3,A,-,09,21804,A,F,D,A,A,A,H,-,C,D,0,NA,NA,NA,NA,Y,Y,-,NA,0,0,1,0,0,0,0,0,0,-,-,NA,NA,LOS ANGELES,LOS ANGELES,-118.53604003,34.20118005
8536358,2017,2018-01-24,1941,2017-12-27,2100,5606,NA,3,5,7,1941,0,0,0,NA,0,NA,7TH ST,BELMONT AV,20,E,N,A,-,N,NA,NA,NA,NA,NA,NA,NA,NA,NA,Y,2,0,5,5,A,-,07,21658,A,N,A,-,A,A,H,-,C,D,0,NA,NA,NA,NA,Y,NA,A,NA,2,0,3,0,0,0,0,0,0,-,-,NA,NA,LOS ANGELES,LONG BEACH,-118.14483433,33.77534
8536361,2017,2018-01-23,1942,2017-12-26,2050,41840,0901,2,5,7,1942,0,0,0,I,0,9A5,SATICOY ST,ZOMBAR AV,6,E,N,A,-,N,NA,NA,NA,NA,NA,NA,NA,NA,NA,N,2,0,1,2,A,-,07,21658,A,F,B,C,A,A,H,-,C,A,0,NA,NA,Y,NA,Y,NA,-,99,1,0,0,0,0,0,0,0,1,-,-,NA,NA,LOS ANGELES,LOS ANGELES,-118.46727019,34.20846
8536362,2017,2018-01-24,1941,2017-12-24,1318,10016,NA,7,5,7,1941,0,0,0,NA,0,NA,PINE AV,20TH ST,0,NA,Y,A,-,N,NA,NA,NA,NA,NA,NA,NA,NA,NA,Y,4,0,1,3,D,-,00,NA,NA,N,D,C,A,A,H,-,A,A,0,NA,NA,NA,NA,Y,NA,-,-,0,0,1,0,0,0,0,0,0,-,-,NA,NA,LOS ANGELES,LONG BEACH,-118.19241006,33.79348007
8536363,2017,2018-01-22,1941,2017-12-30,1427,10920,901-T,6,5,7,1941,0,0,0,NA,0,007,ANAHEIM ST,LEWIS AV,0,NA,Y,A,-,N,NA,NA,NA,NA,NA,NA,NA,NA,NA,N,3,0,1,2,A,-,11,21954,A,N,G,B,-,A,H,-,A,D,0,Y,NA,NA,NA,Y,NA,A,01,0,1,0,0,1,0,0,0,0,-,-,NA,NA,LOS ANGELES,LONG BEACH,-118.18009005,33.78261008
8536365,2017,2018-01-23,1942,2017-12-28,1815,35481,1515,4,5,7,1942,0,0,0,O,0,15A3,VANOWEN ST,LANKERSHIM BL,90,W,N,A,-,N,NA,NA,NA,NA,NA,NA,NA,NA,NA,N,3,0,1,2,A,-,11,21954,A,N,G,B,D,A,H,-,C,D,0,Y,NA,NA,NA,Y,NA,N,60,0,1,0,0,1,0,0,0,0,-,-,NA,NA,LOS ANGELES,LOS ANGELES,-118.38809707,34.19394
8536366,2017,2018-01-24,1941,2017-12-28,1650,10562,NA,4,5,7,1941,0,0,0,NA,0,NA,10TH ST,OBISPO AV,0,NA,Y,A,-,N,NA,NA,NA,NA,NA,NA,NA,NA,NA,Y,3,0,2,2,A,-,12,21453,A,N,D,C,A,A,H,-,A,A,0,NA,NA,NA,NA,Y,NA,A,NA,0,1,1,0,0,0,0,0,0,-,-,NA,NA,LOS ANGELES,LONG BEACH,-118.1546101,33.77895004
8536367,2017,2018-01-22,1941,2017-12-29,0016,11021,901-T,5,5,7,1941,0,0,0,NA,0,024,PARAMOUNT BL,SEABOARD LN,153,N,N,A,-,N,NA,NA,NA,NA,NA,NA,NA,NA,NA,Y,2,0,2,3,A,-,07,21658,A,N,A,C,A,A,H,-,A,D,0,NA,NA,NA,NA,Y,NA,A,01,2,0,0,0,0,0,0,0,0,-,-,NA,NA,LOS ANGELES,LONG BEACH,-118.15992,33.86463956
8536369,2017,2018-01-23,1942,2017-12-28,2000,33504,1501,4,5,7,1942,0,0,0,O,0,15A21,COLDWATER CANYON AV,STRATHERN ST,72,N,N,A,-,N,NA,NA,NA,NA,NA,NA,NA,NA,NA,Y,4,0,1,2,A,-,04,21703,NA,N,C,C,A,A,H,-,C,A,0,NA,NA,NA,NA,Y,NA,A,01,0,0,1,0,0,0,0,0,0,-,-,NA,NA,LOS ANGELES,LOS ANGELES,-118.41442,34.21598748
8536370,2017,2018-01-24,1941,2017-12-27,2024,5825,NA,3,5,7,1941,0,0,0,NA,0,NA,LOS COYOTES DIAGONAL,W XIMENO AV,36,W,N,A,-,N,NA,NA,NA,NA,NA,NA,NA,NA,NA,N,4,0,1,2,A,-,03,22350,NA,N,C,C,A,A,H,-,C,A,0,NA,NA,NA,NA,Y,NA,A,NA,0,0,1,0,0,0,0,0,0,-,-,NA,NA,LOS ANGELES,LONG BEACH,-118.13963734,33.79187346
8536371,2017,2018-01-22,1941,2017-12-22,0745,6204,901-T,5,5,7,1941,0,0,0,NA,0,024,CARSON,TOWNE CENTER DR,0,NA,Y,A,-,N,NA,NA,NA,NA,NA,NA,NA,NA,NA,Y,2,0,2,2,-,-,-,NA,NA,N,D,C,A,A,H,-,A,A,0,NA,NA,NA,NA,Y,Y,-,-,2,0,0,0,0,0,0,0,0,-,-,NA,NA,LOS ANGELES,LONG BEACH,-118.08797,33.83132
8536373,2017,2018-01-23,1942,2017-12-27,1150,42344,1531,3,5,7,1942,0,0,0,O,0,15A43,WHITSETT AV,OXNARD ST,40,S,N,A,-,N,NA,NA,NA,NA,NA,NA,NA,NA,NA,N,4,0,2,3,A,-,04,21703,NA,N,-,C,A,A,D,-,A,D,0,NA,NA,NA,NA,Y,NA,A,01,0,0,2,0,0,0,0,0,0,-,-,NA,NA,LOS ANGELES,LOS ANGELES,-118.40526,34.17930029
8536374,2017,2018-01-24,1941,2017-12-30,0817,6185,NA,6,5,7,1941,0,0,0,NA,0,NA,LINDEN AV,HULLETT ST,0,NA,Y,A,-,N,NA,NA,NA,NA,NA,NA,NA,NA,NA,Y,4,0,2,2,A,-,09,21801,A,N,D,C,A,A,H,-,A,A,0,NA,NA,NA,NA,Y,NA,-,NA,0,0,2,0,0,0,0,0,0,-,-,NA,NA,LOS ANGELES,LONG BEACH,-118.18601011,33.86090005
8536375,2017,2018-01-22,1941,2017-12-18,1429,10544,901T,1,5,7,1941,0,0,0,NA,0,024,ARTESIA BL,OBISPO AV,0,NA,Y,A,-,N,NA,NA,NA,NA,NA,NA,NA,NA,NA,Y,3,0,1,2,A,-,09,21801,A,N,A,C,A,A,H,-,A,A,0,NA,NA,NA,NA,Y,Y,D,22,0,1,0,0,0,0,0,0,0,-,-,NA,NA,LOS ANGELES,LONG BEACH,-118.15565012,33.87477006
8536377,2017,2018-01-23,1942,2017-12-27,0815,42469,1569,3,5,7,1942,0,0,0,O,0,15A67,LEDGE AV,RIVERSIDE DR,23,N,N,A,-,N,NA,NA,NA,NA,NA,NA,NA,NA,NA,N,4,0,1,2,A,-,10,21950,A,N,G,B,B,A,H,-,A,A,0,Y,NA,NA,NA,Y,NA,A,01,0,0,1,0,1,0,0,0,0,-,-,NA,NA,LOS ANGELES,LOS ANGELES,-118.35711134,34.15226307
8536378,2017,2018-01-24,1941,2017-12-16,0925,5966,NA,6,5,7,1941,0,0,0,NA,0,NA,LIVINGSTON,ROSWELL,0,NA,Y,A,-,N,NA,NA,NA,NA,NA,NA,NA,NA,NA,Y,3,0,2,2,A,-,03,22350,NA,N,C,C,A,A,H,-,A,D,0,NA,NA,NA,NA,Y,NA,A,NA,0,1,1,0,0,0,0,0,0,-,-,NA,NA,LOS ANGELES,LONG BEACH,-118.14376008,33.76120011
8536379,2017,2018-01-22,1941,2017-12-17,1314,10549,NA,7,5,7,1941,0,0,0,NA,0,019,ATLANTIC AV,30TH ST,10,E,N,A,-,N,NA,NA,NA,NA,NA,NA,NA,NA,NA,N,2,0,1,2,A,-,08,22107,NA,N,H,B,-,A,H,-,A,D,0,Y,NA,NA,NA,Y,NA,A,01,1,0,0,0,1,0,0,0,0,-,-,NA,NA,LOS ANGELES,LONG BEACH,NA,NA
8536381,2017,2018-02-28,1942,2017-12-15,1905,41752,1583,5,5,7,1942,0,0,0,O,0,15A38,VENTURA BL,CARPENTER,320,W,N,A,-,N,NA,NA,NA,NA,NA,NA,NA,NA,NA,N,3,0,1,2,A,-,21,22106,NA,N,G,B,E,A,H,-,C,D,0,Y,NA,NA,NA,Y,NA,A,07,0,1,0,0,1,0,0,0,0,-,-,NA,NA,LOS ANGELES,LOS ANGELES,-118.39170708,34.14310464
8536382,2017,2018-01-24,1941,2017-12-31,1545,10761,NA,7,5,7,1941,0,0,0,NA,0,NA,4TH ST,FREEMAN AV,0,NA,Y,A,-,N,NA,NA,NA,NA,NA,NA,NA,NA,NA,N,3,0,1,2,A,-,11,21950,B,N,D,B,B,A,H,-,A,D,0,Y,NA,NA,NA,Y,NA,N,NA,0,1,0,0,1,0,0,0,0,-,-,NA,NA,LOS ANGELES,LONG BEACH,-118.15571,33.77169008
8536383,2017,2018-01-22,1941,2017-12-17,1900,5163,NA,7,5,7,1941,0,0,0,NA,0,NA,CARSON ST,CHARLEMAGNE AV,100,W,N,A,-,N,NA,NA,NA,NA,NA,NA,NA,NA,NA,N,2,0,1,2,A,-,07,21658,A,N,H,C,A,A,H,-,C,A,0,NA,NA,Y,NA,Y,NA,A,01,1,0,0,0,0,0,0,0,1,-,-,NA,NA,LOS ANGELES,LONG BEACH,-118.13091857,33.8323631
8536385,2017,2018-06-14,1942,2017-12-26,1211,39232,1586,2,5,7,1942,0,0,0,O,0,15A39,LANKERSHIM BL,RT 101,0,NA,Y,A,-,Y,LA,7,101,-,-,10.227,R,4,N,N,4,0,1,2,A,-,04,21703,NA,N,C,C,A,A,H,-,A,A,0,NA,NA,NA,NA,Y,NA,A,01,0,0,1,0,0,0,0,0,0,-,-,NA,NA,LOS ANGELES,LOS ANGELES,-118.36113147,34.13663081
8536386,2017,2018-06-18,1941,2017-12-22,1749,10172,NA,5,5,7,1941,0,0,0,NA,0,NA,PACIFIC COAST HWY,COTA AV,100,W,N,A,-,Y,LA,7,1,-,-,7.86,H,-,S,Y,4,0,2,3,A,-,04,21703,NA,F,C,C,A,A,H,-,C,D,0,NA,NA,NA,NA,Y,NA,A,NA,0,0,2,0,0,0,0,0,0,-,-,NA,NA,LOS ANGELES,LONG BEACH,-118.21697913,33.78981738
8536387,2017,2018-01-22,1941,2017-12-15,1519,10549,901-T,5,5,7,1941,0,0,0,NA,0,023,ARTESIA BL,BUTLER AV,0,NA,Y,A,-,N,NA,NA,NA,NA,NA,NA,NA,NA,NA,Y,2,0,1,4,A,-,04,21703,NA,N,C,B,-,A,H,-,A,D,0,Y,NA,NA,NA,Y,NA,A,01,1,0,0,0,1,0,0,0,0,-,-,NA,NA,LOS ANGELES,LONG BEACH,-118.19697011,33.87424003
8536389,2017,2018-01-23,1942,2017-12-23,1545,42995,LOSAN,6,5,7,1942,0,0,0,NA,0,1532,VICTORY BL,WHITSETT,268,E,N,A,-,N,NA,NA,NA,NA,NA,NA,NA,NA,NA,N,4,0,1,2,A,-,04,21703,NA,N,C,C,A,A,H,-,A,A,0,NA,NA,NA,NA,Y,NA,A,01,0,0,1,0,0,0,0,0,0,-,-,NA,NA,LOS ANGELES,LOS ANGELES,-118.40437565,34.18667
8536390,2017,2018-01-25,1941,2017-12-21,1519,5737,NA,4,5,7,1941,0,0,0,NA,0,NA,LONG BEACH BL,16TH ST,40,S,N,A,-,N,NA,NA,NA,NA,NA,NA,NA,NA,NA,Y,4,0,2,4,A,-,07,21658,A,N,C,C,A,A,H,-,A,D,0,NA,NA,NA,NA,Y,NA,A,NA,0,0,2,0,0,0,0,0,0,-,-,NA,NA,LOS ANGELES,LONG BEACH,-118.1894984,33.78704031
8536391,2017,2018-01-22,1941,2017-12-24,2119,11132,901-T,7,5,7,1941,0,0,0,NA,0,024,CHERRY AV,63RD ST,12,S,N,A,-,N,NA,NA,NA,NA,NA,NA,NA,NA,NA,Y,2,0,3,5,A,-,09,21804,A,N,B,C,A,A,H,-,C,A,0,NA,NA,NA,NA,Y,NA,A,01,1,2,0,0,0,0,0,0,0,-,-,NA,NA,LOS ANGELES,LONG BEACH,-118.168627,33.869531
8536393,2017,2018-01-23,1942,2017-12-29,1900,41788,1505,5,5,7,1942,0,0,0,O,0,15A28,SHERMAN WY,LANKERSHIM,720,E,N,A,-,N,NA,NA,NA,NA,NA,NA,NA,NA,NA,N,4,0,1,2,A,-,11,21955,NA,N,G,B,D,A,H,-,C,D,0,Y,NA,NA,NA,Y,NA,N,60,0,0,1,0,1,0,0,0,0,-,-,NA,NA,LOS ANGELES,LOS ANGELES,-118.38540326,34.20119
8536394,2017,2018-06-15,1941,2017-12-25,1710,10680,NA,1,5,7,1941,0,0,0,NA,0,NA,PARAMOUNT BL,RT 91,68,S,N,A,-,Y,LA,7,91,-,R,13.452,R,4,E,N,4,0,1,2,A,-,03,22350,NA,N,C,C,A,A,H,-,A,A,0,NA,NA,NA,NA,Y,NA,A,NA,0,0,1,0,0,0,0,0,0,-,-,NA,NA,LOS ANGELES,LONG BEACH,-118.16278284,33.87601021
8536395,2017,2018-01-19,1941,2017-12-27,1915,11110,NA,3,5,7,1941,0,0,0,NA,0,024,SOUTH ST,DOWNEY AV,0,NA,Y,A,-,N,NA,NA,NA,NA,NA,NA,NA,NA,NA,Y,2,0,3,2,A,-,09,21801,A,N,A,C,A,A,H,-,C,A,0,NA,NA,NA,NA,Y,NA,A,01,2,1,0,0,0,0,0,0,0,-,-,NA,NA,LOS ANGELES,LONG BEACH,-118.1511801,33.86022001
8536397,2017,2018-01-23,1942,2017-12-30,1225,42344,1581,6,5,7,1942,0,0,0,O,0,15A85,COLDWATER CANYON AV,MOORPARK ST,25,S,N,A,-,N,NA,NA,NA,NA,NA,NA,NA,NA,NA,N,3,0,1,2,A,-,02,22400,A,N,C,G,A,A,H,-,A,D,0,NA,Y,NA,NA,Y,NA,L,04,0,1,0,0,0,0,1,0,0,-,-,NA,NA,LOS ANGELES,LOS ANGELES,-118.41379,34.15028143
8536398,2017,2018-01-24,1941,2017-12-21,1354,S741,NA,4,5,7,1941,0,0,0,NA,0,NA,WARDLOW,RT 405,0,NA,Y,A,-,Y,NA,NA,NA,NA,NA,NA,NA,NA,NA,Y,4,0,1,2,A,-,09,21801,A,N,D,C,A,A,H,-,A,D,0,NA,NA,NA,NA,Y,NA,A,NA,0,0,1,0,0,0,0,0,0,-,-,NA,NA,LOS ANGELES,LONG BEACH,-118.19132007,33.8189501
8536399,2017,2018-01-19,1941,2017-12-27,1000,11098,901-T,3,5,7,1941,0,0,0,NA,0,NA,CHERRY AV,56TH ST,178,N,N,A,-,N,NA,NA,NA,NA,NA,NA,NA,NA,NA,Y,2,0,1,2,A,-,09,21804,A,N,D,C,A,A,H,-,A,D,0,NA,NA,NA,NA,Y,NA,A,01,1,0,0,0,0,0,0,0,0,-,-,NA,NA,LOS ANGELES,LONG BEACH,-118.168568,33.858363
8536411,2017,2018-06-13,1928,2017-12-06,1713,271,514,3,5,5,1928,0,0,0,NA,0,504,HAWTHORNE BL,136TH ST,0,NA,Y,A,-,N,NA,NA,NA,NA,NA,NA,NA,NA,NA,N,4,0,1,4,A,-,03,22350,NA,N,C,-,A,A,H,-,B,A,0,NA,NA,NA,NA,Y,NA,A,01,0,0,1,0,0,0,0,0,0,-,-,NA,NA,LOS ANGELES,HAWTHORNE,-118.35276012,33.9089201
8536438,2017,2018-02-23,1941,2017-12-30,1749,11014,NA,6,5,7,1941,0,0,0,NA,0,NA,LONG BEACH BL,BURNETT ST,0,NA,Y,A,-,N,NA,NA,NA,NA,NA,NA,NA,NA,NA,N,4,0,1,2,A,-,03,22350,NA,N,C,C,A,A,H,-,C,A,0,NA,NA,NA,NA,Y,NA,A,NA,0,0,1,0,0,0,0,0,0,-,-,NA,NA,LOS ANGELES,LONG BEACH,-118.18949011,33.80074011
8536440,2017,2018-02-12,1942,2017-12-21,1000,39236,RD 12,4,5,7,1942,0,0,0,NA,0,12A31,MANCHESTER AV,FIGUEROA ST,400,E,N,A,-,N,NA,NA,NA,NA,NA,NA,NA,NA,NA,N,4,0,1,2,A,-,10,21950,A,M,G,B,A,A,H,-,A,A,0,NA,Y,NA,NA,Y,Y,-,-,0,0,1,0,0,0,1,0,0,-,-,NA,NA,LOS ANGELES,LOS ANGELES,-118.28141394,33.96008649
8536481,2018,2018-01-26,1942,2018-01-07,0620,41263,1003,7,5,7,1942,0,0,0,J,0,10A39,WILBUR AV,SATICOY ST,0,NA,Y,E,-,N,NA,NA,NA,NA,NA,NA,NA,NA,NA,Y,3,0,4,2,A,-,12,21453,A,N,D,C,A,B,H,-,B,A,0,NA,NA,NA,NA,Y,NA,-,-,0,1,3,0,0,0,0,0,0,-,-,NA,NA,LOS ANGELES,LOS ANGELES,-118.54477691650392,34.20835876464844