CASE_ID,ACCIDENT_YEAR,PROC_DATE,JURIS,COLLISION_DATE,COLLISION_TIME,OFFICER_ID,REPORTING_DISTRICT,DAY_OF_WEEK,CHP_SHIFT,POPULATION,CNTY_CITY_LOC,SPECIAL_COND,BEAT_TYPE,CHP_BEAT_TYPE,CITY_DIVISION_LAPD,CHP_BEAT_CLASS,BEAT_NUMBER,PRIMARY_RD,SECONDARY_RD,DISTANCE,DIRECTION,INTERSECTION,WEATHER_1,WEATHER_2,STATE_HWY_IND,CALTRANS_COUNTY,CALTRANS_DISTRICT,STATE_ROUTE,ROUTE_SUFFIX,POSTMILE_PREFIX,POSTMILE,LOCATION_TYPE,RAMP_INTERSECTION,SIDE_OF_HWY,TOW_AWAY,COLLISION_SEVERITY,NUMBER_KILLED,NUMBER_INJURED,PARTY_COUNT,PRIMARY_COLL_FACTOR,PCF_CODE_OF_VIOL,PCF_VIOL_CATEGORY,PCF_VIOLATION,PCF_VIOL_SUBSECTION,HIT_AND_RUN,TYPE_OF_COLLISION,MVIW,PED_ACTION,ROAD_SURFACE,ROAD_COND_1,ROAD_COND_2,LIGHTING,CONTROL_DEVICE,CHP_ROAD_TYPE,PEDESTRIAN_ACCIDENT,BICYCLE_ACCIDENT,MOTORCYCLE_ACCIDENT,TRUCK_ACCIDENT,NOT_PRIVATE_PROPERTY,ALCOHOL_INVOLVED,STWD_VEHTYPE_AT_FAULT,CHP_VEHTYPE_AT_FAULT,COUNT_SEVERE_INJ,COUNT_VISIBLE_INJ,COUNT_COMPLAINT_PAIN,COUNT_PED_KILLED,COUNT_PED_INJURED,COUNT_BICYCLIST_KILLED,COUNT_BICYCLIST_INJURED,COUNT_MC_KILLED,COUNT_MC_INJURED,PRIMARY_RAMP,SECONDARY_RAMP,LATITUDE,LONGITUDE,COUNTY,CITY,POINT_X,POINT_Y
8541590,2017,2018-02-06,1942,2017-11-21,1800,34433,0828,2,5,7,1942,0,0,0,H,0,8A1,WILSHIRE BL,MANNING AV,20,W,N,A,-,N,NA,NA,NA,NA,NA,NA,NA,NA,NA,Y,3,0,1,2,A,-,09,21802,A,N,D,C,A,A,H,-,C,-,0,NA,NA,Y,NA,Y,NA,A,07,0,1,0,0,0,0,0,0,1,-,-,NA,NA,LOS ANGELES,LOS ANGELES,-118.43581359,34.06084557
8541594,2017,2018-02-06,1942,2017-11-21,1410,42423,0815,2,5,7,1942,0,0,0,H,0,8A12,SEPULVEDA BL,MONTANA AV,0,NA,Y,A,-,N,NA,NA,NA,NA,NA,NA,NA,NA,NA,N,3,0,2,2,A,-,08,22107,NA,N,H,G,A,A,H,-,A,A,0,NA,Y,NA,NA,Y,NA,A,01,0,2,0,0,0,0,2,0,0,-,-,NA,NA,LOS ANGELES,LOS ANGELES,-118.46125013,34.06728006
8541598,2017,2018-02-06,1942,2017-11-21,1135,38028,0833,2,5,7,1942,0,0,0,H,0,8A12,GAYLEY AV,WILSHIRE BL,300,N,N,A,-,N,NA,NA,NA,NA,NA,NA,NA,NA,NA,N,4,0,1,3,A,-,03,22350,NA,N,C,C,A,A,H,-,A,D,0,NA,NA,NA,NA,Y,NA,A,01,0,0,1,0,0,0,0,0,0,-,-,NA,NA,LOS ANGELES,LOS ANGELES,-118.44562095,34.05914649
8541602,2017,2018-02-06,1942,2017-12-17,1245,34959,0857,7,5,7,1942,0,0,0,H,0,20TL59,DOHENY DR,PICO BL,125,N,N,A,-,N,NA,NA,NA,NA,NA,NA,NA,NA,NA,Y,4,0,1,1,A,-,08,22100,A,N,E,I,A,A,H,-,A,D,0,NA,NA,NA,NA,Y,NA,A,01,0,0,1,0,0,0,0,0,0,-,-,NA,NA,LOS ANGELES,LOS ANGELES,-118.38996,34.05526
8541603,2017,2018-02-06,1942,2017-12-27,0925,40899,0841,3,5,7,1942,0,0,0,H,0,8A53,WILSHIRE BL,S BUNDY DR,0,NA,Y,A,-,N,NA,NA,NA,NA,NA,NA,NA,NA,NA,Y,3,0,2,2,A,-,12,21453,A,N,D,C,A,A,H,-,A,A,0,NA,NA,NA,NA,Y,NA,A,01,0,1,1,0,0,0,0,0,0,-,-,NA,NA,LOS ANGELES,LOS ANGELES,-118.46750007,34.04407008
8541606,2017,2018-02-06,1942,2017-12-08,1055,40157,0886,5,5,7,1942,0,0,0,H,0,14TL47,PICO BL,PEERLESS PL,57,E,N,A,-,N,NA,NA,NA,NA,NA,NA,NA,NA,NA,N,4,0,1,2,A,-,08,22102,NA,N,D,C,A,A,H,-,A,D,0,NA,NA,NA,NA,Y,NA,A,01,0,0,1,0,0,0,0,0,0,-,-,NA,NA,LOS ANGELES,LOS ANGELES,-118.40294676,34.05373033
8541607,2017,2018-02-06,1942,2017-12-21,1550,42700,0942,4,5,7,1942,0,0,0,I,0,8A13W2,WILSHIRE BL,SAN VINCENTE BL,300,E,N,A,-,N,NA,NA,NA,NA,NA,NA,NA,NA,NA,N,3,0,1,2,A,-,04,21703,NA,N,C,C,A,A,H,-,A,A,0,NA,NA,Y,NA,Y,NA,C,02,0,1,0,0,0,0,0,0,1,-,-,NA,NA,LOS ANGELES,LOS ANGELES,NA,NA
8541608,2017,2018-02-05,1933,2017-12-15,2029,959,27,5,5,6,1933,0,0,0,NA,0,003,CENTURY BL,PRAIRIE AV,0,NA,Y,B,-,N,NA,NA,NA,NA,NA,NA,NA,NA,NA,N,4,0,1,2,A,-,03,22350,NA,N,C,C,A,A,H,-,C,A,0,NA,NA,NA,NA,Y,NA,A,01,0,0,1,0,0,0,0,0,0,-,-,33.94547,-118.34392,LOS ANGELES,INGLEWOOD,-118.34395007,33.94545005
8541610,2017,2018-02-06,1942,2017-12-04,1910,40932,0817,1,5,7,1942,0,0,0,H,0,8A29,GLENDON AV,LINDBROOK DR,0,NA,Y,A,-,N,NA,NA,NA,NA,NA,NA,NA,NA,NA,Y,3,0,1,2,A,-,08,22107,NA,N,D,C,A,A,H,-,C,A,0,NA,NA,NA,NA,Y,NA,A,01,0,1,0,0,0,0,0,0,0,-,-,NA,NA,LOS ANGELES,LOS ANGELES,-118.44348,34.05992004
8541611,2017,2018-02-06,1942,2017-12-20,1530,35161,855,3,5,7,1942,0,0,0,NA,0,8A35,SANTA MONICA BL,GLENDON AV,0,NA,Y,B,-,N,NA,NA,NA,NA,NA,NA,NA,NA,NA,N,3,0,1,2,A,-,17,21208,B,N,H,G,A,A,H,-,A,D,0,NA,Y,NA,NA,Y,NA,L,04,0,1,0,0,0,0,1,0,0,-,-,NA,NA,LOS ANGELES,LOS ANGELES,-118.43604,34.05016009
8541612,2017,2018-02-05,1933,2017-12-16,2053,959,35,6,5,6,1933,0,0,0,NA,0,004,111TH PL,LEMOLI AV,136,E,N,B,-,N,NA,NA,NA,NA,NA,NA,NA,NA,NA,N,4,0,1,1,A,-,08,22107,NA,N,E,I,A,A,H,-,C,A,0,NA,NA,NA,NA,Y,NA,A,01,0,0,1,0,0,0,0,0,0,-,-,33.93388,-118.3304,LOS ANGELES,INGLEWOOD,-118.3299725,33.93388117
8541614,2017,2018-02-06,1942,2017-12-21,1535,42849,0835,4,5,7,1942,0,0,0,H,0,8X48W4,WESTWOOD BL,SANTA MONICA BL,105,N,N,A,-,N,NA,NA,NA,NA,NA,NA,NA,NA,NA,Y,3,0,1,2,A,-,09,21804,A,N,D,C,A,A,H,-,A,D,0,NA,NA,Y,NA,Y,NA,A,01,0,1,0,0,0,0,0,0,1,-,-,NA,NA,LOS ANGELES,LOS ANGELES,-118.43722182,34.05002599
8541615,2017,2018-02-06,1942,2017-12-13,1744,42861,0847,3,5,7,1942,0,0,0,H,0,8X48,PICO BL,KERWOOD AV,5,E,N,A,-,N,NA,NA,NA,NA,NA,NA,NA,NA,NA,N,3,0,1,2,A,-,10,21950,NA,N,D,B,B,A,H,-,C,A,0,Y,NA,NA,NA,Y,NA,A,01,0,1,0,0,1,0,0,0,0,-,-,NA,NA,LOS ANGELES,LOS ANGELES,-118.41527642,34.04735776
8541616,2017,2018-02-05,1933,2017-12-17,0102,981,30,7,5,6,1933,0,0,0,NA,0,004,104TH ST,DOTY AV,350,E,N,A,-,N,NA,NA,NA,NA,NA,NA,NA,NA,NA,Y,3,0,1,4,A,-,03,22350,NA,F,C,E,A,A,H,-,C,D,0,NA,NA,NA,NA,Y,NA,A,01,0,1,0,0,0,0,0,0,0,-,-,33.94183,-118.33978,LOS ANGELES,INGLEWOOD,-118.33865823,33.94181
8541618,2017,2018-02-06,1942,2017-12-17,2240,41210,0884,7,5,7,1942,0,0,0,H,0,6T7,WESTWOOD BL,PICO BL,25,S,N,A,-,N,NA,NA,NA,NA,NA,NA,NA,NA,NA,N,4,0,1,2,A,-,03,22350,NA,N,C,C,A,A,H,-,C,A,0,NA,NA,NA,NA,Y,NA,A,01,0,0,1,0,0,0,0,0,0,-,-,NA,NA,LOS ANGELES,LOS ANGELES,-118.42842419,34.04006301
8541619,2017,2018-02-06,1942,2017-12-27,1315,31465,0817,3,5,7,1942,0,0,0,H,0,34MQ11,GAYLEY AV,KINROSS AV,120,N,N,A,-,N,NA,NA,NA,NA,NA,NA,NA,NA,NA,Y,3,0,2,3,A,-,08,22107,NA,N,D,C,A,A,H,-,A,D,0,NA,NA,NA,NA,Y,NA,A,01,0,1,1,0,0,0,0,0,0,-,-,NA,NA,LOS ANGELES,LOS ANGELES,-118.44671326,34.06050581
8541620,2017,2018-02-05,1933,2017-12-17,0847,1016,01,7,5,6,1933,0,0,0,NA,0,001,FLORENCE AV,CENTINELA AV,0,NA,Y,A,-,N,NA,NA,NA,NA,NA,NA,NA,NA,NA,Y,2,0,2,2,A,-,08,22107,NA,N,D,C,A,A,H,-,A,A,0,NA,NA,NA,NA,Y,NA,A,01,1,0,1,0,0,0,0,0,0,-,-,33.96983,-118.34717,LOS ANGELES,INGLEWOOD,-118.34723012,33.96983004
8541622,2017,2018-02-06,1942,2017-12-29,1500,36553,0898,5,5,7,1942,0,0,0,H,0,14TL52,LA CIENEGA BL,DAVID AV,0,NA,Y,A,-,N,NA,NA,NA,NA,NA,NA,NA,NA,NA,Y,4,0,1,2,A,-,12,21453,A,N,D,C,A,A,H,-,A,A,0,NA,NA,NA,NA,Y,NA,A,01,0,0,1,0,0,0,0,0,0,-,-,NA,NA,LOS ANGELES,LOS ANGELES,-118.37742004,34.03728002
8541623,2017,2018-02-06,1942,2017-12-04,1835,42942,0835,1,5,7,1942,0,0,0,H,0,8A59,W OLYMPIC BL,WESTWOOD BL,0,NA,Y,A,-,N,NA,NA,NA,NA,NA,NA,NA,NA,NA,Y,3,0,1,2,A,-,09,21801,A,N,D,C,A,A,H,-,C,A,0,NA,NA,Y,NA,Y,NA,C,02,0,1,0,0,0,0,0,0,1,-,-,NA,NA,LOS ANGELES,LOS ANGELES,-118.43174008,34.043900120000004
8541624,2017,2018-02-05,1933,2017-12-18,0952,812,08,1,5,6,1933,0,0,0,NA,0,001,LA CIENEGA BL,INDUSTRIAL AV,0,NA,Y,A,-,N,NA,NA,NA,NA,NA,NA,NA,NA,NA,Y,3,0,1,1,A,-,08,22107,NA,N,E,I,A,A,H,-,A,A,0,NA,NA,NA,NA,Y,NA,A,01,0,1,0,0,0,0,0,0,0,-,-,33.96853,-118.37001,LOS ANGELES,INGLEWOOD,-118.37017009,33.96849009
8541626,2017,2018-02-06,1942,2017-12-26,1740,30045,0881,2,5,7,1942,0,0,0,H,0,8A12,MISSISSIPPI AV,WESTGATE AV,60,W,N,A,-,N,NA,NA,NA,NA,NA,NA,NA,NA,NA,N,4,0,1,2,A,-,11,21954,A,N,D,B,D,A,H,-,C,D,0,Y,NA,NA,NA,Y,NA,N,60,0,0,1,0,1,0,0,0,0,-,-,NA,NA,LOS ANGELES,LOS ANGELES,-118.45207167,34.03384529
8541627,2017,2018-02-06,1942,2017-12-30,1250,33169,0859,6,5,7,1942,0,0,0,H,0,8A59,LA CIENEGA BL,ALCOTT ST,1,E,N,A,-,N,NA,NA,NA,NA,NA,NA,NA,NA,NA,N,3,0,1,2,A,-,05,21650,NA,N,D,G,A,A,H,-,A,D,0,NA,Y,NA,NA,Y,NA,A,01,0,1,0,0,0,0,1,0,0,-,-,NA,NA,LOS ANGELES,LOS ANGELES,-118.37616,34.05239
8541628,2017,2018-02-05,1933,2017-12-18,1522,812,24,1,5,6,1933,0,0,0,NA,0,002,CENTURY BL,GREVILLEA AV,0,NA,Y,A,-,N,NA,NA,NA,NA,NA,NA,NA,NA,NA,Y,4,0,3,2,A,-,09,21801,A,N,D,C,A,A,H,-,A,A,0,NA,NA,NA,NA,Y,NA,A,01,0,0,3,0,0,0,0,0,0,-,-,33.94549,-118.35494,LOS ANGELES,INGLEWOOD,-118.35496003,33.94544007
8541630,2017,2018-02-06,1942,2017-12-02,1650,36255,0822,6,5,7,1942,0,0,0,H,0,14A58,TEMESCAL CANYON RD,PACIFIC COAST HWY,0,NA,Y,A,-,N,NA,NA,NA,NA,NA,NA,NA,NA,NA,Y,4,0,1,2,A,-,09,21801,A,N,D,C,A,A,H,-,B,D,0,NA,NA,NA,NA,Y,NA,A,01,0,0,1,0,0,0,0,0,0,-,-,NA,NA,LOS ANGELES,LOS ANGELES,-118.53575011,34.03581012
8541631,2017,2018-02-06,1942,2017-12-21,1107,39930,0833,4,5,7,1942,0,0,0,H,0,NA,VETERAN AV,WILSHIRE BL,0,NA,Y,A,-,N,NA,NA,NA,NA,NA,NA,NA,NA,NA,Y,3,0,3,2,A,-,09,21801,A,N,D,C,A,A,H,-,A,A,0,NA,NA,NA,NA,Y,NA,A,01,0,2,1,0,0,0,0,0,0,-,-,NA,NA,LOS ANGELES,LOS ANGELES,-118.44775003,34.0577601
8541632,2017,2018-02-05,1933,2017-12-18,1850,984,16,1,5,6,1933,0,0,0,NA,0,002,MANCHESTER BL,GREVILLEA AV,0,NA,Y,A,-,N,NA,NA,NA,NA,NA,NA,NA,NA,NA,N,4,0,1,2,A,-,08,22107,NA,N,H,G,A,A,H,-,C,A,0,NA,Y,NA,NA,Y,NA,L,04,0,0,1,0,0,0,1,0,0,-,-,33.96179,-118.35498,LOS ANGELES,INGLEWOOD,-118.35507006,33.96174008
8541635,2017,2018-02-06,1942,2017-12-30,0820,40690,0889,6,5,7,1942,0,0,0,H,0,8A59,S LA CIENEGA BL,SAWYER ST,0,NA,Y,A,-,N,NA,NA,NA,NA,NA,NA,NA,NA,NA,N,3,0,1,2,A,-,10,21950,A,N,G,B,B,A,H,-,A,A,0,Y,NA,NA,NA,Y,NA,A,01,0,1,0,0,1,0,0,0,0,-,-,NA,NA,LOS ANGELES,LOS ANGELES,-118.37642007,34.04255011
8541636,2017,2018-02-05,1933,2017-12-19,0826,869,15,2,5,6,1933,0,0,0,NA,0,002,LA CIENEGA BL,ARBOR VITAE ST,15,N,N,A,-,N,NA,NA,NA,NA,NA,NA,NA,NA,NA,N,4,0,1,2,A,-,09,21801,A,N,D,C,A,A,H,-,A,A,0,NA,NA,NA,NA,Y,NA,A,01,0,0,1,0,0,0,0,0,0,-,-,33.95278,-118.37004,LOS ANGELES,INGLEWOOD,-118.37007,33.95273114
8541638,2017,2018-02-06,1942,2017-12-13,0939,43000,0891,3,5,7,1942,0,0,0,H,0,8A29,W PICO BL,BUNDY DR,0,NA,Y,A,-,N,NA,NA,NA,NA,NA,NA,NA,NA,NA,Y,4,0,1,2,A,-,09,21801,A,N,A,C,A,A,H,-,A,A,0,NA,NA,NA,NA,Y,NA,A,01,0,0,1,0,0,0,0,0,0,-,-,NA,NA,LOS ANGELES,LOS ANGELES,-118.45020013,34.02937001
8541639,2017,2018-02-06,1942,2017-12-19,1425,41179,0817,2,5,7,1942,0,0,0,H,0,8TL26,BROXTON AV,LE CONTE AV,5,S,N,A,-,N,NA,NA,NA,NA,NA,NA,NA,NA,NA,N,3,0,1,2,A,-,10,21950,A,N,D,G,A,A,H,-,A,A,0,NA,Y,NA,NA,Y,NA,A,07,0,1,0,0,0,0,1,0,0,-,-,NA,NA,LOS ANGELES,LOS ANGELES,-118.44704,34.06363629
8541640,2017,2018-02-05,1933,2017-12-19,1932,1019,05,2,5,6,1933,0,0,0,NA,0,001,FLORENCE AV,HILLCREST BL,350,E,N,A,-,N,NA,NA,NA,NA,NA,NA,NA,NA,NA,Y,4,0,1,1,A,-,08,22100,A,N,E,I,A,A,D,-,C,A,0,NA,NA,NA,NA,Y,NA,A,01,0,0,1,0,0,0,0,0,0,-,-,33.96911,-118.34878,LOS ANGELES,INGLEWOOD,-118.3478825,33.9695281
8541642,2017,2018-02-06,1942,2017-12-24,1415,41370,0881,7,5,7,1942,0,0,0,H,0,NA,PICO BL,GRANDVILLE AV,245,E,N,A,-,N,NA,NA,NA,NA,NA,NA,NA,NA,NA,N,4,0,1,2,A,-,04,21703,NA,N,C,C,A,A,H,-,A,D,0,NA,NA,NA,NA,Y,Y,A,01,0,0,1,0,0,0,0,0,0,-,-,NA,NA,LOS ANGELES,LOS ANGELES,-118.447109,34.030918
8541643,2017,2018-02-06,1942,2017-12-18,1930,42942,0849,1,5,7,1942,0,0,0,H,0,8A59,OLYMPIC BL,WOOSTER ST,0,NA,Y,A,-,N,NA,NA,NA,NA,NA,NA,NA,NA,NA,Y,3,0,2,2,A,-,09,21802,A,N,D,C,A,A,H,-,C,A,0,NA,NA,NA,NA,Y,NA,A,01,0,1,1,0,0,0,0,0,0,-,-,NA,NA,LOS ANGELES,LOS ANGELES,-118.38244011,34.05936003
8541644,2017,2018-02-05,1933,2017-12-20,1931,959,2,3,5,6,1933,0,0,0,NA,0,001,CENTINELLA AV,HAZEL ST,0,NA,Y,B,-,N,NA,NA,NA,NA,NA,NA,NA,NA,NA,Y,4,0,2,2,A,-,12,21453,A,N,D,C,A,A,H,-,C,A,0,NA,NA,NA,NA,Y,NA,A,01,0,0,2,0,0,0,0,0,0,-,-,33.97269,-118.34938,LOS ANGELES,INGLEWOOD,-118.34944004,33.9726401
8541646,2017,2018-02-06,1942,2017-12-07,0821,43024,0834,4,5,7,1942,0,0,0,H,0,8A53,PICO BL,BEVERLY GLEN BL,150,E,N,A,-,N,NA,NA,NA,NA,NA,NA,NA,NA,NA,Y,4,0,2,2,A,-,03,22350,NA,N,C,C,A,A,H,-,A,A,0,NA,NA,NA,NA,Y,NA,A,01,0,0,2,0,0,0,0,0,0,-,-,NA,NA,LOS ANGELES,LOS ANGELES,-118.41669559,34.04655654
8541647,2017,2018-02-06,1942,2017-12-18,2108,42431,0885,1,5,7,1942,0,0,0,H,0,8A53,PICO BL,PARNELL AV,55,W,N,A,-,N,NA,NA,NA,NA,NA,NA,NA,NA,NA,Y,3,0,1,2,A,-,09,21801,A,N,A,C,A,A,H,-,C,A,0,NA,NA,Y,NA,Y,NA,A,01,0,1,0,0,0,0,0,0,0,-,-,NA,NA,LOS ANGELES,LOS ANGELES,-118.42213788,34.04340279
8541648,2017,2018-02-05,1975,2017-12-15,1809,436,WCPD,5,5,6,1975,0,0,0,NA,0,002,CAMERON AV,HOLLENBECK AV,0,NA,Y,A,-,N,NA,NA,NA,NA,NA,NA,NA,NA,NA,Y,3,0,1,2,A,-,09,21801,A,N,A,C,A,A,H,-,C,A,0,NA,NA,NA,NA,Y,NA,-,NA,0,1,0,0,0,0,0,0,0,-,-,NA,NA,LOS ANGELES,WEST COVINA,-117.89904002,34.06101003
8541650,2017,2018-02-06,1942,2017-12-05,1000,41123,0857,2,5,7,1942,0,0,0,H,0,8A59,PICO BL,ELM DR,0,NA,Y,A,-,N,NA,NA,NA,NA,NA,NA,NA,NA,NA,N,4,0,2,2,A,-,09,21801,A,N,D,C,A,A,H,-,A,D,0,NA,NA,NA,NA,Y,NA,A,08,0,0,2,0,0,0,0,0,0,-,-,NA,NA,LOS ANGELES,LOS ANGELES,-118.39494004,34.05527008
8541651,2017,2018-02-06,1942,2017-12-08,1950,43009,885,5,5,7,1942,0,0,0,NA,0,8A95,PICO BL,PROSSER,180,E,N,A,-,N,NA,NA,NA,NA,NA,NA,NA,NA,NA,NA,3,0,1,4,A,-,00,23123,NA,N,C,C,A,A,H,-,C,A,0,NA,NA,NA,NA,Y,NA,A,01,0,1,0,0,0,0,0,0,0,-,-,NA,NA,LOS ANGELES,LOS ANGELES,-118.42059299,34.04429179
8541654,2017,2018-02-06,1942,2017-12-05,0758,42879,0836,2,5,7,1942,0,0,0,H,0,8A1,PROSSER AV,OLYMPIC BL,0,NA,N,A,-,N,NA,NA,NA,NA,NA,NA,NA,NA,NA,N,4,0,2,2,A,-,09,21801,A,N,D,G,A,A,H,-,A,A,0,NA,Y,NA,NA,Y,NA,A,01,0,0,2,0,0,0,1,0,0,-,-,NA,NA,LOS ANGELES,LOS ANGELES,-118.4246001,34.04808001
8541655,2017,2018-02-21,1942,2017-12-17,1700,41934,RD083,7,5,7,1942,0,0,0,NA,0,8EL4,WILSHIRE BL,BARRINGTON,48,E,N,A,-,N,NA,NA,NA,NA,NA,NA,NA,NA,NA,Y,3,0,2,2,A,-,03,22350,A,N,D,C,A,A,H,-,B,A,0,NA,NA,NA,NA,Y,NA,A,01,0,1,1,0,0,0,0,0,0,-,-,NA,NA,LOS ANGELES,LOS ANGELES,-118.46075895,34.04957376
8541658,2017,2018-02-06,1942,2017-12-27,1930,38090,0891,3,5,7,1942,0,0,0,H,0,8TL35,W PICO BL,CENTINELA AV,10,E,N,A,-,N,NA,NA,NA,NA,NA,NA,NA,NA,NA,N,4,0,1,2,A,-,10,21950,A,N,G,B,B,A,H,-,C,A,0,Y,NA,NA,NA,Y,NA,A,01,0,0,1,0,1,0,0,0,0,-,-,NA,NA,LOS ANGELES,LOS ANGELES,-118.45292176,34.02805412
8541659,2017,2018-02-06,1942,2017-12-16,1340,41586,1942,6,5,7,1942,0,0,0,NA,0,8A13W2,MANDEVILLE CANYON RD,OAKMONT DR,170,S,N,A,-,N,NA,NA,NA,NA,NA,NA,NA,NA,NA,Y,3,0,1,1,A,-,08,22107,NA,N,A,I,A,A,H,-,A,D,0,NA,NA,NA,NA,Y,NA,A,01,0,1,0,0,0,0,0,0,0,-,-,NA,NA,LOS ANGELES,LOS ANGELES,-118.49545013,34.07235882
8541662,2017,2018-02-06,1942,2017-12-23,1415,41179,0885,6,5,7,1942,0,0,0,H,0,7TL38,NORTHVALE RD,GILMERTON AV,150,E,N,A,-,N,NA,NA,NA,NA,NA,NA,NA,NA,NA,Y,4,0,1,2,A,-,05,21650,NA,N,A,C,A,A,H,-,A,D,0,NA,NA,NA,NA,Y,NA,A,01,0,0,1,0,0,0,0,0,0,-,-,NA,NA,LOS ANGELES,LOS ANGELES,-118.412547,34.03288618
8541663,2017,2018-02-06,1942,2017-12-18,1820,42849,0831,1,5,7,1942,0,0,0,H,0,8A12W4,MONTANA AV,S GRETNA GREEN WY,200,W,N,A,-,N,NA,NA,NA,NA,NA,NA,NA,NA,NA,N,2,0,1,2,A,-,11,21954,A,N,G,B,D,A,H,-,C,D,0,Y,NA,NA,NA,Y,NA,N,60,1,0,0,0,1,0,0,0,0,-,-,NA,NA,LOS ANGELES,LOS ANGELES,-118.47426278,34.04916777
8541666,2017,2018-02-06,1942,2017-12-29,0845,40690,0848,5,5,7,1942,0,0,0,H,0,8A95,W PICO BL,AVENUE OF THE STARS,10,E,N,A,-,N,NA,NA,NA,NA,NA,NA,NA,NA,NA,N,4,0,1,2,A,-,03,22350,NA,N,C,C,A,A,H,-,A,D,0,NA,NA,NA,NA,Y,NA,A,01,0,0,1,0,0,0,0,0,0,-,-,NA,NA,LOS ANGELES,LOS ANGELES,-118.40848298,34.05122571
8541667,2017,2018-02-06,1942,2017-12-11,1300,42693,0847,1,5,7,1942,0,0,0,H,0,8A53W2,W PICO BL,PELHAM AV,0,NA,Y,A,-,N,NA,NA,NA,NA,NA,NA,NA,NA,NA,Y,2,0,1,2,A,-,09,21801,A,N,A,C,A,A,H,-,A,D,0,NA,NA,NA,NA,Y,NA,A,01,1,0,0,0,0,0,0,0,0,-,-,NA,NA,LOS ANGELES,LOS ANGELES,-118.42375013,34.04245006
8541670,2017,2018-02-06,1942,2017-12-13,1740,42674,0848,3,5,7,1942,0,0,0,H,0,8A36,OLYMPIC BL,LAURISTON AV,0,NA,Y,A,-,N,NA,NA,NA,NA,NA,NA,NA,NA,NA,Y,4,0,2,2,A,-,09,21801,B,N,D,C,A,A,H,-,C,D,0,NA,NA,NA,NA,Y,NA,A,01,0,0,2,0,0,0,0,0,0,-,-,NA,NA,LOS ANGELES,LOS ANGELES,-118.41837012,34.05169007
8541674,2017,2018-02-06,1942,2017-12-30,1950,38942,0853,6,5,7,1942,0,0,0,H,0,8TL35,SANTA MONICA BL,SAWTELLE BL,30,W,N,A,-,N,NA,NA,NA,NA,NA,NA,NA,NA,NA,N,4,0,1,2,A,-,21,22106,NA,N,C,C,A,A,H,-,C,-,0,NA,NA,NA,NA,Y,NA,A,07,0,0,1,0,0,0,0,0,0,-,-,NA,NA,LOS ANGELES,LOS ANGELES,-118.44852263,34.04646125
8541675,2017,2018-02-06,1942,2017-12-23,2345,42277,RD082,6,5,7,1942,0,0,0,NA,0,8A29,WILSHIRE BL,BEVERLY GLEN,0,NA,Y,A,-,N,NA,NA,NA,NA,NA,NA,NA,NA,NA,Y,4,0,2,2,A,-,00,21453,NA,N,A,C,A,A,H,-,C,A,0,NA,NA,NA,NA,Y,NA,A,01,0,0,2,0,0,0,0,0,0,-,-,NA,NA,LOS ANGELES,LOS ANGELES,-118.42886006,34.06690011
8541678,2017,2018-02-06,1942,2017-12-15,1520,43000,0839,5,5,7,1942,0,0,0,H,0,8A29,OLYMPIC BL,CENTURY PARK WEST,100,W,N,A,-,N,NA,NA,NA,NA,NA,NA,NA,NA,NA,N,4,0,1,2,A,-,07,21658,A,N,C,C,A,A,H,-,A,D,0,NA,NA,NA,NA,Y,NA,A,01,0,0,1,0,0,0,0,0,0,-,-,NA,NA,LOS ANGELES,LOS ANGELES,-118.41646331,34.05301509
8541679,2017,2018-02-06,1942,2017-12-25,1730,41908,0806,1,5,7,1942,0,0,0,H,0,8A98,SUNSET BL,STONE CANYON RD,0,NA,Y,A,-,N,NA,NA,NA,NA,NA,NA,NA,NA,NA,N,4,0,2,2,A,-,12,21453,A,N,D,C,A,A,H,-,C,A,0,NA,NA,NA,NA,Y,NA,A,01,0,0,2,0,0,0,0,0,0,-,-,NA,NA,LOS ANGELES,LOS ANGELES,-118.44280002,34.07745009
8541682,2018,2018-02-08,1955,2018-01-11,0810,40437,65,4,5,6,1955,0,0,0,NA,0,001,TEMPLE AV,INNOVATION WY,52,W,N,A,-,N,NA,NA,NA,NA,NA,NA,NA,NA,NA,N,4,0,3,2,A,-,03,22350,NA,N,C,C,A,A,H,-,A,D,0,NA,NA,NA,NA,Y,NA,A,01,0,0,3,0,0,0,0,0,0,-,-,NA,NA,LOS ANGELES,POMONA,-117.81458282470705,34.04950714111328
8541684,2018,2018-02-08,1942,2018-01-11,1846,42801,0847,4,5,7,1942,0,0,0,H,0,8A59,BEVERLY GLEN,PICO BL,30,N,N,A,-,N,NA,NA,NA,NA,NA,NA,NA,NA,NA,N,4,0,1,3,A,-,04,21703,NA,F,C,C,A,A,H,-,A,D,0,NA,NA,NA,NA,Y,NA,-,99,0,0,1,0,0,0,0,0,0,-,-,NA,NA,LOS ANGELES,LOS ANGELES,-118.41716003417967,34.04638671875
8541686,2018,2018-02-26,1955,2018-01-02,1948,42085,28,2,5,6,1955,0,0,0,NA,0,002,TOWNE AV,E BONITA AV,0,NA,Y,A,-,N,NA,NA,NA,NA,NA,NA,NA,NA,NA,Y,4,0,1,2,A,-,09,21801,A,N,D,C,A,A,H,-,C,A,0,NA,NA,NA,NA,Y,NA,A,07,0,0,1,0,0,0,0,0,0,-,-,NA,NA,LOS ANGELES,POMONA,-117.7367935180664,34.09619903564453
8541715,2018,2018-02-07,1955,2018-01-12,2020,42251,16,5,5,6,1955,0,0,0,NA,0,003,INDIAN HILL BL,SAN BERNARDINO AV,220,S,N,A,-,N,NA,NA,NA,NA,NA,NA,NA,NA,NA,Y,2,0,1,2,A,-,11,21954,A,N,G,B,D,A,H,-,C,A,0,Y,NA,NA,NA,Y,NA,N,60,1,0,0,0,1,0,0,0,0,-,-,NA,NA,LOS ANGELES,POMONA,-117.71925354003906,34.07527542114258