CASE_ID,ACCIDENT_YEAR,PROC_DATE,JURIS,COLLISION_DATE,COLLISION_TIME,OFFICER_ID,REPORTING_DISTRICT,DAY_OF_WEEK,CHP_SHIFT,POPULATION,CNTY_CITY_LOC,SPECIAL_COND,BEAT_TYPE,CHP_BEAT_TYPE,CITY_DIVISION_LAPD,CHP_BEAT_CLASS,BEAT_NUMBER,PRIMARY_RD,SECONDARY_RD,DISTANCE,DIRECTION,INTERSECTION,WEATHER_1,WEATHER_2,STATE_HWY_IND,CALTRANS_COUNTY,CALTRANS_DISTRICT,STATE_ROUTE,ROUTE_SUFFIX,POSTMILE_PREFIX,POSTMILE,LOCATION_TYPE,RAMP_INTERSECTION,SIDE_OF_HWY,TOW_AWAY,COLLISION_SEVERITY,NUMBER_KILLED,NUMBER_INJURED,PARTY_COUNT,PRIMARY_COLL_FACTOR,PCF_CODE_OF_VIOL,PCF_VIOL_CATEGORY,PCF_VIOLATION,PCF_VIOL_SUBSECTION,HIT_AND_RUN,TYPE_OF_COLLISION,MVIW,PED_ACTION,ROAD_SURFACE,ROAD_COND_1,ROAD_COND_2,LIGHTING,CONTROL_DEVICE,CHP_ROAD_TYPE,PEDESTRIAN_ACCIDENT,BICYCLE_ACCIDENT,MOTORCYCLE_ACCIDENT,TRUCK_ACCIDENT,NOT_PRIVATE_PROPERTY,ALCOHOL_INVOLVED,STWD_VEHTYPE_AT_FAULT,CHP_VEHTYPE_AT_FAULT,COUNT_SEVERE_INJ,COUNT_VISIBLE_INJ,COUNT_COMPLAINT_PAIN,COUNT_PED_KILLED,COUNT_PED_INJURED,COUNT_BICYCLIST_KILLED,COUNT_BICYCLIST_INJURED,COUNT_MC_KILLED,COUNT_MC_INJURED,PRIMARY_RAMP,SECONDARY_RAMP,LATITUDE,LONGITUDE,COUNTY,CITY,POINT_X,POINT_Y
8542094,2017,2018-01-31,1933,2017-12-08,0120,1019,NA,5,5,6,1933,0,0,0,NA,0,001,LA CIENEGA BL,INDUSTRIAL AV,553,S,N,A,-,N,NA,NA,NA,NA,NA,NA,NA,NA,NA,Y,2,0,1,1,A,-,03,22350,NA,N,E,I,A,A,H,-,C,D,0,NA,NA,Y,NA,Y,Y,C,02,1,0,0,0,0,0,0,0,1,-,-,33.96853,-118.37001,LOS ANGELES,INGLEWOOD,-118.37074608,33.96705334
8542098,2017,2018-01-31,1933,2017-12-07,1311,826,17,4,5,6,1933,0,0,0,NA,0,002,ARBOR VITAE ST,ROSEWOOD AV,0,NA,Y,A,-,N,NA,NA,NA,NA,NA,NA,NA,NA,NA,N,3,0,1,2,A,-,17,22517,NA,N,H,E,A,A,H,-,A,A,0,NA,Y,NA,NA,Y,NA,A,01,0,1,0,0,0,0,1,0,0,-,-,33.95275,-118.36015,LOS ANGELES,INGLEWOOD,-118.36020009,33.9527101
8542102,2017,2018-01-31,1933,2017-12-05,1800,1019,18,2,5,6,1933,0,0,0,NA,0,002,PRAIRIE AV,LA PALMA DR,121,S,N,D,-,N,NA,NA,NA,NA,NA,NA,NA,NA,NA,N,4,0,3,2,A,-,09,21801,A,F,E,I,A,A,G,-,C,D,0,NA,NA,NA,NA,Y,NA,A,01,0,0,3,0,0,0,0,0,0,-,-,33.95536,-118.34389,LOS ANGELES,INGLEWOOD,-118.34396,33.95498813
8542106,2017,2018-01-31,1933,2017-12-05,1117,1024,18,2,5,6,1933,0,0,0,NA,0,002,ARBOR VITAE ST,FLOWER ST,0,NA,Y,A,-,N,NA,NA,NA,NA,NA,NA,NA,NA,NA,N,4,0,1,2,A,-,05,21202,A,N,G,G,A,A,H,-,A,D,0,NA,Y,NA,NA,Y,NA,L,04,0,0,1,0,0,0,1,0,0,-,-,33.95273,-118.3469,LOS ANGELES,INGLEWOOD,-118.34747013,33.95270005
8542110,2017,2018-02-05,1933,2017-12-05,1046,868,36,2,5,6,1933,0,0,0,NA,0,004,IMPERIAL HWY,CRENSHAW BL,130,W,N,A,-,N,NA,NA,NA,NA,NA,NA,NA,NA,NA,Y,4,0,1,2,A,-,08,22107,NA,F,E,I,A,A,H,-,A,A,0,NA,NA,NA,NA,Y,NA,-,99,0,0,1,0,0,0,0,0,0,-,-,33.93096,-118.3265,LOS ANGELES,INGLEWOOD,-118.32700774,33.93102
8542122,2017,2018-02-05,1900,2017-12-18,1330,517301,2813,1,5,5,1915,0,0,0,NA,0,281,WILMINGTON AV,CRESSEY ST,0,NA,Y,A,-,N,NA,NA,NA,NA,NA,NA,NA,NA,NA,N,4,0,1,2,D,-,00,NA,NA,N,D,C,A,A,H,-,A,A,0,NA,NA,NA,NA,Y,NA,-,-,0,0,1,0,0,0,0,0,0,-,-,NA,NA,LOS ANGELES,COMPTON,-118.2391001,33.90510005
8542126,2018,2018-02-02,1900,2018-01-13,0543,602445,2835,6,5,5,1915,0,0,0,NA,0,281,WILLOWBROOK AV,COMPTON BL,0,NA,Y,A,-,N,NA,NA,NA,NA,NA,NA,NA,NA,NA,Y,4,0,1,2,A,-,12,21453,A,N,D,C,A,B,H,-,C,A,0,NA,NA,NA,NA,Y,NA,A,01,0,0,1,0,0,0,0,0,0,-,-,NA,NA,LOS ANGELES,COMPTON,-118.22438049316406,33.89598846435547
8542130,2018,2018-02-02,1900,2018-01-19,0801,524037,2824,5,5,5,1915,0,0,0,NA,0,282T1,ELM ST,PEARL AV,27,W,N,A,-,N,NA,NA,NA,NA,NA,NA,NA,NA,NA,N,3,0,4,2,A,-,08,22107,NA,N,B,E,A,A,H,-,A,D,0,NA,NA,NA,Y,Y,NA,A,01,0,1,3,0,0,0,0,0,0,-,-,NA,NA,LOS ANGELES,COMPTON,-118.21450042724608,33.90074920654297
8542139,2018,2018-02-02,1976,2018-01-11,1238,332,NA,4,5,3,1964,0,0,0,NA,0,NA,WHITELAND ST,ORR AND DAY RD,0,NA,Y,A,-,N,NA,NA,NA,NA,NA,NA,NA,NA,NA,Y,4,0,4,3,A,-,09,21802,A,N,D,C,A,A,H,-,A,A,0,NA,NA,NA,NA,Y,NA,A,01,0,0,4,0,0,0,0,0,0,-,-,NA,NA,LOS ANGELES,SANTA FE SPRINGS,-118.08724212646484,33.9526481628418
8542157,2017,2018-01-30,1955,2017-12-06,1406,40437,74,3,5,6,1955,0,0,0,NA,0,005,MILL VALLEY RD,RAWHIDE ST,110,N,N,A,-,N,NA,NA,NA,NA,NA,NA,NA,NA,NA,Y,3,0,1,2,A,-,08,22107,NA,N,C,E,A,A,H,-,A,D,0,NA,NA,NA,NA,Y,NA,A,08,0,1,0,0,0,0,0,0,0,-,-,NA,NA,LOS ANGELES,POMONA,-117.77671951,34.0367303
8542163,2017,2018-02-01,1942,2017-12-30,1350,40643,1395,6,5,7,1942,0,0,0,M,0,13A93,MAIN ST,67TH ST,50,S,N,A,-,N,NA,NA,NA,NA,NA,NA,NA,NA,NA,N,4,0,1,2,A,-,03,22350,NA,F,C,C,A,A,H,-,A,A,0,NA,NA,NA,NA,Y,NA,A,07,0,0,1,0,0,0,0,0,0,-,-,NA,NA,LOS ANGELES,LOS ANGELES,-118.27394,33.97889287
8542164,2018,2018-02-05,1900,2018-01-22,0725,526292,0562,1,5,3,1968,0,0,0,NA,0,55T1,100TH AV,PECK RD,0,NA,Y,A,-,N,NA,NA,NA,NA,NA,NA,NA,NA,NA,Y,3,0,2,2,A,-,12,21453,A,N,D,C,A,A,H,-,A,A,0,NA,NA,NA,NA,Y,NA,A,01,0,2,0,0,0,0,0,0,0,-,-,34.040679931640625,-118.0360107421875,LOS ANGELES,SOUTH EL MONTE,NA,NA
8542167,2018,2018-03-16,1942,2018-01-12,1510,38218,0404,5,5,7,1942,0,0,0,D,0,4A3,AVE 60,MONTEREY RD,0,NA,N,A,-,N,NA,NA,NA,NA,NA,NA,NA,NA,NA,N,4,0,1,2,B,-,22,NA,NA,F,C,C,A,A,H,-,A,D,0,NA,NA,NA,NA,Y,NA,-,99,0,0,1,0,0,0,0,0,0,-,-,NA,NA,LOS ANGELES,LOS ANGELES,-118.18421173095705,34.10557174682617
8542168,2018,2018-02-05,1976,2018-01-17,1734,451,1976,3,5,5,1976,0,0,0,NA,0,002,OCEAN VIEW AV,LA CUARTA ST,15,S,N,A,-,N,NA,NA,NA,NA,NA,NA,NA,NA,NA,N,4,0,1,2,A,-,10,21950,A,N,G,B,B,A,H,-,C,D,0,Y,NA,NA,NA,Y,NA,A,07,0,0,1,0,1,0,0,0,0,-,-,NA,NA,LOS ANGELES,WHITTIER,-118.01490020751952,33.961647033691406
8542171,2018,2018-02-01,1942,2018-01-09,1740,40099,1317,2,5,7,1942,0,0,0,M,0,13A9,EAST OLYMPIC BL,LONG BEACH AV,3,W,N,C,-,N,NA,NA,NA,NA,NA,NA,NA,NA,NA,N,2,0,1,2,A,-,11,21954,A,N,G,B,E,B,H,-,C,A,0,Y,NA,NA,NA,Y,NA,N,60,1,0,0,0,1,0,0,0,0,-,-,NA,NA,LOS ANGELES,LOS ANGELES,-118.24092864990234,34.0292854309082
8542172,2018,2018-02-05,1976,2018-01-01,0825,594,LOS A,1,5,5,1976,0,0,0,NA,0,004,COLIMA RD,MAR VISTA ST,0,NA,Y,A,-,N,NA,NA,NA,NA,NA,NA,NA,NA,NA,Y,4,0,1,2,A,-,12,21453,A,N,D,C,A,A,H,-,A,A,0,NA,NA,NA,NA,Y,NA,A,01,0,0,1,0,0,0,0,0,0,-,-,NA,NA,LOS ANGELES,WHITTIER,-118.00209808349608,33.96187973022461
8542175,2018,2018-02-01,1942,2018-01-11,1710,40275,1341,4,5,7,1942,0,0,0,M,0,13A41,SOUTH HILL ST,WEST 39TH ST,0,NA,Y,A,-,N,NA,NA,NA,NA,NA,NA,NA,NA,NA,Y,3,0,2,4,A,-,09,21802,A,F,D,C,A,A,H,-,A,A,0,NA,NA,NA,NA,Y,NA,A,01,0,1,1,0,0,0,0,0,0,-,-,NA,NA,LOS ANGELES,LOS ANGELES,-118.2790985107422,34.01308822631836
8542177,2018,2018-02-05,1942,2018-01-16,1730,42344,0963,2,5,7,1942,0,0,0,I,0,9A63,VAN NUYS BL,HESBY ST,0,NA,Y,A,-,N,NA,NA,NA,NA,NA,NA,NA,NA,NA,N,4,0,1,3,A,-,04,21703,NA,F,C,C,A,A,H,-,C,D,0,NA,NA,NA,NA,Y,NA,A,01,0,0,1,0,0,0,0,0,0,-,-,NA,NA,LOS ANGELES,LOS ANGELES,-118.4487075805664,34.16212844848633
8542179,2018,2018-02-01,1942,2018-01-11,0745,38218,0443,4,5,7,1942,0,0,0,D,0,4A15W2,MARENGO ST,CORNELL ST,0,NA,Y,A,-,N,NA,NA,NA,NA,NA,NA,NA,NA,NA,N,4,0,1,2,A,-,08,22107,NA,N,D,C,A,A,H,-,A,A,0,NA,NA,NA,NA,Y,NA,A,01,0,0,1,0,0,0,0,0,0,-,-,NA,NA,LOS ANGELES,LOS ANGELES,-118.20507049560548,34.055599212646484
8542181,2018,2018-02-05,1942,2018-01-21,1820,41198,1011,7,5,7,1942,0,0,0,J,0,10A3,TAMPA AV,VALERIO ST,10,S,N,A,-,N,NA,NA,NA,NA,NA,NA,NA,NA,NA,Y,2,0,3,2,A,-,01,23152,A,N,A,C,A,A,H,-,C,D,0,NA,NA,NA,NA,Y,Y,A,01,1,2,0,0,0,0,0,0,0,-,-,NA,NA,LOS ANGELES,LOS ANGELES,-118.55352783203124,34.2047233581543
8542183,2018,2018-08-07,1942,2018-01-11,0905,36154,451,4,5,7,1942,0,0,0,NA,0,4A97,MISSION RD,RT 101,0,NA,Y,A,-,Y,LA,7,101,-,S,1.215,R,4,S,Y,3,0,2,2,A,-,08,22107,NA,N,D,C,A,A,H,-,A,A,0,NA,NA,NA,NA,Y,NA,A,01,0,1,1,0,0,0,0,0,0,-,-,NA,NA,LOS ANGELES,LOS ANGELES,-118.22397613525392,34.05171585083008
8542184,2018,2018-01-31,1902,2018-01-16,1604,668,31,2,5,5,1902,0,0,0,NA,0,005,BALDWIN AV,NORMAN AV,0,NA,Y,A,-,N,NA,NA,NA,NA,NA,NA,NA,NA,NA,N,4,0,1,2,A,-,05,21650,1,N,B,C,A,A,H,-,-,A,0,NA,Y,NA,NA,Y,NA,L,04,0,0,1,0,0,0,1,0,0,-,-,NA,NA,LOS ANGELES,ARCADIA,-118.05471801757813,34.12041091918945
8542187,2018,2018-02-01,1942,2018-01-14,1540,40643,1361,7,5,7,1942,0,0,0,M,0,24T31,SOUTH MAIN ST,VERNON AV,20,N,N,A,-,N,NA,NA,NA,NA,NA,NA,NA,NA,NA,Y,4,0,1,2,A,-,09,21804,A,F,D,C,A,A,H,-,A,D,0,NA,NA,NA,NA,Y,NA,A,01,0,0,1,0,0,0,0,0,0,-,-,NA,NA,LOS ANGELES,LOS ANGELES,-118.27400970458984,34.003883361816406
8542188,2018,2018-01-31,1902,2018-01-19,1240,757,31,5,5,5,1902,0,0,0,NA,0,005,BALDWIN AV,LEMON AV,30,N,N,B,-,N,NA,NA,NA,NA,NA,NA,NA,NA,NA,Y,4,0,1,2,A,-,03,22350,NA,N,C,C,A,A,H,-,A,A,0,NA,NA,NA,NA,Y,NA,A,01,0,0,1,0,0,0,0,0,0,-,-,NA,NA,LOS ANGELES,ARCADIA,-118.05452728271484,34.11870193481445
8542192,2018,2018-01-31,1902,2018-01-20,1048,766,12,6,5,5,1902,0,0,0,NA,0,003,COLORADO BL,SANTA CRUZ RD,0,NA,Y,A,-,N,NA,NA,NA,NA,NA,NA,NA,NA,NA,Y,4,0,3,2,A,-,03,22350,NA,N,C,C,A,A,H,-,A,A,0,NA,NA,NA,NA,Y,NA,A,07,0,0,3,0,0,0,0,0,0,-,-,NA,NA,LOS ANGELES,ARCADIA,-118.03736877441406,34.14540100097656
8542193,2018,2018-02-05,1910,2018-01-12,1143,03209,NA,5,5,4,1910,0,0,0,NA,0,009,WILSHIRE BL,LA PEER DR,0,NA,Y,A,-,N,NA,NA,NA,NA,NA,NA,NA,NA,NA,Y,4,0,1,2,A,-,12,21453,A,N,D,C,A,A,H,-,A,A,0,NA,NA,NA,NA,Y,NA,A,01,0,0,1,0,0,0,0,0,0,-,-,NA,NA,LOS ANGELES,BEVERLY HILLS,-118.38668060302734,34.06705856323242
8542196,2018,2018-01-31,1902,2018-01-21,2043,623,17,7,5,5,1902,0,0,0,NA,0,003,HUNTINGTON DR,BALDWIN AV,15,E,N,A,-,N,NA,NA,NA,NA,NA,NA,NA,NA,NA,Y,4,0,1,2,A,-,03,22350,NA,N,C,C,A,A,H,-,C,A,0,NA,NA,NA,NA,Y,NA,A,01,0,0,1,0,0,0,0,0,0,-,-,NA,NA,LOS ANGELES,ARCADIA,-118.05455017089844,34.13157272338867
8542199,2018,2018-02-01,1942,2018-01-12,2050,35024,0256,5,5,7,1942,0,0,0,B,0,2A56,SOUTH WESTLAKE AV,7TH ST,75,N,N,A,-,N,NA,NA,NA,NA,NA,NA,NA,NA,NA,N,4,0,3,2,A,-,06,21755,A,N,B,C,A,A,H,-,C,D,0,NA,NA,NA,NA,Y,Y,A,01,0,0,3,0,0,0,0,0,0,-,-,NA,NA,LOS ANGELES,LOS ANGELES,-118.27553558349608,34.056121826171875
8542203,2018,2018-02-01,1942,2018-01-18,1915,40325,0281,4,5,7,1942,0,0,0,B,0,2A92,HOOVER ST,GRAND VIEW ST,60,S,N,A,-,N,NA,NA,NA,NA,NA,NA,NA,NA,NA,N,4,0,2,2,A,-,03,22350,NA,N,C,C,A,A,H,-,C,A,0,NA,NA,NA,NA,Y,NA,A,01,0,0,2,0,0,0,0,0,0,-,-,NA,NA,LOS ANGELES,LOS ANGELES,-118.28418731689452,34.04897689819336
8542207,2018,2018-02-01,1926,2018-01-12,0448,0048,2,5,5,5,1926,0,0,0,NA,0,002,GRAND AV,FLEETWOOD PL,0,NA,Y,A,-,N,NA,NA,NA,NA,NA,NA,NA,NA,NA,Y,2,0,1,2,A,-,11,21954,A,N,A,B,D,A,H,-,C,A,0,Y,NA,NA,NA,Y,NA,A,01,1,0,0,0,1,0,0,0,0,-,-,NA,NA,LOS ANGELES,GLENDORA,-117.87267303466795,34.10786819458008
8542211,2018,2018-02-01,1926,2018-01-21,1639,0075,NA,7,5,5,1926,0,0,0,NA,0,001,FOOTHILL BL,WABASH AV,0,NA,Y,A,-,N,NA,NA,NA,NA,NA,NA,NA,NA,NA,Y,4,0,2,2,A,-,09,21802,A,N,D,C,A,A,H,-,A,A,0,NA,NA,NA,NA,Y,NA,A,01,0,0,2,0,0,0,0,0,0,-,-,NA,NA,LOS ANGELES,GLENDORA,-117.8628387451172,34.13603973388672
8542212,2018,2018-01-31,1976,2018-01-16,1426,569,NA,2,5,5,1976,0,0,0,NA,0,001,HADLEY ST,WASHINGTON AV,18,E,N,A,-,N,NA,NA,NA,NA,NA,NA,NA,NA,NA,Y,3,0,1,1,A,-,08,22100,B,N,A,I,A,A,H,-,A,A,0,NA,NA,NA,NA,Y,NA,A,01,0,1,0,0,0,0,0,0,0,-,-,NA,NA,LOS ANGELES,WHITTIER,-118.03494262695313,33.98270034790039
8542215,2018,2018-02-01,1926,2018-01-21,1005,0075,NA,7,5,5,1926,0,0,0,NA,0,002,GRAND AV,GLADSTONE ST,0,NA,Y,A,-,N,NA,NA,NA,NA,NA,NA,NA,NA,NA,Y,4,0,1,2,A,-,09,21453,C,F,D,C,A,A,H,-,A,A,0,NA,NA,Y,NA,Y,NA,C,02,0,0,1,0,0,0,0,0,1,-,-,NA,NA,LOS ANGELES,GLENDORA,-117.87268829345705,34.11396026611328
8542216,2018,2018-01-31,1976,2018-01-11,1727,384,NA,4,5,5,1976,0,0,0,NA,0,004,1ST AV,LISCO ST,0,NA,Y,A,-,N,NA,NA,NA,NA,NA,NA,NA,NA,NA,Y,3,0,2,2,A,-,08,22107,NA,N,D,C,A,A,H,-,C,D,0,NA,NA,NA,NA,Y,NA,A,07,0,1,1,0,0,0,0,0,0,-,-,NA,NA,LOS ANGELES,WHITTIER,-117.98536682128906,33.937599182128906
8542218,2018,2018-02-01,1942,2018-01-16,1815,43156,2088,2,5,7,1942,0,0,0,NA,0,6A22,VENICE BL,MENLO AV,5,E,N,A,-,N,NA,NA,NA,NA,NA,NA,NA,NA,NA,N,3,0,1,2,A,-,10,21950,C,N,G,B,D,A,H,-,C,D,0,Y,NA,NA,NA,Y,NA,A,01,0,1,0,0,1,0,0,0,0,-,-,34.0443000793457,-118.29090118408205,LOS ANGELES,LOS ANGELES,-118.29041290283205,34.04425811767578
8542220,2018,2018-01-31,1900,2018-01-20,1810,532436,2814,6,5,5,1915,0,0,0,NA,0,283T1,HICKORY AV,CEDAR ST,300,N,N,A,-,N,NA,NA,NA,NA,NA,NA,NA,NA,NA,N,4,0,1,2,A,-,03,22350,NA,F,G,B,D,A,H,-,C,D,0,Y,NA,NA,NA,Y,NA,A,01,0,0,1,0,1,0,0,0,0,-,-,NA,NA,LOS ANGELES,COMPTON,-118.2284698486328,33.90207290649414
8542222,2018,2018-02-01,1942,2018-01-16,2145,36537,2046,2,5,7,1942,0,0,0,NA,0,20A97,JAMES M WOOD,CATALINA ST,100,E,N,-,-,N,NA,NA,NA,NA,NA,NA,NA,NA,NA,N,4,0,1,2,A,-,11,21954,A,F,B,B,-,A,H,-,C,D,0,Y,NA,NA,NA,Y,Y,-,99,0,0,1,0,1,0,0,0,0,-,-,NA,NA,LOS ANGELES,LOS ANGELES,-118.295055,34.055937
8542223,2018,2018-02-01,1900,2018-01-11,1245,536381,0523,4,5,4,1971,0,0,0,NA,0,52T1AM,TEMPLE CITY BL,BROADWAY,0,NA,Y,A,-,N,NA,NA,NA,NA,NA,NA,NA,NA,NA,Y,4,0,1,2,A,-,12,21453,A,N,D,C,A,A,H,-,A,A,0,NA,NA,NA,NA,Y,NA,A,07,0,0,1,0,0,0,0,0,0,-,-,34.11056137084961,-118.05960845947266,LOS ANGELES,TEMPLE CITY,-118.05962371826172,34.10047912597656
8542224,2018,2018-01-31,1900,2018-01-17,1600,551884,COMPT,3,5,5,1915,0,0,0,NA,0,283T1,CENTER AV,ALONDRA BL,0,NA,Y,A,-,N,NA,NA,NA,NA,NA,NA,NA,NA,NA,N,4,0,1,2,D,-,00,NA,NA,N,G,B,B,A,H,-,A,A,0,Y,NA,NA,NA,Y,NA,-,-,0,0,1,0,1,0,0,0,0,-,-,NA,NA,LOS ANGELES,COMPTON,-118.23282623291016,33.88853073120117
8542226,2018,2018-02-01,1942,2018-01-01,1950,37575,1496,1,5,7,1942,0,0,0,N,0,NA,98TH ST,VICKSBURG AV,25,E,N,A,-,N,NA,NA,NA,NA,NA,NA,NA,NA,NA,N,4,0,1,2,A,-,03,22350,NA,F,C,C,A,A,H,-,C,A,0,NA,NA,NA,NA,Y,NA,-,99,0,0,1,0,0,0,0,0,0,-,-,NA,NA,LOS ANGELES,LOS ANGELES,-118.39389038085938,33.94733810424805
8542227,2018,2018-02-01,1900,2018-01-21,1630,531921,0521,7,5,4,1971,0,0,0,NA,0,52T1PM,ENCINITA AV,GARIBALDI AV,0,NA,Y,A,-,N,NA,NA,NA,NA,NA,NA,NA,NA,NA,Y,4,0,2,2,A,-,09,21802,A,N,D,C,A,A,H,-,A,A,0,NA,NA,NA,NA,Y,NA,A,01,0,0,2,0,0,0,0,0,0,-,-,34.10929870605469,-118.06800079345705,LOS ANGELES,TEMPLE CITY,-118.06803894042967,34.10935974121094
8542228,2018,2018-01-31,1928,2018-01-01,1459,292,525,1,5,5,1928,0,0,0,NA,0,502,PRAIRIE AV,116TH ST,0,NA,Y,A,-,N,NA,NA,NA,NA,NA,NA,NA,NA,NA,Y,4,0,2,2,A,-,12,22450,NA,N,D,C,A,A,H,-,A,A,0,NA,NA,NA,NA,Y,NA,A,01,0,0,2,0,0,0,0,0,0,-,-,33.929229736328125,-118.34326934814452,LOS ANGELES,HAWTHORNE,-118.34390258789064,33.929141998291016
8542229,2018,2018-02-05,1900,2018-01-12,1534,516893,2843,5,5,5,1915,0,0,0,NA,0,284B,LONG BEACH BL,LAUREL ST,100,N,N,A,-,N,NA,NA,NA,NA,NA,NA,NA,NA,NA,Y,4,0,1,2,A,-,05,21651,NA,N,B,C,A,A,H,-,A,D,0,NA,NA,NA,NA,Y,NA,A,01,0,0,1,0,0,0,0,0,0,-,-,NA,NA,LOS ANGELES,COMPTON,-118.2078857421875,33.89443588256836
8542230,2018,2018-02-01,1942,2018-01-10,1730,36553,1457,3,5,7,1942,0,0,0,N,0,14TL52,CULVER BL,INGLEWOOD BL,300,E,N,A,-,N,NA,NA,NA,NA,NA,NA,NA,NA,NA,N,4,0,1,2,A,-,03,22350,NA,F,C,C,A,A,H,-,C,D,0,NA,NA,NA,NA,Y,NA,-,99,0,0,1,0,0,0,0,0,0,-,-,NA,NA,LOS ANGELES,LOS ANGELES,-118.41753387451172,33.99571228027344
8542231,2018,2018-02-01,1900,2018-01-20,1835,531921,052J,6,5,4,1971,0,0,0,NA,0,52T1PM,SANTA ANA AV,FREER ST,0,NA,Y,A,-,N,NA,NA,NA,NA,NA,NA,NA,NA,NA,Y,4,0,2,2,A,-,09,21801,A,N,D,C,A,A,H,-,C,A,0,NA,NA,Y,NA,Y,NA,A,01,0,0,2,0,0,0,0,0,2,-,-,34.10041046142578,-118.02911376953124,LOS ANGELES,TEMPLE CITY,-118.029125,34.100458
8542232,2018,2018-01-31,1928,2018-01-02,0807,345,504,2,5,5,1928,0,0,0,NA,0,502,PRAIRIE AV,118TH PL,85,N,N,A,-,N,NA,NA,NA,NA,NA,NA,NA,NA,NA,Y,4,0,1,1,A,-,08,22107,NA,N,E,I,A,A,H,-,A,A,0,NA,NA,NA,NA,Y,NA,A,01,0,0,1,0,0,0,0,0,0,-,-,33.92604064941406,-118.34398651123048,LOS ANGELES,HAWTHORNE,-118.34388732910156,33.92634201049805
8542233,2018,2018-02-05,1900,2018-01-02,2500,524037,2835,2,5,5,1915,0,0,0,NA,0,283T1,COMPTON BL,ACACIA AV,50,W,N,A,-,N,NA,NA,NA,NA,NA,NA,NA,NA,NA,N,4,0,1,2,A,-,21,22106,NA,N,D,C,A,A,H,-,C,D,0,NA,NA,NA,NA,Y,NA,A,01,0,0,1,0,0,0,0,0,0,-,-,NA,NA,LOS ANGELES,COMPTON,-118.22662353515624,33.89597702026367
8542234,2018,2018-02-01,1942,2018-01-01,0745,33998,2029,1,5,7,1942,0,0,0,NA,0,20A39,6TH ST,COMMONWEALTH AV,15,E,N,A,-,N,NA,NA,NA,NA,NA,NA,NA,NA,NA,Y,4,0,2,2,A,-,01,23152,A,N,C,C,A,A,H,-,A,D,0,NA,NA,NA,NA,Y,Y,A,01,0,0,2,0,0,0,0,0,0,-,-,NA,NA,LOS ANGELES,LOS ANGELES,-118.2856216430664,34.0637092590332
8542235,2018,2018-02-01,1900,2018-01-04,1330,600019,0523,4,5,4,1971,0,0,0,NA,0,52FAM,BALDWIN AV,LIVE OAK AV,0,NA,Y,A,-,N,NA,NA,NA,NA,NA,NA,NA,NA,NA,Y,4,0,2,2,A,-,09,21801,A,N,B,C,A,A,H,-,A,A,0,NA,NA,NA,NA,Y,NA,A,01,0,0,2,0,0,0,0,0,0,-,-,34.10432815551758,-118.0514678955078,LOS ANGELES,TEMPLE CITY,-118.05162048339844,34.10429000854492
8542236,2018,2018-02-05,1928,2018-01-05,1730,404,518,5,5,5,1928,0,0,0,NA,0,503,PRAIRIE AV,134TH ST,0,NA,Y,A,-,N,NA,NA,NA,NA,NA,NA,NA,NA,NA,Y,4,0,1,2,A,-,09,21801,A,N,D,C,A,A,H,-,C,A,0,NA,NA,NA,NA,Y,NA,A,01,0,0,1,0,0,0,0,0,0,-,-,33.91088104248047,-118.3439712524414,LOS ANGELES,HAWTHORNE,-118.3438720703125,33.910850524902344
8542237,2018,2018-02-05,1900,2018-01-15,1635,551344,2841,1,5,5,1915,0,0,0,NA,0,283T1,SANTA FE AV,ALONDRA BL,800,S,N,A,-,N,NA,NA,NA,NA,NA,NA,NA,NA,NA,N,4,0,1,2,A,-,21,22106,NA,N,D,C,A,A,H,-,A,D,0,NA,NA,Y,NA,Y,NA,A,07,0,0,1,0,0,0,0,0,0,-,-,NA,NA,LOS ANGELES,COMPTON,-118.21587371826172,33.886409759521484
8542238,2018,2018-02-01,1942,2018-01-15,1105,37700,1409,1,5,7,1942,0,0,0,N,0,14A27,HUGHES AV,VENICE BL,200,N,N,A,-,N,NA,NA,NA,NA,NA,NA,NA,NA,NA,Y,4,0,1,2,A,-,21,22106,NA,N,B,C,A,A,H,-,A,D,0,NA,NA,NA,NA,Y,NA,A,01,0,0,1,0,0,0,0,0,0,-,-,NA,NA,LOS ANGELES,LOS ANGELES,-118.39923095703124,34.02386474609375
8542239,2018,2018-02-01,1900,2018-01-21,1306,530855,0523,7,5,4,1971,0,0,0,NA,0,52T1AM,LAS TUNAS DR,GOLDEN WEST AV,15,E,N,A,-,N,NA,NA,NA,NA,NA,NA,NA,NA,NA,Y,4,0,1,2,A,-,12,21453,A,N,D,C,A,A,H,-,A,A,0,NA,NA,NA,NA,Y,NA,A,01,0,0,1,0,0,0,0,0,0,-,-,34.1072998046875,-118.05650329589844,LOS ANGELES,TEMPLE CITY,-118.05651092529295,34.10730743408203
8542392,2018,2018-02-13,1942,2018-01-08,1750,36871,0529,1,5,7,1942,0,0,0,E,0,5X64,AVALON,ANAHEIM,0,NA,Y,C,-,N,NA,NA,NA,NA,NA,NA,NA,NA,NA,N,4,0,2,3,A,-,10,21950,A,N,A,B,B,B,H,-,C,A,0,Y,NA,NA,NA,Y,NA,D,22,0,0,2,0,2,0,0,0,0,-,-,NA,NA,LOS ANGELES,LOS ANGELES,-118.262451171875,33.77997970581055