CASE_ID,ACCIDENT_YEAR,PROC_DATE,JURIS,COLLISION_DATE,COLLISION_TIME,OFFICER_ID,REPORTING_DISTRICT,DAY_OF_WEEK,CHP_SHIFT,POPULATION,CNTY_CITY_LOC,SPECIAL_COND,BEAT_TYPE,CHP_BEAT_TYPE,CITY_DIVISION_LAPD,CHP_BEAT_CLASS,BEAT_NUMBER,PRIMARY_RD,SECONDARY_RD,DISTANCE,DIRECTION,INTERSECTION,WEATHER_1,WEATHER_2,STATE_HWY_IND,CALTRANS_COUNTY,CALTRANS_DISTRICT,STATE_ROUTE,ROUTE_SUFFIX,POSTMILE_PREFIX,POSTMILE,LOCATION_TYPE,RAMP_INTERSECTION,SIDE_OF_HWY,TOW_AWAY,COLLISION_SEVERITY,NUMBER_KILLED,NUMBER_INJURED,PARTY_COUNT,PRIMARY_COLL_FACTOR,PCF_CODE_OF_VIOL,PCF_VIOL_CATEGORY,PCF_VIOLATION,PCF_VIOL_SUBSECTION,HIT_AND_RUN,TYPE_OF_COLLISION,MVIW,PED_ACTION,ROAD_SURFACE,ROAD_COND_1,ROAD_COND_2,LIGHTING,CONTROL_DEVICE,CHP_ROAD_TYPE,PEDESTRIAN_ACCIDENT,BICYCLE_ACCIDENT,MOTORCYCLE_ACCIDENT,TRUCK_ACCIDENT,NOT_PRIVATE_PROPERTY,ALCOHOL_INVOLVED,STWD_VEHTYPE_AT_FAULT,CHP_VEHTYPE_AT_FAULT,COUNT_SEVERE_INJ,COUNT_VISIBLE_INJ,COUNT_COMPLAINT_PAIN,COUNT_PED_KILLED,COUNT_PED_INJURED,COUNT_BICYCLIST_KILLED,COUNT_BICYCLIST_INJURED,COUNT_MC_KILLED,COUNT_MC_INJURED,PRIMARY_RAMP,SECONDARY_RAMP,LATITUDE,LONGITUDE,COUNTY,CITY,POINT_X,POINT_Y
8544087,2018,2018-02-02,1942,2018-01-11,1655,40700,1823,4,5,7,1942,0,0,0,R,0,25MLQ1,AVALON BL,101ST ST,200,S,N,A,-,N,NA,NA,NA,NA,NA,NA,NA,NA,NA,N,3,0,1,2,A,-,03,22350,NA,N,D,G,A,A,H,-,B,D,0,NA,Y,NA,NA,Y,NA,L,04,0,1,0,0,0,0,1,0,0,-,-,NA,NA,LOS ANGELES,LOS ANGELES,-118.2651824951172,33.9441032409668
8544088,2018,2018-02-02,1942,2018-01-06,1800,37966,1402,6,5,7,1942,0,0,0,N,0,6T7,SAWTELLE BL,NATIONAL BL,285,N,N,B,-,N,NA,NA,NA,NA,NA,NA,NA,NA,NA,N,4,0,1,2,A,-,08,21460,5,F,D,C,A,A,H,-,C,D,0,NA,NA,NA,NA,Y,NA,-,99,0,0,1,0,0,0,0,0,0,-,-,NA,NA,LOS ANGELES,LOS ANGELES,-118.43194580078124,34.02689743041992
8544089,2017,2018-02-02,1942,2017-10-14,1640,41486,1266,6,5,7,1942,0,0,0,L,0,12X48,81ST ST,HOOVER ST,100,E,N,A,-,N,NA,NA,NA,NA,NA,NA,NA,NA,NA,N,3,0,1,2,A,-,05,21650,NA,N,D,C,A,A,H,-,A,D,0,NA,Y,NA,NA,Y,NA,L,04,0,1,0,0,0,0,1,0,0,-,-,NA,NA,LOS ANGELES,LOS ANGELES,-118.28679091,33.96549522
8544091,2018,2018-02-02,1942,2018-01-11,1100,43010,1842,4,5,7,1942,0,0,0,R,0,NA,FIGUEROA ST,COLDEN AV,0,NA,Y,A,-,N,NA,NA,NA,NA,NA,NA,NA,NA,NA,N,3,0,2,3,A,-,11,21950,B,N,G,B,B,A,H,-,A,A,0,Y,NA,NA,NA,Y,NA,A,01,0,1,1,0,2,0,0,0,0,-,-,NA,NA,LOS ANGELES,LOS ANGELES,-118.28269958496094,33.949161529541016
8544092,2018,2018-02-02,1942,2018-01-14,1420,37492,2146,7,5,7,1942,0,0,0,NA,0,21A97,VANOWEN ST,ETON AV,125,W,N,A,-,N,NA,NA,NA,NA,NA,NA,NA,NA,NA,Y,4,0,1,4,A,-,03,22350,NA,N,C,C,A,A,-,-,A,A,0,NA,NA,NA,NA,Y,NA,A,01,0,0,1,0,0,0,0,0,0,-,-,NA,NA,LOS ANGELES,LOS ANGELES,-118.59588623046876,34.193748474121094
8544093,2017,2018-02-01,1942,2017-12-20,2020,37550,1427,3,5,7,1942,0,0,0,N,0,14A27,S SEPULVEDA BL,NATIONAL BL,0,NA,Y,A,-,N,NA,NA,NA,NA,NA,NA,NA,NA,NA,N,3,0,1,2,A,-,10,21950,A,N,G,B,B,A,H,-,C,A,0,Y,NA,NA,NA,Y,NA,A,01,0,1,0,0,1,0,0,0,0,-,-,NA,NA,LOS ANGELES,LOS ANGELES,-118.42866009,34.02736012
8544095,2018,2018-02-02,1942,2018-01-10,2140,42925,1846,3,5,7,1942,0,0,0,R,0,18A63,IMPERIAL HWY,COMPTON AV,0,NA,Y,A,-,N,NA,NA,NA,NA,NA,NA,NA,NA,NA,Y,4,0,3,2,A,-,09,21801,A,N,A,C,A,A,H,-,C,A,0,NA,NA,NA,NA,Y,NA,A,01,0,0,3,0,0,0,0,0,0,-,-,NA,NA,LOS ANGELES,LOS ANGELES,-118.24627685546876,33.92948913574219
8544096,2018,2018-02-02,1942,2018-01-12,1600,38239,2157,5,5,7,1942,0,0,0,NA,0,21A73,VANOWEN ST,MASON AV,0,NA,Y,A,-,N,NA,NA,NA,NA,NA,NA,NA,NA,NA,N,3,0,1,2,A,-,09,21801,A,N,D,C,A,A,H,-,A,A,0,NA,NA,Y,NA,Y,NA,A,01,0,1,0,0,0,0,0,0,1,-,-,NA,NA,LOS ANGELES,LOS ANGELES,-118.57969665527344,34.19377899169922
8544097,2017,2018-02-01,1942,2017-12-06,0830,34209,1406,3,5,7,1942,0,0,0,N,0,14A45,OVERLAND AV,ROSE AV,150,N,N,A,-,N,NA,NA,NA,NA,NA,NA,NA,NA,NA,N,3,0,2,4,A,-,09,21804,A,N,D,C,A,A,H,-,A,D,0,NA,NA,NA,NA,Y,NA,A,01,0,1,1,0,0,0,0,0,0,-,-,NA,NA,LOS ANGELES,LOS ANGELES,-118.41408501,34.02791726
8544098,2018,2018-01-31,1942,2018-01-21,1630,37724,1821,7,5,7,1942,0,0,0,R,0,18A17,W 103RD ST,FIGUEROA ST,137,W,N,A,-,N,NA,NA,NA,NA,NA,NA,NA,NA,NA,N,2,0,1,2,A,-,09,21804,A,N,D,J,A,A,H,-,B,D,0,NA,Y,NA,NA,Y,NA,L,04,1,0,0,0,0,0,1,0,0,-,-,NA,NA,LOS ANGELES,LOS ANGELES,-118.2830810546875,33.94306182861328
8544100,2018,2018-02-02,1942,2018-01-12,1750,40533,LOSAN,5,5,7,1942,0,0,0,NA,0,2149,SHERMAN WY,CORBIN,15,W,N,A,-,N,NA,NA,NA,NA,NA,NA,NA,NA,NA,N,4,0,1,2,A,-,03,22350,NA,N,C,C,A,A,H,-,C,A,0,NA,NA,NA,NA,Y,NA,A,01,0,0,1,0,0,0,0,0,0,-,-,NA,NA,LOS ANGELES,LOS ANGELES,-118.56228637695313,34.201148986816406
8544101,2017,2018-02-02,1942,2017-12-09,0850,36646,1412,6,5,7,1942,0,0,0,N,0,14A11,ROSE AV,PACIFIC AV,5,E,N,A,-,N,NA,NA,NA,NA,NA,NA,NA,NA,NA,N,3,0,1,2,A,-,08,22107,NA,N,B,G,A,A,H,-,A,A,0,NA,Y,NA,NA,Y,NA,A,01,0,1,0,0,0,0,1,0,0,-,-,NA,NA,LOS ANGELES,LOS ANGELES,-118.4786062,33.99567748
8544102,2018,2018-01-31,1942,2018-01-18,2245,42338,1842,4,5,7,1942,0,0,0,R,0,18A41,W 109TH PL,FIGUEROA ST,77,E,N,A,-,N,NA,NA,NA,NA,NA,NA,NA,NA,NA,N,4,0,1,2,B,-,22,NA,NA,N,G,B,F,A,H,-,C,D,0,Y,NA,NA,NA,Y,Y,A,01,0,0,1,0,1,0,0,0,0,-,-,NA,NA,LOS ANGELES,LOS ANGELES,-118.28236389160156,33.93648910522461
8544104,2018,2018-02-02,1942,2018-01-11,0200,41763,TOP,4,5,7,1942,0,0,0,NA,0,2172,VENTURA BL,VALLEY CIRCLE BL,100,E,N,A,-,N,NA,NA,NA,NA,NA,NA,NA,NA,NA,Y,3,0,1,1,A,-,03,22350,NA,N,H,J,A,B,H,-,C,D,0,NA,NA,Y,NA,Y,NA,C,02,0,1,0,0,0,0,0,0,1,-,-,NA,NA,LOS ANGELES,LOS ANGELES,-118.6377410888672,34.16082763671875
8544105,2017,2018-02-02,1942,2017-12-08,0620,42715,1487,5,5,7,1942,0,0,0,N,0,14A67,ARBOR VITAE ST,AIRPORT BL,0,NA,Y,A,-,N,NA,NA,NA,NA,NA,NA,NA,NA,NA,Y,3,0,2,2,A,-,09,21804,A,N,D,C,A,A,H,-,B,D,0,NA,NA,NA,NA,Y,Y,A,01,0,1,1,0,0,0,0,0,0,-,-,NA,NA,LOS ANGELES,LOS ANGELES,-118.38587005,33.95266011
8544106,2018,2018-01-31,1942,2018-01-17,2115,42364,1844,3,5,7,1942,0,0,0,R,0,18A34,E IMPERIAL HWY,N STANFORD AV,20,E,N,A,-,N,NA,NA,NA,NA,NA,NA,NA,NA,NA,N,2,0,1,2,A,-,11,21950,B,N,G,B,D,A,H,-,C,A,0,Y,NA,NA,NA,Y,NA,N,60,1,0,0,0,1,0,0,0,0,-,-,NA,NA,LOS ANGELES,LOS ANGELES,-118.26209259033205,33.9310302734375
8544108,2018,2018-02-02,1942,2018-01-06,0210,42446,2136,6,5,7,1942,0,0,0,NA,0,21A57,TOPANGA CANYON BL,OXNARD ST,0,NA,Y,A,-,N,NA,NA,NA,NA,NA,NA,NA,NA,NA,Y,4,0,1,2,A,-,09,21801,A,N,D,C,A,A,H,-,C,A,0,NA,NA,NA,NA,Y,NA,A,01,0,0,1,0,0,0,0,0,0,-,-,NA,NA,LOS ANGELES,LOS ANGELES,-118.60537719726564,34.1792106628418
8544109,2017,2018-02-01,1942,2017-12-05,1615,39388,1454,2,5,7,1942,0,0,0,N,0,14A49,ALLA RD,MINDANAO WY,0,NA,Y,A,-,N,NA,NA,NA,NA,NA,NA,NA,NA,NA,Y,3,0,1,2,A,-,12,22450,A,N,D,C,A,A,H,-,A,D,0,NA,NA,NA,NA,Y,NA,A,01,0,1,0,0,0,0,0,0,0,-,-,NA,NA,LOS ANGELES,LOS ANGELES,-118.43333003,33.9880001
8544110,2018,2018-01-31,1942,2018-01-16,1540,41917,1842,2,5,7,1942,0,0,0,R,0,18A3,108TH ST,OLIVE ST,0,NA,Y,A,-,N,NA,NA,NA,NA,NA,NA,NA,NA,NA,N,3,0,5,2,A,-,12,22450,A,F,D,C,A,A,H,-,A,A,0,NA,NA,NA,NA,Y,NA,-,99,0,2,3,0,0,0,0,0,0,-,-,NA,NA,LOS ANGELES,LOS ANGELES,-118.27928924560548,33.938270568847656
8544111,2018,2018-02-02,1942,2018-01-06,1251,32262,1251,6,5,7,1942,0,0,0,L,0,12XL77,FLORENCE AV,W 10TH AV,50,W,N,A,-,N,NA,NA,NA,NA,NA,NA,NA,NA,NA,NA,3,0,1,2,A,-,08,22105,NA,N,B,G,A,A,H,-,A,D,0,NA,Y,NA,NA,Y,NA,A,01,0,1,0,0,0,0,1,0,0,-,-,NA,NA,LOS ANGELES,LOS ANGELES,-118.32879638671876,33.97454071044922
8544112,2018,2018-02-02,1942,2018-01-09,2230,38353,2143,2,5,7,1942,0,0,0,NA,0,21A43,FALLBROOK AV,VICTORY BL,710,N,N,A,-,N,NA,NA,NA,NA,NA,NA,NA,NA,NA,Y,4,0,2,2,A,-,09,21804,A,N,D,C,A,B,H,-,C,D,0,NA,NA,NA,NA,Y,NA,A,01,0,0,2,0,0,0,0,0,0,-,-,NA,NA,LOS ANGELES,LOS ANGELES,-118.62339019775392,34.18840789794922
8544113,2017,2018-02-01,1942,2017-12-06,0950,40632,LOSAN,3,5,7,1942,0,0,0,NA,0,1409,VENICE BL,BAGLEY AV,200,W,N,A,-,N,NA,NA,NA,NA,NA,NA,NA,NA,NA,N,3,0,1,2,C,-,18,NA,NA,N,H,G,A,A,H,-,A,A,0,NA,Y,NA,NA,Y,NA,-,-,0,1,0,0,0,0,1,0,0,-,-,NA,NA,LOS ANGELES,LOS ANGELES,-118.39570071,34.02521659
8544114,2018,2018-01-31,1942,2018-01-09,1505,38037,1864,2,5,7,1942,0,0,0,R,0,18X48,CENTRAL AV,119TH ST,21,S,N,A,-,N,NA,NA,NA,NA,NA,NA,NA,NA,NA,Y,4,0,1,2,A,-,09,21801,A,N,D,C,A,B,H,-,D,D,0,NA,NA,NA,NA,Y,NA,A,01,0,0,1,0,0,0,0,0,0,-,-,NA,NA,LOS ANGELES,LOS ANGELES,-118.25433349609376,33.92488098144531
8544115,2018,2018-02-02,1942,2018-01-02,1420,39177,1248,2,5,7,1942,0,0,0,L,0,25T22,S VERMONT AV,W GAGE AV,0,NA,Y,A,-,N,NA,NA,NA,NA,NA,NA,NA,NA,NA,N,4,0,1,2,A,-,09,21801,A,N,-,C,A,-,H,-,A,A,0,NA,NA,NA,NA,Y,NA,A,01,0,0,1,0,0,0,0,0,0,-,-,NA,NA,LOS ANGELES,LOS ANGELES,-118.29154205322266,33.981910705566406
8544116,2018,2018-02-02,1942,2018-01-02,2145,42493,1432,2,5,7,1942,0,0,0,N,0,14A45,VENICE BL,ABBOTT KINNEY BL,10,E,N,A,-,N,NA,NA,NA,NA,NA,NA,NA,NA,NA,N,4,0,1,2,A,-,03,22350,NA,F,C,C,A,A,H,-,C,A,0,NA,NA,NA,NA,Y,NA,-,99,0,0,1,0,0,0,0,0,0,-,-,NA,NA,LOS ANGELES,LOS ANGELES,-118.46253204345705,33.9891357421875
8544117,2017,2018-02-01,1942,2017-12-19,1030,39436,1467,2,5,7,1942,0,0,0,N,0,14A67,HOWARD HUGHES PKWY,PARK TER,0,NA,Y,A,-,N,NA,NA,NA,NA,NA,NA,NA,NA,NA,Y,4,0,1,2,A,-,03,22350,NA,N,C,C,A,A,H,-,A,A,0,NA,NA,Y,NA,Y,NA,A,07,0,0,1,0,0,0,0,0,1,-,-,NA,NA,LOS ANGELES,LOS ANGELES,-118.39178001,33.97504011
8544118,2018,2018-01-31,1942,2018-01-15,0455,40724,1822,1,5,7,1942,0,0,0,R,0,18A17,CENTURY BL,SPRING ST,200,E,N,A,-,N,NA,NA,NA,NA,NA,NA,NA,NA,NA,N,4,0,1,2,A,-,05,21650,1,N,A,G,A,A,H,-,B,D,0,NA,Y,NA,NA,Y,NA,L,04,0,0,1,0,0,0,1,0,0,-,-,NA,NA,LOS ANGELES,LOS ANGELES,-118.27555847167967,33.945560455322266
8544119,2018,2018-02-02,1942,2018-01-14,2055,41921,1823,7,5,7,1942,0,0,0,R,0,25T45W,S SAN PEDRO ST,93RD ST,45,S,N,A,-,N,NA,NA,NA,NA,NA,NA,NA,NA,NA,N,4,0,4,3,A,-,01,23152,A,N,C,C,A,A,H,-,C,A,0,NA,NA,NA,NA,Y,Y,A,01,0,0,4,0,0,0,0,0,0,-,-,NA,NA,LOS ANGELES,LOS ANGELES,-118.26953887939452,33.951805114746094
8544120,2018,2018-02-02,1942,2018-01-14,1025,38980,1619,7,5,7,1942,0,0,0,P,0,16A59,BIG TUJUNGA CANYON RD,MOUNT GLEASON AV,2000,E,N,A,-,N,NA,NA,NA,NA,NA,NA,NA,NA,NA,Y,4,0,1,2,A,-,03,22350,NA,N,C,C,A,A,H,-,A,D,0,NA,NA,Y,NA,Y,NA,C,02,0,0,1,0,0,0,0,0,1,-,-,NA,NA,LOS ANGELES,LOS ANGELES,-118.29582214355467,34.28086853027344
8544121,2017,2018-02-02,1942,2017-12-09,0200,36110,LOSAN,6,5,7,1942,0,0,0,NA,0,014,HOWARD HUGHES PKWY,PARK TER,0,NA,Y,A,-,N,NA,NA,NA,NA,NA,NA,NA,NA,NA,N,4,0,1,1,A,-,09,21801,NA,N,A,I,A,A,-,-,C,A,0,NA,NA,NA,NA,Y,Y,A,01,0,0,1,0,0,0,0,0,0,-,-,NA,NA,LOS ANGELES,LOS ANGELES,-118.39178001,33.97504011
8544122,2018,2018-02-26,1942,2018-01-19,1630,42840,1844,5,5,7,1942,0,0,0,R,0,18A44,112TH ST,TOWNE AV,0,NA,Y,A,-,N,NA,NA,NA,NA,NA,NA,NA,NA,NA,Y,4,0,1,2,A,-,09,21802,A,N,D,C,A,A,H,-,A,D,0,NA,NA,NA,NA,Y,NA,A,01,0,0,1,0,0,0,0,0,0,-,-,NA,NA,LOS ANGELES,LOS ANGELES,-118.26737213134766,33.93296813964844
8544123,2018,2018-02-02,1942,2018-01-07,1510,39058,0723,7,5,7,1942,0,0,0,G,0,7A21,N HAYWORTH AV,BEVERLY BL,140,S,N,A,-,N,NA,NA,NA,NA,NA,NA,NA,NA,NA,Y,4,0,1,3,A,-,09,21804,A,F,D,C,A,A,H,-,A,D,0,NA,NA,NA,NA,Y,NA,A,01,0,0,1,0,0,0,0,0,0,-,-,NA,NA,LOS ANGELES,LOS ANGELES,-118.36264038085938,34.07572555541992
8544125,2017,2018-02-01,1942,2017-12-29,0630,41003,1467,5,5,7,1942,0,0,0,N,0,7TL23,SEPULVEDA BL,CENTER DR,375,N,N,A,-,N,NA,NA,NA,NA,NA,NA,NA,NA,NA,N,3,0,1,1,A,-,03,22350,NA,N,E,J,A,A,B,H,A,A,0,NA,Y,NA,NA,Y,NA,L,04,0,1,0,0,0,0,1,0,0,-,-,NA,NA,LOS ANGELES,LOS ANGELES,-118.39436954,33.97926556
8544126,2018,2018-01-31,1942,2018-01-15,0640,36403,1802,1,5,7,1942,0,0,0,R,0,18X36,MAIN ST,86TH ST,0,NA,Y,A,-,N,NA,NA,NA,NA,NA,NA,NA,NA,NA,Y,3,0,1,2,A,-,09,21801,A,N,D,C,A,A,H,-,C,D,0,NA,NA,Y,NA,Y,NA,A,01,0,1,0,0,0,0,0,0,1,-,-,NA,NA,LOS ANGELES,LOS ANGELES,-118.2738800048828,33.9593505859375
8544127,2018,2018-02-02,1942,2018-01-17,2025,38590,2034,3,5,7,1942,0,0,0,NA,0,14T47,ARDMORE AV,8TH ST,300,S,N,A,-,N,NA,NA,NA,NA,NA,NA,NA,NA,NA,N,4,0,1,2,A,-,21,22106,NA,F,C,C,A,A,H,-,C,D,0,NA,NA,NA,NA,Y,NA,-,99,0,0,1,0,0,0,0,0,0,-,-,NA,NA,LOS ANGELES,LOS ANGELES,-118.30200958251952,34.05687713623047
8544128,2018,2018-02-02,1942,2018-01-18,0920,41419,19S1,4,5,7,1942,0,0,0,NA,0,35M89,LANGDON AV,DEVONSHIRE ST,0,NA,Y,A,-,N,NA,NA,NA,NA,NA,NA,NA,NA,NA,Y,4,0,1,2,A,-,09,21802,A,N,D,C,A,A,H,-,A,A,0,NA,NA,NA,NA,Y,NA,A,01,0,0,1,0,0,0,0,0,0,-,-,NA,NA,LOS ANGELES,LOS ANGELES,-118.46964263916016,34.25730895996094
8544129,2017,2018-02-02,1942,2017-12-28,0840,41679,1406,4,5,7,1942,0,0,0,N,0,14A13,OVERLAND AV,MCCUNE AV,0,NA,Y,A,-,N,NA,NA,NA,NA,NA,NA,NA,NA,NA,Y,3,0,2,2,A,-,09,21802,A,N,D,C,A,A,H,-,A,A,0,NA,NA,NA,NA,Y,NA,A,07,0,1,1,0,0,0,0,0,0,-,-,NA,NA,LOS ANGELES,LOS ANGELES,-118.40798007,34.01997011
8544130,2018,2018-01-31,1942,2018-01-14,1300,42914,1824,7,5,7,1942,0,0,0,R,0,18A26,CENTRAL,CENTURY,35,S,N,A,-,N,NA,NA,NA,NA,NA,NA,NA,NA,NA,N,4,0,1,3,A,-,04,21703,NA,N,C,C,A,A,H,-,A,D,0,NA,NA,NA,NA,Y,NA,A,01,0,0,1,0,0,0,0,0,0,-,-,NA,NA,LOS ANGELES,LOS ANGELES,-118.25408172607422,33.94556427001953
8544131,2018,2018-02-02,1942,2018-01-17,1830,37511,0763,3,5,7,1942,0,0,0,G,0,7T23,PICO BL,GENESEE AV,150,W,N,A,-,N,NA,NA,NA,NA,NA,NA,NA,NA,NA,N,4,0,1,3,A,-,03,22350,NA,F,B,C,E,A,H,-,C,D,0,Y,NA,NA,NA,Y,NA,-,99,0,0,1,0,1,0,0,0,0,-,-,NA,NA,LOS ANGELES,LOS ANGELES,-118.3639907836914,34.05100631713867
8544132,2018,2018-03-13,1942,2018-01-16,1350,40353,1998,2,5,7,1942,0,0,0,NA,0,19A93,VAN NUYS BL,LORNE ST,136,S,N,A,-,N,NA,NA,NA,NA,NA,NA,NA,NA,NA,Y,3,0,1,1,A,-,03,22350,NA,N,H,-,A,A,H,-,A,D,0,NA,NA,Y,NA,Y,NA,C,02,0,1,0,0,0,0,0,0,1,-,-,NA,NA,LOS ANGELES,LOS ANGELES,-118.4487762451172,34.21639633178711
8544133,2017,2018-02-02,1942,2017-12-27,2300,42715,1495,3,5,7,1942,0,0,0,N,0,1YA67,AVION DR,CENTURY BL,0,NA,Y,A,-,N,NA,NA,NA,NA,NA,NA,NA,NA,NA,N,3,0,1,2,A,-,10,21950,A,N,G,B,B,A,H,-,C,A,0,Y,NA,NA,NA,Y,NA,A,01,0,1,0,0,1,0,0,0,0,-,-,NA,NA,LOS ANGELES,LOS ANGELES,-118.39014012,33.94558004
8544134,2018,2018-01-31,1942,2018-01-14,1130,42774,1841,7,5,7,1942,0,0,0,R,0,18A41W,111TH PL,MAIN ST,125,W,N,A,-,N,NA,NA,NA,NA,NA,NA,NA,NA,NA,Y,3,0,1,2,A,-,03,22350,NA,N,B,E,A,A,H,-,A,A,0,NA,NA,NA,NA,Y,NA,A,01,0,1,0,0,0,0,0,0,0,-,-,NA,NA,LOS ANGELES,LOS ANGELES,-118.2742919921875,33.933921813964844
8544135,2018,2019-01-16,1942,2018-01-17,1545,37614,1432,3,5,7,1942,0,0,0,N,0,14A13,LINCOLN CT,MILWOOD AV,33,N,N,A,-,N,NA,NA,NA,NA,NA,NA,NA,NA,NA,N,4,0,1,2,A,-,21,22106,NA,F,D,D,A,A,H,-,A,D,0,NA,NA,NA,NA,Y,NA,A,01,0,0,1,0,0,0,0,0,0,-,-,NA,NA,LOS ANGELES,LOS ANGELES,-118.46043395996094,33.99716567993164
8544136,2018,2018-02-02,1942,2018-01-17,0715,36257,1985,3,5,7,1942,0,0,0,NA,0,19A85,VAN NUYS BL,CHASE ST,430,N,N,A,-,N,NA,NA,NA,NA,NA,NA,NA,NA,NA,Y,3,0,1,2,A,-,09,21801,A,N,D,C,A,A,H,-,A,D,0,NA,NA,NA,NA,Y,NA,A,07,0,1,0,0,0,0,0,0,0,-,-,NA,NA,LOS ANGELES,LOS ANGELES,-118.4492645263672,34.22584533691406
8544137,2017,2018-02-01,1942,2017-12-15,0700,37700,1415,5,5,7,1942,0,0,0,N,0,14TL47,LINCOLN BL,SUNSET AV,8,N,N,A,-,N,NA,NA,NA,NA,NA,NA,NA,NA,NA,Y,3,0,1,2,A,-,09,21801,A,N,A,C,A,A,H,-,A,D,0,NA,NA,NA,NA,Y,NA,A,01,0,1,0,0,0,0,0,0,0,-,-,NA,NA,LOS ANGELES,LOS ANGELES,-118.46562259,34.00027129
8544138,2018,2018-01-31,1942,2018-01-13,1520,43005,1806,6,5,7,1942,0,0,0,R,0,18A3,88TH PL,STANFORD,0,NA,Y,A,-,N,NA,NA,NA,NA,NA,NA,NA,NA,NA,N,4,0,1,2,A,-,03,22350,NA,F,B,C,A,A,H,-,A,D,0,NA,NA,NA,NA,Y,NA,-,99,0,0,1,0,0,0,0,0,0,-,-,NA,NA,LOS ANGELES,LOS ANGELES,-118.26299285888672,33.95647048950195
8544139,2018,2018-02-02,1942,2018-01-12,0810,39436,1494,5,5,7,1942,0,0,0,N,0,LAX,PERSHING DR,WESTCHESTER PKWY,100,S,N,E,-,N,NA,NA,NA,NA,NA,NA,NA,NA,NA,N,4,0,1,2,A,-,03,22350,NA,F,C,C,A,A,H,-,A,D,0,NA,NA,NA,NA,Y,NA,-,99,0,0,1,0,0,0,0,0,0,-,-,NA,NA,LOS ANGELES,LOS ANGELES,-118.43909454345705,33.95149230957031
8544140,2018,2018-02-02,1942,2018-01-14,2000,37226,LOSAN,7,5,7,1942,0,0,0,NA,0,19X12,HUBBARD ST,BORDEN AV,165,E,N,A,-,N,NA,NA,NA,NA,NA,NA,NA,NA,NA,N,2,0,1,2,A,-,11,21954,A,N,G,B,D,A,H,-,D,A,0,Y,NA,NA,NA,Y,NA,N,60,1,0,0,0,1,0,0,0,0,-,-,NA,NA,LOS ANGELES,LOS ANGELES,-118.43587493896484,34.302467346191406
8544141,2017,2018-02-01,1942,2017-12-25,1205,41179,1412,1,5,7,1942,0,0,0,N,0,14TL52,PACIFIC AV,NAVY ST,25,S,N,A,-,N,NA,NA,NA,NA,NA,NA,NA,NA,NA,N,4,0,1,2,A,-,03,22350,NA,F,C,C,A,A,H,-,A,A,0,NA,NA,NA,NA,Y,NA,-,99,0,0,1,0,0,0,0,0,0,-,-,NA,NA,LOS ANGELES,LOS ANGELES,-118.47963509,33.99697252
8544143,2018,2018-02-02,1942,2018-01-16,0830,42161,1414,2,5,7,1942,0,0,0,N,0,14A13,LINCOLN BL,BROADWAY AV,0,NA,Y,A,-,N,NA,NA,NA,NA,NA,NA,NA,NA,NA,N,3,0,1,2,A,-,09,21801,B,F,A,G,A,A,H,-,A,D,0,NA,Y,NA,NA,Y,NA,-,99,0,1,0,0,0,0,1,0,0,-,-,NA,NA,LOS ANGELES,LOS ANGELES,-118.46161651611328,33.998329162597656
8544144,2018,2018-02-02,1942,2018-01-10,1745,39575,1916,3,5,7,1942,0,0,0,NA,0,35E11W,HUBBARD ST,GLENOAKS BL,0,NA,Y,A,-,N,NA,NA,NA,NA,NA,NA,NA,NA,NA,Y,4,0,4,2,A,-,09,21801,A,N,A,C,A,A,H,-,C,A,0,NA,NA,NA,NA,Y,NA,A,01,0,0,4,0,0,0,0,0,0,-,-,NA,NA,LOS ANGELES,LOS ANGELES,-118.4392318725586,34.29949188232422
8544145,2017,2018-02-02,1942,2017-12-30,0830,30928,1668,6,5,7,1942,0,0,0,P,0,NA,PINEWOOD AV,SAINT ESTABAN ST,0,NA,Y,A,-,N,NA,NA,NA,NA,NA,NA,NA,NA,NA,Y,4,0,1,1,A,-,03,22350,NA,N,A,I,A,A,H,-,A,D,0,NA,NA,NA,NA,Y,NA,-,NA,0,0,1,0,0,0,0,0,0,-,-,NA,NA,LOS ANGELES,LOS ANGELES,-118.2862101,34.24671004
8544146,2018,2018-01-31,1942,2018-01-09,0630,42231LM,1841,2,5,7,1942,0,0,0,R,0,12A3,IMPERIAL HWY,HOOVER ST,0,NA,Y,C,-,N,NA,NA,NA,NA,NA,NA,NA,NA,NA,Y,4,0,1,3,A,-,09,21801,NA,N,D,C,A,B,H,-,A,A,0,NA,NA,NA,NA,Y,NA,A,01,0,0,1,0,0,0,0,0,0,-,-,NA,NA,LOS ANGELES,LOS ANGELES,-118.2869873046875,33.93098831176758
8544147,2018,2018-02-13,1942,2018-01-13,1845,25495,1455,6,5,7,1942,0,0,0,N,0,14A45,LINCOLN BL,NOWITA PL,25,S,N,A,-,N,NA,NA,NA,NA,NA,NA,NA,NA,NA,N,4,0,1,2,A,-,03,22350,NA,N,C,C,A,A,H,-,C,D,0,NA,NA,NA,NA,Y,NA,-,-,0,0,1,0,0,0,0,0,0,-,-,NA,NA,LOS ANGELES,LOS ANGELES,-118.45813751220705,33.996665954589844