CASE_ID,ACCIDENT_YEAR,PROC_DATE,JURIS,COLLISION_DATE,COLLISION_TIME,OFFICER_ID,REPORTING_DISTRICT,DAY_OF_WEEK,CHP_SHIFT,POPULATION,CNTY_CITY_LOC,SPECIAL_COND,BEAT_TYPE,CHP_BEAT_TYPE,CITY_DIVISION_LAPD,CHP_BEAT_CLASS,BEAT_NUMBER,PRIMARY_RD,SECONDARY_RD,DISTANCE,DIRECTION,INTERSECTION,WEATHER_1,WEATHER_2,STATE_HWY_IND,CALTRANS_COUNTY,CALTRANS_DISTRICT,STATE_ROUTE,ROUTE_SUFFIX,POSTMILE_PREFIX,POSTMILE,LOCATION_TYPE,RAMP_INTERSECTION,SIDE_OF_HWY,TOW_AWAY,COLLISION_SEVERITY,NUMBER_KILLED,NUMBER_INJURED,PARTY_COUNT,PRIMARY_COLL_FACTOR,PCF_CODE_OF_VIOL,PCF_VIOL_CATEGORY,PCF_VIOLATION,PCF_VIOL_SUBSECTION,HIT_AND_RUN,TYPE_OF_COLLISION,MVIW,PED_ACTION,ROAD_SURFACE,ROAD_COND_1,ROAD_COND_2,LIGHTING,CONTROL_DEVICE,CHP_ROAD_TYPE,PEDESTRIAN_ACCIDENT,BICYCLE_ACCIDENT,MOTORCYCLE_ACCIDENT,TRUCK_ACCIDENT,NOT_PRIVATE_PROPERTY,ALCOHOL_INVOLVED,STWD_VEHTYPE_AT_FAULT,CHP_VEHTYPE_AT_FAULT,COUNT_SEVERE_INJ,COUNT_VISIBLE_INJ,COUNT_COMPLAINT_PAIN,COUNT_PED_KILLED,COUNT_PED_INJURED,COUNT_BICYCLIST_KILLED,COUNT_BICYCLIST_INJURED,COUNT_MC_KILLED,COUNT_MC_INJURED,PRIMARY_RAMP,SECONDARY_RAMP,LATITUDE,LONGITUDE,COUNTY,CITY,POINT_X,POINT_Y
8545167,2018,2018-02-07,1942,2018-01-25,2000,41921,0514,4,5,7,1942,0,0,0,E,0,5A85,ANAHEIM ST,KING AV,45,E,N,A,-,N,NA,NA,NA,NA,NA,NA,NA,NA,NA,Y,3,0,3,3,A,-,01,23152,A,F,E,I,A,A,H,-,C,D,0,NA,NA,NA,NA,Y,Y,A,07,0,1,2,0,0,0,0,0,0,-,-,NA,NA,LOS ANGELES,LOS ANGELES,-118.27536010742188,33.779266357421875
8545170,2018,2018-02-07,1942,2018-01-16,1700,36659,0524,2,5,7,1942,0,0,0,E,0,5A15,HARRY BRIDGES BL,KING AV,0,NA,Y,A,-,N,NA,NA,NA,NA,NA,NA,NA,NA,NA,N,4,0,1,2,A,-,09,21801,A,N,A,C,A,A,H,-,C,D,0,NA,NA,NA,NA,Y,NA,A,01,0,0,1,0,0,0,0,0,0,-,-,NA,NA,LOS ANGELES,LOS ANGELES,-118.27481079101564,33.77056884765625
8545171,2018,2018-02-07,1942,2018-01-12,1915,41753,0374,5,5,7,1942,0,0,0,C,0,3A55,ARLINGTON,RODEO,0,NA,Y,A,-,N,NA,NA,NA,NA,NA,NA,NA,NA,NA,NA,4,0,2,2,A,-,12,21453,A,N,B,D,A,A,H,-,C,A,0,NA,NA,NA,NA,Y,NA,A,01,0,0,2,0,0,0,0,0,0,-,-,NA,NA,LOS ANGELES,LOS ANGELES,-118.31819152832033,34.01826858520508
8545173,2018,2018-02-08,1965,2018-01-19,1552,3553,0B2A,5,5,5,1965,0,0,0,NA,0,B002,HILL ST,2ND ST,0,NA,Y,B,-,N,NA,NA,NA,NA,NA,NA,NA,NA,NA,Y,3,0,1,2,A,-,09,21802,A,N,D,C,A,A,H,-,A,A,0,NA,NA,NA,NA,Y,NA,A,07,0,1,0,0,0,0,0,0,0,-,-,NA,NA,LOS ANGELES,SANTA MONICA,-118.48194885253906,34.001441955566406
8545174,2018,2018-02-07,1942,2018-01-18,0730,42925,1841,4,5,7,1942,0,0,0,R,0,18A63,VERMONT AV,104TH ST,0,NA,Y,A,-,N,NA,NA,NA,NA,NA,NA,NA,NA,NA,Y,4,0,1,2,A,-,09,21802,A,N,D,C,A,A,H,-,A,D,0,NA,NA,NA,NA,Y,NA,A,01,0,0,1,0,0,0,0,0,0,-,-,NA,NA,LOS ANGELES,LOS ANGELES,-118.29159,33.94229
8545175,2018,2018-02-07,1942,2018-01-21,1330,37724,0373,7,5,7,1942,0,0,0,C,0,3A73,CRENSHAW BL,EXPOSITION BL,40,S,N,A,-,N,NA,NA,NA,NA,NA,NA,NA,NA,NA,N,4,0,1,2,A,-,03,22350,NA,N,C,C,A,A,H,-,A,A,0,NA,NA,NA,NA,Y,NA,A,01,0,0,1,0,0,0,0,0,0,-,-,NA,NA,LOS ANGELES,LOS ANGELES,-118.33512115478516,34.02252960205078
8545178,2018,2018-02-07,1942,2018-01-16,1700,42485,1842,2,5,7,1942,0,0,0,R,0,18A49,CENTRAL AV,89TH ST,150,S,N,A,-,N,NA,NA,NA,NA,NA,NA,NA,NA,NA,N,4,0,1,2,A,-,09,21804,A,N,D,-,A,A,H,-,B,D,0,NA,NA,NA,NA,Y,NA,-,NA,0,0,1,0,0,0,0,0,0,-,-,NA,NA,LOS ANGELES,LOS ANGELES,-118.25643157958984,33.9551887512207
8545179,2018,2018-02-07,1942,2018-01-16,1700,38118,0358,2,5,7,1942,0,0,0,C,0,25MQ54,JEFFERSON BL,ROYAL ST,200,W,N,A,-,N,NA,NA,NA,NA,NA,NA,NA,NA,NA,N,4,0,1,2,A,-,03,22350,NA,F,C,C,A,A,H,-,C,D,0,NA,NA,NA,NA,Y,NA,-,99,0,0,1,0,0,0,0,0,0,-,-,NA,NA,LOS ANGELES,LOS ANGELES,-118.282958984375,34.023162841796875
8545182,2018,2018-02-07,1942,2018-01-22,1115,42698,1881,1,5,7,1942,0,0,0,R,0,18A97,VERMONT,REDONDO BEACH BL,300,S,N,A,-,N,NA,NA,NA,NA,NA,NA,NA,NA,NA,Y,4,0,1,5,A,-,08,22107,NA,N,B,C,A,A,H,-,A,D,0,NA,NA,NA,NA,Y,NA,A,01,0,0,1,0,0,0,0,0,0,-,-,NA,NA,LOS ANGELES,LOS ANGELES,-118.29167175292967,33.891658782958984
8545183,2018,2018-02-07,1942,2018-01-20,1400,38587,0378,6,5,7,1942,0,0,0,C,0,3A73,37TH PL,FIGUEROA ST,0,NA,Y,A,-,N,NA,NA,NA,NA,NA,NA,NA,NA,NA,N,4,0,1,2,A,-,10,21950,A,N,G,B,B,A,H,-,A,A,0,Y,NA,NA,NA,Y,NA,A,01,0,0,1,0,1,0,0,0,0,-,-,NA,NA,LOS ANGELES,LOS ANGELES,-118.28270721435548,34.01763916015625
8545186,2018,2018-02-21,1942,2018-01-21,1820,42734,1806,7,5,7,1942,0,0,0,R,0,NA,CENTRAL AV,90TH ST,25,S,N,A,-,N,NA,NA,NA,NA,NA,NA,NA,NA,NA,NA,4,0,1,2,A,-,11,21954,A,N,G,B,D,A,H,-,C,D,0,Y,NA,NA,NA,Y,NA,N,60,0,0,1,0,1,0,0,0,0,-,-,NA,NA,LOS ANGELES,LOS ANGELES,-118.25643157958984,33.95465087890625
8545187,2018,2018-02-07,1942,2018-01-18,1720,36615,0309,4,5,7,1942,0,0,0,C,0,3XL94,WASHINGTON BL,OAK ST,0,NA,Y,C,-,N,NA,NA,NA,NA,NA,NA,NA,NA,NA,Y,4,0,1,2,A,-,09,21801,A,N,D,C,A,B,H,-,C,A,0,NA,NA,NA,NA,Y,NA,A,07,0,0,1,0,0,0,0,0,0,-,-,NA,NA,LOS ANGELES,LOS ANGELES,-118.27758026123048,34.03689193725586
8545190,2018,2018-02-21,1942,2018-01-24,0530,42641,1822,3,5,7,1942,0,0,0,R,0,18A63,S OLIVE,CENTURY,0,NA,Y,A,-,N,NA,NA,NA,NA,NA,NA,NA,NA,NA,Y,4,0,1,2,A,-,12,21453,A,N,D,C,A,A,H,-,B,A,0,NA,NA,NA,NA,Y,NA,A,01,0,0,1,0,0,0,0,0,0,-,-,NA,NA,LOS ANGELES,LOS ANGELES,-118.27915954589844,33.94554901123047
8545191,2018,2018-02-07,1942,2018-01-09,0830,39393,0356,2,5,7,1942,0,0,0,C,0,3A19,W MARTIN LUTHER KING JR BL,DENKER AV,5,E,N,C,-,N,NA,NA,NA,NA,NA,NA,NA,NA,NA,N,3,0,1,2,A,-,07,21658,A,F,B,C,A,B,H,-,A,A,0,NA,NA,NA,NA,Y,NA,-,99,0,1,0,0,0,0,0,0,0,-,-,NA,NA,LOS ANGELES,LOS ANGELES,-118.30453491210938,34.01084899902344
8545194,2018,2018-02-07,1942,2018-01-05,0820,26020,0507,5,5,7,1942,0,0,0,E,0,25MQ11,223RD ST,HARVARD BL,10,W,N,A,-,N,NA,NA,NA,NA,NA,NA,NA,NA,NA,Y,3,0,3,3,A,-,09,21802,A,F,D,C,A,A,H,-,A,A,0,NA,NA,NA,NA,Y,NA,A,07,0,2,1,0,0,0,0,0,0,-,-,NA,NA,LOS ANGELES,LOS ANGELES,-118.3064422607422,33.824501037597656
8545195,2018,2018-02-07,1942,2018-01-10,0830,37450,0356,3,5,7,1942,0,0,0,C,0,3A19,WESTERN AV,36TH PL,0,NA,Y,A,-,N,NA,NA,NA,NA,NA,NA,NA,NA,NA,N,4,0,1,2,A,-,10,21950,A,N,G,B,B,A,H,-,A,A,0,Y,NA,NA,NA,Y,NA,A,01,0,0,1,0,1,0,0,0,0,-,-,NA,NA,LOS ANGELES,LOS ANGELES,-118.30890655517578,34.021881103515625
8545198,2018,2018-03-14,1942,2018-01-02,2250,42608,0521,2,5,7,1942,0,0,0,E,0,25521,N GAFFEY ST,AGAJANIAN DR,100,S,N,A,-,N,NA,NA,NA,NA,NA,NA,NA,NA,NA,Y,4,0,1,2,A,-,07,21658,A,N,B,C,A,A,H,-,C,D,0,NA,NA,NA,NA,Y,NA,A,01,0,0,1,0,0,0,0,0,0,-,-,NA,NA,LOS ANGELES,LOS ANGELES,-118.29576110839844,33.77463912963867
8545199,2018,2018-02-07,1942,2018-01-03,1640,35585,0503,3,5,7,1942,0,0,0,E,0,5SL15,LOMITA,VERMONT,15,W,N,A,-,N,NA,NA,NA,NA,NA,NA,NA,NA,NA,N,4,0,1,2,A,-,04,21703,NA,N,C,C,A,A,H,-,C,A,0,NA,NA,NA,NA,Y,NA,A,07,0,0,1,0,0,0,0,0,0,-,-,NA,NA,LOS ANGELES,LOS ANGELES,-118.29093170166016,33.797828674316406
8545287,2017,2018-02-07,1942,2017-12-25,1750,31255,NA,1,5,7,1942,0,0,0,NA,0,7TL38,BEVERLY BL,DETROIT ST,0,NA,Y,A,-,N,NA,NA,NA,NA,NA,NA,NA,NA,NA,N,4,0,1,2,A,-,09,21802,A,N,H,G,A,A,H,-,B,D,0,NA,Y,NA,NA,Y,NA,L,04,0,0,1,0,0,0,1,0,0,-,-,NA,NA,LOS ANGELES,LOS ANGELES,-118.34517013,34.07617002
8545291,2017,2018-03-13,1942,2017-12-26,1150,38374,0779,2,5,7,1942,0,0,0,G,0,7A69,WEST WASHINGTON BL,6TH AV,0,NA,Y,A,-,N,NA,NA,NA,NA,NA,NA,NA,NA,NA,Y,4,0,3,2,A,-,12,21453,A,N,D,C,A,A,H,-,A,A,0,NA,NA,NA,NA,Y,NA,-,-,0,0,3,0,0,0,0,0,0,-,-,NA,NA,LOS ANGELES,LOS ANGELES,-118.32367007,34.03989002
8545295,2017,2018-02-07,1942,2017-12-24,1315,42451,0777,7,5,7,1942,0,0,0,G,0,20T59,CRENSHAW BL,VENICE BL,277,S,N,A,-,N,NA,NA,NA,NA,NA,NA,NA,NA,NA,N,4,0,3,2,A,-,09,21804,A,N,D,C,A,A,H,-,A,D,0,NA,NA,NA,NA,Y,NA,A,01,0,0,3,0,0,0,0,0,0,-,-,NA,NA,LOS ANGELES,LOS ANGELES,-118.32879398,34.0440108
8545299,2017,2018-02-07,1942,2017-12-29,1430,40690,0889,5,5,7,1942,0,0,0,H,0,8A59,S LA CIENEGA BL,18TH ST,165,S,N,A,-,N,NA,NA,NA,NA,NA,NA,NA,NA,NA,N,4,0,2,2,A,-,09,21801,B,N,A,C,A,A,H,-,A,D,0,NA,NA,NA,NA,Y,NA,A,01,0,0,2,0,0,0,0,0,0,-,-,NA,NA,LOS ANGELES,LOS ANGELES,-118.37678697,34.04406063
8545303,2017,2018-02-07,1942,2017-12-28,2035,41957,0787,4,5,7,1942,0,0,0,G,0,NA,CRENSHAW BL,SAINT CHARLES PL,60,N,N,A,-,N,NA,NA,NA,NA,NA,NA,NA,NA,NA,Y,4,0,2,2,A,-,03,22350,NA,N,C,C,A,A,H,-,C,D,0,NA,NA,NA,NA,Y,NA,A,01,0,0,2,0,0,0,0,0,0,-,-,NA,NA,LOS ANGELES,LOS ANGELES,-118.32976629,34.04227908
8545307,2017,2018-02-07,1942,2017-12-28,0915,39624,0721,4,5,7,1942,0,0,0,G,0,8TL35,CLIFTON WY,N LA CIENEGA BL,0,NA,Y,A,-,N,NA,NA,NA,NA,NA,NA,NA,NA,NA,Y,4,0,2,2,A,-,09,21801,A,N,D,C,A,A,H,-,A,A,0,NA,NA,NA,NA,Y,NA,A,07,0,0,2,0,0,0,0,0,0,-,-,NA,NA,LOS ANGELES,LOS ANGELES,-118.37635002,34.06931008
8545311,2017,2018-02-07,1942,2017-12-27,1600,27356,0759,3,5,7,1942,0,0,0,G,0,7A69,CRENSHAW BL,PICO BL,0,NA,N,A,-,N,NA,NA,NA,NA,NA,NA,NA,NA,NA,N,4,0,1,2,A,-,03,22350,NA,N,C,C,A,A,H,-,A,A,0,NA,NA,NA,NA,Y,NA,A,01,0,0,1,0,0,0,0,0,0,-,-,NA,NA,LOS ANGELES,LOS ANGELES,-118.32670007,34.04783012
8545314,2017,2018-02-12,1901,2017-11-20,1844,291,31,1,5,5,1901,0,0,0,NA,0,003,MARENGO AV,COMMONWEALTH AV,0,NA,Y,A,-,N,NA,NA,NA,NA,NA,NA,NA,NA,NA,N,4,0,1,2,A,-,09,21801,A,N,B,G,A,A,H,-,B,A,0,NA,Y,NA,NA,Y,NA,A,01,0,0,1,0,0,0,1,0,0,-,-,NA,NA,LOS ANGELES,ALHAMBRA,-118.14198012,34.087550039999996
8545315,2017,2018-02-07,1942,2017-12-08,1530,40157,0782,5,5,7,1942,0,0,0,G,0,NA,LA CIENEGA BL,SAWYER ST,317,S,N,A,-,N,NA,NA,NA,NA,NA,NA,NA,NA,NA,N,4,0,1,3,A,-,09,21801,B,N,D,C,A,A,H,-,A,D,0,NA,NA,Y,NA,Y,NA,C,02,0,0,1,0,0,0,0,0,1,-,-,NA,NA,LOS ANGELES,LOS ANGELES,-118.37662488,34.04169852
8545317,2018,2018-02-09,1975,2018-01-17,2033,451,NA,3,5,6,1975,0,0,0,NA,0,005,AZUSA AV,THE HEIGHTS,0,NA,Y,A,-,N,NA,NA,NA,NA,NA,NA,NA,NA,NA,Y,4,0,1,2,A,-,03,22350,NA,N,C,C,A,A,H,-,C,A,0,NA,NA,NA,NA,Y,NA,-,NA,0,0,1,0,0,0,0,0,0,-,-,NA,NA,LOS ANGELES,WEST COVINA,-117.9130630493164,34.035728454589844
8545319,2017,2018-02-07,1942,2017-12-12,2230,42845,WILSH,2,5,7,1942,0,0,0,NA,0,0765,LA BREA AV,VENICE BL,0,NA,Y,A,-,N,NA,NA,NA,NA,NA,NA,NA,NA,NA,Y,4,0,1,3,A,-,09,21801,A,N,A,C,A,A,H,-,C,A,0,NA,NA,NA,NA,Y,NA,A,01,0,0,1,0,0,0,0,0,0,-,-,NA,NA,LOS ANGELES,LOS ANGELES,-118.34544013,34.0458701
8545321,2018,2018-02-09,1942,2018-01-22,1230,34959,0764,1,5,7,1942,0,0,0,G,0,20T59,HAUSER BL,PICO BL,108,N,N,A,-,N,NA,NA,NA,NA,NA,NA,NA,NA,NA,N,4,0,1,2,A,-,03,22350,NA,N,C,C,A,A,H,-,A,D,0,NA,NA,NA,NA,Y,NA,A,01,0,0,1,0,0,0,0,0,0,-,-,NA,NA,LOS ANGELES,LOS ANGELES,-118.35671997070313,34.04896545410156
8545323,2017,2018-02-07,1942,2017-12-12,1715,42845,WILSH,2,5,7,1942,0,0,0,NA,0,0752,W OLYMPIC BL,ALFRED ST,15,E,N,A,-,N,NA,NA,NA,NA,NA,NA,NA,NA,NA,N,4,0,1,3,A,-,03,22350,NA,N,C,C,A,A,H,-,B,D,0,NA,NA,NA,NA,Y,NA,A,01,0,0,1,0,0,0,0,0,0,-,-,NA,NA,LOS ANGELES,LOS ANGELES,-118.37479112,34.05944389
8545325,2018,2018-02-28,1942,2018-01-22,1850,37966,0722,1,5,7,1942,0,0,0,G,0,20TL59,NORTH SAN VICENTE BL,WEST 6TH ST,0,NA,Y,A,-,N,NA,NA,NA,NA,NA,NA,NA,NA,NA,Y,4,0,2,2,A,-,09,21801,A,N,D,C,A,A,H,-,C,A,0,NA,NA,NA,NA,Y,NA,A,01,0,0,2,0,0,0,0,0,0,-,-,NA,NA,LOS ANGELES,LOS ANGELES,-118.37332153320313,34.065799713134766
8545326,2018,2018-06-28,1941,2018-01-18,1806,11126,NA,4,5,7,1941,0,0,0,NA,0,NA,ALAMITOS AV,16TH ST,74,S,N,A,-,N,NA,NA,NA,NA,NA,NA,NA,NA,NA,Y,2,0,1,2,C,-,18,NA,NA,N,A,B,E,A,H,-,C,A,0,Y,NA,NA,NA,Y,NA,-,-,1,0,0,0,1,0,0,0,0,-,-,NA,NA,LOS ANGELES,LONG BEACH,-118.1766357421875,33.786922454833984
8545327,2017,2018-02-07,1942,2017-12-18,1250,37715,0776,1,5,7,1942,0,0,0,G,0,7TL38W,VENICE BL,SAN VICENTE BL,128,E,N,A,-,N,NA,NA,NA,NA,NA,NA,NA,NA,NA,Y,4,0,1,1,A,-,03,22350,NA,N,E,I,A,A,H,-,A,D,0,NA,NA,NA,NA,Y,NA,A,01,0,0,1,0,0,0,0,0,0,-,-,NA,NA,LOS ANGELES,LOS ANGELES,-118.33654211,34.04708269
8545329,2018,2018-02-28,1942,2018-01-22,0725,37613,0727,1,5,7,1942,0,0,0,G,0,7TL237,LA BREA AV,BEVERLY BL,0,NA,Y,A,-,N,NA,NA,NA,NA,NA,NA,NA,NA,NA,Y,4,0,1,2,A,-,09,21801,A,N,B,C,A,A,H,-,A,A,0,NA,NA,NA,NA,Y,NA,A,01,0,0,1,0,0,0,0,0,0,-,-,NA,NA,LOS ANGELES,LOS ANGELES,-118.3440399169922,34.076171875
8545331,2017,2018-02-07,1942,2017-12-13,0550,37700,0729,3,5,7,1942,0,0,0,G,0,7A17,3RD ST,LARCHMONT BL,10,E,N,A,-,N,NA,NA,NA,NA,NA,NA,NA,NA,NA,Y,4,0,1,1,A,-,03,22350,NA,N,E,I,A,A,H,-,C,D,0,NA,NA,NA,NA,Y,NA,A,01,0,0,1,0,0,0,0,0,0,-,-,NA,NA,LOS ANGELES,LOS ANGELES,-118.32365704,34.06895
8545333,2018,2018-02-09,1942,2018-01-02,1600,37715,0774,2,5,7,1942,0,0,0,G,0,20TL56,LA BREA AV,WASHINGTON BL,10,S,N,A,-,N,NA,NA,NA,NA,NA,NA,NA,NA,NA,N,4,0,1,2,A,-,10,21950,A,N,G,B,B,A,H,-,A,A,0,Y,NA,NA,NA,Y,NA,A,01,0,0,1,0,1,0,0,0,0,-,-,NA,NA,LOS ANGELES,LOS ANGELES,-118.3475341796875,34.040374755859375
8545335,2017,2018-03-05,1942,2017-12-16,1345,33169,0782,6,5,7,1942,0,0,0,G,0,7A73,ELECTRIC DR,FAIRFAX AV,0,NA,Y,A,-,N,NA,NA,NA,NA,NA,NA,NA,NA,NA,Y,2,0,1,2,A,-,03,22350,NA,N,D,D,A,A,H,-,A,A,0,NA,NA,Y,NA,Y,NA,C,02,1,0,0,0,0,0,0,0,1,-,-,NA,NA,LOS ANGELES,LOS ANGELES,-118.3692,34.03593
8545337,2018,2018-02-09,1942,2018-01-14,1020,34959,0706,7,5,7,1942,0,0,0,G,0,20TL59,MELROSE AV,SYCAMORE AV,0,NA,Y,A,-,N,NA,NA,NA,NA,NA,NA,NA,NA,NA,Y,3,0,2,2,A,-,09,21801,A,N,D,C,A,A,H,-,A,D,0,NA,NA,NA,NA,Y,NA,A,01,0,1,1,0,0,0,0,0,0,-,-,NA,NA,LOS ANGELES,LOS ANGELES,-118.34278869628906,34.08346176147461
8545339,2017,2018-02-07,1942,2017-12-29,1545,33472,0749,5,5,7,1942,0,0,0,G,0,34M211,MUIRFIELD RD,S WILSHIRE BL,15,S,N,A,-,N,NA,NA,NA,NA,NA,NA,NA,NA,NA,N,2,0,1,2,A,-,09,21801,A,N,D,G,A,A,H,-,A,D,0,NA,Y,NA,NA,Y,NA,A,08,1,0,0,0,0,0,1,0,0,-,-,NA,NA,LOS ANGELES,LOS ANGELES,-118.32943,34.06195
8545340,2017,2018-02-07,1928,2017-12-23,2353,399,526,6,5,5,1928,0,0,0,NA,0,501,HAWTHORNE BL,118TH ST,0,NA,Y,A,-,N,NA,NA,NA,NA,NA,NA,NA,NA,NA,Y,4,0,1,1,A,-,08,22107,NA,N,E,I,A,A,H,-,C,A,0,NA,NA,NA,NA,Y,NA,A,01,0,0,1,0,0,0,0,0,0,-,-,33.92738,-118.35254,LOS ANGELES,HAWTHORNE,-118.35272003,33.92732003
8545343,2017,2018-02-07,1942,2017-12-13,2100,37511,0784,3,5,7,1942,0,0,0,G,0,7T23,LA BREA AV,WASHINGTON BL,5,S,N,A,-,N,NA,NA,NA,NA,NA,NA,NA,NA,NA,N,2,0,1,2,A,-,11,21950,B,N,G,B,B,A,H,-,C,A,0,Y,NA,NA,NA,Y,NA,N,60,1,0,0,0,1,0,0,0,0,-,-,NA,NA,LOS ANGELES,LOS ANGELES,-118.34752609,34.04038726
8545344,2017,2018-02-07,1928,2017-12-26,1930,400,H522,2,5,5,1928,0,0,0,NA,0,0H3,PRAIRIE AV,147TH ST,0,NA,Y,A,-,N,NA,NA,NA,NA,NA,NA,NA,NA,NA,N,4,0,2,2,A,-,08,22107,NA,N,B,C,A,A,H,-,C,D,0,NA,NA,NA,NA,Y,NA,A,01,0,0,2,0,0,0,0,0,0,-,-,33.89824,-118.34387,LOS ANGELES,HAWTHORNE,-118.3438501,33.89828
8545347,2017,2018-02-07,1942,2017-12-13,0120,39655,0702,3,5,7,1942,0,0,0,G,0,6T7,MELROSE AV,ALTA VISTA BL,0,NA,Y,A,-,N,NA,NA,NA,NA,NA,NA,NA,NA,NA,Y,2,0,2,2,A,-,09,21802,A,N,D,C,A,A,H,-,C,A,0,NA,NA,NA,NA,Y,Y,A,07,1,0,1,0,0,0,0,0,0,-,-,NA,NA,LOS ANGELES,LOS ANGELES,-118.34746012,34.08353008
8545348,2017,2018-02-07,1928,2017-12-22,1816,400,H510,5,5,5,1928,0,0,0,NA,0,504,ROSECRANS AV,ISIS AV,0,NA,Y,A,-,N,NA,NA,NA,NA,NA,NA,NA,NA,NA,Y,4,0,1,3,A,-,12,21453,A,N,D,C,A,A,H,-,C,A,0,NA,NA,NA,NA,Y,NA,A,01,0,0,1,0,0,0,0,0,0,-,-,33.90185,-118.37438,LOS ANGELES,HAWTHORNE,-118.37440003,33.90190008
8545351,2017,2018-02-07,1942,2017-12-19,1605,37715,0785,2,5,7,1942,0,0,0,G,0,7TL38W,WASHINGTON BL,WEST BL,3,E,N,A,-,N,NA,NA,NA,NA,NA,NA,NA,NA,NA,Y,3,0,1,2,A,-,06,21755,A,N,D,C,A,A,H,-,A,A,0,NA,NA,Y,NA,Y,NA,C,02,0,1,0,0,0,0,0,0,1,-,-,NA,NA,LOS ANGELES,LOS ANGELES,-118.33783012,34.03984
8545355,2017,2018-02-07,1942,2017-12-28,1445,37715,0706,4,5,7,1942,0,0,0,G,0,7TL38W,N CITRUS AV,WILLOUGHBY AV,10,S,N,A,-,N,NA,NA,NA,NA,NA,NA,NA,NA,NA,N,4,0,1,2,A,-,10,21950,A,N,G,B,B,A,H,-,A,A,0,Y,NA,NA,NA,Y,NA,A,01,0,0,1,0,1,0,0,0,0,-,-,NA,NA,LOS ANGELES,LOS ANGELES,-118.33969,34.08705257
8545395,2018,2018-02-09,1926,2018-01-18,1444,0087,NA,4,5,5,1926,0,0,0,NA,0,002,GLENDORA AV,MAUNA LOA AV,0,NA,Y,A,-,N,NA,NA,NA,NA,NA,NA,NA,NA,NA,Y,4,0,1,2,A,-,09,21801,A,N,D,C,A,A,H,-,A,A,0,NA,NA,NA,NA,Y,NA,A,07,0,0,1,0,0,0,0,0,0,-,-,NA,NA,LOS ANGELES,GLENDORA,-117.86386871337892,34.125091552734375
8545399,2018,2018-02-09,1926,2018-01-30,0757,0075,NA,2,5,5,1926,0,0,0,NA,0,002,BARRANCA AV,HOLLYVALE ST,85,N,N,A,-,N,NA,NA,NA,NA,NA,NA,NA,NA,NA,N,4,0,1,2,A,-,21,22106,NA,N,C,C,A,A,H,-,A,D,0,NA,NA,NA,NA,Y,NA,A,01,0,0,1,0,0,0,0,0,0,-,-,NA,NA,LOS ANGELES,GLENDORA,-117.88134765625,34.127262115478516
8545428,2018,2018-02-12,1969,2018-01-22,1252,20295,PATRO,1,5,5,1969,0,0,0,NA,0,005,PARAMOUNT BL,GARDENDALE ST,0,NA,Y,A,-,N,NA,NA,NA,NA,NA,NA,NA,NA,NA,Y,4,0,2,2,A,-,09,21801,A,N,D,C,A,A,H,-,A,A,0,NA,NA,NA,NA,Y,NA,A,01,0,0,2,0,0,0,0,0,0,-,-,NA,NA,LOS ANGELES,SOUTH GATE,-118.15702056884766,33.91741180419922
8545446,2017,2018-02-08,1900,2017-12-03,2010,467707,0541,7,5,3,1921,0,0,0,NA,0,58T1PM,COTTER AV,EVERGREEN ST,154,S,N,A,-,N,NA,NA,NA,NA,NA,NA,NA,NA,NA,N,3,0,2,2,A,-,21,22106,NA,N,G,B,E,A,H,-,C,D,0,Y,NA,NA,NA,Y,NA,D,22,0,2,0,0,1,0,0,0,0,-,-,34.13465,-117.97361,LOS ANGELES,DUARTE,-117.97354092,34.13469786
8545529,2017,2018-02-05,1942,2017-11-05,2140,40911,0357,7,5,7,1942,0,0,0,C,0,NA,NORMANDIE AV,36TH ST,5,N,N,A,-,N,NA,NA,NA,NA,NA,NA,NA,NA,NA,N,4,0,1,2,A,-,09,21802,A,M,D,D,A,A,H,-,C,A,0,NA,NA,NA,NA,Y,NA,A,01,0,0,1,0,0,0,0,0,0,-,-,NA,NA,LOS ANGELES,LOS ANGELES,-118.30021,34.02281371
8545536,2017,2018-02-05,1970,2017-09-18,0757,136,1970,1,5,4,1970,0,0,0,NA,0,001,ARROYO DR,POLE #1049524E,66,N,N,A,-,N,NA,NA,NA,NA,NA,NA,NA,NA,NA,N,3,0,1,2,A,-,17,21663,NA,N,D,G,A,A,H,-,A,D,0,NA,Y,NA,NA,Y,NA,L,NA,0,1,0,0,0,0,1,0,0,-,-,NA,NA,LOS ANGELES,SOUTH PASADENA,NA,NA
8545548,2017,2018-03-06,1942,2017-09-10,2330,38340,1393,7,5,7,1942,0,0,0,M,0,NA,FLORENCE,SAN PEDRO,0,NA,N,A,-,N,NA,NA,NA,NA,NA,NA,NA,NA,NA,N,4,0,1,2,A,-,12,21453,A,N,D,C,A,A,H,-,C,A,0,NA,NA,NA,NA,Y,NA,A,01,0,0,1,0,0,0,0,0,0,-,-,NA,NA,LOS ANGELES,LOS ANGELES,-118.26957001,33.97469008
8545592,2017,2018-02-05,1900,2017-09-15,2054,529398,2837,5,5,5,1915,0,0,0,NA,0,283T1,CAROB ST,ACACIA CT,500,W,N,A,-,N,NA,NA,NA,NA,NA,NA,NA,NA,NA,N,4,0,1,2,D,-,00,NA,NA,N,A,C,A,A,H,-,C,D,0,NA,NA,Y,NA,Y,NA,-,-,0,0,1,0,0,0,0,0,1,-,-,NA,NA,LOS ANGELES,COMPTON,-118.22662302,33.87893279