CASE_ID,ACCIDENT_YEAR,PROC_DATE,JURIS,COLLISION_DATE,COLLISION_TIME,OFFICER_ID,REPORTING_DISTRICT,DAY_OF_WEEK,CHP_SHIFT,POPULATION,CNTY_CITY_LOC,SPECIAL_COND,BEAT_TYPE,CHP_BEAT_TYPE,CITY_DIVISION_LAPD,CHP_BEAT_CLASS,BEAT_NUMBER,PRIMARY_RD,SECONDARY_RD,DISTANCE,DIRECTION,INTERSECTION,WEATHER_1,WEATHER_2,STATE_HWY_IND,CALTRANS_COUNTY,CALTRANS_DISTRICT,STATE_ROUTE,ROUTE_SUFFIX,POSTMILE_PREFIX,POSTMILE,LOCATION_TYPE,RAMP_INTERSECTION,SIDE_OF_HWY,TOW_AWAY,COLLISION_SEVERITY,NUMBER_KILLED,NUMBER_INJURED,PARTY_COUNT,PRIMARY_COLL_FACTOR,PCF_CODE_OF_VIOL,PCF_VIOL_CATEGORY,PCF_VIOLATION,PCF_VIOL_SUBSECTION,HIT_AND_RUN,TYPE_OF_COLLISION,MVIW,PED_ACTION,ROAD_SURFACE,ROAD_COND_1,ROAD_COND_2,LIGHTING,CONTROL_DEVICE,CHP_ROAD_TYPE,PEDESTRIAN_ACCIDENT,BICYCLE_ACCIDENT,MOTORCYCLE_ACCIDENT,TRUCK_ACCIDENT,NOT_PRIVATE_PROPERTY,ALCOHOL_INVOLVED,STWD_VEHTYPE_AT_FAULT,CHP_VEHTYPE_AT_FAULT,COUNT_SEVERE_INJ,COUNT_VISIBLE_INJ,COUNT_COMPLAINT_PAIN,COUNT_PED_KILLED,COUNT_PED_INJURED,COUNT_BICYCLIST_KILLED,COUNT_BICYCLIST_INJURED,COUNT_MC_KILLED,COUNT_MC_INJURED,PRIMARY_RAMP,SECONDARY_RAMP,LATITUDE,LONGITUDE,COUNTY,CITY,POINT_X,POINT_Y
8549536,2018,2018-02-15,1942,2018-01-18,0005,39624,0782,4,5,7,1942,0,0,0,G,0,20TL59,VENICE BL,S FAIRFAX AV,0,NA,Y,A,-,N,NA,NA,NA,NA,NA,NA,NA,NA,NA,N,4,0,1,2,D,-,00,NA,NA,F,D,G,A,A,H,-,C,A,0,NA,Y,NA,NA,Y,NA,-,-,0,0,1,0,0,0,1,0,0,-,-,NA,NA,LOS ANGELES,LOS ANGELES,-118.36976623535156,34.03995132446289
8549538,2017,2018-02-13,1942,2017-12-15,1030,38916,0737,5,5,7,1942,0,0,0,G,0,7A1,LA BREA AV,6TH ST,200,S,N,A,-,N,NA,NA,NA,NA,NA,NA,NA,NA,NA,N,4,0,1,2,A,-,04,21703,NA,N,H,C,A,A,H,-,A,A,0,NA,NA,NA,NA,Y,NA,A,08,0,0,1,0,0,0,0,0,0,-,-,NA,NA,LOS ANGELES,LOS ANGELES,-118.34402,34.06436146
8549539,2017,2018-02-16,1942,2017-12-28,0755,37437,0738,4,5,7,1942,0,0,0,G,0,7A17,S HIGHLAND AV,W WILSHIRE BL,25,N,N,A,-,N,NA,NA,NA,NA,NA,NA,NA,NA,NA,N,4,0,1,2,A,-,03,22350,NA,F,C,C,A,A,H,-,A,A,0,NA,NA,NA,NA,Y,NA,-,99,0,0,1,0,0,0,0,0,0,-,-,NA,NA,LOS ANGELES,LOS ANGELES,-118.33853362,34.06217817
8549540,2018,2018-02-15,1942,2018-01-09,0100,41957,0727,2,5,7,1942,0,0,0,G,0,20T54,HIGHLAND AV,BEVERLY BL,0,NA,Y,C,-,N,NA,NA,NA,NA,NA,NA,NA,NA,NA,Y,4,0,2,3,A,-,12,21453,A,F,A,C,A,B,H,-,C,A,0,NA,NA,NA,NA,Y,NA,-,99,0,0,2,0,0,0,0,0,0,-,-,NA,NA,LOS ANGELES,LOS ANGELES,-118.33865356445313,34.07619094848633
8549542,2017,2018-02-13,1942,2017-12-19,1600,33472,0723,2,5,7,1942,0,0,0,G,0,NA,BEVERLY BL,WEST LA JOLLA AV,56,W,N,A,-,N,NA,NA,NA,NA,NA,NA,NA,NA,NA,N,3,0,2,2,A,-,04,21703,NA,N,C,C,A,A,H,-,A,D,0,NA,NA,NA,NA,Y,Y,A,01,0,2,0,0,0,0,0,0,0,-,-,NA,NA,LOS ANGELES,LOS ANGELES,-118.36818458,34.07609
8549543,2017,2018-02-20,1942,2017-12-10,1710,38801,073,7,5,7,1942,0,0,0,G,0,7A58,WASHINGTON BL,RIDGELEY DR,0,NA,Y,A,-,N,NA,NA,NA,NA,NA,NA,NA,NA,NA,N,4,0,1,2,A,-,09,21801,A,N,B,C,A,A,H,-,C,D,0,NA,NA,NA,NA,Y,NA,A,01,0,0,1,0,0,0,0,0,0,-,-,NA,NA,LOS ANGELES,LOS ANGELES,-118.3589601,34.03982009
8549544,2018,2018-02-15,1942,2018-01-05,1815,25495,0706,5,5,7,1942,0,0,0,G,0,7A17,HIGHLAND AV,WARING AV,0,NA,Y,A,-,N,NA,NA,NA,NA,NA,NA,NA,NA,NA,Y,4,0,1,2,A,-,09,21801,A,F,D,C,A,A,H,-,C,D,0,NA,NA,NA,NA,Y,NA,A,01,0,0,1,0,0,0,0,0,0,-,-,NA,NA,LOS ANGELES,LOS ANGELES,-118.33859252929688,34.08525848388672
8549546,2017,2018-02-13,1942,2017-12-27,1325,27475,0723,3,5,7,1942,0,0,0,G,0,NA,NORTH CRESCENT HEIGHTS BL,BEVERLY BL,200,N,N,A,-,N,NA,NA,NA,NA,NA,NA,NA,NA,NA,Y,3,0,1,2,A,-,03,22350,NA,N,C,-,A,A,H,-,A,D,0,NA,NA,NA,NA,Y,NA,A,01,0,1,0,0,0,0,0,0,0,-,-,NA,NA,LOS ANGELES,LOS ANGELES,-118.36585084,34.07663826
8549547,2017,2018-02-20,1942,2017-12-15,1240,42749,07,5,5,7,1942,0,0,0,G,0,PATROL,FAIRFAX ST,BEVERLEY BL,0,NA,Y,A,-,N,NA,NA,NA,NA,NA,NA,NA,NA,NA,Y,4,0,1,2,A,-,09,21801,A,N,H,D,A,A,H,-,A,A,0,NA,NA,NA,NA,Y,NA,A,07,0,0,1,0,0,0,0,0,0,-,-,NA,NA,LOS ANGELES,LOS ANGELES,-118.3614601,34.07610002
8549548,2018,2018-02-15,1942,2018-01-18,0205,38590,0776,4,5,7,1942,0,0,0,G,0,14T47,WEST BL,SAINT CHARLES PL,20,S,N,A,-,N,NA,NA,NA,NA,NA,NA,NA,NA,NA,Y,3,0,1,4,A,-,03,22350,NA,F,C,C,A,A,H,-,C,D,0,NA,NA,NA,NA,Y,NA,-,99,0,1,0,0,0,0,0,0,0,-,-,NA,NA,LOS ANGELES,LOS ANGELES,-118.3354721069336,34.04423904418945
8549550,2017,2018-02-13,1942,2017-12-28,2325,39022,0723,4,5,7,1942,0,0,0,G,0,7T23,FAIRFAX AV,BLACKBURN AV,50,S,N,A,-,N,NA,NA,NA,NA,NA,NA,NA,NA,NA,N,3,0,1,2,A,-,11,21955,NA,N,G,B,D,A,H,-,C,A,0,Y,NA,NA,NA,Y,NA,N,60,0,1,0,0,1,0,0,0,0,-,-,NA,NA,LOS ANGELES,LOS ANGELES,-118.36141144,34.07060305
8549552,2018,2018-02-15,1942,2018-01-03,0935,41003,0773,3,5,7,1942,0,0,0,G,0,NA,COCHRAN AV,WASHINGTON BL,35,N,N,A,-,N,NA,NA,NA,NA,NA,NA,NA,NA,NA,N,4,0,1,2,A,-,04,21703,NA,F,C,C,A,A,H,-,A,D,0,NA,NA,NA,NA,Y,NA,-,99,0,0,1,0,0,0,0,0,0,-,-,NA,NA,LOS ANGELES,LOS ANGELES,-118.35481262207033,34.041561126708984
8549553,2017,2018-02-13,1942,2017-11-21,1415,42769,0706,2,5,7,1942,0,0,0,G,0,7A17,MELROSE AV,LA BREA AV,0,NA,Y,A,-,N,NA,NA,NA,NA,NA,NA,NA,NA,NA,N,3,0,1,2,A,-,08,22107,NA,N,D,J,A,A,H,-,A,A,0,NA,NA,Y,NA,Y,NA,A,01,0,1,0,0,0,0,0,0,1,-,-,NA,NA,LOS ANGELES,LOS ANGELES,-118.34407011,34.08345003
8549554,2017,2018-02-13,1942,2017-12-26,1720,31255,0733,2,5,7,1942,0,0,0,G,0,7A33,WILSHIRE BL,HAUSER BL,0,NA,Y,A,-,N,NA,NA,NA,NA,NA,NA,NA,NA,NA,Y,3,0,3,2,A,-,09,21801,A,N,D,C,A,A,H,-,C,A,0,NA,NA,NA,NA,Y,NA,A,07,0,1,2,0,0,0,0,0,0,-,-,NA,NA,LOS ANGELES,LOS ANGELES,-118.35144011,34.06237008
8549556,2018,2018-02-15,1942,2018-01-02,1850,39022,0721,2,5,7,1942,0,0,0,G,0,7T23,BURTON WY,LA CIENEGA BL,10,W,N,A,-,N,NA,NA,NA,NA,NA,NA,NA,NA,NA,N,4,0,1,2,A,-,10,21950,A,F,G,B,B,A,H,-,C,D,0,Y,NA,NA,NA,Y,NA,-,99,0,0,1,0,1,0,0,0,0,-,-,NA,NA,LOS ANGELES,LOS ANGELES,NA,NA
8549557,2017,2018-02-13,1942,2017-11-30,1440,31465,0758,4,5,7,1942,0,0,0,G,0,34MQ11,OLYMPIC BL,RIMPAU BL,0,NA,Y,A,-,N,NA,NA,NA,NA,NA,NA,NA,NA,NA,Y,3,0,1,2,A,-,09,21801,A,N,A,C,A,A,H,-,A,A,0,NA,NA,NA,NA,Y,NA,A,01,0,1,0,0,0,0,0,0,0,-,-,NA,NA,LOS ANGELES,LOS ANGELES,-118.33373006,34.05690005
8549558,2017,2018-02-13,1942,2017-12-08,2500,41376,0762,5,5,7,1942,0,0,0,G,0,6T7,PICKFORD AV,LA CIENEGA BL,0,NA,Y,A,-,N,NA,NA,NA,NA,NA,NA,NA,NA,NA,Y,4,0,1,2,A,-,09,21802,A,N,D,C,A,-,H,-,C,A,0,NA,NA,NA,NA,Y,NA,A,01,0,0,1,0,0,0,0,0,0,-,-,NA,NA,LOS ANGELES,LOS ANGELES,-118.37616005,34.04904007
8549560,2018,2018-02-15,1942,2018-01-18,0740,40157,0763,4,5,7,1942,0,0,0,G,0,14TL49,OGDEN DR,AIRDROME ST,0,NA,Y,A,-,N,NA,NA,NA,NA,NA,NA,NA,NA,NA,N,4,0,3,2,A,-,09,21802,A,N,D,C,A,A,H,-,A,A,0,NA,NA,NA,NA,Y,NA,A,01,0,0,3,0,0,0,0,0,0,-,-,NA,NA,LOS ANGELES,LOS ANGELES,-118.36611938476564,34.045249938964844
8549561,2017,2018-02-13,1942,2017-11-05,1430,40690,0722,7,5,7,1942,0,0,0,G,0,6TL7,N SAN VICENTE BL,W 6TH ST,0,NA,Y,A,-,N,NA,NA,NA,NA,NA,NA,NA,NA,NA,Y,3,0,1,2,D,-,00,NA,NA,N,D,C,A,A,H,-,A,A,0,NA,NA,NA,NA,Y,NA,-,-,0,1,0,0,0,0,0,0,0,-,-,NA,NA,LOS ANGELES,LOS ANGELES,-118.37332002,34.06580011
8549562,2017,2018-02-13,1942,2017-12-17,1515,31465,0706,7,5,7,1942,0,0,0,G,0,34MQ11,NORTH HIGHLAND AV,MELROSE AV,150,S,N,A,-,N,NA,NA,NA,NA,NA,NA,NA,NA,NA,N,4,0,1,2,A,-,04,21703,NA,N,C,C,A,A,H,-,A,D,0,NA,NA,NA,NA,Y,NA,A,07,0,0,1,0,0,0,0,0,0,-,-,NA,NA,LOS ANGELES,LOS ANGELES,-118.33865,34.08306887
8549564,2018,2018-02-15,1942,2018-01-26,1315,39058,0625,5,5,7,1942,0,0,0,F,0,NA,MULHOLLAND DR,CAHUENGA BL,1440,W,N,A,-,N,NA,NA,NA,NA,NA,NA,NA,NA,NA,Y,4,0,1,2,A,-,01,23152,A,N,D,C,A,A,H,-,A,D,0,NA,NA,NA,NA,Y,NA,A,01,0,0,1,0,0,0,0,0,0,-,-,NA,NA,LOS ANGELES,LOS ANGELES,-118.34230041503906,34.12034606933594
8549565,2017,2018-02-13,1942,2017-11-01,1940,41717,0715,3,5,7,1942,0,0,0,G,0,7A1,BEVERLY BL,SYCAMORE AV,0,NA,Y,A,-,N,NA,NA,NA,NA,NA,NA,NA,NA,NA,N,4,0,1,2,A,-,09,21801,A,F,B,C,A,A,H,-,C,D,0,NA,NA,NA,NA,Y,NA,-,99,0,0,1,0,0,0,0,0,0,-,-,NA,NA,LOS ANGELES,LOS ANGELES,-118.34294007,34.07616006
8549566,2017,2018-03-15,1942,2017-12-15,1920,42988,0706,5,5,7,1942,0,0,0,G,0,7A17,MELROSE AV,ORANGE DR,0,NA,Y,A,-,N,NA,NA,NA,NA,NA,NA,NA,NA,NA,N,4,0,1,2,A,-,04,21703,NA,F,C,C,A,A,H,-,C,D,0,NA,NA,NA,NA,Y,NA,-,99,0,0,1,0,0,0,0,0,0,-,-,NA,NA,LOS ANGELES,LOS ANGELES,-118.34161011,34.08346007
8549568,2018,2018-02-15,1942,2018-01-21,0020,25495,0764,7,5,7,1942,0,0,0,G,0,7A53,PICO BL,HAUSER BL,210,E,N,A,-,N,NA,NA,NA,NA,NA,NA,NA,NA,NA,Y,4,0,1,3,A,-,03,22350,NA,N,C,E,A,A,H,-,A,D,0,NA,NA,NA,NA,Y,NA,A,07,0,0,1,0,0,0,0,0,0,-,-,NA,NA,LOS ANGELES,LOS ANGELES,-118.35621643066406,34.04851150512695
8549570,2017,2018-02-13,1942,2017-12-22,1405,41858,0726,5,5,7,1942,0,0,0,G,0,8TL26,BEVERLY BL,LA BREA AV,125,E,N,A,-,N,NA,NA,NA,NA,NA,NA,NA,NA,NA,N,4,0,1,2,A,-,09,21804,A,N,D,C,A,A,H,-,A,D,0,NA,NA,NA,NA,Y,NA,A,01,0,0,1,0,0,0,0,0,0,-,-,NA,NA,LOS ANGELES,LOS ANGELES,-118.34362811,34.07616251
8549572,2018,2018-02-15,1966,2018-01-18,0850,10892,4,4,5,3,1966,0,0,0,NA,0,NA,N LIMA ST,W MONTECITO AV,0,NA,Y,A,-,N,NA,NA,NA,NA,NA,NA,NA,NA,NA,Y,4,0,1,3,A,-,12,22450,A,N,D,C,A,A,H,-,A,A,0,NA,NA,NA,NA,Y,NA,A,01,0,0,1,0,0,0,0,0,0,-,-,NA,NA,LOS ANGELES,SIERRA MADRE,-118.05982208251952,34.16304016113281
8549574,2017,2018-02-13,1942,2017-12-19,1000,34378,0779,2,5,7,1942,0,0,0,G,0,20A97,VENICE BL,ARLINGTON,0,NA,Y,A,-,N,NA,NA,NA,NA,NA,NA,NA,NA,NA,N,4,0,1,2,A,-,03,22350,NA,N,C,C,A,A,H,-,A,A,0,NA,NA,NA,NA,Y,NA,-,NA,0,0,1,0,0,0,0,0,0,-,-,NA,NA,LOS ANGELES,LOS ANGELES,-118.31773011,34.04356008
8549578,2017,2018-02-13,1942,2017-12-16,1545,41130,0765,6,5,7,1942,0,0,0,G,0,7A47,PICO BL,HIGHLAND AV,0,NA,Y,A,-,N,NA,NA,NA,NA,NA,NA,NA,NA,NA,Y,4,0,1,2,A,-,05,21651,A,N,B,C,A,A,H,-,A,A,0,NA,NA,NA,NA,Y,NA,A,01,0,0,1,0,0,0,0,0,0,-,-,NA,NA,LOS ANGELES,LOS ANGELES,-118.34345005,34.04803004
8549580,2018,2018-02-15,1906,2018-01-31,0739,1791,1906,3,5,5,1906,0,0,0,NA,0,003,FRANCISQUITO AV,GARVEY AV,0,NA,Y,A,-,N,NA,NA,NA,NA,NA,NA,NA,NA,NA,Y,4,0,1,2,A,-,09,21801,A,N,D,C,A,A,H,-,A,A,0,NA,NA,NA,NA,Y,NA,A,07,0,0,1,0,0,0,0,0,0,-,-,NA,NA,LOS ANGELES,BALDWIN PARK,-117.97512817382813,34.06932067871094
8549582,2017,2018-02-13,1942,2017-12-21,1620,40918,0717,4,5,7,1942,0,0,0,G,0,7A17,BEVERLY BL,HIGHLAND AV,100,E,N,A,-,N,NA,NA,NA,NA,NA,NA,NA,NA,NA,N,4,0,1,2,A,-,03,22350,NA,N,C,C,A,A,H,-,B,D,0,NA,NA,NA,NA,Y,NA,A,01,0,0,1,0,0,0,0,0,0,-,-,NA,NA,LOS ANGELES,LOS ANGELES,-118.33832042,34.07619247
8549584,2018,2018-02-15,1906,2018-01-29,0816,1791,1906,1,5,5,1906,0,0,0,NA,0,003,PUENTE AV,CHANNING ST,199,S,N,A,-,N,NA,NA,NA,NA,NA,NA,NA,NA,NA,Y,4,0,1,2,A,-,09,21804,A,N,D,C,A,A,H,-,A,D,0,NA,NA,NA,NA,Y,NA,A,01,0,0,1,0,0,0,0,0,0,-,-,NA,NA,LOS ANGELES,BALDWIN PARK,-117.9560089111328,34.07584762573242
8549586,2017,2018-02-13,1942,2017-12-27,1125,39844,0722,3,5,7,1942,0,0,0,G,0,7A21,NORTH LA CIENEGA BL,BEVERLY AV,15,S,N,A,-,N,NA,NA,NA,NA,NA,NA,NA,NA,NA,N,4,0,1,2,A,-,03,22350,NA,N,C,C,A,A,H,-,A,A,0,NA,NA,NA,NA,Y,NA,A,01,0,0,1,0,0,0,0,0,0,-,-,NA,NA,LOS ANGELES,LOS ANGELES,-118.37660848,34.07601888
8549588,2018,2018-02-15,1906,2018-01-28,1805,4415,BPPD,7,5,5,1906,0,0,0,NA,0,001,BALDWIN PARK BL,FRANCISQUITO AV,0,NA,Y,A,-,N,NA,NA,NA,NA,NA,NA,NA,NA,NA,Y,4,0,1,2,A,-,12,21453,NA,N,A,C,A,A,H,-,C,A,0,NA,NA,NA,NA,Y,NA,A,01,0,0,1,0,0,0,0,0,0,-,-,NA,NA,LOS ANGELES,BALDWIN PARK,-117.97791290283205,34.07135009765625
8549589,2017,2018-02-13,1942,2017-12-03,1850,442628,0762,7,5,7,1942,0,0,0,G,0,7X52,PICO BL,LA JOLLA AV,0,NA,Y,A,-,N,NA,NA,NA,NA,NA,NA,NA,NA,NA,Y,3,0,2,2,A,-,09,21802,A,N,A,C,A,A,H,-,C,A,0,NA,NA,NA,NA,Y,NA,A,01,0,1,1,0,0,0,0,0,0,-,-,NA,NA,LOS ANGELES,LOS ANGELES,-118.37413001,34.05294003
8549590,2017,2018-02-13,1942,2017-12-16,2050,25495,0721,6,5,7,1942,0,0,0,G,0,7A21,SOUTH ROBERTSON BL,3RD ST,60,S,N,A,-,N,NA,NA,NA,NA,NA,NA,NA,NA,NA,N,4,0,2,2,A,-,11,21954,A,N,G,B,C,A,H,-,C,A,0,Y,NA,NA,NA,Y,NA,N,60,0,0,2,0,1,0,0,0,0,-,-,NA,NA,LOS ANGELES,LOS ANGELES,-118.38378,34.07344543
8549592,2018,2018-03-01,1906,2018-01-24,0803,4411,1906,3,5,5,1906,0,0,0,NA,0,003,VINELAND AV,VINELAND AV 1352,0,NA,-,A,-,N,NA,NA,NA,NA,NA,NA,NA,NA,NA,N,4,0,3,2,A,-,08,22100,B,N,D,C,A,A,H,-,A,D,0,NA,NA,NA,NA,Y,NA,A,01,0,0,3,0,0,0,0,0,0,-,-,NA,NA,LOS ANGELES,BALDWIN PARK,-117.975175,34.065761
8549593,2017,2018-02-13,1942,2017-12-30,2000,37511,0763,6,5,7,1942,0,0,0,G,0,7T23,FAIRFAX AV,PICO BL,50,S,N,A,-,N,NA,NA,NA,NA,NA,NA,NA,NA,NA,N,3,0,1,3,A,-,03,22350,NA,N,C,C,A,A,H,-,C,A,0,NA,NA,NA,NA,Y,NA,A,01,0,1,0,0,0,0,0,0,0,-,-,NA,NA,LOS ANGELES,LOS ANGELES,-118.36665822,34.05136303
8549594,2017,2018-02-13,1942,2017-12-21,1943,25495,0758,4,5,7,1942,0,0,0,G,0,7A47,12TH ST,RIMPAU BL,0,NA,Y,A,-,N,NA,NA,NA,NA,NA,NA,NA,NA,NA,N,4,0,1,2,A,-,09,21800,C,N,D,C,A,A,H,-,C,A,0,NA,NA,NA,NA,Y,NA,A,07,0,0,1,0,0,0,0,0,0,-,-,NA,NA,LOS ANGELES,LOS ANGELES,-118.33538011,34.0527101
8549596,2018,2018-02-15,1906,2018-01-27,1944,2896,NA,6,5,5,1906,0,0,0,NA,0,003,PUENTE AV,PACIFIC AV,102,S,N,A,-,N,NA,NA,NA,NA,NA,NA,NA,NA,NA,N,3,0,1,2,A,-,11,21954,A,N,G,B,D,A,H,-,C,D,0,Y,NA,NA,NA,Y,NA,N,60,0,1,0,0,1,0,0,0,0,-,-,NA,NA,LOS ANGELES,BALDWIN PARK,-117.9525909423828,34.079071044921875
8549597,2017,2018-02-13,1942,2017-12-18,1945,40530,0782,1,5,7,1942,0,0,0,G,0,7A53,CADILLAC AV,LA CIENEGA BL,40,E,N,A,-,N,NA,NA,NA,NA,NA,NA,NA,NA,NA,N,3,0,1,2,A,-,11,21954,A,N,G,B,D,A,H,-,C,A,0,Y,NA,NA,NA,Y,NA,A,01,0,1,0,0,1,0,0,0,0,-,-,NA,NA,LOS ANGELES,LOS ANGELES,-118.37709461,34.03820624
8549598,2017,2018-02-13,1942,2017-12-23,1950,25495,0762,6,5,7,1942,0,0,0,G,0,7T23,PICO BL,CRESCENT HEIGHTS BL,0,NA,Y,A,-,N,NA,NA,NA,NA,NA,NA,NA,NA,NA,N,4,0,1,2,A,-,09,21801,A,N,B,C,A,A,H,-,C,A,0,NA,NA,NA,NA,Y,NA,A,08,0,0,1,0,0,0,0,0,0,-,-,NA,NA,LOS ANGELES,LOS ANGELES,-118.37210004,34.05254002
8549618,2018,2018-02-13,1941,2018-01-08,0906,10937,NA,1,5,7,1941,0,0,0,NA,0,NA,6TH ST,ATLANTIC AV,0,NA,Y,C,-,N,NA,NA,NA,NA,NA,NA,NA,NA,NA,Y,3,0,3,4,A,-,12,21453,A,N,B,C,A,B,H,-,A,A,0,NA,NA,NA,NA,Y,NA,A,NA,0,2,1,0,0,0,0,0,0,-,-,NA,NA,LOS ANGELES,LONG BEACH,-118.18505096435548,33.77415084838867
8549622,2018,2018-02-13,1941,2018-01-20,1302,10045,NA,6,5,7,1941,0,0,0,NA,0,NA,7TH ST,EUCLID AV,0,NA,Y,A,-,N,NA,NA,NA,NA,NA,NA,NA,NA,NA,N,3,0,1,1,C,-,18,NA,NA,N,H,-,A,A,H,-,A,A,0,NA,NA,NA,NA,Y,NA,-,-,0,1,0,0,0,0,0,0,0,-,-,NA,NA,LOS ANGELES,LONG BEACH,-118.14917755126952,33.77534103393555
8549626,2018,2018-02-13,1941,2018-01-20,1502,10836,NA,6,5,7,1941,0,0,0,NA,0,NA,3RD ST,ATLANTIC AV,0,NA,Y,A,-,N,NA,NA,NA,NA,NA,NA,NA,NA,NA,N,3,0,1,2,A,-,12,21453,A,N,D,G,A,A,H,-,A,A,0,NA,Y,NA,NA,Y,NA,L,NA,0,1,0,0,0,0,1,0,0,-,-,NA,NA,LOS ANGELES,LONG BEACH,-118.18504333496094,33.770511627197266
8549630,2018,2018-02-13,1941,2018-01-21,1123,10916,NA,7,5,7,1941,0,0,0,NA,0,NA,OCEAN BL,LINDEN AV,110,E,N,A,-,N,NA,NA,NA,NA,NA,NA,NA,NA,NA,N,4,0,1,2,A,-,07,21658,A,N,B,C,A,A,H,-,A,D,0,NA,NA,Y,NA,Y,NA,A,NA,0,0,1,0,0,0,0,0,1,-,-,NA,NA,LOS ANGELES,LONG BEACH,-118.18600463867188,33.76653289794922
8549634,2018,2018-02-13,1941,2018-01-22,1627,10772,NA,1,5,7,1941,0,0,0,NA,0,NA,OLIVE AV,HILL ST,300,S,N,A,-,N,NA,NA,NA,NA,NA,NA,NA,NA,NA,N,3,0,1,2,A,-,03,22350,NA,N,G,G,A,A,H,-,A,D,0,NA,Y,NA,NA,Y,NA,A,NA,0,1,0,0,0,0,1,0,0,-,-,NA,NA,LOS ANGELES,LONG BEACH,-118.18286895751952,33.79630661010742
8549638,2018,2018-02-13,1941,2018-01-22,1704,5767,NA,1,5,7,1941,0,0,0,NA,0,NA,WEST 6TH ST,CHESTNUT AV,0,NA,Y,A,-,N,NA,NA,NA,NA,NA,NA,NA,NA,NA,Y,3,0,1,2,A,-,12,21453,A,N,D,C,A,A,H,-,A,A,0,NA,NA,Y,NA,Y,NA,A,NA,0,1,0,0,0,0,0,0,1,-,-,NA,NA,LOS ANGELES,LONG BEACH,-118.19635772705078,33.774139404296875
8549642,2018,2018-02-13,1941,2018-01-22,1926,5620,NA,1,5,7,1941,0,0,0,NA,0,NA,ATLANTIC AV,ATLANTIC PL,0,NA,Y,A,-,N,NA,NA,NA,NA,NA,NA,NA,NA,NA,Y,4,0,1,2,A,-,12,22450,A,N,D,C,A,A,H,-,C,D,0,NA,NA,NA,NA,Y,NA,A,NA,0,0,1,0,0,0,0,0,0,-,-,NA,NA,LOS ANGELES,LONG BEACH,-118.18595123291016,33.88056945800781
8549646,2018,2018-03-06,1941,2018-01-23,0941,11133,NA,2,5,7,1941,0,0,0,NA,0,NA,ALMOND AV,7TH ST,0,NA,Y,A,-,N,NA,NA,NA,NA,NA,NA,NA,NA,NA,N,4,0,1,2,A,-,05,21650,1,N,-,-,A,A,H,-,A,-,0,NA,Y,NA,NA,Y,NA,L,NA,0,0,1,0,0,0,1,0,0,-,-,NA,NA,LOS ANGELES,LONG BEACH,-118.17472839355467,33.77534103393555
8549685,2018,2018-02-08,1941,2018-01-17,1223,5661,NA,3,5,7,1941,0,0,0,NA,0,NA,ATLANTIC AV,4TH ST,0,NA,Y,A,-,N,NA,NA,NA,NA,NA,NA,NA,NA,NA,N,4,0,1,2,A,-,09,21801,A,N,D,C,A,A,H,-,A,A,0,NA,NA,NA,NA,Y,NA,A,NA,0,0,1,0,0,0,0,0,0,-,-,NA,NA,LOS ANGELES,LONG BEACH,-118.18505096435548,33.771751403808594
8549689,2018,2018-02-08,1941,2018-01-17,1243,10860,NA,3,5,7,1941,0,0,0,NA,0,NA,LONG BEACH BL,NEECE ST,0,NA,Y,A,-,N,NA,NA,NA,NA,NA,NA,NA,NA,NA,Y,4,0,1,2,A,-,12,21453,A,N,D,C,A,A,H,-,A,A,0,NA,NA,NA,NA,Y,NA,A,NA,0,0,1,0,0,0,0,0,0,-,-,NA,NA,LOS ANGELES,LONG BEACH,-118.20205688476564,33.87199020385742
8549693,2018,2018-02-13,1941,2018-01-17,0909,5767,NA,3,5,7,1941,0,0,0,NA,0,NA,W 103RD ST,PACIFIC AV,0,NA,Y,A,-,N,NA,NA,NA,NA,NA,NA,NA,NA,NA,Y,4,0,1,2,A,-,12,21453,A,N,D,C,A,A,H,-,A,A,0,NA,NA,NA,NA,Y,NA,A,NA,0,0,1,0,0,0,0,0,0,-,-,NA,NA,LOS ANGELES,LONG BEACH,NA,NA
8549701,2018,2018-02-08,1941,2018-01-17,1458,5615,NA,3,5,7,1941,0,0,0,NA,0,NA,REDONDO AV,HATHAWAY AV,0,NA,Y,A,-,N,NA,NA,NA,NA,NA,NA,NA,NA,NA,N,4,0,1,2,A,-,11,21954,A,N,G,B,E,A,H,-,A,A,0,Y,NA,NA,NA,Y,NA,N,NA,0,0,1,0,1,0,0,0,0,-,-,NA,NA,LOS ANGELES,LONG BEACH,-118.15151214599608,33.79513168334961
8549705,2018,2018-02-08,1941,2018-01-07,1401,5726,NA,7,5,7,1941,0,0,0,NA,0,NA,LONG BEACH BL,WARDLOW,0,NA,Y,A,-,N,NA,NA,NA,NA,NA,NA,NA,NA,NA,Y,4,0,1,2,A,-,-,NA,NA,N,D,C,A,A,H,-,A,A,0,NA,NA,NA,NA,Y,NA,A,NA,0,0,1,0,0,0,0,0,0,-,-,NA,NA,LOS ANGELES,LONG BEACH,-118.18933868408205,33.818939208984375
8549708,2017,2018-02-23,1901,2017-12-08,0831,152,26,5,5,5,1901,0,0,0,NA,0,003,POPLAR BL,FREMONT,5,E,N,A,-,N,NA,NA,NA,NA,NA,NA,NA,NA,NA,N,4,0,1,2,A,-,10,21950,A,N,G,B,B,A,H,-,A,A,0,Y,NA,NA,NA,Y,NA,A,01,0,0,1,0,1,0,0,0,0,-,-,NA,NA,LOS ANGELES,ALHAMBRA,-118.15202353,34.0913604
8549709,2018,2018-02-08,1941,2018-01-29,0407,10861,NA,1,5,7,1941,0,0,0,NA,0,NA,7TH ST,WASHINGTON PL,25,W,N,A,-,N,NA,NA,NA,NA,NA,NA,NA,NA,NA,N,3,0,1,2,A,-,08,22107,NA,N,B,G,A,A,H,-,C,D,0,NA,Y,NA,NA,Y,Y,-,-,0,1,0,0,0,0,1,0,0,-,-,NA,NA,LOS ANGELES,LONG BEACH,-118.18138122558594,33.77534103393555