CASE_ID,ACCIDENT_YEAR,PROC_DATE,JURIS,COLLISION_DATE,COLLISION_TIME,OFFICER_ID,REPORTING_DISTRICT,DAY_OF_WEEK,CHP_SHIFT,POPULATION,CNTY_CITY_LOC,SPECIAL_COND,BEAT_TYPE,CHP_BEAT_TYPE,CITY_DIVISION_LAPD,CHP_BEAT_CLASS,BEAT_NUMBER,PRIMARY_RD,SECONDARY_RD,DISTANCE,DIRECTION,INTERSECTION,WEATHER_1,WEATHER_2,STATE_HWY_IND,CALTRANS_COUNTY,CALTRANS_DISTRICT,STATE_ROUTE,ROUTE_SUFFIX,POSTMILE_PREFIX,POSTMILE,LOCATION_TYPE,RAMP_INTERSECTION,SIDE_OF_HWY,TOW_AWAY,COLLISION_SEVERITY,NUMBER_KILLED,NUMBER_INJURED,PARTY_COUNT,PRIMARY_COLL_FACTOR,PCF_CODE_OF_VIOL,PCF_VIOL_CATEGORY,PCF_VIOLATION,PCF_VIOL_SUBSECTION,HIT_AND_RUN,TYPE_OF_COLLISION,MVIW,PED_ACTION,ROAD_SURFACE,ROAD_COND_1,ROAD_COND_2,LIGHTING,CONTROL_DEVICE,CHP_ROAD_TYPE,PEDESTRIAN_ACCIDENT,BICYCLE_ACCIDENT,MOTORCYCLE_ACCIDENT,TRUCK_ACCIDENT,NOT_PRIVATE_PROPERTY,ALCOHOL_INVOLVED,STWD_VEHTYPE_AT_FAULT,CHP_VEHTYPE_AT_FAULT,COUNT_SEVERE_INJ,COUNT_VISIBLE_INJ,COUNT_COMPLAINT_PAIN,COUNT_PED_KILLED,COUNT_PED_INJURED,COUNT_BICYCLIST_KILLED,COUNT_BICYCLIST_INJURED,COUNT_MC_KILLED,COUNT_MC_INJURED,PRIMARY_RAMP,SECONDARY_RAMP,LATITUDE,LONGITUDE,COUNTY,CITY,POINT_X,POINT_Y
8549806,2018,2018-03-14,1942,2018-01-24,0120,42056,2158,3,5,7,1942,0,0,0,NA,0,10A83,SATICOY ST,WOODMAN AV,0,NA,Y,A,-,N,NA,NA,NA,NA,NA,NA,NA,NA,NA,Y,4,0,2,2,A,-,12,21453,A,N,D,C,A,A,H,-,C,A,0,NA,NA,NA,NA,Y,NA,A,07,0,0,2,0,0,0,0,0,0,-,-,NA,NA,LOS ANGELES,LOS ANGELES,-118.43115997314452,34.2094612121582
8549807,2018,2018-02-08,1942,2018-01-23,1920,42806,1684,2,5,7,1942,0,0,0,P,0,16A23,LAKERSHIEM BL,STRATHERN ST,15,W,N,A,-,N,NA,NA,NA,NA,NA,NA,NA,NA,NA,N,4,0,1,2,A,-,09,21801,A,N,D,C,A,A,H,-,C,D,0,NA,NA,NA,NA,Y,NA,-,NA,0,0,1,0,0,0,0,0,0,-,-,NA,NA,LOS ANGELES,LOS ANGELES,-118.38780212402344,34.215728759765625
8549808,2018,2018-02-09,1942,2018-01-20,1915,38354,1075,6,5,7,1942,0,0,0,J,0,10TL38,LINDLEY AV,KILLION ST,0,NA,Y,A,-,N,NA,NA,NA,NA,NA,NA,NA,NA,NA,Y,3,0,4,2,A,-,09,21801,A,N,A,C,A,A,H,-,C,A,0,NA,NA,NA,NA,Y,NA,A,07,0,1,3,0,0,0,0,0,0,-,-,NA,NA,LOS ANGELES,LOS ANGELES,-118.52725219726564,34.170799255371094
8549810,2018,2018-02-08,1941,2018-01-25,1449,11130,NA,4,5,7,1941,0,0,0,NA,0,NA,LONG BEACH BL,ELM,164,W,N,A,-,N,NA,NA,NA,NA,NA,NA,NA,NA,NA,Y,4,0,1,4,A,-,03,22350,NA,N,D,C,A,A,H,-,A,D,0,NA,NA,NA,NA,Y,NA,A,NA,0,0,1,0,0,0,0,0,0,-,-,NA,NA,LOS ANGELES,LONG BEACH,-118.20832061767578,33.901248931884766
8549811,2018,2018-02-08,1942,2018-01-27,1950,38354,1682,6,5,7,1942,0,0,0,P,0,16A81,LAUREL CANYON BL,WICKS ST,165,N,N,A,-,N,NA,NA,NA,NA,NA,NA,NA,NA,NA,N,2,0,1,2,A,-,11,21955,NA,N,G,B,D,A,H,-,C,A,0,Y,NA,NA,NA,Y,NA,N,60,1,0,0,0,1,0,0,0,0,-,-,NA,NA,LOS ANGELES,LOS ANGELES,-118.40093994140624,34.22935104370117
8549812,2018,2018-02-09,1942,2018-01-30,0715,41514,0932,2,5,7,1942,0,0,0,I,0,9A23,FRIAR ST,NOBLE AV,0,NA,Y,A,-,N,NA,NA,NA,NA,NA,NA,NA,NA,NA,N,4,0,1,2,A,-,09,21802,A,N,D,C,A,A,H,-,A,A,0,NA,NA,NA,NA,Y,NA,A,01,0,0,1,0,0,0,0,0,0,-,-,NA,NA,LOS ANGELES,LOS ANGELES,-118.46185302734376,34.18574142456055
8549814,2018,2018-02-22,1941,2018-01-13,1509,10943,NA,6,5,7,1941,0,0,0,NA,0,NA,LONG BEACH BL,LONG BEACH BL 6665,0,NA,N,A,-,N,NA,NA,NA,NA,NA,NA,NA,NA,NA,Y,3,0,1,2,A,-,10,21950,A,N,D,G,A,A,H,-,A,A,0,NA,Y,NA,NA,Y,NA,A,NA,0,1,0,0,0,0,1,0,0,-,-,NA,NA,LOS ANGELES,LONG BEACH,-118.203021,33.875169
8549815,2018,2018-02-08,1942,2018-01-29,1445,38857,1944,1,5,7,1942,0,0,0,NA,0,19A43,BRAND BL,LAUREL CANYON BL,0,NA,Y,A,-,N,NA,NA,NA,NA,NA,NA,NA,NA,NA,Y,3,0,2,2,A,-,09,21801,A,N,D,C,A,A,H,-,A,A,0,NA,NA,NA,NA,Y,NA,A,07,0,1,1,0,0,0,0,0,0,-,-,NA,NA,LOS ANGELES,LOS ANGELES,-118.44924926757813,34.27484893798828
8549816,2018,2018-02-09,1942,2018-01-30,1500,40634,0901,2,5,7,1942,0,0,0,I,0,9A5,SEPULVEDA BL,SATICOY ST,0,NA,Y,A,-,N,NA,NA,NA,NA,NA,NA,NA,NA,NA,N,4,0,1,2,A,-,10,21950,A,N,G,B,B,A,H,-,A,A,0,Y,NA,NA,NA,Y,Y,A,07,0,0,1,0,1,0,0,0,0,-,-,NA,NA,LOS ANGELES,LOS ANGELES,-118.46620941162108,34.20845031738281
8549818,2018,2018-02-08,1941,2018-01-27,2122,10562,NA,6,5,7,1941,0,0,0,NA,0,NA,REDONDO AV,10TH ST,100,N,N,A,-,N,NA,NA,NA,NA,NA,NA,NA,NA,NA,N,3,0,1,2,A,-,00,20001,A,F,G,G,A,A,H,-,C,A,0,NA,Y,NA,NA,Y,NA,L,NA,0,1,0,0,0,0,1,0,0,-,-,NA,NA,LOS ANGELES,LONG BEACH,-118.15242767333984,33.77922439575195
8549819,2018,2018-02-08,1942,2018-01-29,0740,38980,1998,1,5,7,1942,0,0,0,NA,0,19A93,LANARK ST,SYLMAR AV,0,NA,Y,A,-,N,NA,NA,NA,NA,NA,NA,NA,NA,NA,N,3,0,1,2,A,-,10,21950,A,N,G,B,B,A,H,-,A,A,0,Y,NA,NA,NA,Y,NA,A,01,0,1,0,0,1,0,0,0,0,-,-,NA,NA,LOS ANGELES,LOS ANGELES,-118.4465103149414,34.21794891357422
8549820,2018,2018-02-09,1942,2018-01-30,1310,40398,0955,2,5,7,1942,0,0,0,I,0,9A63,HAZELTINE AV,WEDDINGTON ST,30,N,N,A,-,N,NA,NA,NA,NA,NA,NA,NA,NA,NA,N,4,0,1,2,A,-,03,22350,NA,N,C,C,A,A,H,-,A,A,0,NA,NA,NA,NA,Y,NA,A,01,0,0,1,0,0,0,0,0,0,-,-,NA,NA,LOS ANGELES,LOS ANGELES,-118.44000244140624,34.16673278808594
8549822,2018,2018-02-08,1941,2018-01-11,1849,5703,NA,4,5,7,1941,0,0,0,NA,0,NA,MAGNOLIA AV,5TH ST,0,NA,Y,A,-,N,NA,NA,NA,NA,NA,NA,NA,NA,NA,Y,4,0,3,2,A,-,12,22450,A,N,D,C,A,A,H,-,C,A,0,NA,NA,NA,NA,Y,NA,A,NA,0,0,3,0,0,0,0,0,0,-,-,NA,NA,LOS ANGELES,LONG BEACH,-118.19805145263672,33.77294921875
8549823,2018,2018-02-08,1942,2018-01-21,1550,38354,1984,7,5,7,1942,0,0,0,NA,0,10TL38,WILLIS AV,RAYEN ST,119,N,N,A,-,N,NA,NA,NA,NA,NA,NA,NA,NA,NA,Y,3,0,3,2,A,-,03,22350,NA,N,B,C,A,A,H,-,A,D,0,NA,NA,NA,NA,Y,NA,A,01,0,1,2,0,0,0,0,0,0,-,-,NA,NA,LOS ANGELES,LOS ANGELES,-118.45528411865234,34.23213577270508
8549824,2018,2018-02-09,1942,2018-01-16,1555,33294,0937,2,5,7,1942,0,0,0,I,0,35M52,VICTORY BL,MATILIJA AV,0,NA,Y,B,-,N,NA,NA,NA,NA,NA,NA,NA,NA,NA,NA,4,0,1,2,A,-,09,21801,A,N,D,C,A,A,H,-,A,A,0,NA,NA,NA,NA,Y,NA,A,01,0,0,1,0,0,0,0,0,0,-,-,NA,NA,LOS ANGELES,LOS ANGELES,-118.43345642089844,34.186668395996094
8549826,2018,2018-02-08,1941,2018-01-26,1857,11107,NA,5,5,7,1941,0,0,0,NA,0,NA,PALO VERDE AV,LIGHT POLE #867537E,44,N,N,A,-,N,NA,NA,NA,NA,NA,NA,NA,NA,NA,Y,3,0,1,3,A,-,00,22658,A,N,B,E,A,A,H,-,C,D,0,NA,NA,NA,NA,Y,NA,A,NA,0,1,0,0,0,0,0,0,0,-,-,NA,NA,LOS ANGELES,LONG BEACH,NA,NA
8549827,2018,2018-07-31,1942,2018-01-25,1600,36678,1952,4,5,7,1942,0,0,0,NA,0,35M81,ROSCOE BL,RT 405,60,W,N,A,-,Y,LA,7,405,-,-,46.44,R,4,N,Y,4,0,2,2,A,-,03,22350,NA,N,C,C,A,A,H,-,A,A,0,NA,NA,NA,NA,Y,NA,A,01,0,0,2,0,0,0,0,0,0,-,NO,NA,NA,LOS ANGELES,LOS ANGELES,-118.47210693359376,34.260047912597656
8549828,2018,2018-02-09,1942,2018-01-23,1900,39298,946,2,5,7,1942,0,0,0,NA,0,9A89,WOODMAN AV,BURBANK BL,0,NA,Y,A,-,N,NA,NA,NA,NA,NA,NA,NA,NA,NA,Y,4,0,1,2,A,-,09,21801,A,N,D,C,A,A,H,-,C,A,0,NA,NA,NA,NA,Y,NA,A,01,0,0,1,0,0,0,0,0,0,-,-,NA,NA,LOS ANGELES,LOS ANGELES,-118.43125915527344,34.1721305847168
8549830,2018,2018-02-08,1941,2018-01-16,1140,10860,NA,2,5,7,1941,0,0,0,NA,0,NA,WARDLOW RD,LONG BEACH BL,0,NA,Y,A,-,N,NA,NA,NA,NA,NA,NA,NA,NA,NA,Y,4,0,1,2,A,-,09,21801,A,N,D,C,A,A,H,-,A,A,0,NA,NA,NA,NA,Y,NA,A,NA,0,0,1,0,0,0,0,0,0,-,-,NA,NA,LOS ANGELES,LONG BEACH,-118.18933868408205,33.818939208984375
8549831,2018,2018-02-08,1942,2018-01-28,0925,38261,1974,7,5,7,1942,0,0,0,NA,0,35EL12,CEDROS AV,NORDHOFF ST,117,S,N,A,-,N,NA,NA,NA,NA,NA,NA,NA,NA,NA,N,3,0,1,2,A,-,11,21950,B,N,A,B,D,A,H,-,A,D,0,Y,NA,NA,NA,Y,NA,N,60,0,1,0,0,1,0,0,0,0,-,-,NA,NA,LOS ANGELES,LOS ANGELES,-118.45354461669922,34.2351188659668
8549832,2018,2018-02-09,1942,2018-01-28,1605,38857,0966,7,5,7,1942,0,0,0,I,0,9A63,SUNNYSLOPE AV,CHANDLER BL,0,NA,Y,A,-,N,NA,NA,NA,NA,NA,NA,NA,NA,NA,Y,4,0,1,2,A,-,09,21804,A,N,D,C,A,A,H,-,A,A,0,NA,NA,NA,NA,Y,NA,A,01,0,0,1,0,0,0,0,0,0,-,-,NA,NA,LOS ANGELES,LOS ANGELES,-118.42691040039064,34.16856002807617
8549834,2018,2018-02-08,1941,2018-01-16,1904,11104,NA,2,5,7,1941,0,0,0,NA,0,NA,MARKET ST,LOCUST AV,3,E,N,A,-,N,NA,NA,NA,NA,NA,NA,NA,NA,NA,N,3,0,1,2,A,-,08,22107,NA,N,B,G,A,A,H,-,C,D,0,NA,Y,NA,NA,Y,NA,A,NA,0,1,0,0,0,0,1,0,0,-,-,NA,NA,LOS ANGELES,LONG BEACH,-118.18984222412108,33.85432052612305
8549835,2018,2018-02-08,1942,2018-01-22,1610,42746,1761,1,5,7,1942,0,0,0,Q,0,17A48,TOPANGA CANYON BL,PLUMMER ST,300,N,N,A,-,N,NA,NA,NA,NA,NA,NA,NA,NA,NA,Y,4,0,3,2,A,-,09,21801,A,N,D,C,A,A,H,-,A,D,0,NA,NA,NA,NA,Y,NA,A,01,0,0,3,0,0,0,0,0,0,-,-,NA,NA,LOS ANGELES,LOS ANGELES,-118.60659027099608,34.24351501464844
8549836,2018,2018-02-09,1942,2018-01-23,1620,40398,0941,2,5,7,1942,0,0,0,I,0,9A41,KESTER AV,GILMORE AV,0,NA,Y,A,-,N,NA,NA,NA,NA,NA,NA,NA,NA,NA,N,4,0,1,2,A,-,12,22450,A,N,B,C,A,A,H,-,A,A,0,NA,NA,NA,NA,Y,NA,A,01,0,0,1,0,0,0,0,0,0,-,-,NA,NA,LOS ANGELES,LOS ANGELES,-118.45745849609376,34.187660217285156
8549838,2018,2018-02-08,1941,2018-01-16,0331,11110,NA,2,5,7,1941,0,0,0,NA,0,NA,ANAHEIM ST,PACIFIC AV,0,NA,Y,A,-,N,NA,NA,NA,NA,NA,NA,NA,NA,NA,Y,4,0,1,2,D,-,00,NA,NA,N,D,C,A,A,H,-,C,A,0,NA,NA,NA,NA,Y,NA,-,-,0,0,1,0,0,0,0,0,0,-,-,NA,NA,LOS ANGELES,LONG BEACH,-118.19373321533205,33.78260040283203
8549839,2018,2018-02-08,1942,2018-01-24,0800,38326,1777,3,5,7,1942,0,0,0,Q,0,17A95,WOODLEY AV,KINZIE ST,0,NA,Y,A,-,N,NA,NA,NA,NA,NA,NA,NA,NA,NA,Y,4,0,3,2,A,-,09,21801,A,N,D,C,A,A,H,-,A,D,0,NA,NA,NA,NA,Y,NA,A,01,0,0,3,0,0,0,0,0,0,-,-,NA,NA,LOS ANGELES,LOS ANGELES,-118.48491668701172,34.248260498046875
8549840,2018,2018-02-09,1942,2018-01-18,0830,36406,1645,4,5,7,1942,0,0,0,P,0,35M65,OSBORNE ST,GLENOAKS BL,0,NA,Y,A,-,N,NA,NA,NA,NA,NA,NA,NA,NA,NA,Y,3,0,1,2,A,-,09,21801,A,F,A,C,A,A,H,-,A,A,0,NA,NA,NA,NA,Y,NA,-,99,0,1,0,0,0,0,0,0,0,-,-,NA,NA,LOS ANGELES,LOS ANGELES,-118.40194702148438,34.26470947265625
8549841,2018,2019-01-17,1942,2018-01-29,1515,35481,1747,1,5,7,1942,0,0,0,Q,0,17A49,DEVONSHIRE ST,BALBOA BL,600,E,N,A,-,N,NA,NA,NA,NA,NA,NA,NA,NA,NA,N,3,0,1,2,A,-,03,22350,NA,F,D,C,A,A,H,-,A,D,0,NA,Y,NA,NA,Y,NA,L,04,0,1,0,0,0,0,1,0,0,-,-,NA,NA,LOS ANGELES,LOS ANGELES,-118.50035095214844,34.25751495361328
8549845,2018,2018-02-08,1942,2018-01-22,1830,38321,2138,1,5,7,1942,0,0,0,NA,0,21A2,OSO AV,SATICOY ST,230,S,N,A,-,N,NA,NA,NA,NA,NA,NA,NA,NA,NA,N,4,0,1,2,A,-,09,21804,A,F,D,G,A,A,H,-,C,D,0,NA,Y,NA,NA,Y,NA,L,04,0,0,1,0,0,0,1,0,0,-,-,NA,NA,LOS ANGELES,LOS ANGELES,-118.57538604736328,34.20771789550781
8549849,2018,2018-02-08,1942,2018-01-30,1030,38980,1745,2,5,7,1942,0,0,0,Q,0,17A49,CHATSWORTH ST,ZELZAH AV,50,W,N,B,-,N,NA,NA,NA,NA,NA,NA,NA,NA,NA,N,4,0,1,2,A,-,08,22107,NA,F,D,C,A,A,H,-,A,D,0,NA,NA,NA,NA,Y,NA,-,99,0,0,1,0,0,0,0,0,0,-,-,NA,NA,LOS ANGELES,LOS ANGELES,-118.52357482910156,34.26490783691406
8549857,2018,2018-02-08,1942,2018-01-23,1445,31688,1621,2,5,7,1942,0,0,0,P,0,35M44,VAN NUYS BL,REMICK AV,0,NA,Y,A,-,N,NA,NA,NA,NA,NA,NA,NA,NA,NA,N,3,0,1,2,A,-,08,22107,NA,F,D,G,A,A,H,-,A,D,0,NA,Y,NA,NA,Y,NA,-,99,0,1,0,0,0,0,1,0,0,-,-,NA,NA,LOS ANGELES,LOS ANGELES,-118.43380737304688,34.257598876953125
8549873,2018,2018-02-08,1956,2018-01-21,1306,1292,45,7,5,5,1956,0,0,0,NA,0,003,LILIENTHAL LN,HADLEY LN,137,N,N,A,-,N,NA,NA,NA,NA,NA,NA,NA,NA,NA,Y,3,0,2,1,A,-,01,23153,A,N,E,I,A,A,H,-,A,D,0,NA,NA,NA,NA,Y,Y,A,08,0,2,0,0,0,0,0,0,0,-,-,NA,NA,LOS ANGELES,REDONDO BEACH,-118.36560821533205,33.86512756347656
8549877,2018,2018-02-08,1956,2018-01-12,1354,1322,54,5,5,5,1956,0,0,0,NA,0,005,PERKINS LN,MATHEWS AV,0,NA,Y,A,-,N,NA,NA,NA,NA,NA,NA,NA,NA,NA,Y,4,0,1,2,A,-,12,22450,A,F,D,C,A,A,H,-,A,A,0,NA,NA,NA,NA,Y,NA,A,01,0,0,1,0,0,0,0,0,0,-,-,NA,NA,LOS ANGELES,REDONDO BEACH,-118.36222076416016,33.87382125854492
8549894,2018,2018-02-13,1941,2018-01-19,0820,5407,NA,5,5,7,1941,0,0,0,NA,0,NA,SPRING ST,LOS COYOTES DIAGONAL,0,NA,Y,-,-,N,NA,NA,NA,NA,NA,NA,NA,NA,NA,N,3,0,1,2,-,-,-,NA,NA,M,H,G,A,-,-,-,-,-,0,NA,Y,NA,NA,Y,NA,-,-,0,1,0,0,0,0,1,0,0,-,-,NA,NA,LOS ANGELES,LONG BEACH,-118.1175537109375,33.81045913696289
8549912,2018,2018-02-28,1942,2018-01-27,0905,41514,1641,6,5,7,1942,0,0,0,P,0,16A23,OMELVENY AV,CARL ST,60,S,N,A,-,N,NA,NA,NA,NA,NA,NA,NA,NA,NA,N,4,0,1,2,A,-,11,21954,A,N,G,B,E,A,H,-,A,D,0,Y,NA,NA,NA,Y,NA,N,60,0,0,1,0,1,0,0,0,0,-,-,NA,NA,LOS ANGELES,LOS ANGELES,-118.42794799804688,34.25896453857422
8549916,2018,2018-02-28,1942,2018-01-22,1620,42716,LOSAN,1,5,7,1942,0,0,0,NA,0,16A23,BRANDFORD ST,REMICK AV,50,W,N,A,-,N,NA,NA,NA,NA,NA,NA,NA,NA,NA,N,3,0,1,2,A,-,05,21202,A,N,G,G,A,A,H,-,-,D,0,NA,Y,NA,NA,Y,NA,L,04,0,1,0,0,0,0,1,0,0,-,-,NA,NA,LOS ANGELES,LOS ANGELES,-118.414984,34.23959
8549923,2018,2018-02-12,1942,2018-01-03,2130,41167,0551,3,5,7,1942,0,0,0,E,0,5A85,WESTERN AV,WEYMOUTH AV,0,NA,Y,A,-,N,NA,NA,NA,NA,NA,NA,NA,NA,NA,Y,4,0,1,2,A,-,12,21453,A,N,A,C,A,A,H,-,C,A,0,NA,NA,NA,NA,Y,NA,A,01,0,0,1,0,0,0,0,0,0,-,-,NA,NA,LOS ANGELES,LOS ANGELES,-118.31021118164064,33.742069244384766
8549924,2018,2018-02-12,1942,2018-01-08,1400,41858,0663,1,5,7,1942,0,0,0,F,0,6TL2,LEXINGTON AV,N JUNE ST,0,NA,Y,C,-,N,NA,NA,NA,NA,NA,NA,NA,NA,NA,N,4,0,1,2,A,-,10,21950,A,F,G,B,B,B,H,-,A,A,0,Y,NA,NA,NA,Y,NA,-,99,0,0,1,0,1,0,0,0,0,-,-,NA,NA,LOS ANGELES,LOS ANGELES,-118.334228515625,34.09259033203125
8549927,2018,2018-02-12,1942,2018-01-18,1930,42364,0361,4,5,7,1942,0,0,0,C,0,25T43,COLISEUM ST,S LA BREA AV,0,NA,Y,A,-,N,NA,NA,NA,NA,NA,NA,NA,NA,NA,N,2,0,1,2,A,-,07,21658,A,F,A,G,A,A,H,-,C,A,0,NA,Y,NA,NA,Y,NA,-,99,1,0,0,0,0,0,1,0,0,-,-,NA,NA,LOS ANGELES,LOS ANGELES,-118.3555908203125,34.018310546875
8549928,2018,2018-02-12,1942,2018-01-08,1440,41054,0679,1,5,7,1942,0,0,0,F,0,6A79,HOBART BL,SANTA MONICA BL,0,NA,Y,A,-,N,NA,NA,NA,NA,NA,NA,NA,NA,NA,N,3,0,1,2,A,-,09,21801,A,F,H,G,A,A,H,-,A,D,0,NA,Y,NA,NA,Y,NA,-,99,0,1,0,0,0,0,1,0,0,-,-,NA,NA,LOS ANGELES,LOS ANGELES,-118.30519104003906,34.090789794921875
8549931,2018,2018-03-06,1942,2018-01-25,0625,41993,1802,4,5,7,1942,0,0,0,R,0,18A1,S FIGUEROA ST,92ND ST,0,NA,Y,A,-,N,NA,NA,NA,NA,NA,NA,NA,NA,NA,N,4,0,1,2,A,-,10,21950,A,F,G,B,B,A,H,-,A,A,0,Y,NA,NA,NA,Y,NA,-,99,0,0,1,0,1,0,0,0,0,-,-,NA,NA,LOS ANGELES,LOS ANGELES,-118.28270721435548,33.95280838012695
8549932,2018,2018-02-12,1942,2018-01-07,2315,42501,0625,7,5,7,1942,0,0,0,F,0,6A31,HIGHLAND AV,MILNER RD,10,N,N,A,-,N,NA,NA,NA,NA,NA,NA,NA,NA,NA,N,4,0,1,2,A,-,03,22350,NA,F,C,C,A,A,H,-,C,A,0,NA,NA,NA,NA,Y,NA,-,99,0,0,1,0,0,0,0,0,0,-,-,NA,NA,LOS ANGELES,LOS ANGELES,-118.33710479736328,34.1082649230957
8549935,2018,2018-02-12,1942,2018-01-28,1215,26101,0555,7,5,7,1942,0,0,0,E,0,5A55,PACIFIC AV,BONITA ST,150,S,N,A,-,N,NA,NA,NA,NA,NA,NA,NA,NA,NA,Y,4,0,1,1,A,-,03,22350,NA,N,E,I,A,A,H,-,A,A,0,NA,NA,NA,NA,Y,NA,A,01,0,0,1,0,0,0,0,0,0,-,-,NA,NA,LOS ANGELES,LOS ANGELES,-118.28787994384766,33.74741744995117
8549936,2018,2018-03-09,1942,2018-01-11,1730,39930,0679,4,5,7,1942,0,0,0,F,0,8TL26,N NORMANDIE AV,ROMAINE ST,200,S,N,A,-,N,NA,NA,NA,NA,NA,NA,NA,NA,NA,N,3,0,1,2,D,-,00,NA,NA,N,H,G,A,A,H,-,D,D,0,NA,Y,NA,NA,Y,NA,-,-,0,1,0,0,0,0,1,0,0,-,-,NA,NA,LOS ANGELES,LOS ANGELES,-118.30048370361328,34.08797073364258
8549939,2018,2018-03-06,1942,2018-01-25,0805,41439,0558,4,5,7,1942,0,0,0,E,0,5A59,N JOHN S GIBSON BL,CHANNEL ST,3168,N,N,B,-,N,NA,NA,NA,NA,NA,NA,NA,NA,NA,Y,3,0,1,1,C,-,18,NA,NA,N,A,I,A,A,H,-,A,A,0,NA,NA,NA,NA,Y,NA,-,-,0,1,0,0,0,0,0,0,0,-,-,NA,NA,LOS ANGELES,LOS ANGELES,-118.28500366210938,33.76076889038086
8549940,2018,2018-02-12,1942,2018-01-22,1000,41671,0638,1,5,7,1942,0,0,0,F,0,6T7,FRANKLIN AV,BRONSON AV,0,NA,Y,A,-,N,NA,NA,NA,NA,NA,NA,NA,NA,NA,Y,4,0,1,2,A,-,09,21801,A,N,D,C,A,A,H,-,A,A,0,NA,NA,NA,NA,Y,NA,A,01,0,0,1,0,0,0,0,0,0,-,-,NA,NA,LOS ANGELES,LOS ANGELES,-118.31797790527344,34.10525131225586
8549943,2018,2018-03-06,1942,2018-01-24,1820,42945,0558,3,5,7,1942,0,0,0,E,0,5X26,PACIFIC AV,OLIVER ST,63,S,N,A,-,N,NA,NA,NA,NA,NA,NA,NA,NA,NA,N,4,0,1,2,A,-,03,22350,NA,N,C,C,A,A,H,-,C,A,0,NA,NA,NA,NA,Y,NA,A,01,0,0,1,0,0,0,0,0,0,-,-,NA,NA,LOS ANGELES,LOS ANGELES,-118.28787231445313,33.74677658081055
8549944,2018,2018-02-12,1942,2018-01-14,0030,39451,0643,7,5,7,1942,0,0,0,F,0,6A77,HOLLYWOOD BL,FULLER AV,15,E,N,A,-,N,NA,NA,NA,NA,NA,NA,NA,NA,NA,Y,4,0,2,2,A,-,01,23152,A,N,C,C,A,A,H,-,C,D,0,NA,NA,NA,NA,Y,Y,A,01,0,0,2,0,0,0,0,0,0,-,-,NA,NA,LOS ANGELES,LOS ANGELES,-118.3488998413086,34.101619720458984
8549947,2018,2018-02-12,1942,2018-01-23,2200,42935,0529,2,5,7,1942,0,0,0,E,0,5A15,ANAHEIM ST,SIGSBEE AV,0,NA,Y,A,-,N,NA,NA,NA,NA,NA,NA,NA,NA,NA,N,3,0,2,1,A,-,03,22350,NA,N,E,I,A,A,H,-,C,D,0,NA,NA,NA,NA,Y,NA,A,01,0,1,1,0,0,0,0,0,0,-,-,NA,NA,LOS ANGELES,LOS ANGELES,-118.2344207763672,33.78165054321289
8549951,2018,2018-02-12,1942,2018-01-21,1135,40602,0565,7,5,7,1942,0,0,0,E,0,5A1,9TH ST,GRAND AV,5,W,N,A,-,N,NA,NA,NA,NA,NA,NA,NA,NA,NA,N,4,0,1,2,A,-,17,21200,NA,N,D,G,A,A,H,-,A,A,0,NA,Y,NA,NA,Y,NA,L,04,0,0,1,0,0,0,1,0,0,-,-,NA,NA,LOS ANGELES,LOS ANGELES,-118.29019927978516,33.73604965209961
8549955,2018,2018-02-12,1942,2018-01-22,1640,42902,0557,1,5,7,1942,0,0,0,E,0,5A55,4TH ST,GAFFEY ST,0,NA,Y,A,-,N,NA,NA,NA,NA,NA,NA,NA,NA,NA,Y,4,0,1,2,D,-,00,NA,NA,N,D,C,A,A,H,-,A,A,0,NA,NA,NA,NA,Y,NA,-,-,0,0,1,0,0,0,0,0,0,-,-,NA,NA,LOS ANGELES,LOS ANGELES,-118.29232025146484,33.74061965942383
8549959,2018,2018-08-10,1942,2018-01-10,2000,41439,0513,3,5,7,1942,0,0,0,E,0,5A11,RT 1,W BIXBY AV,22,W,N,A,-,Y,LA,7,1,-,-,12.13,H,-,N,Y,2,0,3,2,A,-,09,21804,A,N,D,C,A,A,H,-,C,A,0,NA,NA,NA,NA,Y,Y,A,01,1,0,2,0,0,0,0,0,0,-,-,NA,NA,LOS ANGELES,LOS ANGELES,-118.29104614257813,33.79106140136719
8549963,2018,2018-02-12,1942,2018-01-17,0630,41914,1881,3,5,7,1942,0,0,0,R,0,18U3,REDONDO BEACH BL,ORCHARD AV,20,W,N,A,-,N,NA,NA,NA,NA,NA,NA,NA,NA,NA,Y,4,0,2,2,A,-,03,22350,A,N,C,C,A,A,H,-,A,A,0,NA,NA,NA,NA,Y,NA,A,01,0,0,2,0,0,0,0,0,0,-,-,NA,NA,LOS ANGELES,LOS ANGELES,-118.28839874267578,33.892578125
8549967,2018,2018-02-12,1942,2018-01-23,0900,31814,1806,2,5,7,1942,0,0,0,R,0,25TL25,S CENTRAL AV,90TH ST,100,N,N,A,-,N,NA,NA,NA,NA,NA,NA,NA,NA,NA,N,4,0,1,2,A,-,08,22107,NA,F,B,C,A,A,H,-,A,D,0,NA,NA,NA,NA,Y,NA,-,99,0,0,1,0,0,0,0,0,0,-,-,NA,NA,LOS ANGELES,LOS ANGELES,-118.25643157958984,33.954994201660156