CASE_ID,ACCIDENT_YEAR,PROC_DATE,JURIS,COLLISION_DATE,COLLISION_TIME,OFFICER_ID,REPORTING_DISTRICT,DAY_OF_WEEK,CHP_SHIFT,POPULATION,CNTY_CITY_LOC,SPECIAL_COND,BEAT_TYPE,CHP_BEAT_TYPE,CITY_DIVISION_LAPD,CHP_BEAT_CLASS,BEAT_NUMBER,PRIMARY_RD,SECONDARY_RD,DISTANCE,DIRECTION,INTERSECTION,WEATHER_1,WEATHER_2,STATE_HWY_IND,CALTRANS_COUNTY,CALTRANS_DISTRICT,STATE_ROUTE,ROUTE_SUFFIX,POSTMILE_PREFIX,POSTMILE,LOCATION_TYPE,RAMP_INTERSECTION,SIDE_OF_HWY,TOW_AWAY,COLLISION_SEVERITY,NUMBER_KILLED,NUMBER_INJURED,PARTY_COUNT,PRIMARY_COLL_FACTOR,PCF_CODE_OF_VIOL,PCF_VIOL_CATEGORY,PCF_VIOLATION,PCF_VIOL_SUBSECTION,HIT_AND_RUN,TYPE_OF_COLLISION,MVIW,PED_ACTION,ROAD_SURFACE,ROAD_COND_1,ROAD_COND_2,LIGHTING,CONTROL_DEVICE,CHP_ROAD_TYPE,PEDESTRIAN_ACCIDENT,BICYCLE_ACCIDENT,MOTORCYCLE_ACCIDENT,TRUCK_ACCIDENT,NOT_PRIVATE_PROPERTY,ALCOHOL_INVOLVED,STWD_VEHTYPE_AT_FAULT,CHP_VEHTYPE_AT_FAULT,COUNT_SEVERE_INJ,COUNT_VISIBLE_INJ,COUNT_COMPLAINT_PAIN,COUNT_PED_KILLED,COUNT_PED_INJURED,COUNT_BICYCLIST_KILLED,COUNT_BICYCLIST_INJURED,COUNT_MC_KILLED,COUNT_MC_INJURED,PRIMARY_RAMP,SECONDARY_RAMP,LATITUDE,LONGITUDE,COUNTY,CITY,POINT_X,POINT_Y
8550701,2018,2018-02-09,1942,2018-01-31,0720,37686,1612,3,5,7,1942,0,0,0,P,0,16A11,PAXTON ST,GLENOAKS BL,10,S,N,A,-,N,NA,NA,NA,NA,NA,NA,NA,NA,NA,N,4,0,1,2,A,-,10,21950,A,N,G,B,B,A,H,-,A,A,0,Y,NA,NA,NA,Y,NA,A,01,0,0,1,0,1,0,0,0,0,-,-,NA,NA,LOS ANGELES,LOS ANGELES,-118.41803741455078,34.279632568359375
8550702,2018,2018-03-28,1953,2018-01-22,1953,1552,1953,1,5,6,1953,0,0,0,NA,0,005,WALNUT ST,WILSON AV,0,NA,Y,A,-,N,NA,NA,NA,NA,NA,NA,NA,NA,NA,N,3,0,1,2,A,-,08,22107,NA,N,G,B,B,A,H,-,C,A,0,Y,NA,NA,NA,Y,NA,A,01,0,1,0,0,1,0,0,0,0,-,-,NA,NA,LOS ANGELES,PASADENA,-118.12808990478516,34.14960861206055
8550705,2018,2018-02-09,1942,2018-01-31,1230,40972,1645,3,5,7,1942,0,0,0,P,0,16A23,PIERCE ST,GLENOAKS BL,0,NA,Y,A,-,N,NA,NA,NA,NA,NA,NA,NA,NA,NA,N,4,0,1,2,A,-,10,21950,A,N,G,-,B,A,H,-,A,A,0,Y,NA,NA,NA,Y,NA,A,01,0,0,1,0,1,0,0,0,0,-,-,NA,NA,LOS ANGELES,LOS ANGELES,-118.40850830078124,34.27069091796875
8550706,2018,2018-02-10,1953,2018-01-22,1258,3367,1953,1,5,6,1953,0,0,0,NA,0,003,WASHINGTON BL,SINALOA AV,0,NA,Y,A,-,N,NA,NA,NA,NA,NA,NA,NA,NA,NA,Y,4,0,1,2,A,-,03,22350,NA,N,C,C,A,A,H,-,A,A,0,NA,NA,NA,NA,Y,NA,A,01,0,0,1,0,0,0,0,0,0,-,-,NA,NA,LOS ANGELES,PASADENA,-118.1154327392578,34.16912078857422
8550709,2018,2018-02-09,1942,2018-01-26,1425,37944,504,5,5,7,1942,0,0,0,NA,0,5A1,190TH ST,PACIFIC GATEWAY,242,E,N,A,-,N,NA,NA,NA,NA,NA,NA,NA,NA,NA,Y,4,0,3,2,A,-,09,21804,NA,N,D,C,A,A,G,-,A,D,0,NA,NA,NA,NA,Y,NA,A,01,0,0,3,0,0,0,0,0,0,-,-,NA,NA,LOS ANGELES,LOS ANGELES,-118.29452514648438,33.858306884765625
8550710,2018,2018-02-10,1953,2018-01-21,1133,7508,1953,7,5,6,1953,0,0,0,NA,0,005,DEL MAR BL,WILSON AV,0,NA,Y,A,-,N,NA,NA,NA,NA,NA,NA,NA,NA,NA,Y,4,0,1,2,A,-,12,21453,A,N,D,C,A,A,H,-,A,A,0,NA,NA,NA,NA,Y,NA,A,01,0,0,1,0,0,0,0,0,0,-,-,NA,NA,LOS ANGELES,PASADENA,-118.12801361083984,34.140968322753906
8550713,2018,2018-02-27,1942,2018-01-28,0150,42996,0501,7,5,7,1942,0,0,0,E,0,5A11,FIGUEROA ST,190TH ST,27,N,N,A,-,N,NA,NA,NA,NA,NA,NA,NA,NA,NA,Y,4,0,2,2,A,-,12,21453,A,N,D,C,A,A,H,-,C,A,0,NA,NA,NA,NA,Y,NA,-,-,0,0,2,0,0,0,0,0,0,-,-,NA,NA,LOS ANGELES,LOS ANGELES,-118.28156280517578,33.86286544799805
8550714,2018,2018-02-10,1942,2018-01-19,1840,38622,1259,5,5,7,1942,0,0,0,L,0,12A67,CENTRAL AV,78TH ST,60,NA,N,A,-,N,NA,NA,NA,NA,NA,NA,NA,NA,NA,N,4,0,1,2,A,-,09,21801,NA,N,H,A,A,A,H,-,A,D,0,NA,NA,Y,NA,Y,NA,A,01,0,0,1,0,0,0,0,0,1,-,-,NA,NA,LOS ANGELES,LOS ANGELES,-118.25641632080078,33.96847152709961
8550715,2018,2018-02-09,1941,2018-01-17,2338,10652,NA,3,5,7,1941,0,0,0,NA,0,NA,BROADWAY,LONG BEACH BL,0,NA,Y,A,-,N,NA,NA,NA,NA,NA,NA,NA,NA,NA,NA,4,0,1,2,A,-,07,21658,A,N,C,E,A,A,H,-,C,D,0,NA,NA,NA,NA,Y,NA,A,NA,0,0,1,0,0,0,0,0,0,-,-,NA,NA,LOS ANGELES,LONG BEACH,-118.18948364257813,33.769309997558594
8550717,2018,2018-02-09,1942,2018-01-26,0700,39708,LA,5,5,7,1942,0,0,0,NA,0,0513,VERMONT AV,NORMANDIE AV,100,S,N,A,-,N,NA,NA,NA,NA,NA,NA,NA,NA,NA,Y,3,0,2,2,A,-,07,21658,A,N,F,C,A,A,H,-,A,D,0,NA,NA,NA,NA,Y,NA,A,01,0,1,1,0,0,0,0,0,0,-,-,NA,NA,LOS ANGELES,LOS ANGELES,-118.29750061035156,33.78450393676758
8550718,2018,2018-03-13,1953,2018-01-20,1628,1003,1953,6,5,6,1953,0,0,0,NA,0,001,PASADENA AV,STATE ST,100,S,N,A,-,N,NA,NA,NA,NA,NA,NA,NA,NA,NA,Y,3,0,3,5,A,-,03,22350,NA,N,B,C,A,A,H,-,A,D,0,NA,NA,NA,NA,Y,NA,D,22,0,1,2,0,0,0,0,0,0,-,-,NA,NA,LOS ANGELES,PASADENA,-118.15444183349608,34.1254768371582
8550722,2018,2018-02-10,1942,2018-01-28,1630,41528,1094,7,5,7,1942,0,0,0,J,0,10A38,SWEET ELM DR,ANASTASIA DR,0,NA,Y,A,G,N,NA,NA,NA,NA,NA,NA,NA,NA,NA,Y,3,0,2,1,A,-,03,22350,NA,N,E,I,A,A,H,-,A,D,0,NA,NA,NA,NA,Y,NA,A,01,0,2,0,0,0,0,0,0,0,-,-,NA,NA,LOS ANGELES,LOS ANGELES,-118.52781677246094,34.14305877685547
8550726,2018,2018-02-10,1942,2018-01-30,0745,38399,1033,2,5,7,1942,0,0,0,J,0,10A21,CALVERT ST,RESEDA BL,465,W,N,A,-,N,NA,NA,NA,NA,NA,NA,NA,NA,NA,Y,4,0,1,5,A,-,03,22350,NA,N,D,C,A,A,H,-,A,D,0,NA,NA,NA,NA,Y,NA,A,01,0,0,1,0,0,0,0,0,0,-,-,NA,NA,LOS ANGELES,LOS ANGELES,-118.53756713867188,34.18184280395508
8550730,2018,2018-02-10,1942,2018-01-31,2130,33504,1049,3,5,7,1942,0,0,0,J,0,10A17,BURBANK BL,WOODLEY AV,181,W,N,A,-,N,NA,NA,NA,NA,NA,NA,NA,NA,NA,Y,2,0,1,2,A,-,11,21954,A,N,G,B,D,A,H,-,C,D,0,Y,NA,NA,NA,Y,NA,N,60,1,0,0,0,1,0,0,0,0,-,-,NA,NA,LOS ANGELES,LOS ANGELES,-118.47632598876952,34.17153549194336
8550732,2018,2018-02-14,1962,2018-01-22,1254,141,1962,1,5,4,1962,0,0,0,NA,0,004,DEL MAR AV,DEWEY AV,132,S,N,A,-,N,NA,NA,NA,NA,NA,NA,NA,NA,NA,N,4,0,1,2,A,-,08,22107,NA,N,B,C,A,A,H,-,A,D,0,NA,NA,NA,Y,Y,NA,F,26,0,0,1,0,0,0,0,0,0,-,-,34.077598571777344,-118.09961700439452,LOS ANGELES,SAN GABRIEL,-118.09957885742188,34.0771598815918
8550734,2018,2018-02-10,1942,2018-01-28,1859,39741,0906,7,5,7,1942,0,0,0,I,0,9G20,VAN NUYS BL,SHERMAN WY,0,NA,N,A,-,N,NA,NA,NA,NA,NA,NA,NA,NA,NA,N,4,0,1,2,A,-,10,21950,A,N,G,B,B,A,H,-,C,A,0,Y,NA,NA,NA,Y,NA,A,01,0,0,1,0,1,0,0,0,0,-,-,NA,NA,LOS ANGELES,LOS ANGELES,-118.44872283935548,34.20119094848633
8550738,2018,2018-02-10,1942,2018-01-28,2015,41397,0909,7,5,7,1942,0,0,0,I,0,9A63,WOODMAN AV,WOODMAN PL,120,N,N,A,-,N,NA,NA,NA,NA,NA,NA,NA,NA,NA,Y,4,0,3,2,A,-,04,21703,NA,N,C,C,A,A,H,-,C,D,0,NA,NA,NA,NA,Y,NA,A,01,0,0,3,0,0,0,0,0,0,-,-,NA,NA,LOS ANGELES,LOS ANGELES,-118.43123626708984,34.207489013671875
8550742,2018,2018-02-10,1942,2018-01-31,0005,38613,0984,3,5,7,1942,0,0,0,I,0,9A89,VENTURA BL,CEDROS AV,114,W,N,A,-,N,NA,NA,NA,NA,NA,NA,NA,NA,NA,Y,2,0,1,2,A,-,09,21801,A,N,-,C,A,-,H,-,C,A,0,NA,NA,Y,NA,Y,NA,A,07,1,0,0,0,0,0,0,0,1,-,-,NA,NA,LOS ANGELES,LOS ANGELES,-118.45342254638672,34.151702880859375
8550745,2018,2018-02-09,1922,2018-01-19,2139,690,NA,5,5,6,1922,0,0,0,NA,0,NA,VALLEY BL,GARVEY AV,5,E,N,A,-,N,NA,NA,NA,NA,NA,NA,NA,NA,NA,N,3,0,1,2,A,-,10,21950,A,N,H,G,A,A,H,-,C,A,0,NA,Y,NA,NA,Y,NA,A,07,0,1,0,0,0,0,1,0,0,-,-,34.062801361083984,-118.0192413330078,LOS ANGELES,EL MONTE,-118.01937866210938,34.06288146972656
8550746,2018,2018-02-10,1942,2018-01-31,1520,26319,0966,3,5,7,1942,0,0,0,I,0,9A63,CHANDLER BL,FULTON AV,0,NA,Y,A,-,N,NA,NA,NA,NA,NA,NA,NA,NA,NA,N,4,0,1,2,A,-,09,21801,A,N,D,C,A,A,H,-,A,A,0,NA,NA,NA,NA,Y,NA,A,01,0,0,1,0,0,0,0,0,0,-,-,NA,NA,LOS ANGELES,LOS ANGELES,-118.42249298095705,34.16856002807617
8550749,2018,2018-02-09,1922,2018-01-05,2135,578,NA,5,5,6,1922,0,0,0,NA,0,003,ELLIOTT AV,PECK RD,300,W,N,A,-,N,NA,NA,NA,NA,NA,NA,NA,NA,NA,Y,4,0,1,2,A,-,05,21752,D,M,B,C,A,A,H,-,C,D,0,NA,NA,NA,NA,Y,NA,A,07,0,0,1,0,0,0,0,0,0,-,-,NA,NA,LOS ANGELES,EL MONTE,-118.0315399169922,34.05856704711914
8550750,2018,2018-02-10,1942,2018-01-13,1330,40634,0939,6,5,7,1942,0,0,0,I,0,9A37,OXNARD ST,COLDWATER CANYON AV,0,NA,Y,A,-,N,NA,NA,NA,NA,NA,NA,NA,NA,NA,Y,3,0,2,3,A,-,09,21800,D,N,D,C,A,A,H,-,A,B,0,NA,NA,NA,NA,Y,NA,A,07,0,1,1,0,0,0,0,0,0,-,-,NA,NA,LOS ANGELES,LOS ANGELES,-118.41375732421876,34.179420471191406
8550753,2018,2018-02-09,1922,2018-01-14,1155,680,1,7,5,6,1922,0,0,0,NA,0,001,RAMONA BL,VALLEY BL,20,E,N,A,-,N,NA,NA,NA,NA,NA,NA,NA,NA,NA,Y,4,0,1,1,A,-,05,21651,B,N,E,I,A,A,H,-,A,D,0,NA,NA,NA,NA,Y,NA,A,01,0,0,1,0,0,0,0,0,0,-,-,34.0726203918457,-118.03250122070313,LOS ANGELES,EL MONTE,-118.03279876708984,34.07250213623047
8550754,2018,2018-02-10,1942,2018-01-31,1950,32774,0935,3,5,7,1942,0,0,0,I,0,15TL46,HAZELTINE AV,BESSEMER ST,0,NA,Y,A,-,N,NA,NA,NA,NA,NA,NA,NA,NA,NA,N,2,0,1,2,A,-,11,21954,A,N,G,B,D,A,H,-,C,D,0,Y,NA,NA,NA,Y,NA,N,60,1,0,0,0,1,0,0,0,0,-,-,NA,NA,LOS ANGELES,LOS ANGELES,-118.43997192382813,34.18122863769531
8550757,2018,2018-02-09,1922,2018-01-11,1123,576,NA,4,5,6,1922,0,0,0,NA,0,NA,PECK RD,KLINGERMAN ST,0,NA,Y,A,-,N,NA,NA,NA,NA,NA,NA,NA,NA,NA,Y,4,0,1,2,A,-,09,21802,A,N,D,C,A,A,H,-,A,A,0,NA,NA,NA,NA,Y,NA,A,01,0,0,1,0,0,0,0,0,0,-,-,34.0560188293457,-118.03057861328124,LOS ANGELES,EL MONTE,-118.03057861328124,34.05598831176758
8550758,2018,2018-02-10,1942,2018-01-27,0015,32774,0943,6,5,7,1942,0,0,0,I,0,9A41,VAN NUYS BL,BURBANK BL,38,S,N,A,-,N,NA,NA,NA,NA,NA,NA,NA,NA,NA,Y,4,0,2,2,A,-,01,23152,A,N,C,C,A,A,H,-,C,D,0,NA,NA,NA,NA,Y,Y,A,07,0,0,2,0,0,0,0,0,0,-,-,NA,NA,LOS ANGELES,LOS ANGELES,-118.44873809814452,34.17200469970703
8550761,2018,2018-03-06,1922,2018-01-24,2014,669,1,3,5,6,1922,0,0,0,NA,0,001,CYPRESS AV,ORCHARD ST,20,S,N,A,-,N,NA,NA,NA,NA,NA,NA,NA,NA,NA,Y,3,0,1,4,A,-,03,22350,NA,F,D,E,E,A,H,-,C,D,0,Y,NA,NA,NA,Y,Y,A,01,0,1,0,0,1,0,0,0,0,-,-,34.075679779052734,-118.02970123291016,LOS ANGELES,EL MONTE,-118.02967834472656,34.075599670410156
8550762,2018,2018-02-10,1942,2018-01-28,0605,41158,1559,7,5,7,1942,0,0,0,O,0,15A67,CAHUENGA BL,HORTENSE ST,96,N,N,A,-,N,NA,NA,NA,NA,NA,NA,NA,NA,NA,Y,2,0,2,4,A,-,01,23152,A,N,D,C,A,A,H,-,B,D,0,NA,NA,NA,NA,Y,Y,A,01,1,1,0,0,0,0,0,0,0,-,-,NA,NA,LOS ANGELES,LOS ANGELES,-118.36151885986328,34.15501403808594
8550765,2018,2018-02-09,1922,2018-01-09,1030,633,NA,2,5,6,1922,0,0,0,NA,0,NA,TYLER AV,LAMBERT AV,200,N,N,B,-,N,NA,NA,NA,NA,NA,NA,NA,NA,NA,N,4,0,1,2,A,-,04,21703,NA,M,C,C,A,B,H,-,A,D,0,NA,NA,NA,NA,Y,NA,A,01,0,0,1,0,0,0,0,0,0,-,-,34.084678649902344,-118.03083038330078,LOS ANGELES,EL MONTE,-118.03060913085938,34.085147857666016
8550766,2018,2018-02-10,1942,2018-01-25,1915,43067,0906,4,5,7,1942,0,0,0,I,0,9A63-W,LENNOX AV,VALERIO ST,0,NA,Y,A,-,N,NA,NA,NA,NA,NA,NA,NA,NA,NA,N,4,0,1,2,A,-,12,22450,A,F,G,B,B,A,H,-,C,D,0,Y,NA,NA,NA,Y,NA,-,99,0,0,1,0,1,0,0,0,0,-,-,NA,NA,LOS ANGELES,LOS ANGELES,-118.4455108642578,34.20481872558594
8550769,2018,2018-02-09,1922,2018-01-22,0745,659,NA,1,5,6,1922,0,0,0,NA,0,001,LAMBERT AV,CEDAR AV,30,E,N,A,-,N,NA,NA,NA,NA,NA,NA,NA,NA,NA,N,3,0,1,2,A,-,08,22107,NA,N,C,C,A,A,H,-,A,A,0,NA,NA,NA,NA,Y,NA,A,07,0,1,0,0,0,0,0,0,0,-,-,34.08319854736328,-118.02371978759766,LOS ANGELES,EL MONTE,-118.02438354492188,34.083309173583984
8550770,2018,2018-02-09,1942,2018-01-29,2245,40165,2177,1,5,7,1942,0,0,0,NA,0,21A97,BURBANK BL,OWENSMOUTH AV,375,W,N,A,-,N,NA,NA,NA,NA,NA,NA,NA,NA,NA,Y,3,0,1,4,A,-,01,23152,A,N,B,E,A,A,H,-,C,D,0,NA,NA,NA,NA,Y,Y,A,01,0,1,0,0,0,0,0,0,0,-,-,NA,NA,LOS ANGELES,LOS ANGELES,-118.60292053222656,34.172672271728516
8550773,2018,2018-02-09,1922,2018-01-14,1457,682,NA,7,5,6,1922,0,0,0,NA,0,NA,TYLER AV,ELLIOTT,0,NA,Y,A,-,N,NA,NA,NA,NA,NA,NA,NA,NA,NA,Y,3,0,5,2,A,-,09,21802,A,N,D,C,A,A,H,-,A,A,0,NA,NA,NA,NA,Y,NA,A,01,0,1,4,0,0,0,0,0,0,-,-,34.05862045288086,-118.03565979003906,LOS ANGELES,EL MONTE,-118.03562927246094,34.058589935302734
8550774,2018,2018-02-09,1942,2018-01-23,0730,41713,2157,2,5,7,1942,0,0,0,NA,0,21A34,VANOWEN,TOPANGA,0,NA,N,A,-,N,NA,NA,NA,NA,NA,NA,NA,NA,NA,N,4,0,1,2,A,-,04,21703,NA,N,C,C,A,A,H,-,C,A,0,NA,NA,NA,NA,Y,NA,A,01,0,0,1,0,0,0,0,0,0,-,-,NA,NA,LOS ANGELES,LOS ANGELES,-118.60591,34.19375
8550777,2018,2018-02-09,1922,2018-01-20,1436,680,3,6,5,6,1922,0,0,0,NA,0,003,GARVEY,NEW DEAL,0,NA,Y,A,-,N,NA,NA,NA,NA,NA,NA,NA,NA,NA,Y,4,0,2,1,B,-,22,NA,NA,N,E,I,A,A,H,-,A,D,0,NA,NA,NA,NA,Y,NA,A,01,0,0,2,0,0,0,0,0,0,-,-,34.062931060791016,-118.03208923339844,LOS ANGELES,EL MONTE,-118.03205108642578,34.06285095214844
8550778,2018,2018-02-09,1942,2018-01-29,1435,35481,2126,1,5,7,1942,0,0,0,NA,0,21A5,DE SOTO AV,ROSCOE BL,305,S,N,A,-,N,NA,NA,NA,NA,NA,NA,NA,NA,NA,N,4,0,2,2,A,-,09,21801,A,N,D,C,A,A,H,-,A,D,0,NA,NA,NA,NA,Y,NA,A,01,0,0,2,0,0,0,0,0,0,-,-,NA,NA,LOS ANGELES,LOS ANGELES,-118.58849334716795,34.2191047668457
8550781,2018,2018-02-09,1922,2018-01-10,1345,563,NA,3,5,6,1922,0,0,0,NA,0,NA,TELSTAR AV,AEROJET AV,0,NA,Y,A,-,N,NA,NA,NA,NA,NA,NA,NA,NA,NA,N,4,0,1,2,A,-,12,22450,A,N,D,C,A,A,H,-,A,A,0,NA,NA,NA,NA,Y,NA,A,07,0,0,1,0,0,0,0,0,0,-,-,34.06884002685547,-118.06880950927734,LOS ANGELES,EL MONTE,-118.06874847412108,34.068809509277344
8550782,2018,2018-02-10,1942,2018-01-31,1810,26319,2158,3,5,7,1942,0,0,0,NA,0,21A43,WINNETKA AV,CALVERT ST,40,S,N,A,-,N,NA,NA,NA,NA,NA,NA,NA,NA,NA,Y,4,0,2,3,A,-,03,22350,NA,N,-,C,A,-,D,-,C,A,0,NA,NA,NA,NA,Y,NA,A,01,0,0,2,0,0,0,0,0,0,-,-,NA,NA,LOS ANGELES,LOS ANGELES,-118.57096099853516,34.18217849731445
8550785,2018,2018-02-09,1922,2018-01-18,1639,578,NA,4,5,6,1922,0,0,0,NA,0,003,CENTRAL AV,BODGER ST,100,S,N,A,-,N,NA,NA,NA,NA,NA,NA,NA,NA,NA,Y,3,0,1,3,A,-,03,22350,NA,N,D,C,F,A,H,-,A,D,0,Y,NA,NA,NA,Y,NA,A,01,0,1,0,0,1,0,0,0,0,-,-,34.064109802246094,-118.0469207763672,LOS ANGELES,EL MONTE,-118.04686737060548,34.063785552978516
8550786,2018,2018-02-09,1942,2018-01-31,1755,39048,NA,3,5,7,1942,0,0,0,NA,0,NA,VANOWEN ST,DE SOTO AV,150,E,N,A,-,N,NA,NA,NA,NA,NA,NA,NA,NA,NA,Y,4,0,1,2,A,-,04,21703,NA,N,C,C,A,A,H,-,C,D,0,NA,NA,NA,NA,Y,NA,A,08,0,0,1,0,0,0,0,0,0,-,-,NA,NA,LOS ANGELES,LOS ANGELES,-118.58792114257813,34.193782806396484
8550789,2018,2018-02-09,1922,2018-01-20,1827,598,NA,6,5,6,1922,0,0,0,NA,0,NA,VALLEY BL,COGSWELL,0,NA,Y,B,-,N,NA,NA,NA,NA,NA,NA,NA,NA,NA,N,4,0,4,2,A,-,04,21703,NA,N,C,C,A,A,H,-,C,D,0,NA,NA,NA,NA,Y,NA,A,01,0,0,4,0,0,0,0,0,0,-,-,34.06211853027344,-118.01795959472656,LOS ANGELES,EL MONTE,-118.01795959472656,34.06214141845703
8550790,2018,2018-02-10,1942,2018-01-24,2005,35410,2139,3,5,7,1942,0,0,0,NA,0,21A43,WINNETKA AV,LEADWELL ST,0,NA,Y,A,-,N,NA,NA,NA,NA,NA,NA,NA,NA,NA,Y,4,0,1,2,A,-,03,22350,NA,N,C,D,A,A,H,-,C,D,0,NA,NA,NA,NA,Y,NA,A,01,0,0,1,0,0,0,0,0,0,-,-,NA,NA,LOS ANGELES,LOS ANGELES,-118.57099151611328,34.203468322753906
8550793,2018,2018-02-27,1942,2018-01-25,2340,40118,1015,4,5,7,1942,0,0,0,J,0,10A21,SHERMAN WAY,CANBY AV,50,W,N,A,-,N,NA,NA,NA,NA,NA,NA,NA,NA,NA,Y,4,0,1,2,A,-,12,21453,NA,N,D,C,A,A,H,-,C,D,0,NA,NA,NA,NA,Y,NA,-,-,0,0,1,0,0,0,0,0,0,-,-,NA,NA,LOS ANGELES,LOS ANGELES,-118.53494262695313,34.20117950439453
8550794,2018,2018-02-09,1942,2018-01-23,1930,38458,2141,2,5,7,1942,0,0,0,NA,0,21A57,VALLEY CIRCLE BL,VICTORY BL,75,N,N,A,-,N,NA,NA,NA,NA,NA,NA,NA,NA,NA,Y,3,0,1,2,A,-,07,21658,A,N,D,C,A,A,H,-,D,D,0,NA,NA,NA,NA,Y,NA,A,01,0,1,0,0,0,0,0,0,0,-,-,NA,NA,LOS ANGELES,LOS ANGELES,-118.6558074951172,34.184852600097656
8550796,2018,2018-02-27,1976,2018-01-24,1404,466,NA,3,5,5,1976,0,0,0,NA,0,001,NORWALK BL,BEVERLY BL,39,S,N,A,-,N,NA,NA,NA,NA,NA,NA,NA,NA,NA,N,4,0,2,2,A,-,21,22106,NA,N,C,C,A,A,H,-,A,A,0,NA,NA,NA,Y,Y,NA,F,26,0,0,2,0,0,0,0,0,0,-,-,NA,NA,LOS ANGELES,WHITTIER,-118.05557250976564,33.99853515625
8550797,2018,2018-02-09,1942,2018-01-27,1900,41160,1088,6,5,7,1942,0,0,0,J,0,10X88,VENTURA BL,HAYVENHURST AV,200,W,N,A,-,N,NA,NA,NA,NA,NA,NA,NA,NA,NA,Y,4,0,1,2,A,-,04,21703,NA,N,D,C,A,A,H,-,C,D,0,NA,NA,NA,NA,Y,NA,A,01,0,0,1,0,0,0,0,0,0,-,-,NA,NA,LOS ANGELES,LOS ANGELES,-118.49297332763672,34.15763473510742
8550798,2018,2018-02-09,1942,2018-01-25,2220,35410,2189,4,5,7,1942,0,0,0,NA,0,21A43,WINNETKA AV,VENTURA BL,0,NA,Y,A,-,N,NA,NA,NA,NA,NA,NA,NA,NA,NA,N,4,0,3,2,A,-,08,22100,5,N,B,C,A,A,H,-,C,A,0,NA,NA,NA,NA,Y,NA,A,01,0,0,3,0,0,0,0,0,0,-,-,NA,NA,LOS ANGELES,LOS ANGELES,-118.57095336914064,34.17097854614258
8550800,2018,2018-02-14,1976,2018-01-25,0810,406,1976,4,5,5,1976,0,0,0,NA,0,002,MULBERRY DR,GREENLEAF AV,300,E,N,A,-,N,NA,NA,NA,NA,NA,NA,NA,NA,NA,Y,4,0,1,2,A,-,03,22350,NA,N,C,C,A,A,H,-,A,D,0,NA,NA,NA,NA,Y,NA,D,22,0,0,1,0,0,0,0,0,0,-,-,NA,NA,LOS ANGELES,WHITTIER,-118.04605865478516,33.95560073852539
8550887,2018,2018-03-05,1942,2018-01-25,1750,38492,RD194,4,5,7,1942,0,0,0,NA,0,19X12,RINALDI ST,LEV AV,0,NA,Y,A,-,N,NA,NA,NA,NA,NA,NA,NA,NA,NA,Y,4,0,1,2,A,-,09,21801,A,N,A,C,A,A,H,-,C,A,0,NA,NA,NA,NA,Y,NA,A,01,0,0,1,0,0,0,0,0,0,-,-,NA,NA,LOS ANGELES,LOS ANGELES,-118.46109008789064,34.27901840209961
8550899,2018,2018-02-15,1953,2018-01-19,1517,8377,NA,5,5,6,1953,0,0,0,NA,0,003,DEL MAR BL,BONNIE AV,0,NA,Y,C,-,N,NA,NA,NA,NA,NA,NA,NA,NA,NA,Y,4,0,1,2,A,-,04,21703,NA,N,C,C,A,B,H,-,A,A,0,NA,NA,NA,NA,Y,NA,A,01,0,0,1,0,0,0,0,0,0,-,-,NA,NA,LOS ANGELES,PASADENA,-118.1156005859375,34.141929626464844
8550903,2018,2018-03-01,1953,2018-01-19,0805,9511,1953,5,5,6,1953,0,0,0,NA,0,002,LINCOLN AV,ANDERSON PL,100,S,N,B,-,N,NA,NA,NA,NA,NA,NA,NA,NA,NA,Y,4,0,1,2,A,-,07,21658,A,N,B,C,A,A,H,-,A,D,0,NA,NA,NA,NA,Y,NA,-,-,0,0,1,0,0,0,0,0,0,-,-,NA,NA,LOS ANGELES,PASADENA,-118.15963745117188,34.17617416381836
8550907,2018,2018-02-15,1953,2018-01-18,1416,8377,NA,4,5,6,1953,0,0,0,NA,0,003,BONNIE AV,COLORADO BL,0,NA,Y,A,-,N,NA,NA,NA,NA,NA,NA,NA,NA,NA,N,4,0,1,2,A,-,10,21950,A,N,G,B,B,A,H,-,A,A,0,Y,NA,NA,NA,Y,NA,A,01,0,0,1,0,1,0,0,0,0,-,-,NA,NA,LOS ANGELES,PASADENA,-118.11573028564452,34.145999908447266
8550911,2018,2018-02-15,1953,2018-01-18,1113,4817,1953,4,5,6,1953,0,0,0,NA,0,003,MOUNTAIN ST,HOLLISTON AV,0,NA,Y,A,-,N,NA,NA,NA,NA,NA,NA,NA,NA,NA,NA,4,0,1,2,A,-,12,22450,A,N,D,C,A,A,H,-,A,D,0,NA,NA,NA,NA,Y,NA,A,01,0,0,1,0,0,0,0,0,0,-,-,NA,NA,LOS ANGELES,PASADENA,-118.12300872802734,34.161651611328125