CASE_ID,ACCIDENT_YEAR,PROC_DATE,JURIS,COLLISION_DATE,COLLISION_TIME,OFFICER_ID,REPORTING_DISTRICT,DAY_OF_WEEK,CHP_SHIFT,POPULATION,CNTY_CITY_LOC,SPECIAL_COND,BEAT_TYPE,CHP_BEAT_TYPE,CITY_DIVISION_LAPD,CHP_BEAT_CLASS,BEAT_NUMBER,PRIMARY_RD,SECONDARY_RD,DISTANCE,DIRECTION,INTERSECTION,WEATHER_1,WEATHER_2,STATE_HWY_IND,CALTRANS_COUNTY,CALTRANS_DISTRICT,STATE_ROUTE,ROUTE_SUFFIX,POSTMILE_PREFIX,POSTMILE,LOCATION_TYPE,RAMP_INTERSECTION,SIDE_OF_HWY,TOW_AWAY,COLLISION_SEVERITY,NUMBER_KILLED,NUMBER_INJURED,PARTY_COUNT,PRIMARY_COLL_FACTOR,PCF_CODE_OF_VIOL,PCF_VIOL_CATEGORY,PCF_VIOLATION,PCF_VIOL_SUBSECTION,HIT_AND_RUN,TYPE_OF_COLLISION,MVIW,PED_ACTION,ROAD_SURFACE,ROAD_COND_1,ROAD_COND_2,LIGHTING,CONTROL_DEVICE,CHP_ROAD_TYPE,PEDESTRIAN_ACCIDENT,BICYCLE_ACCIDENT,MOTORCYCLE_ACCIDENT,TRUCK_ACCIDENT,NOT_PRIVATE_PROPERTY,ALCOHOL_INVOLVED,STWD_VEHTYPE_AT_FAULT,CHP_VEHTYPE_AT_FAULT,COUNT_SEVERE_INJ,COUNT_VISIBLE_INJ,COUNT_COMPLAINT_PAIN,COUNT_PED_KILLED,COUNT_PED_INJURED,COUNT_BICYCLIST_KILLED,COUNT_BICYCLIST_INJURED,COUNT_MC_KILLED,COUNT_MC_INJURED,PRIMARY_RAMP,SECONDARY_RAMP,LATITUDE,LONGITUDE,COUNTY,CITY,POINT_X,POINT_Y
8555359,2018,2018-02-20,1900,2018-01-19,1625,614010,2243,5,5,3,1989,0,0,0,NA,0,224T2,LAS VIRGENES RD,BRAVO LN,0,NA,Y,A,-,N,NA,NA,NA,NA,NA,NA,NA,NA,NA,N,4,0,1,2,A,-,07,21658,A,N,D,C,A,A,H,-,A,D,0,NA,NA,NA,NA,Y,NA,A,01,0,0,1,0,0,0,0,0,0,-,-,NA,NA,LOS ANGELES,CALABASAS,-118.69979095458984,34.15660095214844
8555377,2018,2018-02-20,1942,2018-02-04,1940,42214,1207,7,5,7,1942,0,0,0,L,0,12A39,VERMONT AV,46TH ST,50,S,N,A,-,N,NA,NA,NA,NA,NA,NA,NA,NA,NA,N,4,0,2,3,A,-,04,21703,NA,N,C,C,A,A,H,-,C,D,0,NA,NA,NA,NA,Y,NA,A,08,0,0,2,0,0,0,0,0,0,-,-,NA,NA,LOS ANGELES,LOS ANGELES,-118.291544,34.001481
8555378,2018,2018-02-16,1942,2018-01-24,2050,42293,1849,3,5,7,1942,0,0,0,R,0,25T21,WILMINGTON AV,114TH ST,30,S,N,A,-,N,NA,NA,NA,NA,NA,NA,NA,NA,NA,Y,4,0,3,3,A,-,01,23152,A,N,B,C,A,A,H,-,C,D,0,NA,NA,NA,NA,Y,Y,A,01,0,0,3,0,0,0,0,0,0,-,-,NA,NA,LOS ANGELES,LOS ANGELES,-118.23908996582033,33.931427001953125
8555381,2018,2018-02-20,1942,2018-02-02,0735,41536,1213,5,5,7,1942,0,0,0,L,0,25T27,W 54TH ST,CIMARRON ST,0,NA,Y,A,-,N,NA,NA,NA,NA,NA,NA,NA,NA,NA,Y,2,0,1,2,A,-,09,21801,A,N,D,C,A,A,H,-,A,D,0,NA,NA,Y,NA,Y,NA,A,07,1,0,0,0,0,0,0,0,1,-,-,NA,NA,LOS ANGELES,LOS ANGELES,-118.31604766845705,33.993221282958984
8555382,2018,2018-02-16,1942,2018-01-27,1150,42854,1243,6,5,7,1942,0,0,0,L,0,12A3,65TH PL,WESTERN AV,0,NA,Y,A,-,N,NA,NA,NA,NA,NA,NA,NA,NA,NA,Y,3,0,2,2,A,-,12,22450,A,F,A,C,A,A,H,-,A,-,0,NA,NA,NA,NA,Y,NA,A,01,0,1,1,0,0,0,0,0,0,-,-,NA,NA,LOS ANGELES,LOS ANGELES,-118.30896759033205,33.979801177978516
8555385,2018,2018-02-20,1942,2018-02-05,2210,42925,1962,1,5,7,1942,0,0,0,NA,0,18A3,S BROADWAY,118TH PL,140,S,N,A,-,N,NA,NA,NA,NA,NA,NA,NA,NA,NA,Y,4,0,1,4,A,-,03,22350,NA,N,A,E,A,A,H,-,C,D,0,NA,NA,NA,NA,Y,NA,A,01,0,0,1,0,0,0,0,0,0,-,-,NA,NA,LOS ANGELES,LOS ANGELES,-118.27825927734376,33.925167083740234
8555386,2018,2018-03-08,1942,2018-01-28,0455,25019,1255,7,5,7,1942,0,0,0,L,0,12A39,NORMANDIE AV,FLORENCE AV,0,NA,Y,A,-,N,NA,NA,NA,NA,NA,NA,NA,NA,NA,N,4,0,2,2,A,-,12,21453,A,F,D,C,A,A,-,-,C,A,0,NA,NA,NA,NA,Y,Y,-,99,0,0,2,0,0,0,0,0,0,-,-,NA,NA,LOS ANGELES,LOS ANGELES,-118.30030059814452,33.974578857421875
8555389,2018,2018-02-20,1942,2018-02-06,0330,41060,1871,2,5,7,1942,0,0,0,R,0,18A97,ROSCRANS AV,FIGUEROA ST,0,S,N,A,-,N,NA,NA,NA,NA,NA,NA,NA,NA,NA,N,4,0,1,2,A,-,09,21801,A,N,A,C,A,A,H,-,C,A,0,NA,NA,NA,NA,Y,NA,A,07,0,0,1,0,0,0,0,0,0,-,-,NA,NA,LOS ANGELES,LOS ANGELES,-118.01495361328124,33.89862823486328
8555390,2018,2018-02-16,1942,2018-01-29,1300,41027,1267,1,5,7,1942,0,0,0,L,0,18A1,VERMONT AV,92ND ST,30,S,N,A,-,N,NA,NA,NA,NA,NA,NA,NA,NA,NA,N,4,0,1,2,A,-,04,21703,NA,F,C,C,A,A,H,-,A,A,0,NA,NA,NA,NA,Y,NA,-,99,0,0,1,0,0,0,0,0,0,-,-,NA,NA,LOS ANGELES,LOS ANGELES,-118.291895,33.952701
8555393,2018,2018-02-20,1942,2018-02-05,1030,32305,1861,1,5,7,1942,0,0,0,R,0,12XL59,VERMONT AV,IMPERIAL HWY,400,S,N,A,-,N,NA,NA,NA,NA,NA,NA,NA,NA,NA,N,4,0,1,2,A,-,07,21658,A,N,B,C,A,A,H,-,A,D,0,NA,NA,NA,NA,Y,NA,A,01,0,0,1,0,0,0,0,0,0,-,-,NA,NA,LOS ANGELES,LOS ANGELES,-118.29160308837892,33.92988204956055
8555394,2018,2018-02-16,1942,2018-01-31,1100,41536,1253,3,5,7,1942,0,0,0,L,0,12A53,S VAN NESS AV,78TH PL,155,S,N,A,-,N,NA,NA,NA,NA,NA,NA,NA,NA,NA,Y,4,0,1,2,A,-,05,21650,NA,N,D,C,A,A,H,-,A,A,0,NA,NA,NA,NA,Y,NA,A,07,0,0,1,0,0,0,0,0,0,-,-,NA,NA,LOS ANGELES,LOS ANGELES,-118.31774139404295,33.96775436401367
8555397,2018,2018-02-20,1942,2018-02-03,1220,42485,1842,6,5,7,1942,0,0,0,R,0,18A49,87TH ST,MAIN ST,0,NA,Y,A,-,N,NA,NA,NA,NA,NA,NA,NA,NA,NA,N,4,0,1,2,A,-,05,21650,1,N,D,G,A,A,H,-,A,D,0,NA,Y,NA,NA,Y,NA,L,04,0,0,1,0,0,0,1,0,0,-,-,NA,NA,LOS ANGELES,LOS ANGELES,-118.2738800048828,33.95907974243164
8555398,2018,2018-02-16,1942,2018-01-31,0745,41536,1245,3,5,7,1942,0,0,0,L,0,12A45,W 65TH PL,HALLDALE AV,0,NA,Y,A,-,N,NA,NA,NA,NA,NA,NA,NA,NA,NA,N,4,0,1,2,A,-,12,22450,A,N,D,C,A,A,H,-,A,A,0,NA,NA,NA,NA,Y,NA,A,01,0,0,1,0,0,0,0,0,0,-,-,NA,NA,LOS ANGELES,LOS ANGELES,-118.30242919921876,33.97980880737305
8555401,2018,2018-02-20,1942,2018-02-05,0749,33160,1871,1,5,7,1942,0,0,0,R,0,18A97,FIGUEROA ST,135TH ST,60,N,N,A,-,N,NA,NA,NA,NA,NA,NA,NA,NA,NA,Y,4,0,1,1,A,-,03,22350,NA,N,A,I,A,A,H,-,A,D,0,NA,NA,NA,NA,Y,NA,A,01,0,0,1,0,0,0,0,0,0,-,-,NA,NA,LOS ANGELES,LOS ANGELES,-118.2827377319336,33.909324645996094
8555402,2018,2018-03-06,1942,2018-01-25,1815,40921,1255,4,5,7,1942,0,0,0,L,0,12X52,NORMANDIE AV,73RD ST,150,S,N,A,-,N,NA,NA,NA,NA,NA,NA,NA,NA,NA,N,4,0,1,2,B,-,22,NA,NA,N,G,B,F,A,H,-,B,D,0,Y,NA,Y,NA,Y,Y,C,02,0,0,1,0,1,0,0,0,0,-,-,NA,NA,LOS ANGELES,LOS ANGELES,-118.30030059814452,33.973228454589844
8555405,2018,2018-02-20,1942,2018-02-04,1925,42798,1824,7,5,7,1942,0,0,0,R,0,18X96,CLOVIS,103RD ST,0,NA,Y,A,-,N,NA,NA,NA,NA,NA,NA,NA,NA,NA,Y,3,0,1,2,C,-,18,NA,NA,N,G,B,E,A,H,-,C,D,0,Y,NA,NA,NA,Y,NA,-,-,0,1,0,0,1,0,0,0,0,-,-,NA,NA,LOS ANGELES,LOS ANGELES,-118.25653076171876,33.94327163696289
8555406,2018,2018-02-16,1942,2018-01-24,2140,36911,1806,3,5,7,1942,0,0,0,R,0,18A3,S CENTRAL AV,88TH PL,80,N,N,A,-,N,NA,NA,NA,NA,NA,NA,NA,NA,NA,Y,4,0,3,2,A,-,01,23152,A,N,D,C,A,A,H,-,C,D,0,NA,NA,NA,NA,Y,Y,A,01,0,0,3,0,0,0,0,0,0,-,-,NA,NA,LOS ANGELES,LOS ANGELES,-118.25641632080078,33.956748962402344
8555409,2018,2018-02-20,1942,2018-02-03,2050,39758,1802,6,5,7,1942,0,0,0,R,0,18E15,88TH ST,FIGUEROA AV,0,NA,Y,A,-,N,NA,NA,NA,NA,NA,NA,NA,NA,NA,N,3,0,1,2,A,-,03,22350,NA,F,G,B,B,A,H,-,C,-,0,Y,NA,NA,NA,Y,NA,-,99,0,1,0,0,1,0,0,0,0,-,-,NA,NA,LOS ANGELES,LOS ANGELES,-118.28272247314452,33.95737075805664
8555414,2018,2018-02-16,1942,2018-01-31,1600,42551,1258,3,5,7,1942,0,0,0,L,0,18A3,MAIN ST,FLORENCE AV,0,NA,Y,A,-,N,NA,NA,NA,NA,NA,NA,NA,NA,NA,N,4,0,1,2,A,-,08,22107,NA,N,D,C,A,A,H,-,B,A,0,NA,NA,NA,NA,Y,NA,A,01,0,0,1,0,0,0,0,0,0,-,-,NA,NA,LOS ANGELES,LOS ANGELES,-118.27394104003906,33.97468185424805
8555417,2017,2018-03-16,1942,2017-12-29,1650,42387,0185,5,5,7,1942,0,0,0,A,0,1A84,LOS ANGELES ST,OLYMPIC BL,150,S,N,A,-,N,NA,NA,NA,NA,NA,NA,NA,NA,NA,N,4,0,1,2,A,-,03,22350,NA,F,D,E,A,A,H,-,A,D,0,NA,NA,NA,NA,Y,NA,-,99,0,0,1,0,0,0,0,0,0,-,-,NA,NA,LOS ANGELES,LOS ANGELES,-118.25621925,34.0393176
8555418,2018,2018-02-16,1942,2018-01-31,2100,42594,1211,3,5,7,1942,0,0,0,L,0,3L90,ARLINGTON AV,54TH ST,0,NA,Y,A,-,N,NA,NA,NA,NA,NA,NA,NA,NA,NA,N,4,0,1,2,A,-,00,20015,NA,F,G,B,B,A,H,-,C,D,0,Y,NA,NA,NA,Y,NA,-,99,0,0,1,0,1,0,0,0,0,-,-,NA,NA,LOS ANGELES,LOS ANGELES,-118.31822,33.9932
8555422,2018,2018-02-16,1965,2018-01-27,2131,3937,0B1E,6,5,5,1965,0,0,0,NA,0,B001,MAIN ST,OCEAN PARK BL,0,NA,Y,A,-,N,NA,NA,NA,NA,NA,NA,NA,NA,NA,Y,4,0,1,2,A,-,12,21453,A,N,D,C,A,A,H,-,C,A,0,NA,NA,NA,NA,Y,NA,A,01,0,0,1,0,0,0,0,0,0,-,-,NA,NA,LOS ANGELES,SANTA MONICA,-118.4839324951172,34.00230026245117
8555426,2018,2018-02-16,1965,2018-01-26,0945,3178,0B3A,5,5,5,1965,0,0,0,NA,0,B003,SANTA MONICA BL,23RD ST,8,W,N,A,-,N,NA,NA,NA,NA,NA,NA,NA,NA,NA,N,3,0,1,2,A,-,10,21950,A,F,G,B,B,A,H,-,A,A,0,Y,NA,NA,NA,Y,NA,A,07,0,1,0,0,1,0,0,0,0,-,-,NA,NA,LOS ANGELES,SANTA MONICA,-118.47759246826172,34.030635833740234
8555430,2018,2018-02-16,1942,2018-01-04,0750,41883,1205,4,5,7,1942,0,0,0,L,0,12A3,NORMANDIE AV,48TH ST,5,N,N,A,-,N,NA,NA,NA,NA,NA,NA,NA,NA,NA,N,4,0,1,2,A,-,05,21650,1,N,D,G,A,A,H,-,A,A,0,NA,Y,NA,NA,Y,NA,L,04,0,0,1,0,0,0,1,0,0,-,-,NA,NA,LOS ANGELES,LOS ANGELES,-118.30019378662108,34.00009536743164
8555434,2018,2018-02-16,1965,2018-01-31,0850,3693,NA,3,5,5,1965,0,0,0,NA,0,NA,MAIN ST,OCEAN PARK BL,0,NA,Y,A,-,N,NA,NA,NA,NA,NA,NA,NA,NA,NA,N,3,0,3,2,A,-,09,21801,A,N,A,C,A,A,H,-,A,A,0,NA,NA,NA,NA,Y,NA,A,01,0,2,1,0,0,0,0,0,0,-,-,NA,NA,LOS ANGELES,SANTA MONICA,-118.4839324951172,34.00230026245117
8555437,2017,2018-02-20,1942,2017-12-19,2130,41978,0625,2,5,7,1942,0,0,0,F,0,20T59,HIGHLAND AV,PAT MOORE WY,0,NA,Y,A,-,N,NA,NA,NA,NA,NA,NA,NA,NA,NA,Y,2,0,1,2,A,-,12,21453,A,N,D,C,A,A,H,-,C,A,0,NA,NA,Y,NA,Y,NA,A,01,1,0,0,0,0,0,0,0,1,-,-,NA,NA,LOS ANGELES,LOS ANGELES,-118.33623014,34.11139004
8555442,2018,2018-02-14,1942,2018-01-20,1705,34426,0129,6,5,7,1942,0,0,0,A,0,1A29,N SANTA FE AV,BANNING ST,15,S,N,A,-,N,NA,NA,NA,NA,NA,NA,NA,NA,NA,N,4,0,1,2,A,-,06,21755,A,F,B,C,A,A,H,-,A,D,0,NA,NA,NA,NA,Y,NA,A,01,0,0,1,0,0,0,0,0,0,-,-,NA,NA,LOS ANGELES,LOS ANGELES,-118.232421875,34.04911804199219
8555446,2018,2018-11-27,1942,2018-01-10,1350,43097,1151,3,5,7,1942,0,0,0,K,0,11A51,W SUNSET BL,VERMONT AV,0,NA,Y,A,-,N,NA,NA,NA,NA,NA,NA,NA,NA,NA,N,4,0,1,2,B,-,22,NA,NA,F,A,B,D,A,H,-,A,D,0,Y,NA,NA,NA,Y,NA,A,01,0,0,1,0,1,0,0,0,0,-,-,NA,NA,LOS ANGELES,LOS ANGELES,-118.2917709350586,34.098148345947266
8555450,2018,2018-02-14,1942,2018-01-27,1500,34426,0105,6,5,7,1942,0,0,0,A,0,1A1,SOLANO AV,BROADWAY,485,N,N,A,-,N,NA,NA,NA,NA,NA,NA,NA,NA,NA,N,4,0,1,2,A,-,21,22106,NA,N,G,B,F,A,H,-,A,D,0,Y,NA,NA,NA,Y,NA,A,01,0,0,1,0,1,0,0,0,0,-,-,NA,NA,LOS ANGELES,LOS ANGELES,-118.23067474365234,34.07225799560547
8555454,2018,2018-02-14,1942,2018-01-22,0300,41370,2083,1,5,7,1942,0,0,0,NA,0,6T7,VENICE BL,WESTMORELAND BL,150,W,N,A,-,N,NA,NA,NA,NA,NA,NA,NA,NA,NA,Y,3,0,1,2,A,-,01,23152,A,N,C,E,A,A,H,-,C,D,0,NA,NA,NA,NA,Y,Y,A,01,0,1,0,0,0,0,0,0,0,-,-,NA,NA,LOS ANGELES,LOS ANGELES,-118.30706787109376,34.043582916259766
8555468,2018,2018-03-09,1953,2018-01-27,1753,7868,1953,6,5,6,1953,0,0,0,NA,0,002,VILLA ST,RAYMOND AV,0,NA,-,A,-,N,NA,NA,NA,NA,NA,NA,NA,NA,NA,Y,4,0,1,2,D,-,00,NA,NA,N,D,C,A,A,H,-,C,A,0,NA,NA,NA,NA,Y,NA,-,-,0,0,1,0,0,0,0,0,0,-,-,NA,NA,LOS ANGELES,PASADENA,-118.1489715576172,34.15414047241211
8555574,2018,2018-02-16,1965,2018-02-02,1017,3816,0B4E,5,5,5,1965,0,0,0,NA,0,B004,MONTANA AV,9TH ST,0,NA,Y,A,-,N,NA,NA,NA,NA,NA,NA,NA,NA,NA,N,4,0,1,2,A,-,03,22350,NA,N,C,C,A,A,H,-,A,A,0,NA,NA,NA,NA,Y,NA,A,01,0,0,1,0,0,0,0,0,0,-,-,NA,NA,LOS ANGELES,SANTA MONICA,-118.49993133544922,34.02836990356445
8555582,2018,2018-02-16,1965,2018-02-02,1218,3553,0B1F,5,5,5,1965,0,0,0,NA,0,B001,MAIN ST,ASHLAND AV,0,NA,Y,A,-,N,NA,NA,NA,NA,NA,NA,NA,NA,NA,N,3,0,1,2,A,-,08,22107,NA,N,D,G,A,A,H,-,A,A,0,NA,Y,NA,NA,Y,NA,A,01,0,1,0,0,0,0,1,0,0,-,-,NA,NA,LOS ANGELES,SANTA MONICA,-118.48113250732422,33.99953842163086
8555586,2018,2018-02-16,1965,2018-02-01,0914,3178,0B2E,4,5,5,1965,0,0,0,NA,0,B002,PEARL ST,26TH ST,0,NA,Y,A,-,N,NA,NA,NA,NA,NA,NA,NA,NA,NA,N,4,0,1,2,D,-,00,NA,NA,N,H,G,A,A,H,-,A,A,0,NA,Y,NA,NA,Y,NA,-,-,0,0,1,0,0,0,1,0,0,-,-,NA,NA,LOS ANGELES,SANTA MONICA,-118.46029663085938,34.02048110961914
8555604,2017,2018-02-28,1942,2017-12-03,0105,41970,LAPD,7,5,7,1942,0,0,0,NA,0,2029,VIRGIL AV,6TH ST,0,NA,Y,A,-,N,NA,NA,NA,NA,NA,NA,NA,NA,NA,Y,4,0,3,3,A,-,09,21453,C,F,D,C,A,A,H,-,C,A,0,NA,NA,NA,NA,Y,NA,A,01,0,0,3,0,0,0,0,0,0,-,-,NA,NA,LOS ANGELES,LOS ANGELES,-118.28705,34.06373005
8555608,2017,2018-06-13,1942,2017-12-07,1110,37243,2004,4,5,7,1942,0,0,0,NA,0,20A33,BEVERLY BL,OXFORD AV,0,NA,Y,A,-,N,NA,NA,NA,NA,NA,NA,NA,NA,NA,Y,4,0,2,2,A,-,09,21801,A,N,A,C,A,A,H,-,A,A,0,NA,NA,NA,NA,Y,NA,A,01,0,0,2,0,0,0,0,0,0,-,-,NA,NA,LOS ANGELES,LOS ANGELES,-118.30794007,34.07626009
8555609,2018,2018-02-26,1900,2018-01-05,1140,623630,1333,5,5,5,1908,0,0,0,NA,0,133T2,BELLFLOWER BL,SOMERSET BL,0,NA,Y,A,-,N,NA,NA,NA,NA,NA,NA,NA,NA,NA,Y,3,0,2,2,A,-,12,21453,A,N,D,C,A,A,H,-,A,A,0,NA,NA,NA,NA,Y,NA,A,01,0,2,0,0,0,0,0,0,0,-,-,NA,NA,LOS ANGELES,BELLFLOWER,-118.12532806396484,33.89659118652344
8555612,2017,2018-02-20,1942,2017-12-22,0735,42996,0503,5,5,7,1942,0,0,0,E,0,5A15,VERMONT AV,253RD ST,10,N,N,A,-,N,NA,NA,NA,NA,NA,NA,NA,NA,NA,Y,4,0,2,2,A,-,09,21802,A,N,D,C,A,A,H,-,A,A,0,NA,NA,NA,NA,Y,NA,A,01,0,0,2,0,0,0,0,0,0,-,-,NA,NA,LOS ANGELES,LOS ANGELES,-118.290838,33.794734
8555613,2017,2018-02-23,1900,2017-12-09,1725,407852,1320,6,5,5,1935,0,0,0,NA,0,132T1,PARAMOUNT BL,DEL AMO BL,220,N,N,A,-,N,NA,NA,NA,NA,NA,NA,NA,NA,NA,Y,3,0,1,2,A,-,03,22350,NA,N,C,C,A,A,H,-,C,D,0,NA,NA,NA,NA,Y,NA,A,01,0,1,0,0,0,0,0,0,0,-,-,NA,NA,LOS ANGELES,LAKEWOOD,-118.15988,33.84774323
8555616,2017,2018-02-20,1942,2017-12-16,1905,37575,2069,6,5,7,1942,0,0,0,NA,0,8TL35,VERMONT AV,11TH ST,0,NA,Y,A,-,N,NA,NA,NA,NA,NA,NA,NA,NA,NA,N,4,0,1,2,A,-,10,21950,A,N,G,B,B,A,H,-,C,A,0,Y,NA,NA,NA,Y,NA,A,01,0,0,1,0,1,0,0,0,0,-,-,NA,NA,LOS ANGELES,LOS ANGELES,-118.2916,34.05079
8555617,2018,2018-02-28,1900,2018-01-23,0755,538701,1624,2,5,5,1977,0,0,0,NA,0,164T,FAIRHAVEN ST,IDABEL AV,0,NA,Y,A,-,N,NA,NA,NA,NA,NA,NA,NA,NA,NA,N,3,0,1,2,A,-,12,22450,A,M,G,B,B,A,H,-,A,A,0,Y,NA,NA,NA,Y,NA,I,10,0,1,0,0,1,0,0,0,0,-,-,NA,NA,LOS ANGELES,CARSON,-118.26461791992188,33.810951232910156
8555618,2018,2018-02-26,1900,2018-01-03,1900,610417,1351,3,5,3,1927,0,0,0,NA,0,135A,CARSON ST,SEINE AV,0,NA,Y,A,-,N,NA,NA,NA,NA,NA,NA,NA,NA,NA,N,4,0,1,2,A,-,10,21950,A,N,G,B,B,A,H,-,C,D,0,Y,NA,NA,NA,Y,NA,D,22,0,0,1,0,1,0,0,0,0,-,-,NA,NA,LOS ANGELES,HAWAIIAN GARDENS,-118.07826232910156,33.831520080566406
8555622,2018,2018-02-26,1900,2018-01-25,1415,602246,1327,4,5,5,1935,0,0,0,NA,0,132T1,CARSON ST,NECTAR AV,0,NA,Y,A,-,N,NA,NA,NA,NA,NA,NA,NA,NA,NA,Y,4,0,1,2,A,-,09,21800,D,N,D,C,A,A,H,-,A,B,0,NA,NA,NA,NA,Y,NA,D,22,0,0,1,0,0,0,0,0,0,-,-,NA,NA,LOS ANGELES,LAKEWOOD,-118.08796691894533,33.83150863647461
8555624,2017,2018-03-20,1942,2017-12-05,1541,42578,1864,2,5,7,1942,0,0,0,R,0,18A26,IMPERIAL HWY,114TH ST,0,NA,Y,A,-,N,NA,NA,NA,NA,NA,NA,NA,NA,NA,Y,3,0,1,2,A,-,07,21658,A,F,B,D,A,A,H,-,A,D,0,NA,NA,NA,NA,Y,NA,-,99,0,1,0,0,0,0,0,0,0,-,-,NA,NA,LOS ANGELES,LOS ANGELES,-118.25863,33.93094
8555628,2017,2018-02-20,1942,2017-12-23,0125,41582,1245,6,5,7,1942,0,0,0,L,0,12A69,FLORENCE AV,HOOVER ST,500,W,N,A,-,N,NA,NA,NA,NA,NA,NA,NA,NA,NA,Y,2,0,1,1,A,-,01,23152,A,N,A,I,A,A,H,-,C,D,0,NA,NA,NA,NA,Y,Y,A,01,1,0,0,0,0,0,0,0,0,-,-,NA,NA,LOS ANGELES,LOS ANGELES,-118.28875594,33.97464
8555632,2018,2018-02-21,1965,2018-02-06,0834,3693,0B2C,2,5,5,1965,0,0,0,NA,0,B002,20TH ST,PICO BL,0,NA,Y,A,-,N,NA,NA,NA,NA,NA,NA,NA,NA,NA,N,4,0,1,2,A,-,12,21453,A,N,D,C,A,A,H,-,A,A,0,NA,NA,NA,NA,Y,NA,A,01,0,0,1,0,0,0,0,0,0,-,-,NA,NA,LOS ANGELES,SANTA MONICA,-118.4694595336914,34.01948165893555
8555640,2018,2018-08-07,1976,2018-01-30,0736,452,1976,2,5,5,1976,0,0,0,NA,0,004,WHITTIER BL,MILLS AV,0,NA,Y,A,-,Y,LA,7,72,-,-,2.113,I,5,S,N,4,0,1,2,A,-,12,21453,A,N,D,C,A,A,H,-,A,A,0,NA,NA,NA,NA,Y,NA,D,22,0,0,1,0,0,0,0,0,0,-,-,NA,NA,LOS ANGELES,WHITTIER,-118.01056671142578,33.95058059692383
8555662,2017,2018-03-02,1900,2017-12-22,1155,476846,1349,5,5,3,1903,0,0,0,NA,0,134,186TH ST,NORWALK BL,15,W,-,A,-,N,NA,NA,NA,NA,NA,NA,NA,NA,NA,Y,4,0,1,2,A,-,04,21703,NA,M,C,C,A,A,H,-,A,A,0,NA,NA,NA,NA,Y,NA,D,NA,0,0,1,0,0,0,0,0,0,-,-,NA,NA,LOS ANGELES,ARTESIA,-118.07245929,33.86286911
8555670,2018,2018-02-27,1900,2018-01-06,1737,606987,1322,6,5,5,1935,0,0,0,NA,0,132T2,DEL AMO BL,FAUST AV,0,NA,Y,A,-,N,NA,NA,NA,NA,NA,NA,NA,NA,NA,N,4,0,1,2,A,-,03,22350,NA,N,D,C,A,A,H,-,C,D,0,NA,NA,NA,NA,Y,NA,A,07,0,0,1,0,0,0,0,0,0,-,-,NA,NA,LOS ANGELES,LAKEWOOD,-118.11463165283205,33.846839904785156
8555678,2018,2018-02-26,1900,2018-01-22,0825,548796,1367,1,5,5,1952,0,0,0,NA,0,136B,ALONDRA BL,GARFIELD AV,300,W,N,A,-,N,NA,NA,NA,NA,NA,NA,NA,NA,NA,Y,3,0,1,2,A,-,09,21801,A,N,D,C,A,A,H,-,A,D,0,NA,NA,NA,NA,Y,NA,D,22,0,1,0,0,0,0,0,0,0,-,-,NA,NA,LOS ANGELES,PARAMOUNT,-118.16977691650392,33.889198303222656
8555694,2018,2018-02-27,1976,2018-02-07,0755,895,NA,3,5,5,1976,0,0,0,NA,0,NA,BAILEY ST,BRIGHT AV,0,NA,Y,A,-,N,NA,NA,NA,NA,NA,NA,NA,NA,NA,Y,4,0,1,2,A,-,12,22450,NA,N,D,C,A,A,H,-,A,A,0,NA,NA,NA,NA,Y,NA,A,01,0,0,1,0,0,0,0,0,0,-,-,NA,NA,LOS ANGELES,WHITTIER,-118.0361785888672,33.98085021972656
8555698,2018,2018-02-27,1976,2018-02-04,1051,370,NA,7,5,5,1976,0,0,0,NA,0,004,SCOTT AV,STARBUCK ST,0,NA,Y,A,-,N,NA,NA,NA,NA,NA,NA,NA,NA,NA,Y,4,0,1,2,A,-,09,21802,A,N,D,C,A,A,H,-,A,D,0,NA,NA,NA,NA,Y,NA,A,07,0,0,1,0,0,0,0,0,0,-,-,NA,NA,LOS ANGELES,WHITTIER,-118.00083923339844,33.94261932373047
8555702,2018,2018-02-27,1976,2018-02-03,2137,418,NA,6,5,5,1976,0,0,0,NA,0,004,LEFFINGWELL RD,SANTA GERTRUDES RD,0,NA,Y,A,-,N,NA,NA,NA,NA,NA,NA,NA,NA,NA,Y,4,0,4,2,A,-,09,21801,A,N,D,C,A,A,H,-,C,A,0,NA,NA,NA,NA,Y,NA,-,-,0,0,4,0,0,0,0,0,0,-,-,NA,NA,LOS ANGELES,WHITTIER,-117.99323272705078,33.931190490722656
8555706,2018,2018-02-27,1965,2018-02-06,2003,3804,0B3B,2,5,5,1965,0,0,0,NA,0,B003,11TH ST,COLORADO AV,250,N,N,A,-,N,NA,NA,NA,NA,NA,NA,NA,NA,NA,N,3,0,1,2,A,-,11,21954,A,N,G,B,-,A,H,-,C,D,0,Y,NA,NA,NA,Y,NA,N,60,0,1,0,0,1,0,0,0,0,-,-,37.01036071777344,-121.00843811035156,LOS ANGELES,SANTA MONICA,-118.48604583740234,34.0196418762207
8555710,2018,2018-02-27,1965,2018-02-06,1830,3764,0B2C,2,5,5,1965,0,0,0,NA,0,002,3RD ST,PIER AV,0,NA,Y,A,-,N,NA,NA,NA,NA,NA,NA,NA,NA,NA,Y,2,0,1,2,A,-,09,21801,B,N,D,C,A,A,H,-,C,A,0,NA,NA,Y,NA,Y,NA,C,02,1,0,0,0,0,0,0,0,1,-,-,37.00318908691406,-120.98139190673828,LOS ANGELES,SANTA MONICA,NA,NA