CASE_ID,ACCIDENT_YEAR,PROC_DATE,JURIS,COLLISION_DATE,COLLISION_TIME,OFFICER_ID,REPORTING_DISTRICT,DAY_OF_WEEK,CHP_SHIFT,POPULATION,CNTY_CITY_LOC,SPECIAL_COND,BEAT_TYPE,CHP_BEAT_TYPE,CITY_DIVISION_LAPD,CHP_BEAT_CLASS,BEAT_NUMBER,PRIMARY_RD,SECONDARY_RD,DISTANCE,DIRECTION,INTERSECTION,WEATHER_1,WEATHER_2,STATE_HWY_IND,CALTRANS_COUNTY,CALTRANS_DISTRICT,STATE_ROUTE,ROUTE_SUFFIX,POSTMILE_PREFIX,POSTMILE,LOCATION_TYPE,RAMP_INTERSECTION,SIDE_OF_HWY,TOW_AWAY,COLLISION_SEVERITY,NUMBER_KILLED,NUMBER_INJURED,PARTY_COUNT,PRIMARY_COLL_FACTOR,PCF_CODE_OF_VIOL,PCF_VIOL_CATEGORY,PCF_VIOLATION,PCF_VIOL_SUBSECTION,HIT_AND_RUN,TYPE_OF_COLLISION,MVIW,PED_ACTION,ROAD_SURFACE,ROAD_COND_1,ROAD_COND_2,LIGHTING,CONTROL_DEVICE,CHP_ROAD_TYPE,PEDESTRIAN_ACCIDENT,BICYCLE_ACCIDENT,MOTORCYCLE_ACCIDENT,TRUCK_ACCIDENT,NOT_PRIVATE_PROPERTY,ALCOHOL_INVOLVED,STWD_VEHTYPE_AT_FAULT,CHP_VEHTYPE_AT_FAULT,COUNT_SEVERE_INJ,COUNT_VISIBLE_INJ,COUNT_COMPLAINT_PAIN,COUNT_PED_KILLED,COUNT_PED_INJURED,COUNT_BICYCLIST_KILLED,COUNT_BICYCLIST_INJURED,COUNT_MC_KILLED,COUNT_MC_INJURED,PRIMARY_RAMP,SECONDARY_RAMP,LATITUDE,LONGITUDE,COUNTY,CITY,POINT_X,POINT_Y
8559416,2018,2018-02-26,1942,2018-02-01,1950,40514,1365,4,5,7,1942,0,0,0,M,0,13XL5,AVALON BL,65TH ST,0,NA,Y,A,-,N,NA,NA,NA,NA,NA,NA,NA,NA,NA,Y,4,0,2,2,A,-,08,22107,NA,N,A,C,A,A,H,-,C,D,0,NA,NA,NA,NA,Y,NA,A,01,0,0,2,0,0,0,0,0,0,-,-,NA,NA,LOS ANGELES,LOS ANGELES,-118.26519012451172,33.980628967285156
8559419,2018,2018-03-02,1942,2018-02-10,1700,40724,1864,6,5,7,1942,0,0,0,R,0,18A63,120TH ST,BELHAVEN,150,W,N,B,-,N,NA,NA,NA,NA,NA,NA,NA,NA,NA,Y,4,0,3,2,A,-,09,21801,A,N,D,C,A,A,H,-,B,D,0,NA,NA,NA,NA,Y,NA,A,07,0,0,3,0,0,0,0,0,0,-,-,NA,NA,LOS ANGELES,LOS ANGELES,-118.25615692138672,33.92372131347656
8559420,2018,2018-02-26,1942,2018-02-07,1600,36941,0511,3,5,7,1942,0,0,0,E,0,5A11,BELL PORTE AV,256TH ST,140,N,N,A,-,N,NA,NA,NA,NA,NA,NA,NA,NA,NA,Y,4,0,1,3,A,-,21,22106,NA,N,A,C,A,A,H,-,A,D,0,NA,NA,NA,NA,Y,NA,A,01,0,0,1,0,0,0,0,0,0,-,-,NA,NA,LOS ANGELES,LOS ANGELES,-118.30120849609376,33.791893005371094
8559424,2018,2018-02-26,1942,2018-02-02,2120,42511,1364,5,5,7,1942,0,0,0,M,0,13A75,HOOPER AV,53RD ST,50,N,N,A,-,N,NA,NA,NA,NA,NA,NA,NA,NA,NA,Y,3,0,1,2,A,-,03,22350,NA,N,B,C,A,A,H,-,C,D,0,NA,NA,NA,NA,Y,Y,A,01,0,1,0,0,0,0,0,0,0,-,-,NA,NA,LOS ANGELES,LOS ANGELES,-118.25213623046876,33.99494552612305
8559427,2018,2018-03-02,1942,2018-02-12,0005,43010,1802,1,5,7,1942,0,0,0,R,0,18A1,BROADWAY,MANCHESTER AV,0,NA,Y,A,-,N,NA,NA,NA,NA,NA,NA,NA,NA,NA,N,3,0,1,2,A,-,10,21950,A,N,G,B,B,A,H,-,C,A,0,Y,NA,NA,NA,Y,Y,A,01,0,1,0,0,1,0,0,0,0,-,-,NA,NA,LOS ANGELES,LOS ANGELES,-118.27828216552734,33.960079193115234
8559428,2018,2018-02-26,1942,2018-02-03,1835,40138,1371,6,5,7,1942,0,0,0,M,0,13X45,56TH ST,BROADWAY,1,E,N,A,-,N,NA,NA,NA,NA,NA,NA,NA,NA,NA,N,3,0,1,2,A,-,09,21804,A,N,A,G,A,A,H,-,C,A,0,NA,Y,NA,NA,Y,NA,A,01,0,1,0,0,0,0,1,0,0,-,-,NA,NA,LOS ANGELES,LOS ANGELES,-118.2783203125,33.99148178100586
8559432,2018,2018-02-26,1942,2018-02-03,0955,42650,1345,6,5,7,1942,0,0,0,M,0,13A43,CENTRAL AV,42ND ST,0,NA,Y,A,-,N,NA,NA,NA,NA,NA,NA,NA,NA,NA,N,3,0,2,3,A,-,12,21453,A,F,G,B,B,A,H,-,A,A,0,Y,NA,NA,NA,Y,NA,-,99,0,2,0,0,2,0,0,0,0,-,-,NA,NA,LOS ANGELES,LOS ANGELES,-118.25649261474608,34.00751876831055
8559436,2018,2018-02-26,1942,2018-02-03,1345,42115,1211,6,5,7,1942,0,0,0,L,0,12XL77,WEST BL,57TH ST,0,NA,Y,A,-,N,NA,NA,NA,NA,NA,NA,NA,NA,NA,Y,4,0,1,2,A,-,12,22450,A,F,D,C,A,A,H,-,A,A,0,NA,NA,Y,NA,Y,NA,A,01,0,0,1,0,0,0,0,0,1,-,-,NA,NA,LOS ANGELES,LOS ANGELES,-118.33554077148438,33.990821838378906
8559440,2018,2018-02-26,1942,2018-02-03,1230,42009,1269,6,5,7,1942,0,0,0,L,0,12X32,CENTRAL AV,80TH,30,N,N,A,-,N,NA,NA,NA,NA,NA,NA,NA,NA,NA,N,4,0,2,4,A,-,04,21703,NA,N,C,C,A,A,H,-,A,D,0,NA,NA,NA,NA,Y,NA,A,01,0,0,2,0,0,0,0,0,0,-,-,NA,NA,LOS ANGELES,LOS ANGELES,-118.25643157958984,33.96660232543945
8559443,2018,2018-02-23,1942,2018-01-20,0155,32178,1309,6,5,7,1942,0,0,0,M,0,13A9,SANTA FE AV,OLYMPIC BL,0,NA,Y,A,-,N,NA,NA,NA,NA,NA,NA,NA,NA,NA,Y,4,0,1,2,A,-,09,21801,A,F,A,C,A,A,H,-,C,A,0,NA,NA,NA,NA,Y,NA,E,NA,0,0,1,0,0,0,0,0,0,-,-,NA,NA,LOS ANGELES,LOS ANGELES,-118.22994232177734,34.02561950683594
8559444,2018,2018-02-23,1942,2018-01-29,1820,42300,0376,1,5,7,1942,0,0,0,C,0,3A98,EXPOSITION BL,NORMANDIE AV,200,W,N,A,-,N,NA,NA,NA,NA,NA,NA,NA,NA,NA,N,4,0,1,2,A,-,07,21658,A,N,C,C,A,A,H,-,C,D,0,NA,NA,NA,NA,Y,NA,A,01,0,0,1,0,0,0,0,0,0,-,-,NA,NA,LOS ANGELES,LOS ANGELES,-118.30081176757813,34.01837158203125
8559447,2018,2018-04-26,1942,2018-01-28,2240,42846,1162,7,5,7,1942,0,0,0,K,0,11A62,N VERMONT AV,LEXINGTON,50,N,N,A,-,N,NA,NA,NA,NA,NA,NA,NA,NA,NA,Y,3,0,1,3,A,-,11,21106,B,N,E,I,B,A,H,-,C,A,0,Y,NA,NA,NA,Y,NA,A,07,0,1,0,0,0,0,0,0,0,-,-,NA,NA,LOS ANGELES,LOS ANGELES,-118.29176330566406,34.09358596801758
8559448,2018,2018-02-23,1942,2018-01-30,2320,42982,0331,2,5,7,1942,0,0,0,C,0,3A99,JEFFERSON BL,LA BREA AV,0,NA,Y,A,-,N,NA,NA,NA,NA,NA,NA,NA,NA,NA,Y,4,0,1,2,A,-,07,21658,A,N,A,C,A,A,H,-,C,A,0,NA,NA,NA,NA,Y,Y,A,01,0,0,1,0,0,0,0,0,0,-,-,NA,NA,LOS ANGELES,LOS ANGELES,-118.35487365722656,34.02552032470703
8559451,2018,2018-02-23,1942,2018-01-12,0750,37952,0409,5,5,7,1942,0,0,0,D,0,4A9,HUNTINGTON DR N,ALPHA ST,0,NA,Y,A,-,N,NA,NA,NA,NA,NA,NA,NA,NA,NA,N,4,0,1,2,A,-,10,21950,A,F,G,B,B,A,H,-,A,A,0,Y,NA,NA,NA,Y,NA,-,99,0,0,1,0,1,0,0,0,0,-,-,NA,NA,LOS ANGELES,LOS ANGELES,-118.15934753417967,34.094478607177734
8559452,2018,2018-11-07,1942,2018-01-25,1450,35393,0354,4,5,7,1942,0,0,0,C,0,25T24,MARTIN LUTHER KING BL,WESTERN AV,0,NA,Y,A,-,N,NA,NA,NA,NA,NA,NA,NA,NA,NA,Y,3,0,1,2,A,-,06,21755,A,N,B,C,A,A,H,-,A,A,0,NA,NA,Y,NA,Y,NA,C,02,0,1,0,0,0,0,0,0,0,-,-,NA,NA,LOS ANGELES,LOS ANGELES,-118.30892944335938,34.01084899902344
8559455,2018,2018-02-23,1942,2018-01-02,1650,40099,0269,2,5,7,1942,0,0,0,B,0,2A69,W 7TH ST,UNION AV,40,W,N,A,-,N,NA,NA,NA,NA,NA,NA,NA,NA,NA,Y,4,0,2,3,A,-,03,22350,NA,N,C,C,A,A,H,-,A,D,0,NA,NA,NA,NA,Y,NA,I,10,0,0,2,0,0,0,0,0,0,-,-,NA,NA,LOS ANGELES,LOS ANGELES,-118.2712860107422,34.05398178100586
8559456,2018,2018-02-23,1942,2018-01-26,0545,35267,0374,5,5,7,1942,0,0,0,C,0,3A73,W MARTIN LUTHER KING JR BL,4TH AV,10,W,N,A,-,N,NA,NA,NA,NA,NA,NA,NA,NA,NA,N,4,0,1,2,A,-,03,22350,NA,N,C,C,A,A,H,-,C,D,0,NA,NA,NA,NA,Y,NA,A,01,0,0,1,0,0,0,0,0,0,-,-,NA,NA,LOS ANGELES,LOS ANGELES,-118.32147216796876,34.01075744628906
8559459,2018,2018-04-09,1942,2018-01-26,1415,37547,0459,5,5,7,1942,0,0,0,D,0,4A59,CESAR E CHAVEZ,EZRA ST,0,NA,N,A,-,N,NA,NA,NA,NA,NA,NA,NA,NA,NA,N,4,0,2,2,A,-,07,21658,A,F,B,C,A,A,H,-,A,-,0,NA,NA,NA,NA,Y,NA,-,-,0,0,2,0,0,0,0,0,0,-,-,NA,NA,LOS ANGELES,LOS ANGELES,-118.1955795288086,34.04140853881836
8559460,2018,2018-02-23,1942,2018-01-27,1500,36615,0312,6,5,7,1942,0,0,0,C,0,3A32,S LA BREA AV,W JEFFERSON BL,250,N,N,A,-,N,NA,NA,NA,NA,NA,NA,NA,NA,NA,N,4,0,1,3,A,-,03,22350,NA,N,C,C,A,A,H,-,A,A,0,NA,NA,NA,NA,Y,NA,A,01,0,0,1,0,0,0,0,0,0,-,-,NA,NA,LOS ANGELES,LOS ANGELES,-118.35447692871094,34.026123046875
8559463,2018,2018-02-23,1942,2018-01-06,2055,38814,1102,6,5,7,1942,0,0,0,K,0,11A1,VESELICH AV,GARDEN AV,245,E,N,A,-,N,NA,NA,NA,NA,NA,NA,NA,NA,NA,N,4,0,1,2,A,-,21,22106,NA,N,H,E,A,A,-,-,C,D,0,NA,NA,NA,NA,Y,NA,A,01,0,0,1,0,0,0,0,0,0,-,-,NA,NA,LOS ANGELES,LOS ANGELES,-118.26813507080078,34.12633514404297
8559464,2018,2018-02-23,1942,2018-01-25,1705,37548,338,4,5,7,1942,0,0,0,NA,0,3A64,30TH ST,VERMONT AV,10,W,N,A,-,N,NA,NA,NA,NA,NA,NA,NA,NA,NA,N,4,0,1,2,A,-,09,21801,A,N,B,C,A,A,H,-,A,D,0,NA,NA,NA,NA,Y,NA,A,01,0,0,1,0,0,0,0,0,0,-,-,NA,NA,LOS ANGELES,LOS ANGELES,-118.29158020019533,34.02777862548828
8559467,2018,2018-02-23,1942,2018-01-25,1750,40099,1363,4,5,7,1942,0,0,0,M,0,13A61,S CENTRAL AV,51ST ST,20,N,N,A,-,N,NA,NA,NA,NA,NA,NA,NA,NA,NA,Y,4,0,3,3,A,-,12,21453,A,F,D,C,A,A,H,-,C,A,0,NA,NA,NA,NA,Y,NA,-,99,0,0,3,0,0,0,0,0,0,-,-,NA,NA,LOS ANGELES,LOS ANGELES,-118.2564697265625,33.99716567993164
8559468,2018,2018-02-23,1942,2018-01-20,0015,36120,218,6,5,7,1942,0,0,0,NA,0,2A45,BELLEVUE AV,GLENDALE BL,0,NA,Y,A,-,N,NA,NA,NA,NA,NA,NA,NA,NA,NA,N,4,0,1,2,A,-,08,22100,A,F,B,C,A,A,H,-,C,A,0,NA,NA,NA,NA,Y,NA,-,99,0,0,1,0,0,0,0,0,0,-,-,NA,NA,LOS ANGELES,LOS ANGELES,-118.26148223876952,34.07061004638672
8559471,2018,2018-02-23,1942,2018-01-24,1810,42762,1145,3,5,7,1942,0,0,0,K,0,11A42,RIVERSIDE AV,NEWELL ST,0,NA,Y,A,-,N,NA,NA,NA,NA,NA,NA,NA,NA,NA,Y,4,0,2,3,A,-,09,21801,A,N,A,C,A,A,H,-,C,A,0,NA,NA,NA,NA,Y,NA,A,01,0,0,2,0,0,0,0,0,0,-,-,NA,NA,LOS ANGELES,LOS ANGELES,-118.24825286865234,34.09843063354492
8559472,2018,2018-03-14,1942,2018-01-27,1150,42930,0237,6,5,7,1942,0,0,0,B,0,2A4,MIRAMAR,BEAUDRY,0,NA,Y,A,-,N,NA,NA,NA,NA,NA,NA,NA,NA,NA,N,2,0,1,2,D,-,00,NA,NA,F,G,G,A,A,H,-,A,D,0,NA,Y,NA,NA,Y,NA,-,-,1,0,0,0,0,0,1,0,0,-,-,NA,NA,LOS ANGELES,LOS ANGELES,-118.25666046142578,34.056549072265625
8559475,2018,2018-02-23,1942,2018-01-28,1730,36072,1126,7,5,7,1942,0,0,0,K,0,11A17,YORK BL,AVENUE 54,0,NA,Y,A,-,N,NA,NA,NA,NA,NA,NA,NA,NA,NA,NA,3,0,1,2,A,-,10,21950,A,N,G,B,B,A,-,-,B,A,0,Y,NA,NA,NA,Y,NA,A,01,0,1,0,0,1,0,0,0,0,-,-,NA,NA,LOS ANGELES,LOS ANGELES,-118.19918823242188,34.119998931884766
8559476,2018,2018-02-23,1942,2018-01-15,1355,42041,RD031,1,5,7,1942,0,0,0,NA,0,3A28W4,ADAMS BL,FIGUEROA ST,0,NA,Y,B,-,N,NA,NA,NA,NA,NA,NA,NA,NA,NA,Y,3,0,1,3,A,-,09,21801,A,N,D,C,A,A,H,-,A,A,0,NA,NA,NA,NA,Y,NA,A,01,0,1,0,0,0,0,0,0,0,-,-,NA,NA,LOS ANGELES,LOS ANGELES,-118.27601623535156,34.028160095214844
8559479,2018,2018-02-23,1942,2018-01-31,0859,42977,1153,3,5,7,1942,0,0,0,K,0,11A1,LOS FELIZ BL,EDGEMONT AV,0,NA,Y,A,-,N,NA,NA,NA,NA,NA,NA,NA,NA,NA,Y,3,0,1,2,A,-,09,21801,A,N,D,C,A,A,H,-,A,A,0,NA,NA,NA,NA,Y,NA,-,NA,0,1,0,0,0,0,0,0,0,-,-,NA,NA,LOS ANGELES,LOS ANGELES,-118.29753875732422,34.110050201416016
8559480,2018,2018-02-23,1942,2018-01-13,1905,40623,399,6,5,7,1942,0,0,0,NA,0,3F74,VERNON AV,FIGUEROA,300,W,N,A,-,N,NA,NA,NA,NA,NA,NA,NA,NA,NA,N,3,0,1,2,A,-,11,21955,NA,N,G,B,D,A,H,-,C,D,0,Y,NA,NA,NA,Y,NA,N,60,0,1,0,0,1,0,0,0,0,-,-,NA,NA,LOS ANGELES,LOS ANGELES,-118.28372955322266,34.00373840332031
8559483,2018,2018-03-09,1942,2018-01-29,2240,41681,1195,1,5,7,1942,0,0,0,K,0,11A95,STADIUM WY,CURTIS ST,200,N,N,A,-,N,NA,NA,NA,NA,NA,NA,NA,NA,NA,N,3,0,1,1,A,-,01,23152,A,N,H,A,A,A,H,-,C,D,0,NA,NA,Y,NA,Y,Y,C,02,0,1,0,0,0,0,0,0,1,-,-,NA,NA,LOS ANGELES,LOS ANGELES,-118.23773193359376,34.069271087646484
8559484,2018,2018-02-23,1942,2018-01-31,0630,33599,0333,3,5,7,1942,0,0,0,C,0,3A31,WELLINGTON RD,W 28TH ST,0,NA,Y,A,-,N,NA,NA,NA,NA,NA,NA,NA,NA,NA,Y,3,0,1,2,A,-,09,21802,A,N,D,C,A,A,H,-,A,A,0,NA,NA,NA,NA,Y,NA,A,01,0,1,0,0,0,0,0,0,0,-,-,NA,NA,LOS ANGELES,LOS ANGELES,-118.33843231201172,34.031131744384766
8559487,2018,2018-02-23,1942,2018-01-04,1610,39177,1245,4,5,7,1942,0,0,0,L,0,25TL27,65TH ST,WESTERN AV,0,NA,Y,B,-,N,NA,NA,NA,NA,NA,NA,NA,NA,NA,Y,4,0,4,4,A,-,09,21802,A,F,D,C,A,A,H,-,A,A,0,NA,NA,NA,NA,Y,NA,A,07,0,0,4,0,0,0,0,0,0,-,-,NA,NA,LOS ANGELES,LOS ANGELES,-118.30896759033205,33.98059844970703
8559488,2018,2018-02-23,1942,2018-01-24,0650,37679,0398,3,5,7,1942,0,0,0,C,0,NA,S FIGUEROA ST,40TH PL,50,N,N,A,-,N,NA,NA,NA,NA,NA,NA,NA,NA,NA,Y,3,0,2,2,A,-,09,21801,A,N,D,C,A,A,H,-,A,D,0,NA,NA,NA,NA,Y,NA,A,01,0,1,1,0,0,0,0,0,0,-,-,NA,NA,LOS ANGELES,LOS ANGELES,-118.28274536132813,34.01070785522461
8559491,2018,2018-02-23,1942,2018-01-27,0030,42559,1255,6,5,7,1942,0,0,0,L,0,12L90,FLORENCE AV,BUDLONG AV,12,W,N,A,-,N,NA,NA,NA,NA,NA,NA,NA,NA,NA,Y,2,0,1,2,A,-,00,20015,NA,N,C,C,A,A,H,-,C,A,0,NA,NA,NA,NA,Y,NA,A,07,1,0,0,0,0,0,0,0,0,-,-,NA,NA,LOS ANGELES,LOS ANGELES,-118.29624176025392,33.974609375
8559492,2018,2018-02-23,1942,2018-01-07,1710,35230,0457,7,5,7,1942,0,0,0,D,0,4A53,N SOTO ST,CESAR CHAVEZ AV,150,N,N,A,-,N,NA,NA,NA,NA,NA,NA,NA,NA,NA,N,4,0,1,3,A,-,04,21703,NA,F,C,C,A,A,H,-,C,D,0,NA,NA,NA,NA,Y,NA,-,99,0,0,1,0,0,0,0,0,0,-,-,NA,NA,LOS ANGELES,LOS ANGELES,-118.207588,34.047141
8559496,2018,2018-02-23,1942,2018-01-25,1745,40275,1352,4,5,7,1942,0,0,0,M,0,13A61,E 45TH ST,WALL ST,0,NA,Y,A,-,N,NA,NA,NA,NA,NA,NA,NA,NA,NA,Y,3,0,2,4,A,-,01,23152,A,N,D,C,A,A,H,-,C,A,0,NA,NA,NA,NA,Y,Y,A,01,0,1,1,0,0,0,0,0,0,-,-,NA,NA,LOS ANGELES,LOS ANGELES,-118.27181243896484,34.0029182434082
8559499,2018,2018-02-23,1942,2018-01-28,1930,42364,1822,7,5,7,1942,0,0,0,R,0,25TL21,MAIN ST,97TH ST,87,N,N,A,-,N,NA,NA,NA,NA,NA,NA,NA,NA,NA,N,2,0,1,2,A,-,11,21956,A,F,G,B,D,A,H,-,C,D,0,Y,NA,NA,NA,Y,NA,N,60,1,0,0,0,1,0,0,0,0,-,-,NA,NA,LOS ANGELES,LOS ANGELES,-118.27388763427734,33.94852828979492
8559503,2018,2018-02-23,1942,2018-01-11,2055,40440,1846,4,5,7,1942,0,0,0,R,0,25T21,CENTRAL AV,LANZIT AV,150,N,N,A,-,N,NA,NA,NA,NA,NA,NA,NA,NA,NA,Y,4,0,3,3,A,-,01,23152,A,F,C,C,A,A,H,-,C,D,0,NA,NA,NA,NA,Y,Y,A,01,0,0,3,0,0,0,0,0,0,-,-,NA,NA,LOS ANGELES,LOS ANGELES,-118.25421142578124,33.93553161621094
8559504,2018,2018-02-23,1942,2018-01-19,1920,34458,0201,5,5,7,1942,0,0,0,B,0,2A1,VERMONT AV,LOCKWOOD AV,15,N,N,A,-,N,NA,NA,NA,NA,NA,NA,NA,NA,NA,N,3,0,1,2,A,-,11,21956,A,F,G,B,E,A,H,-,C,D,0,Y,NA,NA,NA,Y,NA,N,60,0,1,0,0,1,0,0,0,0,-,-,NA,NA,LOS ANGELES,LOS ANGELES,-118.29174041748048,34.08876037597656
8559508,2018,2018-02-23,1942,2018-01-23,1335,34332,0201,2,5,7,1942,0,0,0,B,0,2A1,MARIPOSA AV,SANTA MONICA BL,0,NA,Y,A,-,N,NA,NA,NA,NA,NA,NA,NA,NA,NA,N,3,0,1,2,A,-,10,21950,A,N,G,B,B,A,H,-,A,A,0,Y,NA,NA,NA,Y,NA,A,01,0,1,0,0,1,0,0,0,0,-,-,NA,NA,LOS ANGELES,LOS ANGELES,-118.29940795898438,34.0908317565918
8559512,2018,2018-02-23,1942,2018-01-29,0945,38050,0261,1,5,7,1942,0,0,0,B,0,2A45,JAMES M WOOD BL,PARK VIEW ST,75,W,N,A,-,N,NA,NA,NA,NA,NA,NA,NA,NA,NA,Y,4,0,1,2,A,-,08,22107,NA,N,C,E,A,A,H,-,A,D,0,NA,NA,NA,NA,Y,NA,A,01,0,0,1,0,0,0,0,0,0,-,-,NA,NA,LOS ANGELES,LOS ANGELES,-118.282212,34.054933
8559516,2018,2018-02-23,1942,2018-01-24,2300,42028,NA,3,5,7,1942,0,0,0,NA,0,13X42,BROADWAY,WASHINGTON,0,NA,Y,A,-,N,NA,NA,NA,NA,NA,NA,NA,NA,NA,N,4,0,1,2,A,-,03,22350,NA,F,C,G,A,A,H,-,C,A,0,NA,Y,NA,NA,Y,NA,-,99,0,0,1,0,0,0,1,0,0,-,-,NA,NA,LOS ANGELES,LOS ANGELES,-118.2657470703125,34.03144073486328
8559520,2018,2018-02-23,1942,2018-01-22,2025,42515,0279,1,5,7,1942,0,0,0,B,0,0A1,W 11TH ST,UNION AV,0,NA,Y,A,-,N,NA,NA,NA,NA,NA,NA,NA,NA,NA,N,3,0,1,2,A,-,03,22350,NA,F,G,B,B,A,H,-,C,A,0,Y,NA,NA,NA,Y,NA,-,99,0,1,0,0,1,0,0,0,0,-,-,NA,NA,LOS ANGELES,LOS ANGELES,-118.27513122558594,34.04772186279297
8559529,2018,2018-02-27,1942,2018-02-03,0630,34959,2049,6,5,7,1942,0,0,0,NA,0,20TL59,VERMONT AV,JAMES M WOOD BL,0,NA,Y,B,-,N,NA,NA,NA,NA,NA,NA,NA,NA,NA,Y,3,0,4,2,A,-,12,21453,A,N,D,C,A,A,H,-,A,A,0,NA,NA,NA,NA,Y,NA,A,01,0,2,2,0,0,0,0,0,0,-,-,NA,NA,LOS ANGELES,LOS ANGELES,-118.29163,34.05594
8559545,2018,2018-06-28,1942,2018-02-05,0001,38590,1446,1,5,7,1942,0,0,0,N,0,20T59,VENICE BL,INGLEWOOD BL,250,W,N,A,-,N,NA,NA,NA,NA,NA,NA,NA,NA,NA,Y,3,0,1,4,A,-,08,22107,NA,N,C,E,A,A,H,-,C,A,0,NA,NA,NA,Y,Y,NA,A,01,0,1,0,0,0,0,0,0,0,-,-,NA,NA,LOS ANGELES,LOS ANGELES,-118.42967224121094,34.00587844848633
8559553,2018,2018-02-27,1942,2018-01-24,1405,42451,2033,3,5,7,1942,0,0,0,NA,0,20TL58,HOBART BL,8TH ST,185,N,N,A,-,N,NA,NA,NA,NA,NA,NA,NA,NA,NA,N,4,0,2,2,A,-,21,22106,NA,N,B,C,A,A,H,-,A,D,0,NA,NA,NA,NA,Y,NA,A,01,0,0,2,0,0,0,0,0,0,-,-,NA,NA,LOS ANGELES,LOS ANGELES,-118.30534362792967,34.05820846557617
8559557,2018,2018-02-27,1942,2018-02-04,0830,34959,0706,7,5,7,1942,0,0,0,G,0,20T59,MELROSE AV,MANSFIELD AV,45,E,N,A,-,N,NA,NA,NA,NA,NA,NA,NA,NA,NA,Y,4,0,1,2,A,-,08,22102,NA,N,D,C,A,A,H,-,A,D,0,NA,NA,NA,NA,Y,NA,D,22,0,0,1,0,0,0,0,0,0,-,-,NA,NA,LOS ANGELES,LOS ANGELES,-118.34049987792967,34.08346939086914
8559565,2018,2018-02-27,1942,2018-01-30,2025,41210,2044,2,5,7,1942,0,0,0,NA,0,14T47,IROLO ST,JAMES M WOOD BL,0,NA,Y,A,-,N,NA,NA,NA,NA,NA,NA,NA,NA,NA,Y,3,0,1,2,A,-,09,21801,A,N,A,C,A,A,H,-,C,A,0,NA,NA,NA,NA,Y,NA,D,22,0,1,0,0,0,0,0,0,0,-,-,NA,NA,LOS ANGELES,LOS ANGELES,-118.30089,34.05589
8559569,2018,2018-02-27,1942,2018-01-07,2055,41978,2016,7,5,7,1942,0,0,0,NA,0,NA,NORMANDIE AV,2ND ST,200,N,N,A,-,N,NA,NA,NA,NA,NA,NA,NA,NA,NA,Y,4,0,2,3,A,-,05,21460,A,N,A,C,A,A,H,-,C,D,0,NA,NA,NA,NA,Y,NA,A,01,0,0,2,0,0,0,0,0,0,-,-,NA,NA,LOS ANGELES,LOS ANGELES,-118.30038452148438,34.07172775268555
8559576,2017,2018-03-02,1942,2017-12-02,2050,25115,0124,6,5,7,1942,0,0,0,A,0,1A1,NORTH LOS ANGELES ST,EAST TEMPLE ST,0,NA,Y,A,-,N,NA,NA,NA,NA,NA,NA,NA,NA,NA,N,4,0,1,2,A,-,12,21453,A,N,G,B,E,A,H,-,C,A,0,Y,NA,NA,NA,Y,NA,-,-,0,0,1,0,1,0,0,0,0,-,-,NA,NA,LOS ANGELES,LOS ANGELES,-118.2408701,34.05339001
8559585,2017,2018-02-27,1913,2017-12-29,1730,4085,46,5,5,4,1913,0,0,0,NA,0,NA,BASELINE RD,TOWNE AV,0,NA,Y,A,-,N,NA,NA,NA,NA,NA,NA,NA,NA,NA,Y,4,0,2,2,A,-,09,21801,A,N,A,C,A,A,H,-,C,A,0,NA,NA,NA,Y,Y,NA,A,01,0,0,2,0,0,0,0,0,0,-,-,NA,NA,LOS ANGELES,CLAREMONT,-117.73647011,34.12164009
8559593,2017,2018-02-27,1913,2017-12-02,1321,3638,05,6,5,4,1913,0,0,0,NA,0,NA,INDIAN HILL BL,VISTA DR,23,N,N,A,-,N,NA,NA,NA,NA,NA,NA,NA,NA,NA,Y,3,0,2,2,A,-,12,21453,A,N,C,C,A,A,H,-,A,A,0,NA,NA,NA,Y,Y,NA,A,01,0,1,1,0,0,0,0,0,0,-,-,NA,NA,LOS ANGELES,CLAREMONT,-117.71935,34.08688304
8559644,2018,2018-02-26,1942,2018-01-29,0005,39022,1414,1,5,7,1942,0,0,0,N,0,8T35,LINCOLN BL,INDIANA AV,102,S,N,A,-,N,NA,NA,NA,NA,NA,NA,NA,NA,NA,Y,3,0,1,3,A,-,01,23152,A,N,H,G,A,A,H,-,C,D,0,NA,Y,NA,NA,Y,Y,A,01,0,1,0,0,0,0,1,0,0,-,-,NA,NA,LOS ANGELES,LOS ANGELES,-118.46330261230467,33.9991455078125
8559647,2017,2018-02-27,1913,2017-12-22,1956,3906,12,5,5,4,1913,0,0,0,NA,0,NA,INDIAN HILL BL,10TH ST,164,S,N,A,-,N,NA,NA,NA,NA,NA,NA,NA,NA,NA,Y,4,0,1,2,D,-,00,NA,NA,N,D,C,A,A,H,-,C,A,0,NA,NA,NA,NA,Y,NA,-,-,0,0,1,0,0,0,0,0,0,-,-,NA,NA,LOS ANGELES,CLAREMONT,-117.72027,34.10297049