CASE_ID,ACCIDENT_YEAR,PROC_DATE,JURIS,COLLISION_DATE,COLLISION_TIME,OFFICER_ID,REPORTING_DISTRICT,DAY_OF_WEEK,CHP_SHIFT,POPULATION,CNTY_CITY_LOC,SPECIAL_COND,BEAT_TYPE,CHP_BEAT_TYPE,CITY_DIVISION_LAPD,CHP_BEAT_CLASS,BEAT_NUMBER,PRIMARY_RD,SECONDARY_RD,DISTANCE,DIRECTION,INTERSECTION,WEATHER_1,WEATHER_2,STATE_HWY_IND,CALTRANS_COUNTY,CALTRANS_DISTRICT,STATE_ROUTE,ROUTE_SUFFIX,POSTMILE_PREFIX,POSTMILE,LOCATION_TYPE,RAMP_INTERSECTION,SIDE_OF_HWY,TOW_AWAY,COLLISION_SEVERITY,NUMBER_KILLED,NUMBER_INJURED,PARTY_COUNT,PRIMARY_COLL_FACTOR,PCF_CODE_OF_VIOL,PCF_VIOL_CATEGORY,PCF_VIOLATION,PCF_VIOL_SUBSECTION,HIT_AND_RUN,TYPE_OF_COLLISION,MVIW,PED_ACTION,ROAD_SURFACE,ROAD_COND_1,ROAD_COND_2,LIGHTING,CONTROL_DEVICE,CHP_ROAD_TYPE,PEDESTRIAN_ACCIDENT,BICYCLE_ACCIDENT,MOTORCYCLE_ACCIDENT,TRUCK_ACCIDENT,NOT_PRIVATE_PROPERTY,ALCOHOL_INVOLVED,STWD_VEHTYPE_AT_FAULT,CHP_VEHTYPE_AT_FAULT,COUNT_SEVERE_INJ,COUNT_VISIBLE_INJ,COUNT_COMPLAINT_PAIN,COUNT_PED_KILLED,COUNT_PED_INJURED,COUNT_BICYCLIST_KILLED,COUNT_BICYCLIST_INJURED,COUNT_MC_KILLED,COUNT_MC_INJURED,PRIMARY_RAMP,SECONDARY_RAMP,LATITUDE,LONGITUDE,COUNTY,CITY,POINT_X,POINT_Y
8560159,2018,2018-06-20,1928,2018-02-04,1545,387,523,7,5,5,1928,0,0,0,NA,0,502,HAWTHORNE BL,BROADWAY,45,S,N,A,-,N,NA,NA,NA,NA,NA,NA,NA,NA,NA,Y,4,0,1,3,A,-,03,22350,NA,N,C,C,A,A,H,-,A,A,0,NA,NA,NA,NA,Y,NA,A,01,0,0,1,0,0,0,0,0,0,-,-,33.92005157470703,-118.35267639160156,LOS ANGELES,HAWTHORNE,-118.35268402099608,33.91989517211914
8560201,2018,2018-02-27,1976,2018-01-31,0815,442,NA,3,5,5,1976,0,0,0,NA,0,003,COLIMA RD,MILE MARKER 300,177,N,N,A,-,N,NA,NA,NA,NA,NA,NA,NA,NA,NA,Y,3,0,1,1,A,-,03,22350,NA,N,E,I,A,A,H,-,A,D,0,NA,NA,NA,NA,Y,NA,A,07,0,1,0,0,0,0,0,0,0,-,-,NA,NA,LOS ANGELES,WHITTIER,NA,NA
8560205,2018,2018-02-27,1976,2018-01-30,1150,452,1976,2,5,5,1976,0,0,0,NA,0,004,SANTA FE ST,AVONBURY AV,30,W,N,A,-,N,NA,NA,NA,NA,NA,NA,NA,NA,NA,N,4,0,1,2,A,-,03,22350,NA,N,C,C,A,A,H,-,A,A,0,NA,NA,NA,NA,Y,NA,A,07,0,0,1,0,0,0,0,0,0,-,-,NA,NA,LOS ANGELES,WHITTIER,-117.9902572631836,33.93608093261719
8560209,2018,2018-02-27,1976,2018-01-28,1239,370,NA,7,5,5,1976,0,0,0,NA,0,003,WASHINGTON AV,LA CUARTA ST,0,NA,Y,A,-,N,NA,NA,NA,NA,NA,NA,NA,NA,NA,Y,4,0,1,2,D,-,00,NA,NA,N,D,C,A,A,H,-,A,D,0,NA,NA,NA,NA,Y,NA,-,-,0,0,1,0,0,0,0,0,0,-,-,NA,NA,LOS ANGELES,WHITTIER,-118.03502655029295,33.968170166015625
8560212,2017,2018-02-27,1972,2017-12-19,1620,14197,NA,2,5,6,1972,0,0,0,NA,0,NA,CARSON ST,DEL AMO CIR DR,0,NA,Y,A,-,N,NA,NA,NA,NA,NA,NA,NA,NA,NA,Y,4,0,1,2,A,-,09,21801,A,N,A,C,A,A,H,-,A,A,0,NA,NA,NA,NA,Y,NA,A,NA,0,0,1,0,0,0,0,0,0,-,-,NA,NA,LOS ANGELES,TORRANCE,-118.34879005,33.83118002
8560213,2018,2018-02-27,1976,2018-01-26,1259,421,NA,5,5,5,1976,0,0,0,NA,0,NA,SCOTT AV,MESSINA DR,89,N,N,A,-,N,NA,NA,NA,NA,NA,NA,NA,NA,NA,N,4,0,1,2,A,-,08,22107,NA,N,B,E,A,A,H,-,A,D,0,NA,NA,Y,NA,Y,NA,C,02,0,0,1,0,0,0,0,0,1,-,-,NA,NA,LOS ANGELES,WHITTIER,-118.00086212158205,33.939422607421875
8560214,2018,2018-02-23,1976,2018-02-08,1842,854,NA,4,5,5,1976,0,0,0,NA,0,NA,GUNN AV,STARBUCK ST,0,NA,Y,A,-,N,NA,NA,NA,NA,NA,NA,NA,NA,NA,Y,4,0,2,2,A,-,03,22350,NA,N,C,C,A,A,H,-,C,D,0,NA,NA,NA,NA,Y,NA,A,01,0,0,2,0,0,0,0,0,0,-,-,NA,NA,LOS ANGELES,WHITTIER,-118.01943206787108,33.9516716003418
8560217,2018,2018-02-27,1976,2018-01-25,1735,419,WHITT,4,5,5,1976,0,0,0,NA,0,002,GREENLEAF AV,LAMBERT RD,0,NA,Y,A,-,N,NA,NA,NA,NA,NA,NA,NA,NA,NA,N,4,0,1,2,A,-,09,21801,A,N,D,C,A,A,H,-,C,A,0,NA,NA,NA,NA,Y,NA,A,01,0,0,1,0,0,0,0,0,0,-,-,NA,NA,LOS ANGELES,WHITTIER,-118.04190063476564,33.96091079711914
8560218,2018,2018-02-23,1976,2018-02-07,1004,452,1976,3,5,5,1976,0,0,0,NA,0,001,BEVERLY BL,GREGORY AV,0,NA,Y,A,-,N,NA,NA,NA,NA,NA,NA,NA,NA,NA,Y,3,0,1,1,A,-,03,22350,NA,N,E,I,A,A,H,-,A,D,0,NA,NA,NA,NA,Y,NA,A,01,0,1,0,0,0,0,0,0,0,-,-,NA,NA,LOS ANGELES,WHITTIER,-118.0470733642578,33.9881591796875
8560221,2018,2018-02-27,1976,2018-01-25,1750,851,NA,4,5,5,1976,0,0,0,NA,0,NA,LAMBERT RD,LAUREL AV,7,W,N,A,-,N,NA,NA,NA,NA,NA,NA,NA,NA,NA,N,4,0,1,2,A,-,10,21950,A,N,G,B,B,A,H,-,C,A,0,Y,NA,NA,NA,Y,NA,A,01,0,0,1,0,1,0,0,0,0,-,-,NA,NA,LOS ANGELES,WHITTIER,-118.03452301025392,33.95573425292969
8560222,2018,2018-02-23,1976,2018-02-03,1643,465,NA,6,5,5,1976,0,0,0,NA,0,NA,JANINE DR,WINFIELD AV,0,NA,Y,A,-,N,NA,NA,NA,NA,NA,NA,NA,NA,NA,Y,4,0,2,2,A,-,09,21800,B,N,A,C,A,A,H,-,A,D,0,NA,NA,NA,NA,Y,NA,A,07,0,0,2,0,0,0,0,0,0,-,-,NA,NA,LOS ANGELES,WHITTIER,-117.97306060791016,33.946468353271484
8560230,2018,2018-02-23,1976,2018-02-03,1208,449,NA,6,5,5,1976,0,0,0,NA,0,001,EL RANCHO DR,ORANGE DR,36,S,N,A,-,N,NA,NA,NA,NA,NA,NA,NA,NA,NA,N,4,0,1,2,A,-,11,21954,A,N,G,B,D,A,H,-,A,D,0,Y,NA,NA,NA,Y,NA,N,60,0,0,1,0,1,0,0,0,0,-,-,NA,NA,LOS ANGELES,WHITTIER,-118.05748748779295,33.98985290527344
8560237,2018,2018-02-27,1972,2018-01-13,2237,20050,NA,6,5,6,1972,0,0,0,NA,0,NA,190TH ST,HAWTHORNE BL,75,E,N,A,-,N,NA,NA,NA,NA,NA,NA,NA,NA,NA,NA,4,0,1,2,A,-,09,21453,B,N,C,C,A,A,H,-,C,A,0,NA,NA,NA,NA,Y,NA,A,NA,0,0,1,0,0,0,0,0,0,-,-,NA,NA,LOS ANGELES,TORRANCE,-118.35366821289064,33.85824966430664
8560256,2018,2018-02-27,1923,2018-01-26,1342,489,310,5,5,3,1923,0,0,0,NA,0,3L1D,DOUGLAS ST,MARIPOSA AV,290,S,N,A,-,N,NA,NA,NA,NA,NA,NA,NA,NA,NA,Y,3,0,2,3,A,-,03,22350,NA,N,C,C,A,A,H,-,A,A,0,NA,NA,NA,NA,Y,NA,A,01,0,1,1,0,0,0,0,0,0,-,-,NA,NA,LOS ANGELES,EL SEGUNDO,-118.38321685791016,33.92280578613281
8560264,2018,2018-02-27,1923,2018-01-23,0654,469,E316,2,5,3,1923,0,0,0,NA,0,3L3D,EL SEGUNDO BL,CONTINENTAL BL,24,E,N,A,-,N,NA,NA,NA,NA,NA,NA,NA,NA,NA,Y,4,0,1,2,A,-,03,22350,NA,N,C,C,A,A,H,-,A,A,0,NA,NA,NA,NA,Y,NA,A,01,0,0,1,0,0,0,0,0,0,-,-,33.91630172729492,-118.390869140625,LOS ANGELES,EL SEGUNDO,-118.39086151123048,33.91646957397461
8560268,2018,2018-02-27,1923,2018-01-21,1339,499,318,7,5,3,1923,0,0,0,NA,0,3L3D,EL SEGUNDO,VILLAGE DR,26,E,N,A,-,N,NA,NA,NA,NA,NA,NA,NA,NA,NA,N,3,0,1,2,A,-,05,21650,NA,N,H,G,A,A,H,-,A,A,0,NA,Y,NA,NA,Y,NA,L,04,0,1,0,0,0,0,1,0,0,-,-,33.901878356933594,-118.29280853271484,LOS ANGELES,EL SEGUNDO,NA,NA
8560276,2018,2018-10-04,1942,2018-01-28,0100,41803,1128,7,5,7,1942,0,0,0,K,0,1A71,FIGUEROA ST,HILLANDALE DR,100,S,N,A,-,N,NA,NA,NA,NA,NA,NA,NA,NA,NA,Y,2,0,2,4,A,-,03,22350,NA,N,A,C,A,A,H,-,C,D,0,NA,NA,NA,NA,Y,NA,A,01,2,0,0,0,0,0,0,0,0,-,-,NA,NA,LOS ANGELES,LOS ANGELES,-118.18657684326172,34.12629318237305
8560280,2018,2018-02-27,1942,2018-01-13,0925,33485,0413,6,5,7,1942,0,0,0,D,0,4A71,AVE 28,WORKMAN AV,0,NA,Y,A,-,N,NA,NA,NA,NA,NA,NA,NA,NA,NA,N,4,0,1,2,A,-,10,21950,A,N,G,B,B,A,H,-,A,A,0,Y,NA,NA,NA,Y,NA,A,07,0,0,1,0,1,0,0,0,0,-,-,NA,NA,LOS ANGELES,LOS ANGELES,-118.21452331542967,34.079280853271484
8560284,2018,2018-02-27,1942,2018-01-21,1535,30524,0415,7,5,7,1942,0,0,0,D,0,4A15,JOHNSTON ST,ALTURA ST,0,NA,Y,A,-,N,NA,NA,NA,NA,NA,NA,NA,NA,NA,Y,3,0,2,2,A,-,09,21802,A,N,D,C,A,A,H,-,A,D,0,NA,NA,NA,NA,Y,NA,A,01,0,1,1,0,0,0,0,0,0,-,-,NA,NA,LOS ANGELES,LOS ANGELES,-118.2104263305664,34.07551193237305
8560292,2018,2018-02-27,1907,2018-01-21,1810,235,1,7,5,4,1907,0,0,0,NA,0,NA,FLORENCE AV,PINE AV,338,W,N,A,-,N,NA,NA,NA,NA,NA,NA,NA,NA,NA,N,4,0,1,2,A,-,03,22350,NA,N,C,C,A,A,H,-,C,D,0,NA,NA,NA,NA,Y,NA,A,01,0,0,1,0,0,0,0,0,0,-,-,33.970680236816406,-118.1916732788086,LOS ANGELES,BELL,-118.19062042236328,33.970577239990234
8560296,2018,2018-02-27,1907,2018-01-21,1405,235,1,7,5,4,1907,0,0,0,NA,0,NA,RANDOLPH ST,CORONA AV,13,S,N,A,-,N,NA,NA,NA,NA,NA,NA,NA,NA,NA,N,4,0,1,2,A,-,09,21801,A,N,D,C,A,A,H,-,A,A,0,NA,NA,NA,NA,Y,NA,A,01,0,0,1,0,0,0,0,0,0,-,-,33.982200622558594,-118.19558715820313,LOS ANGELES,BELL,-118.19561767578124,33.982208251953125
8560297,2017,2018-02-27,1972,2017-12-27,1041,17071,NA,3,5,6,1972,0,0,0,NA,0,NA,DEL AMO,MARINER,15,E,N,A,-,N,NA,NA,NA,NA,NA,NA,NA,NA,NA,N,4,0,1,2,D,-,00,NA,NA,N,B,C,A,A,H,-,A,D,0,NA,NA,NA,NA,Y,NA,-,-,0,0,1,0,0,0,0,0,0,-,-,NA,NA,LOS ANGELES,TORRANCE,-118.3496107,33.84858053
8560300,2018,2018-02-27,1965,2018-01-27,1016,3816,0B1F,6,5,5,1965,0,0,0,NA,0,B001,OCEAN PARK BL,2ND ST,0,NA,Y,A,-,N,NA,NA,NA,NA,NA,NA,NA,NA,NA,Y,4,0,1,2,A,-,09,21802,A,N,D,C,A,A,H,-,A,A,0,NA,NA,NA,NA,Y,NA,A,07,0,0,1,0,0,0,0,0,0,-,-,NA,NA,LOS ANGELES,SANTA MONICA,-118.48326110839844,34.00276184082031
8560304,2018,2018-02-28,1965,2018-02-07,1645,3158,0B2B,3,5,5,1965,0,0,0,NA,0,B002,16TH ST,MARINE ST,0,NA,Y,B,-,N,NA,NA,NA,NA,NA,NA,NA,NA,NA,N,3,0,1,2,A,-,15,21201,A,N,H,E,A,A,H,-,A,A,0,NA,Y,NA,NA,Y,NA,L,04,0,1,0,0,0,0,1,0,0,-,-,36.99787139892578,-120.98753356933594,LOS ANGELES,SANTA MONICA,-118.46502685546876,34.006710052490234
8560308,2018,2018-02-28,1965,2018-02-14,0826,3178,B4E,3,5,5,1965,0,0,0,NA,0,B004,WASHINGTON AV,EUCLID ST,152,W,N,A,-,N,NA,NA,NA,NA,NA,NA,NA,NA,NA,Y,3,0,1,4,A,-,01,23152,A,N,H,G,A,A,H,-,A,A,0,NA,Y,NA,NA,Y,NA,A,01,0,1,0,0,0,0,1,0,0,-,-,NA,NA,LOS ANGELES,SANTA MONICA,-118.49339294433594,34.02846145629883
8560323,2017,2018-02-28,1972,2017-12-18,2201,21036,NA,1,5,6,1972,0,0,0,NA,0,NA,TORRANCE,PALOS VERDES,24,W,N,A,-,N,NA,NA,NA,NA,NA,NA,NA,NA,NA,Y,4,0,2,2,A,-,03,22350,NA,N,C,C,A,A,H,-,C,A,0,NA,NA,NA,NA,Y,NA,A,NA,0,0,2,0,0,0,0,0,0,-,-,NA,NA,LOS ANGELES,TORRANCE,-118.36939889,33.83758
8560324,2018,2018-02-28,1942,2018-02-14,1535,39048,1764,3,5,7,1942,0,0,0,Q,0,17A81,PLUMMER ST,SHIRLEY AV,150,W,N,A,-,N,NA,NA,NA,NA,NA,NA,NA,NA,NA,N,4,0,1,2,A,-,08,22107,NA,F,B,C,A,A,H,-,A,D,0,NA,NA,NA,NA,Y,NA,-,99,0,0,1,0,0,0,0,0,0,-,-,NA,NA,LOS ANGELES,LOS ANGELES,-118.55841827392578,34.24272918701172
8560327,2017,2018-02-28,1972,2017-12-12,1159,20050,NA,2,5,6,1972,0,0,0,NA,0,NA,VAN NESS AV,164TH ST,0,NA,Y,A,-,N,NA,NA,NA,NA,NA,NA,NA,NA,NA,NA,4,0,1,2,A,-,12,22450,A,N,D,C,A,A,H,-,A,A,0,NA,NA,NA,NA,Y,NA,A,NA,0,0,1,0,0,0,0,0,0,-,-,NA,NA,LOS ANGELES,TORRANCE,-118.31787009,33.88195009
8560328,2018,2018-02-28,1942,2018-02-14,1115,38191,1798,3,5,7,1942,0,0,0,Q,0,17A95,PARTHENIA ST,HASKELL AV,0,NA,Y,A,-,N,NA,NA,NA,NA,NA,NA,NA,NA,NA,N,4,0,1,2,A,-,09,21801,A,N,D,C,A,A,H,-,A,A,0,NA,NA,NA,NA,Y,NA,A,01,0,0,1,0,0,0,0,0,0,-,-,NA,NA,LOS ANGELES,LOS ANGELES,-118.47640228271484,34.22832107543945
8560331,2018,2018-02-27,1972,2018-01-04,1341,18263,NA,4,5,6,1972,0,0,0,NA,0,NA,MADISON ST,SKYPARK,0,S,-,A,-,N,NA,NA,NA,NA,NA,NA,NA,NA,NA,N,4,0,1,2,A,-,09,21804,A,N,G,B,F,A,H,-,A,D,0,Y,NA,NA,NA,Y,NA,A,NA,0,0,1,0,1,0,0,0,0,-,-,NA,NA,LOS ANGELES,TORRANCE,-118.34818267822266,33.81100082397461
8560332,2018,2018-02-28,1942,2018-02-09,1745,40184,1681,5,5,7,1942,0,0,0,P,0,16X24,ROSCOE BL,WHITSETT AV,0,NA,Y,A,-,N,NA,NA,NA,NA,NA,NA,NA,NA,NA,Y,4,0,2,3,A,-,03,22350,NA,N,C,C,A,A,H,-,C,A,0,NA,NA,NA,NA,Y,NA,A,01,0,0,2,0,0,0,0,0,0,-,-,NA,NA,LOS ANGELES,LOS ANGELES,-118.4052734375,34.22166061401367
8560335,2018,2018-02-27,1972,2018-01-18,1827,16610,NA,4,5,6,1972,0,0,0,NA,0,NA,CRENSHAW BL,171ST ST,0,NA,Y,A,-,N,NA,NA,NA,NA,NA,NA,NA,NA,NA,Y,4,0,2,2,A,-,09,21802,A,N,D,C,A,A,H,-,C,D,0,NA,NA,NA,NA,Y,NA,A,NA,0,0,2,0,0,0,0,0,0,-,-,NA,NA,LOS ANGELES,TORRANCE,-118.32649993896484,33.87519073486328
8560336,2018,2018-02-28,1942,2018-02-13,1330,39157,1681,2,5,7,1942,0,0,0,P,0,16X4,WICKS ST,ARLETA AV,200,E,N,A,-,N,NA,NA,NA,NA,NA,NA,NA,NA,NA,N,4,0,1,2,A,-,21,22106,NA,N,B,C,A,A,H,-,A,D,0,NA,NA,NA,NA,Y,NA,A,01,0,0,1,0,0,0,0,0,0,-,-,NA,NA,LOS ANGELES,LOS ANGELES,-118.40663146972656,34.224544525146484
8560339,2018,2018-02-27,1972,2018-01-16,0850,14197,NA,2,5,6,1972,0,0,0,NA,0,NA,VAN NESS AV,CENTRAL AV,0,NA,Y,A,-,N,NA,NA,NA,NA,NA,NA,NA,NA,NA,Y,4,0,1,2,A,-,09,21801,A,N,D,C,A,A,H,-,A,A,0,NA,NA,NA,NA,Y,NA,A,NA,0,0,1,0,0,0,0,0,0,-,-,NA,NA,LOS ANGELES,TORRANCE,-118.31877136230467,33.84103012084961
8560340,2018,2018-02-28,1942,2018-02-12,0725,36257,1502,1,5,7,1942,0,0,0,O,0,15A21,STRATHERN ST,BELLAIRE AV,0,NA,Y,A,-,N,NA,NA,NA,NA,NA,NA,NA,NA,NA,Y,4,0,2,2,A,-,12,22450,A,N,D,C,A,A,H,-,A,A,0,NA,NA,NA,NA,Y,NA,A,01,0,0,2,0,0,0,0,0,0,-,-,NA,NA,LOS ANGELES,LOS ANGELES,-118.4130401611328,34.21577835083008
8560343,2018,2018-02-27,1972,2018-01-16,1600,18450,NA,2,5,6,1972,0,0,0,NA,0,NA,ANZA AV,SPENCER ST,0,NA,Y,A,-,N,NA,NA,NA,NA,NA,NA,NA,NA,NA,Y,4,0,1,2,A,-,09,21801,A,N,A,C,A,A,H,-,A,A,0,NA,NA,NA,NA,Y,NA,A,NA,0,0,1,0,0,0,0,0,0,-,-,NA,NA,LOS ANGELES,TORRANCE,-118.36237335205078,33.84497833251953
8560344,2018,2018-02-28,1942,2018-02-12,1220,39359,1039,1,5,7,1942,0,0,0,J,0,35MQ7,VICTORY BL,BLEWETT AV,66,W,N,A,-,N,NA,NA,NA,NA,NA,NA,NA,NA,NA,Y,4,0,2,2,A,-,03,22350,NA,N,C,C,A,A,H,-,A,D,0,NA,NA,NA,NA,Y,NA,A,01,0,0,2,0,0,0,0,0,0,-,-,NA,NA,LOS ANGELES,LOS ANGELES,-118.47858428955078,34.18663787841797
8560346,2017,2018-02-28,1972,2017-11-20,1526,16610,NA,1,5,6,1972,0,0,0,NA,0,NA,LOMITA BL,AUDREY AV,0,NA,Y,A,-,N,NA,NA,NA,NA,NA,NA,NA,NA,NA,Y,3,0,2,2,A,-,09,21801,NA,N,D,C,A,A,H,-,A,D,0,NA,NA,Y,NA,Y,NA,A,NA,0,1,1,0,0,0,0,0,2,-,-,NA,NA,LOS ANGELES,TORRANCE,-118.35343007,33.81712007
8560347,2018,2018-02-27,1972,2018-01-22,1310,19086,NA,1,5,6,1972,0,0,0,NA,0,NA,190TH ST,VANNESS,0,NA,Y,A,-,N,NA,NA,NA,NA,NA,NA,NA,NA,NA,Y,4,0,1,2,A,-,12,21453,A,N,D,C,A,A,H,-,A,A,0,NA,NA,NA,NA,Y,NA,A,NA,0,0,1,0,0,0,0,0,0,-,-,NA,NA,LOS ANGELES,TORRANCE,-118.31781768798828,33.85834884643555
8560348,2018,2018-02-28,1942,2018-02-14,0910,38191,1033,3,5,7,1942,0,0,0,J,0,10A21,VICTORY BL,SYLVIA AV,7,W,N,A,-,N,NA,NA,NA,NA,NA,NA,NA,NA,NA,N,3,0,1,2,A,-,05,21650,1,N,D,G,A,A,H,-,A,A,0,NA,Y,NA,NA,Y,NA,L,04,0,1,0,0,0,0,1,0,0,-,-,NA,NA,LOS ANGELES,LOS ANGELES,-118.55236053466795,34.18656921386719
8560350,2017,2018-02-28,1972,2017-11-27,0906,16610,NA,1,5,6,1972,0,0,0,NA,0,NA,TORRANCE BL,CRENSHAW BL,110,W,N,B,-,N,NA,NA,NA,NA,NA,NA,NA,NA,NA,Y,4,0,2,3,A,-,03,22350,NA,N,C,C,A,A,H,-,A,D,0,NA,NA,NA,NA,Y,Y,A,NA,0,0,2,0,0,0,0,0,0,-,-,NA,NA,LOS ANGELES,TORRANCE,-118.32907146,33.83633387
8560351,2018,2018-02-27,1972,2018-01-26,0745,16272,NA,5,5,6,1972,0,0,0,NA,0,NA,182ND,DOTY,275,E,N,A,-,N,NA,NA,NA,NA,NA,NA,NA,NA,NA,Y,4,0,1,2,A,-,07,21658,A,N,B,C,A,A,H,-,A,D,0,NA,NA,NA,NA,Y,NA,A,NA,0,0,1,0,0,0,0,0,0,-,-,NA,NA,LOS ANGELES,TORRANCE,-118.33903503417967,33.86555099487305
8560352,2018,2018-02-28,1942,2018-02-10,0125,42487,NA,6,5,7,1942,0,0,0,NA,0,NA,WHITE OAK,ROSCOE BL,0,NA,Y,A,-,N,NA,NA,NA,NA,NA,NA,NA,NA,NA,Y,3,0,1,3,A,-,12,21453,A,N,D,C,A,A,H,-,C,A,0,NA,NA,NA,NA,Y,NA,A,01,0,1,0,0,0,0,0,0,0,-,-,NA,NA,LOS ANGELES,LOS ANGELES,-118.51863098144533,34.22100067138672
8560354,2017,2018-02-28,1972,2017-11-18,1319,21032,NA,6,5,6,1972,0,0,0,NA,0,NA,CRENSHAW BL,MONTEREY ST,0,NA,Y,A,-,N,NA,NA,NA,NA,NA,NA,NA,NA,NA,Y,4,0,3,2,A,-,09,21801,NA,N,D,C,A,A,H,-,A,D,0,NA,NA,NA,NA,Y,NA,A,NA,0,0,3,0,0,0,0,0,0,-,-,NA,NA,LOS ANGELES,TORRANCE,-118.32858012,33.82945006
8560356,2018,2018-02-28,1942,2018-02-08,2140,39410,1755,4,5,7,1942,0,0,0,Q,0,17A35,LASSEN ST,GARDEN GROVE AV,350,W,N,A,-,N,NA,NA,NA,NA,NA,NA,NA,NA,NA,Y,4,0,1,2,A,-,08,22107,NA,N,C,E,A,A,H,-,C,A,0,NA,NA,NA,NA,Y,NA,A,07,0,0,1,0,0,0,0,0,0,-,-,NA,NA,LOS ANGELES,LOS ANGELES,-118.53015899658205,34.2499885559082
8560358,2017,2018-02-28,1972,2017-11-16,1502,19086,NA,4,5,6,1972,0,0,0,NA,0,NA,MADRONA,DEL AMO,250,S,N,A,-,N,NA,NA,NA,NA,NA,NA,NA,NA,NA,Y,3,0,4,5,A,-,07,21658,A,N,A,C,A,A,H,-,A,D,0,NA,NA,NA,NA,Y,NA,A,NA,0,1,3,0,0,0,0,0,0,-,-,NA,NA,LOS ANGELES,TORRANCE,-118.34533096,33.84789483
8560360,2018,2018-02-28,1942,2018-02-10,2130,42944,1795,6,5,7,1942,0,0,0,Q,0,17A81,PARTHENIA ST,LINDLEY AV,40,E,N,A,-,N,NA,NA,NA,NA,NA,NA,NA,NA,NA,Y,3,0,4,3,A,-,03,22350,NA,N,C,C,A,A,H,-,C,A,0,NA,NA,NA,NA,Y,NA,A,01,0,1,3,0,0,0,0,0,0,-,-,NA,NA,LOS ANGELES,LOS ANGELES,-118.5272216796875,34.228668212890625
8560362,2017,2018-02-28,1972,2017-11-19,0923,19007,NA,7,5,6,1972,0,0,0,NA,0,NA,190TH ST,ERMANITA,36,E,N,A,-,N,NA,NA,NA,NA,NA,NA,NA,NA,NA,Y,4,0,1,3,A,-,03,22350,NA,N,C,C,A,A,H,-,A,D,0,NA,NA,NA,NA,Y,NA,A,NA,0,0,1,0,0,0,0,0,0,-,-,NA,NA,LOS ANGELES,TORRANCE,-118.33237165,33.8583
8560364,2018,2018-02-28,1942,2018-02-13,0625,41514,1656,2,5,7,1942,0,0,0,P,0,16A35,FOOTHILL BL,WOODWARD AV,0,NA,Y,A,-,N,NA,NA,NA,NA,NA,NA,NA,NA,NA,N,4,0,1,2,A,-,10,21950,A,N,G,B,B,A,H,-,B,A,0,Y,NA,NA,NA,Y,NA,A,07,0,0,1,0,1,0,0,0,0,-,-,NA,NA,LOS ANGELES,LOS ANGELES,-118.30706024169922,34.25965118408203
8560366,2017,2018-02-28,1972,2017-11-20,2145,21089,NA,1,5,6,1972,0,0,0,NA,0,NA,PALOS VERDES,LOMITA ST,10,N,N,A,-,N,NA,NA,NA,NA,NA,NA,NA,NA,NA,Y,4,0,1,4,A,-,01,23152,A,N,B,E,A,A,H,-,C,A,0,NA,NA,NA,NA,Y,NA,A,NA,0,0,1,0,0,0,0,0,0,-,-,NA,NA,LOS ANGELES,TORRANCE,-118.36927547,33.82539717
8560368,2018,2018-03-22,1942,2018-02-11,1845,42314,1651,7,5,7,1942,0,0,0,P,0,16A23,LAUREL CANYON BL,OSBORNE ST,0,NA,Y,A,-,N,NA,NA,NA,NA,NA,NA,NA,NA,NA,N,4,0,1,2,A,-,12,21453,A,N,H,G,A,A,H,-,C,A,0,NA,Y,NA,NA,Y,NA,A,01,0,0,1,0,0,0,1,0,0,-,-,NA,NA,LOS ANGELES,LOS ANGELES,-118.41954040527344,34.24687957763672
8560370,2017,2018-02-28,1972,2017-12-09,1741,17649,NA,6,5,6,1972,0,0,0,NA,0,NA,SEPULVEDA BL,ARLINGTON AV,0,NA,Y,A,-,N,NA,NA,NA,NA,NA,NA,NA,NA,NA,Y,4,0,2,3,A,-,01,23152,A,N,C,C,A,A,H,-,C,A,0,NA,NA,NA,NA,Y,Y,D,NA,0,0,2,0,0,0,0,0,0,-,-,NA,NA,LOS ANGELES,TORRANCE,-118.31975003,33.82010004
8560372,2018,2018-02-28,1942,2018-02-09,0100,43123,1665,5,5,7,1942,0,0,0,P,0,16A77,WENTWORTH ST,BROMONT AV,0,NA,Y,A,-,N,NA,NA,NA,NA,NA,NA,NA,NA,NA,Y,4,0,2,2,A,-,09,21802,A,N,D,C,A,A,H,-,C,D,0,NA,NA,NA,NA,Y,NA,A,01,0,0,2,0,0,0,0,0,0,-,-,NA,NA,LOS ANGELES,LOS ANGELES,-118.3781280517578,34.2551383972168
8560376,2018,2018-02-28,1942,2018-02-09,1125,38338,1684,5,5,7,1942,0,0,0,P,0,16A77,ROSCOE BL,AMBOY AV,300,W,N,A,-,N,NA,NA,NA,NA,NA,NA,NA,NA,NA,Y,3,0,1,2,A,-,08,22107,NA,N,D,E,A,A,H,-,A,D,0,NA,NA,NA,NA,Y,NA,A,01,0,1,0,0,0,0,0,0,0,-,-,NA,NA,LOS ANGELES,LOS ANGELES,-118.39183807373048,34.22163009643555
8560378,2017,2018-02-28,1972,2017-12-04,2229,21089,NA,1,5,6,1972,0,0,0,NA,0,NA,SEPULVEDA BL,ARLINGTON AV,0,NA,Y,A,-,N,NA,NA,NA,NA,NA,NA,NA,NA,NA,Y,3,0,1,2,A,-,01,23152,A,N,C,C,A,A,H,-,C,A,0,NA,NA,NA,NA,Y,Y,A,NA,0,1,0,0,0,0,0,0,0,-,-,NA,NA,LOS ANGELES,TORRANCE,-118.31975003,33.82010004