CASE_ID,ACCIDENT_YEAR,PROC_DATE,JURIS,COLLISION_DATE,COLLISION_TIME,OFFICER_ID,REPORTING_DISTRICT,DAY_OF_WEEK,CHP_SHIFT,POPULATION,CNTY_CITY_LOC,SPECIAL_COND,BEAT_TYPE,CHP_BEAT_TYPE,CITY_DIVISION_LAPD,CHP_BEAT_CLASS,BEAT_NUMBER,PRIMARY_RD,SECONDARY_RD,DISTANCE,DIRECTION,INTERSECTION,WEATHER_1,WEATHER_2,STATE_HWY_IND,CALTRANS_COUNTY,CALTRANS_DISTRICT,STATE_ROUTE,ROUTE_SUFFIX,POSTMILE_PREFIX,POSTMILE,LOCATION_TYPE,RAMP_INTERSECTION,SIDE_OF_HWY,TOW_AWAY,COLLISION_SEVERITY,NUMBER_KILLED,NUMBER_INJURED,PARTY_COUNT,PRIMARY_COLL_FACTOR,PCF_CODE_OF_VIOL,PCF_VIOL_CATEGORY,PCF_VIOLATION,PCF_VIOL_SUBSECTION,HIT_AND_RUN,TYPE_OF_COLLISION,MVIW,PED_ACTION,ROAD_SURFACE,ROAD_COND_1,ROAD_COND_2,LIGHTING,CONTROL_DEVICE,CHP_ROAD_TYPE,PEDESTRIAN_ACCIDENT,BICYCLE_ACCIDENT,MOTORCYCLE_ACCIDENT,TRUCK_ACCIDENT,NOT_PRIVATE_PROPERTY,ALCOHOL_INVOLVED,STWD_VEHTYPE_AT_FAULT,CHP_VEHTYPE_AT_FAULT,COUNT_SEVERE_INJ,COUNT_VISIBLE_INJ,COUNT_COMPLAINT_PAIN,COUNT_PED_KILLED,COUNT_PED_INJURED,COUNT_BICYCLIST_KILLED,COUNT_BICYCLIST_INJURED,COUNT_MC_KILLED,COUNT_MC_INJURED,PRIMARY_RAMP,SECONDARY_RAMP,LATITUDE,LONGITUDE,COUNTY,CITY,POINT_X,POINT_Y
8560380,2018,2018-02-28,1942,2018-02-13,1640,41125,1517,2,5,7,1942,0,0,0,O,0,15A27,VANOWEN ST,VINELAND AV,0,NA,Y,A,-,N,NA,NA,NA,NA,NA,NA,NA,NA,NA,Y,3,0,3,2,A,-,09,21801,A,N,D,C,A,A,H,-,A,A,0,NA,NA,NA,NA,Y,NA,A,01,0,1,2,0,0,0,0,0,0,-,-,NA,NA,LOS ANGELES,LOS ANGELES,-118.37030029296876,34.19395065307617
8560382,2017,2018-02-28,1972,2017-12-04,1729,16610,NA,1,5,6,1972,0,0,0,NA,0,NA,CABRILLO AV,SARTORI AV,0,NA,Y,A,-,N,NA,NA,NA,NA,NA,NA,NA,NA,NA,Y,4,0,1,2,A,-,03,22350,NA,F,C,C,A,A,H,-,C,D,0,NA,NA,NA,NA,Y,NA,A,NA,0,0,1,0,0,0,0,0,0,-,-,NA,NA,LOS ANGELES,TORRANCE,-118.31449007,33.83429001
8560384,2018,2018-02-28,1942,2018-02-14,1400,34420,1079,3,5,7,1942,0,0,0,J,0,10A99,VENTURA BL,HASKELL AV,40,W,N,B,-,N,NA,NA,NA,NA,NA,NA,NA,NA,NA,N,4,0,1,2,A,-,04,21703,NA,N,C,C,A,A,H,-,A,A,0,NA,NA,NA,NA,Y,NA,A,01,0,0,1,0,0,0,0,0,0,-,-,NA,NA,LOS ANGELES,LOS ANGELES,-118.47504425048828,34.15519332885742
8560386,2017,2018-02-28,1972,2017-12-12,0923,17071,NA,2,5,6,1972,0,0,0,NA,0,NA,TORRANCE,ANZA,0,NA,Y,A,-,N,NA,NA,NA,NA,NA,NA,NA,NA,NA,Y,3,0,1,2,A,-,12,21453,A,N,D,C,A,A,H,-,A,A,0,NA,NA,NA,NA,Y,NA,A,NA,0,1,0,0,0,0,0,0,0,-,-,NA,NA,LOS ANGELES,TORRANCE,-118.36238014,33.83757002
8560388,2018,2018-02-28,1942,2018-01-16,1910,37304,1049,2,5,7,1942,0,0,0,J,0,10A17,VICTORY BL,PETIT AV,0,NA,Y,A,-,N,NA,NA,NA,NA,NA,NA,NA,NA,NA,N,4,0,1,2,A,-,09,21802,A,N,D,-,A,A,H,-,C,-,0,NA,NA,NA,NA,Y,NA,A,01,0,0,1,0,0,0,0,0,0,-,-,NA,NA,LOS ANGELES,LOS ANGELES,-118.49716186523438,34.18661117553711
8560390,2017,2018-02-28,1972,2017-12-22,0927,14629,NA,5,5,6,1972,0,0,0,NA,0,NA,LOMITA,MADISON,0,NA,Y,A,-,N,NA,NA,NA,NA,NA,NA,NA,NA,NA,Y,4,0,1,2,A,-,09,21802,A,N,D,C,A,A,H,-,A,D,0,NA,NA,NA,NA,Y,NA,A,NA,0,0,1,0,0,0,0,0,0,-,-,NA,NA,LOS ANGELES,TORRANCE,-118.34791006,33.81444006
8560392,2018,2018-02-28,1942,2018-02-14,1310,40398,1099,3,5,7,1942,0,0,0,J,0,10A99,SEPULVEDA BL,FIUME WK,0,NA,Y,A,-,N,NA,NA,NA,NA,NA,NA,NA,NA,NA,N,4,0,1,2,A,-,12,21453,A,N,D,C,A,A,H,-,A,A,0,NA,NA,NA,NA,Y,NA,A,01,0,0,1,0,0,0,0,0,0,-,-,NA,NA,LOS ANGELES,LOS ANGELES,-118.46988677978516,34.14820861816406
8560394,2017,2018-02-28,1972,2017-12-18,1921,17616,NA,1,5,6,1972,0,0,0,NA,0,NA,190TH,WILTON,50,W,N,A,-,N,NA,NA,NA,NA,NA,NA,NA,NA,NA,Y,4,0,2,3,A,-,03,22350,NA,N,C,C,A,A,H,-,C,D,0,NA,NA,NA,NA,Y,NA,A,NA,0,0,2,0,0,0,0,0,0,-,-,NA,NA,LOS ANGELES,TORRANCE,-118.31625436,33.85835802
8560396,2018,2018-02-28,1942,2018-02-14,1835,35481,1078,3,5,7,1942,0,0,0,J,0,10A99,HAYVENHURST AV,OTSEGO ST,485,S,N,A,-,N,NA,NA,NA,NA,NA,NA,NA,NA,NA,N,3,0,1,2,A,-,11,21954,A,N,G,B,D,A,H,-,C,D,0,Y,NA,NA,NA,Y,NA,N,60,0,1,0,0,1,0,0,0,0,-,-,NA,NA,LOS ANGELES,LOS ANGELES,-118.49234771728516,34.16130065917969
8560398,2017,2018-02-28,1972,2017-12-18,1405,14197,12182,1,5,6,1972,0,0,0,NA,0,Y1405,VAN NESS AV,164TH ST,0,NA,Y,A,-,N,NA,NA,NA,NA,NA,NA,NA,NA,NA,Y,4,0,1,2,A,-,12,22450,NA,N,D,C,A,A,H,-,A,A,0,NA,NA,NA,NA,Y,NA,A,NA,0,0,1,0,0,0,0,0,0,-,-,NA,NA,LOS ANGELES,TORRANCE,-118.31787009,33.88195009
8560400,2018,2018-02-28,1942,2018-02-11,2130,41770,1017,7,5,7,1942,0,0,0,J,0,10A17,SATICOY ST,ENCINO AV,0,NA,Y,A,-,N,NA,NA,NA,NA,NA,NA,NA,NA,NA,Y,4,0,1,2,A,-,09,21802,A,N,D,C,A,A,H,-,D,D,0,NA,NA,NA,NA,Y,NA,A,01,0,0,1,0,0,0,0,0,0,-,-,NA,NA,LOS ANGELES,LOS ANGELES,-118.51425933837892,34.20840835571289
8560405,2018,2018-03-08,1942,2018-01-17,0900,39079,0437,3,5,7,1942,0,0,0,D,0,4A53,VALLEY BL,CYRIL AV,40,W,N,A,-,N,NA,NA,NA,NA,NA,NA,NA,NA,NA,Y,4,0,1,2,A,-,09,21804,A,N,D,C,A,A,H,-,A,D,0,NA,NA,NA,NA,Y,NA,A,01,0,0,1,0,0,0,0,0,0,-,-,NA,NA,LOS ANGELES,LOS ANGELES,-118.18057250976564,34.065185546875
8560415,2018,2018-03-06,1942,2018-02-07,0810,26810,0706,3,5,7,1942,0,0,0,G,0,34M1,MELROSE AV,ORANGE DR,0,NA,Y,A,-,N,NA,NA,NA,NA,NA,NA,NA,NA,NA,N,4,0,1,2,A,-,04,21703,NA,N,C,C,A,A,H,-,A,D,0,NA,NA,NA,NA,Y,NA,D,22,0,0,1,0,0,0,0,0,0,-,-,NA,NA,LOS ANGELES,LOS ANGELES,-118.34161376953124,34.08346176147461
8560419,2018,2018-03-01,1942,2018-01-05,1715,42675,WILSH,5,5,7,1942,0,0,0,NA,0,0738,HIGHLAND AV,WILSHIRE BL,0,NA,Y,A,-,N,NA,NA,NA,NA,NA,NA,NA,NA,NA,N,4,0,2,3,A,-,12,21453,A,N,A,C,A,A,H,-,C,A,0,NA,NA,NA,NA,Y,NA,A,01,0,0,2,0,0,0,0,0,0,-,-,NA,NA,LOS ANGELES,LOS ANGELES,-118.33849334716795,34.06211853027344
8560423,2018,2018-03-24,1942,2018-01-31,1340,41858,1472,3,5,7,1942,0,0,0,N,0,14TL52,PACIFIC AV,CULVER BL,126,N,N,A,-,N,NA,NA,NA,NA,NA,NA,NA,NA,NA,Y,4,0,1,3,A,-,03,22350,NA,N,B,C,A,A,D,-,A,A,0,NA,NA,NA,Y,Y,NA,A,01,0,0,1,0,0,0,0,0,0,-,-,NA,NA,LOS ANGELES,LOS ANGELES,-118.45011901855467,33.95783996582031
8560439,2018,2018-03-05,1942,2018-01-13,1030,37613,0834,6,5,7,1942,0,0,0,H,0,7TL23,WILSHIRE BL,WESTHOLME AV,0,NA,Y,A,-,N,NA,NA,NA,NA,NA,NA,NA,NA,NA,Y,4,0,1,2,A,-,12,21453,A,N,D,C,A,A,H,-,A,A,0,NA,NA,NA,NA,Y,NA,-,-,0,0,1,0,0,0,0,0,0,-,-,NA,NA,LOS ANGELES,LOS ANGELES,-118.43369293212892,34.06150817871094
8560443,2018,2018-03-13,1942,2018-02-13,1505,40315,0809,2,5,7,1942,0,0,0,H,0,8A29,COLDWATER CANYON DR,ROYALTON DR,30,S,N,A,-,N,NA,NA,NA,NA,NA,NA,NA,NA,NA,Y,4,0,3,3,A,-,03,22350,NA,N,C,C,A,A,H,-,A,A,0,NA,NA,NA,NA,Y,NA,A,01,0,0,3,0,0,0,0,0,0,-,-,NA,NA,LOS ANGELES,LOS ANGELES,-118.40475463867188,34.11030578613281
8560445,2018,2018-03-08,1907,2018-01-25,1550,192,2,4,5,4,1907,0,0,0,NA,0,NA,FLORENCE AV,FLORENCE AV 4600,0,NA,Y,A,-,N,NA,NA,NA,NA,NA,NA,NA,NA,NA,Y,3,0,4,5,A,-,03,22350,NA,N,C,C,A,A,H,-,A,D,0,NA,NA,NA,NA,Y,NA,A,01,0,3,1,0,0,0,0,0,0,-,-,33.96929931640625,-118.1845703125,LOS ANGELES,BELL,-118.184471,33.969916
8560447,2018,2018-03-24,1942,2018-01-08,1540,37900,0818,1,5,7,1942,0,0,0,H,0,8T26,W SUNSET BL,BELLAGIO TER,0,NA,Y,C,-,N,NA,NA,NA,NA,NA,NA,NA,NA,NA,Y,4,0,2,3,A,-,03,22350,NA,N,D,C,A,B,H,-,B,D,0,NA,NA,NA,NA,Y,NA,D,72,0,0,2,0,0,0,0,0,0,-,-,NA,NA,LOS ANGELES,LOS ANGELES,-118.45465850830078,34.07659149169922
8560451,2018,2018-02-28,1942,2018-01-24,1425,36940,0835,3,5,7,1942,0,0,0,H,0,8A35,WESTWOOD BL,LA GRANGE AV,0,NA,Y,A,-,N,NA,NA,NA,NA,NA,NA,NA,NA,NA,Y,4,0,2,2,A,-,09,21801,A,N,D,C,A,A,H,-,A,A,0,NA,NA,NA,NA,Y,NA,A,01,0,0,2,0,0,0,0,0,0,-,-,NA,NA,LOS ANGELES,LOS ANGELES,-118.43414306640624,34.04669189453125
8560455,2018,2018-03-06,1942,2018-02-12,0645,37550,0884,1,5,7,1942,0,0,0,H,0,8TL35,SEPULVEDA BL,PICO BL,0,NA,Y,A,-,N,NA,NA,NA,NA,NA,NA,NA,NA,NA,Y,3,0,4,2,A,-,09,21801,A,N,A,C,A,-,H,-,A,A,0,NA,NA,NA,NA,Y,NA,A,01,0,3,1,0,0,0,0,0,0,-,-,NA,NA,LOS ANGELES,LOS ANGELES,-118.43512725830078,34.036991119384766
8560463,2018,2018-03-13,1942,2018-01-11,0850,42451,0808,4,5,7,1942,0,0,0,H,0,6T7,BENEDICT CANYON DR,BEVERLY ESTATE DR,88,S,N,A,-,N,NA,NA,NA,NA,NA,NA,NA,NA,NA,N,4,0,1,2,A,-,03,22350,NA,N,C,E,A,A,H,-,A,D,0,NA,NA,NA,Y,Y,NA,A,07,0,0,1,0,0,0,0,0,0,-,-,NA,NA,LOS ANGELES,LOS ANGELES,-118.42845153808594,34.091712951660156
8560471,2018,2018-02-28,1942,2018-01-16,1300,38374,0706,2,5,7,1942,0,0,0,G,0,34MQ14,MELROSE AV,NORTH HIGHLAND AV,0,NA,Y,A,-,N,NA,NA,NA,NA,NA,NA,NA,NA,NA,Y,4,0,1,2,A,-,12,21453,A,N,D,C,A,A,H,-,A,A,0,NA,NA,NA,NA,Y,NA,A,01,0,0,1,0,0,0,0,0,0,-,-,NA,NA,LOS ANGELES,LOS ANGELES,-118.3385772705078,34.08346939086914
8560475,2018,2018-03-06,1942,2018-02-08,1530,36940,0767,4,5,7,1942,0,0,0,G,0,7A69,W PICO BL,CRENSHAW BL,0,NA,Y,A,-,N,NA,NA,NA,NA,NA,NA,NA,NA,NA,N,4,0,2,2,A,-,09,21801,A,N,D,C,A,A,H,-,A,A,0,NA,NA,NA,NA,Y,NA,D,22,0,0,2,0,0,0,0,0,0,-,-,NA,NA,LOS ANGELES,LOS ANGELES,-118.32669830322266,34.047828674316406
8560481,2018,2018-02-28,1942,2018-02-09,1605,36169,1788,5,5,7,1942,0,0,0,Q,0,17X22,BALBOA BL,NORDHOFF ST,50,S,N,A,-,N,NA,NA,NA,NA,NA,NA,NA,NA,NA,N,4,0,1,3,A,-,04,21703,NA,F,C,C,A,A,-,-,A,A,0,NA,NA,NA,NA,Y,NA,-,99,0,0,1,0,0,0,0,0,0,-,-,NA,NA,LOS ANGELES,LOS ANGELES,-118.50251007080078,34.2355842590332
8560485,2018,2018-02-28,1942,2018-02-09,2300,33504,1642,5,5,7,1942,0,0,0,P,0,16A23,TELFAIR AV,PIERCE ST,30,N,N,A,-,N,NA,NA,NA,NA,NA,NA,NA,NA,NA,Y,4,0,1,2,A,-,03,22350,NA,N,C,C,A,B,H,-,C,A,0,NA,NA,NA,NA,Y,NA,A,01,0,0,1,0,0,0,0,0,0,-,-,NA,NA,LOS ANGELES,LOS ANGELES,-118.42246246337892,34.260643005371094
8560489,2018,2018-02-28,1942,2018-02-13,0835,34561,1045,2,5,7,1942,0,0,0,J,0,10A83,WHITE OAK AV,MARTHA ST,0,NA,Y,A,-,N,NA,NA,NA,NA,NA,NA,NA,NA,NA,Y,4,0,1,2,A,-,06,21755,A,N,D,C,A,A,H,-,A,D,0,NA,NA,NA,NA,Y,NA,A,01,0,0,1,0,0,0,0,0,0,-,-,NA,NA,LOS ANGELES,LOS ANGELES,-118.51879119873048,34.17314147949219
8560491,2018,2018-02-28,1965,2018-02-14,1820,3158,0B2A,3,5,5,1965,0,0,0,NA,0,B002,BAY ST,LINCOLN BL,4,W,N,A,-,N,NA,NA,NA,NA,NA,NA,NA,NA,NA,N,3,0,1,2,A,-,10,21950,A,F,G,B,B,A,H,-,C,A,0,Y,NA,NA,NA,Y,NA,A,07,0,1,0,0,1,0,0,0,0,-,-,37.00284957885742,-121.00521850585938,LOS ANGELES,SANTA MONICA,-118.48219299316406,34.011661529541016
8560493,2018,2018-02-28,1942,2018-02-10,1655,35481,1083,6,5,7,1942,0,0,0,J,0,10A83,VANALDEN AV,CHARLES ST,130,S,N,A,-,N,NA,NA,NA,NA,NA,NA,NA,NA,NA,Y,3,0,2,1,A,-,03,22350,NA,N,E,I,A,A,H,-,A,D,0,NA,NA,NA,NA,Y,NA,A,01,0,2,0,0,0,0,0,0,0,-,-,NA,NA,LOS ANGELES,LOS ANGELES,-118.55283355712892,34.158599853515625
8560495,2018,2018-02-28,1965,2018-02-09,1313,3553,0B3C,5,5,5,1965,0,0,0,NA,0,B003,OLYMPIC BL,20TH ST,0,NA,Y,A,-,N,NA,NA,NA,NA,NA,NA,NA,NA,NA,Y,4,0,1,2,A,-,12,21453,A,N,D,C,A,A,H,-,A,A,0,NA,NA,NA,NA,Y,NA,A,01,0,0,1,0,0,0,0,0,0,-,-,NA,NA,LOS ANGELES,SANTA MONICA,-118.47499084472656,34.02436828613281
8560497,2018,2018-02-28,1942,2018-02-09,0450,42921,1729,5,5,7,1942,0,0,0,Q,0,17A49,SAN FERNANDO MISSION BL,LOUISE AV,500,E,N,A,-,N,NA,NA,NA,NA,NA,NA,NA,NA,NA,Y,3,0,1,3,A,-,08,22107,NA,N,B,E,A,A,H,-,C,D,0,NA,NA,NA,NA,Y,NA,A,01,0,1,0,0,0,0,0,0,0,-,-,NA,NA,LOS ANGELES,LOS ANGELES,-118.5093002319336,34.272064208984375
8560499,2018,2018-02-28,1965,2018-02-08,1710,3158,0B2C,4,5,5,1965,0,0,0,NA,0,B002,23RD ST,PIER AV,0,NA,Y,A,-,N,NA,NA,NA,NA,NA,NA,NA,NA,NA,Y,3,0,2,2,A,-,09,21802,A,N,D,C,A,A,H,-,B,A,0,NA,NA,NA,NA,Y,NA,A,01,0,1,1,0,0,0,0,0,0,-,-,37.00318908691406,-120.98139190673828,LOS ANGELES,SANTA MONICA,-118.45924377441406,34.012081146240234
8560501,2018,2018-02-28,1942,2018-02-13,1230,39048,1737,2,5,7,1942,0,0,0,Q,0,17A35,BALBOA BL,SAN FERNANDO MISSION RD,5,S,N,A,-,N,NA,NA,NA,NA,NA,NA,NA,NA,NA,N,3,0,1,2,A,-,10,21950,A,N,G,B,B,A,H,-,A,A,0,Y,NA,NA,NA,Y,NA,A,01,0,1,0,0,1,0,0,0,0,-,-,NA,NA,LOS ANGELES,LOS ANGELES,-118.502197265625,34.272037506103516
8560503,2018,2018-02-28,1965,2018-02-08,1405,3158,0B1F,4,5,5,1965,0,0,0,NA,0,B001,MAIN ST,BAY ST,6,S,N,A,-,N,NA,NA,NA,NA,NA,NA,NA,NA,NA,N,3,0,1,2,A,-,08,22100,A,N,B,C,A,A,H,-,A,A,0,NA,NA,NA,NA,Y,NA,A,01,0,1,0,0,0,0,0,0,0,-,-,36.99842071533203,-121.01229095458984,LOS ANGELES,SANTA MONICA,-118.4889678955078,34.00716781616211
8560505,2018,2018-02-28,1942,2018-02-10,1255,35481,1757,6,5,7,1942,0,0,0,Q,0,17A49,BALBOA BL,DEVONSHIRE ST,140,S,N,A,-,N,NA,NA,NA,NA,NA,NA,NA,NA,NA,Y,4,0,2,2,A,-,09,21801,A,N,D,C,A,A,H,-,A,D,0,NA,NA,Y,NA,Y,NA,A,01,0,0,2,0,0,0,0,0,1,-,-,NA,NA,LOS ANGELES,LOS ANGELES,-118.50233459472656,34.25715637207031
8560507,2018,2018-02-28,1965,2018-02-08,1300,3158,0B1J,4,5,5,1965,0,0,0,NA,0,B001,WILSHIRE BL,LINCOLN BL,0,NA,Y,A,-,N,NA,NA,NA,NA,NA,NA,NA,NA,NA,Y,3,0,2,2,A,-,09,21801,A,N,A,C,A,A,H,-,A,A,0,NA,NA,NA,NA,Y,NA,A,01,0,2,0,0,0,0,0,0,0,-,-,37.013450622558594,-121.01783752441406,LOS ANGELES,SANTA MONICA,-118.49453735351564,34.02217102050781
8560509,2018,2018-03-20,1942,2018-02-10,2020,38492,RD198,6,5,7,1942,0,0,0,NA,0,19X84,WOODMAN AV,CHASE ST,0,NA,Y,A,-,N,NA,NA,NA,NA,NA,NA,NA,NA,NA,N,3,0,1,2,A,-,10,21950,A,N,G,B,B,A,H,-,C,A,0,Y,NA,NA,NA,Y,NA,A,01,0,1,0,0,1,0,0,0,0,-,-,NA,NA,LOS ANGELES,LOS ANGELES,-118.43438720703124,34.22795104980469
8560511,2018,2018-02-28,1965,2018-02-09,1540,3553,0B2C,5,5,5,1965,0,0,0,NA,0,B002,OCEAN PARK BL,24TH ST,0,NA,Y,A,-,N,NA,NA,NA,NA,NA,NA,NA,NA,NA,Y,3,0,3,2,A,-,09,21802,A,N,D,C,A,A,H,-,A,A,0,NA,NA,NA,NA,Y,NA,A,07,0,3,0,0,0,0,0,0,0,-,-,NA,NA,LOS ANGELES,SANTA MONICA,-118.45995330810548,34.0164909362793
8560513,2018,2018-02-28,1942,2018-02-09,1735,42561,1999,5,5,7,1942,0,0,0,NA,0,19X94,ROSCOE BL,WOODMAN AV,494,E,N,A,-,N,NA,NA,NA,NA,NA,NA,NA,NA,NA,N,4,0,1,2,A,-,05,21650,1,N,C,G,A,A,H,-,C,D,0,NA,Y,NA,NA,Y,NA,L,04,0,0,1,0,0,0,1,0,0,-,-,NA,NA,LOS ANGELES,LOS ANGELES,-118.43112182617188,34.221675872802734
8560515,2018,2018-02-28,1965,2018-02-10,0858,3178,0B3A,6,5,5,1965,0,0,0,NA,0,B003,26TH ST,ARIZONA AV,150,S,N,A,-,N,NA,NA,NA,NA,NA,NA,NA,NA,NA,N,4,0,1,2,A,-,17,22517,NA,N,H,G,A,A,A,-,A,D,0,NA,Y,NA,NA,Y,NA,A,01,0,0,1,0,0,0,1,0,0,-,-,NA,NA,LOS ANGELES,SANTA MONICA,-118.4755401611328,34.03435134887695
8560517,2018,2018-03-09,1942,2018-02-13,1505,39629,1977,2,5,7,1942,0,0,0,NA,0,19A79,SNOWDEN AV,BRANFORD ST,0,NA,Y,A,-,N,NA,NA,NA,NA,NA,NA,NA,NA,NA,Y,4,0,3,2,A,-,09,21802,A,N,D,C,A,A,H,-,A,A,0,NA,NA,NA,NA,Y,NA,A,01,0,0,3,0,0,0,0,0,0,-,-,NA,NA,LOS ANGELES,LOS ANGELES,-118.43205261230467,34.22718048095703
8560519,2018,2018-02-28,1965,2018-02-13,1415,3158,0B4E,2,5,5,1965,0,0,0,NA,0,B004,14TH ST,WASHINGTON AV,0,NA,Y,A,-,N,NA,NA,NA,NA,NA,NA,NA,NA,NA,Y,4,0,1,2,A,-,09,21800,A,N,D,C,A,A,H,-,A,A,0,NA,NA,NA,NA,Y,NA,A,07,0,0,1,0,0,0,0,0,0,-,-,37.02077865600586,-121.01512908935548,LOS ANGELES,SANTA MONICA,-118.49205780029295,34.0295295715332
8560521,2018,2018-02-28,1942,2018-02-13,1005,34250,1944,2,5,7,1942,0,0,0,NA,0,35M35,LAUREL CANYON BL,CHATSWORTH DR,0,NA,Y,A,-,N,NA,NA,NA,NA,NA,NA,NA,NA,NA,N,4,0,1,2,A,-,12,21453,A,F,D,C,A,A,H,-,A,A,0,NA,NA,NA,NA,Y,Y,-,99,0,0,1,0,0,0,0,0,0,-,-,NA,NA,LOS ANGELES,LOS ANGELES,-118.44834899902344,34.27402114868164
8560523,2018,2018-02-28,1965,2018-02-13,0906,3693,0B4F,2,5,5,1965,0,0,0,NA,0,B004,MONTANA AV,HARVARD ST,0,NA,Y,A,-,N,NA,NA,NA,NA,NA,NA,NA,NA,NA,N,2,0,1,2,A,-,10,21950,A,N,G,B,B,A,H,-,A,A,0,Y,NA,NA,NA,Y,NA,A,07,1,0,0,0,1,0,0,0,0,-,-,37.03416061401367,-121.00435638427734,LOS ANGELES,SANTA MONICA,-118.48191833496094,34.04294967651367
8560525,2018,2018-02-28,1942,2018-02-09,0900,27260,1559,5,5,7,1942,0,0,0,O,0,N129,FORMAN AV,CAMARILLO ST,0,NA,Y,A,-,N,NA,NA,NA,NA,NA,NA,NA,NA,NA,N,2,0,1,2,A,-,10,21950,A,N,D,B,B,A,H,-,A,A,0,Y,NA,NA,NA,Y,NA,A,01,1,0,0,0,1,0,0,0,0,-,-,NA,NA,LOS ANGELES,LOS ANGELES,-118.35282135009766,34.157920837402344
8560527,2018,2018-02-28,1965,2018-02-05,0850,3693,0B3C,1,5,5,1965,0,0,0,NA,0,B003,17TH ST,OLYMPIC BL,0,NA,Y,A,-,N,NA,NA,NA,NA,NA,NA,NA,NA,NA,Y,2,0,1,2,A,-,09,21801,A,N,D,C,A,A,H,-,A,A,0,NA,NA,Y,NA,Y,NA,A,01,1,0,0,0,0,0,0,0,1,-,-,NA,NA,LOS ANGELES,SANTA MONICA,-118.47781372070313,34.02206039428711
8560529,2018,2018-02-28,1942,2018-02-08,2055,37304,1589,4,5,7,1942,0,0,0,O,0,15A67,FOREST LAWN DR,MEMORIAL DR,915,E,N,A,-,N,NA,NA,NA,NA,NA,NA,NA,NA,NA,Y,4,0,2,1,A,-,08,22107,NA,N,A,-,A,A,H,-,D,D,0,NA,NA,NA,NA,Y,NA,A,01,0,0,2,0,0,0,0,0,0,-,-,NA,NA,LOS ANGELES,LOS ANGELES,-118.32624053955078,34.151973724365234
8560533,2018,2018-02-28,1942,2018-02-01,1800,41855,1562,4,5,7,1942,0,0,0,O,0,15A28,KLING ST,WHITSETT AV,0,NA,Y,A,-,N,NA,NA,NA,NA,NA,NA,NA,NA,NA,Y,4,0,1,2,A,-,09,21801,A,N,D,C,A,A,H,-,C,D,0,NA,NA,NA,NA,Y,NA,A,01,0,0,1,0,0,0,0,0,0,-,-,NA,NA,LOS ANGELES,LOS ANGELES,-118.40525817871094,34.15581130981445
8560537,2018,2018-02-28,1942,2018-02-09,1800,41788,1549,5,5,7,1942,0,0,0,O,0,15U4W5,WHITSETT AV,VANOWEN ST,200,S,N,A,-,N,NA,NA,NA,NA,NA,NA,NA,NA,NA,Y,4,0,1,2,A,-,04,21703,NA,N,C,C,A,A,H,-,C,D,0,NA,NA,NA,NA,Y,NA,A,01,0,0,1,0,0,0,0,0,0,-,-,NA,NA,LOS ANGELES,LOS ANGELES,-118.4052734375,34.19340133666992
8560541,2018,2018-02-28,1942,2018-02-14,2305,42029,1998,3,5,7,1942,0,0,0,NA,0,19A93,RANCHITO AV,ROSCOE BL,164,S,N,A,B,N,NA,NA,NA,NA,NA,NA,NA,NA,NA,N,2,0,1,2,A,-,09,21804,A,N,D,G,A,A,H,-,C,D,0,NA,Y,NA,NA,Y,NA,L,04,1,0,0,0,0,0,1,0,0,-,-,NA,NA,LOS ANGELES,LOS ANGELES,-118.43663787841795,34.22119140625
8560542,2018,2018-03-01,1907,2018-02-07,0659,202,1,3,5,4,1907,0,0,0,NA,0,NA,RANDOLPH ST,GIFFORD AV,3,W,N,A,-,N,NA,NA,NA,NA,NA,NA,NA,NA,NA,N,3,0,1,2,A,-,10,21950,A,N,G,B,B,A,H,-,A,A,0,Y,NA,NA,NA,Y,NA,A,01,0,1,0,0,1,0,0,0,0,-,-,33.98196029663086,-118.1931610107422,LOS ANGELES,BELL,-118.19319152832033,33.981971740722656
8560545,2018,2018-02-28,1923,2018-02-04,1903,512,E101,7,5,3,1923,0,0,0,NA,0,3L1M,IMPERIAL AV,LOMA VISTA ST,148,W,N,A,-,N,NA,NA,NA,NA,NA,NA,NA,NA,NA,Y,4,0,1,2,A,-,08,22107,NA,N,C,E,A,A,H,-,C,D,0,NA,NA,NA,NA,Y,NA,A,01,0,0,1,0,0,0,0,0,0,-,-,33.930850982666016,-118.42225646972656,LOS ANGELES,EL SEGUNDO,-118.42277526855467,33.93083572387695
8560546,2018,2018-03-01,1907,2018-02-09,1010,237,1,5,5,4,1907,0,0,0,NA,0,NA,FLORENCE AV,BEAR AV,58,W,N,A,-,N,NA,NA,NA,NA,NA,NA,NA,NA,NA,N,3,0,2,2,A,-,03,22350,NA,N,C,C,A,A,H,-,A,D,0,NA,NA,NA,NA,Y,NA,A,01,0,2,0,0,0,0,0,0,0,-,-,33.97153091430664,-118.1997528076172,LOS ANGELES,BELL,-118.19915008544922,33.97148132324219
8560550,2018,2018-03-01,1965,2018-02-11,0140,3950,0B2A,7,5,5,1965,0,0,0,NA,0,B002,LINCOLN BL,PINE ST W,77,S,N,A,-,N,NA,NA,NA,NA,NA,NA,NA,NA,NA,Y,4,0,1,2,A,-,08,22102,NA,N,D,C,A,A,H,-,C,D,0,NA,NA,NA,NA,Y,NA,A,01,0,0,1,0,0,0,0,0,0,-,-,36.99945831298828,-121.00092315673828,LOS ANGELES,SANTA MONICA,-118.47779846191406,34.00813293457031