CASE_ID,ACCIDENT_YEAR,PROC_DATE,JURIS,COLLISION_DATE,COLLISION_TIME,OFFICER_ID,REPORTING_DISTRICT,DAY_OF_WEEK,CHP_SHIFT,POPULATION,CNTY_CITY_LOC,SPECIAL_COND,BEAT_TYPE,CHP_BEAT_TYPE,CITY_DIVISION_LAPD,CHP_BEAT_CLASS,BEAT_NUMBER,PRIMARY_RD,SECONDARY_RD,DISTANCE,DIRECTION,INTERSECTION,WEATHER_1,WEATHER_2,STATE_HWY_IND,CALTRANS_COUNTY,CALTRANS_DISTRICT,STATE_ROUTE,ROUTE_SUFFIX,POSTMILE_PREFIX,POSTMILE,LOCATION_TYPE,RAMP_INTERSECTION,SIDE_OF_HWY,TOW_AWAY,COLLISION_SEVERITY,NUMBER_KILLED,NUMBER_INJURED,PARTY_COUNT,PRIMARY_COLL_FACTOR,PCF_CODE_OF_VIOL,PCF_VIOL_CATEGORY,PCF_VIOLATION,PCF_VIOL_SUBSECTION,HIT_AND_RUN,TYPE_OF_COLLISION,MVIW,PED_ACTION,ROAD_SURFACE,ROAD_COND_1,ROAD_COND_2,LIGHTING,CONTROL_DEVICE,CHP_ROAD_TYPE,PEDESTRIAN_ACCIDENT,BICYCLE_ACCIDENT,MOTORCYCLE_ACCIDENT,TRUCK_ACCIDENT,NOT_PRIVATE_PROPERTY,ALCOHOL_INVOLVED,STWD_VEHTYPE_AT_FAULT,CHP_VEHTYPE_AT_FAULT,COUNT_SEVERE_INJ,COUNT_VISIBLE_INJ,COUNT_COMPLAINT_PAIN,COUNT_PED_KILLED,COUNT_PED_INJURED,COUNT_BICYCLIST_KILLED,COUNT_BICYCLIST_INJURED,COUNT_MC_KILLED,COUNT_MC_INJURED,PRIMARY_RAMP,SECONDARY_RAMP,LATITUDE,LONGITUDE,COUNTY,CITY,POINT_X,POINT_Y
8561272,2018,2018-02-26,1942,2018-02-05,0600,36659,0557,1,5,7,1942,0,0,0,E,0,5A15,GAFFEY ST,SUMMERLAND,20,S,N,A,-,N,NA,NA,NA,NA,NA,NA,NA,NA,NA,N,4,0,1,2,A,-,03,22350,NA,F,C,C,A,A,H,-,A,D,0,NA,NA,NA,NA,Y,NA,-,99,0,0,1,0,0,0,0,0,0,-,-,NA,NA,LOS ANGELES,LOS ANGELES,-118.29286956787108,33.74760055541992
8561275,2018,2018-02-22,1942,2018-01-13,2230,42961,1113,6,5,7,1942,0,0,0,K,0,11A17,COLORADO BL,BROADWAY,15,S,N,A,-,N,NA,NA,NA,NA,NA,NA,NA,NA,NA,Y,4,0,2,2,A,-,04,21703,NA,N,C,C,A,-,H,-,C,A,0,NA,NA,NA,NA,Y,Y,A,01,0,0,2,0,0,0,0,0,0,-,-,NA,NA,LOS ANGELES,LOS ANGELES,-118.224365234375,34.1427116394043
8561276,2018,2018-02-26,1942,2018-02-08,0800,41683,1824,4,5,7,1942,0,0,0,R,0,18A34,AVALON BL,COLDEN,0,NA,Y,A,-,N,NA,NA,NA,NA,NA,NA,NA,NA,NA,Y,4,0,1,2,A,-,09,21801,A,N,D,C,A,A,H,-,A,D,0,NA,NA,NA,NA,Y,NA,A,07,0,0,1,0,0,0,0,0,0,-,-,NA,NA,LOS ANGELES,LOS ANGELES,-118.2651596069336,33.949249267578125
8561279,2018,2018-02-22,1942,2018-01-12,1430,43119,1145,5,5,7,1942,0,0,0,K,0,11A71,RIVERSIDE DR,FLETCHER,0,NA,Y,A,-,N,NA,NA,NA,NA,NA,NA,NA,NA,NA,Y,4,0,1,2,A,-,08,22107,NA,N,A,C,A,A,H,-,A,A,0,NA,NA,NA,NA,Y,NA,A,01,0,0,1,0,0,0,0,0,0,-,-,NA,NA,LOS ANGELES,LOS ANGELES,-118.25655364990234,34.10599136352539
8561280,2018,2018-08-10,1942,2018-02-06,2020,41934,0519,2,5,7,1942,0,0,0,E,0,2A25,PACIFIC COAST HWY,WATSON,8,E,N,A,-,Y,LA,7,1,-,-,9.681,I,5,S,Y,4,0,1,2,A,-,09,21801,A,N,D,C,A,A,H,-,C,A,0,NA,NA,NA,NA,Y,NA,A,01,0,0,1,0,0,0,0,0,0,-,-,NA,NA,LOS ANGELES,LOS ANGELES,-118.24810791015624,33.790889739990234
8561281,2018,2018-02-27,1942,2018-02-07,1940,42557,1841,3,5,7,1942,0,0,0,R,0,18A97,FIGUEROA ST,W 111TH ST,75,N,N,A,-,N,NA,NA,NA,NA,NA,NA,NA,NA,NA,Y,3,0,1,2,A,-,05,21651,NA,N,C,C,A,A,H,-,C,D,0,NA,NA,NA,NA,Y,NA,A,01,0,1,0,0,0,0,0,0,0,-,-,NA,NA,LOS ANGELES,LOS ANGELES,-118.28260803222656,33.93495559692383
8561282,2018,2018-02-23,1942,2018-02-12,1640,40634,1988,1,5,7,1942,0,0,0,NA,0,19A79,TONOPAH ST,GULLO AV,23,NA,N,A,-,N,NA,NA,NA,NA,NA,NA,NA,NA,NA,Y,3,0,1,3,A,-,03,22350,NA,N,A,B,F,A,H,-,A,D,0,Y,NA,NA,NA,Y,NA,A,01,0,1,0,0,1,0,0,0,0,-,-,NA,NA,LOS ANGELES,LOS ANGELES,-118.42186737060548,34.22434997558594
8561283,2018,2018-02-27,1942,2018-02-07,1400,40634,1754,3,5,7,1942,0,0,0,Q,0,17A35,LASSEN ST,RESEDA BL,0,NA,Y,A,-,N,NA,NA,NA,NA,NA,NA,NA,NA,NA,Y,4,0,1,2,A,-,09,21801,A,N,A,C,A,A,H,-,A,A,0,NA,NA,NA,NA,Y,NA,D,22,0,0,1,0,0,0,0,0,0,-,-,NA,NA,LOS ANGELES,LOS ANGELES,-118.5360870361328,34.2499885559082
8561284,2018,2018-02-27,1900,2018-01-29,2013,546547,0472,1,5,4,1936,0,0,0,NA,0,46T1,ROSECRANS AV,BIOLA AV,68,W,N,A,-,N,NA,NA,NA,NA,NA,NA,NA,NA,NA,N,4,0,1,2,A,-,21,22106,NA,N,C,C,A,A,H,-,C,A,0,NA,NA,NA,NA,Y,NA,D,22,0,0,1,0,0,0,0,0,0,-,-,NA,NA,LOS ANGELES,LA MIRADA,-118.01951599121094,33.900909423828125
8561286,2018,2018-02-23,1942,2018-02-12,1530,35433,1987,1,5,7,1942,0,0,0,NA,0,19A75,GRAMMAR PL,COSTELLO AV,64,W,N,A,-,N,NA,NA,NA,NA,NA,NA,NA,NA,NA,N,4,0,1,2,A,-,05,21650,NA,N,A,C,A,A,H,-,A,D,0,NA,NA,NA,NA,Y,NA,D,22,0,0,1,0,0,0,0,0,0,-,-,NA,NA,LOS ANGELES,LOS ANGELES,-118.44107818603516,34.228546142578125
8561289,2018,2018-02-27,1942,2018-02-08,0710,40415,1259,4,5,7,1942,0,0,0,L,0,12A69,MCKINLEY AV,76TH ST,0,NA,Y,A,-,N,NA,NA,NA,NA,NA,NA,NA,NA,NA,N,4,0,1,2,A,-,09,21802,A,N,D,G,A,A,H,-,A,A,0,NA,Y,NA,NA,Y,NA,L,04,0,0,1,0,0,0,1,0,0,-,-,NA,NA,LOS ANGELES,LOS ANGELES,-118.26081085205078,33.971168518066406
8561290,2018,2018-02-27,1942,2018-02-07,1510,38354,1754,3,5,7,1942,0,0,0,Q,0,17A35,LASSEN ST,RESEDA BL,0,NA,Y,A,-,N,NA,NA,NA,NA,NA,NA,NA,NA,NA,Y,3,0,3,2,A,-,09,21801,A,N,A,C,A,A,H,-,A,A,0,NA,NA,NA,NA,Y,NA,D,22,0,1,2,0,0,0,0,0,0,-,-,NA,NA,LOS ANGELES,LOS ANGELES,-118.5360870361328,34.2499885559082
8561291,2018,2018-03-20,1942,2018-02-07,0750,33700,1798,3,5,7,1942,0,0,0,Q,0,35M35,NORDHOFF ST,AQUEDUCT AV,0,NA,Y,A,-,N,NA,NA,NA,NA,NA,NA,NA,NA,NA,Y,4,0,1,2,A,-,09,21801,A,N,D,C,A,A,H,-,A,A,0,NA,NA,NA,NA,Y,NA,D,22,0,0,1,0,0,0,0,0,0,-,-,NA,NA,LOS ANGELES,LOS ANGELES,-118.47415161132813,34.23556900024414
8561293,2018,2018-02-27,1942,2018-02-08,1838,40725,1804,4,5,7,1942,0,0,0,R,0,12X52W,MANCHESTER BL,WADSWORTH AV,0,NA,Y,A,-,N,NA,NA,NA,NA,NA,NA,NA,NA,NA,Y,4,0,2,3,A,-,08,22107,NA,N,D,C,A,A,H,-,D,A,0,NA,NA,NA,NA,Y,NA,A,01,0,0,2,0,0,0,0,0,0,-,-,NA,NA,LOS ANGELES,LOS ANGELES,-118.25862121582033,33.96015930175781
8561294,2018,2018-02-27,1942,2018-02-12,0325,42251,1521,1,5,7,1942,0,0,0,O,0,15A21,VANOWEN ST,ETHEL AV,117,W,N,A,-,N,NA,NA,NA,NA,NA,NA,NA,NA,NA,Y,3,0,1,3,B,-,22,NA,NA,N,C,E,A,A,H,-,C,D,0,NA,NA,NA,NA,Y,NA,A,07,0,1,0,0,0,0,0,0,0,-,-,NA,NA,LOS ANGELES,LOS ANGELES,-118.41851806640624,34.19395065307617
8561297,2018,2018-02-27,1942,2018-02-01,1505,35393,0378,4,5,7,1942,0,0,0,C,0,25T24,FIGUEROA ST,37TH ST,0,NA,Y,A,-,N,NA,NA,NA,NA,NA,NA,NA,NA,NA,N,4,0,1,2,A,-,09,21801,A,N,D,C,A,A,H,-,A,A,0,NA,NA,NA,NA,Y,NA,A,01,0,0,1,0,0,0,0,0,0,-,-,NA,NA,LOS ANGELES,LOS ANGELES,-118.28241729736328,34.018150329589844
8561299,2018,2018-02-27,1942,2018-02-08,0647,38191,1751,4,5,7,1942,0,0,0,Q,0,17A23,TOPANGA CANYON BL,DEVONSHIRE ST,45,N,N,A,-,N,NA,NA,NA,NA,NA,NA,NA,NA,NA,Y,4,0,1,2,A,-,09,21801,A,N,D,C,A,A,H,-,A,A,0,NA,NA,NA,NA,Y,NA,D,22,0,0,1,0,0,0,0,0,0,-,-,NA,NA,LOS ANGELES,LOS ANGELES,-118.60604858398438,34.25732421875
8561301,2018,2018-02-27,1942,2018-02-07,1000,33599,0329,3,5,7,1942,0,0,0,C,0,3A19,S FIGUEROA ST,29TH ST,6,S,N,A,-,N,NA,NA,NA,NA,NA,NA,NA,NA,NA,N,3,0,1,2,A,-,05,21650,1,N,H,G,A,A,H,-,A,D,0,NA,Y,NA,NA,Y,NA,A,01,0,1,0,0,0,0,1,0,0,-,-,NA,NA,LOS ANGELES,LOS ANGELES,-118.27754974365234,34.02578353881836
8561305,2018,2018-02-27,1942,2018-02-07,0805,35267,0334,3,5,7,1942,0,0,0,C,0,25MQ17,W JEFFERSON BL,12TH AV,15,E,N,A,-,N,NA,NA,NA,NA,NA,NA,NA,NA,NA,N,4,0,1,2,A,-,10,21950,A,N,G,-,B,A,H,-,A,D,0,Y,NA,NA,NA,Y,NA,A,01,0,0,1,0,1,0,0,0,0,-,-,NA,NA,LOS ANGELES,LOS ANGELES,-118.33161926269533,34.02558898925781
8561307,2018,2018-02-27,1942,2018-02-13,1500,38354,2159,2,5,7,1942,0,0,0,NA,0,21A29,CORBIN AV,VICTORY BL,35,N,N,A,-,N,NA,NA,NA,NA,NA,NA,NA,NA,NA,Y,3,0,3,3,A,-,08,22107,NA,N,B,C,A,A,H,-,A,A,0,NA,NA,NA,NA,Y,NA,A,01,0,1,2,0,0,0,0,0,0,-,-,NA,NA,LOS ANGELES,LOS ANGELES,-118.5622100830078,34.186676025390625
8561309,2018,2018-02-27,1942,2018-02-01,1800,36615,0301,4,5,7,1942,0,0,0,C,0,3A28,W ADAMS BL,FAIRFAX AV,5,E,N,A,-,N,NA,NA,NA,NA,NA,NA,NA,NA,NA,N,3,0,1,2,A,-,10,21950,A,N,G,B,B,A,H,-,C,A,0,Y,NA,NA,NA,Y,NA,A,01,0,1,0,0,1,0,0,0,0,-,-,NA,NA,LOS ANGELES,LOS ANGELES,-118.37076568603516,34.032440185546875
8561311,2018,2018-03-16,1941,2018-02-05,1915,5870,NA,1,5,7,1941,0,0,0,NA,0,NA,SOUTH ST,PARAMOUNT BL,124,E,N,A,-,N,NA,NA,NA,NA,NA,NA,NA,NA,NA,N,3,0,1,2,A,-,07,21658,A,N,C,G,A,A,H,-,C,D,0,NA,Y,NA,NA,Y,Y,-,NA,0,1,0,0,0,0,1,0,0,-,-,NA,NA,LOS ANGELES,LONG BEACH,-118.15949249267578,33.86017990112305
8561313,2018,2018-02-27,1942,2018-02-02,1530,43044,358,5,5,7,1942,0,0,0,NA,0,3A98,JEFFERSON,VERMONT AV,5,W,N,A,-,N,NA,NA,NA,NA,NA,NA,NA,NA,NA,N,4,0,1,2,A,-,10,21950,A,F,G,B,B,A,H,-,A,A,0,Y,NA,NA,NA,Y,NA,-,99,0,0,1,0,1,0,0,0,0,-,-,NA,NA,LOS ANGELES,LOS ANGELES,-118.29153442382813,34.025508880615234
8561314,2018,2018-02-23,1942,2018-02-10,0825,38980,1661,6,5,7,1942,0,0,0,P,0,16A77,LAUREL CANYON BL,BRANFORD ST,100,S,N,A,-,N,NA,NA,NA,NA,NA,NA,NA,NA,NA,N,4,0,2,2,A,-,03,22350,NA,F,C,C,A,A,H,-,A,D,0,NA,NA,NA,NA,Y,NA,-,99,0,0,2,0,0,0,0,0,0,-,-,NA,NA,LOS ANGELES,LOS ANGELES,-118.41297912597656,34.2407112121582
8561317,2018,2018-08-08,1942,2018-02-07,1145,42929,0317,3,5,7,1942,0,0,0,C,0,3A28,NORMANDIE AV,RT 10,0,NA,Y,A,-,Y,LA,7,10,-,R,13.436,R,4,W,N,4,0,1,2,A,-,11,21950,B,N,G,B,B,A,H,-,A,A,0,Y,NA,NA,NA,Y,NA,N,60,0,0,1,0,1,0,0,0,0,-,-,NA,NA,LOS ANGELES,LOS ANGELES,-118.29828643798828,34.037139892578125
8561321,2018,2018-03-08,1942,2018-02-08,0720,41536,0393,4,5,7,1942,0,0,0,C,0,3A73,10TH AV,CREED AV,20,N,N,A,-,N,NA,NA,NA,NA,NA,NA,NA,NA,NA,Y,4,0,1,4,C,-,18,NA,NA,N,B,E,A,A,H,-,A,D,0,NA,NA,NA,NA,Y,NA,-,-,0,0,1,0,0,0,0,0,0,-,-,NA,NA,LOS ANGELES,LOS ANGELES,-118.32875823974608,34.00745391845703
8561325,2018,2018-03-08,1942,2018-02-08,1820,43083,SOUTH,4,5,7,1942,0,0,0,NA,0,3A58,W JEFFERSON BL,S FIGUEROA ST,0,NA,Y,A,-,N,NA,NA,NA,NA,NA,NA,NA,NA,NA,N,3,0,1,2,A,-,09,21801,A,N,D,C,A,A,H,-,C,A,0,NA,NA,NA,NA,Y,NA,A,01,0,1,0,0,0,0,0,0,0,-,-,NA,NA,LOS ANGELES,LOS ANGELES,-118.27999877929688,34.021949768066406
8561329,2018,2018-02-27,1942,2018-02-08,1045,41536,0311,4,5,7,1942,0,0,0,C,0,3A1,S LA CIENEGA BL,JEFFERSON BL,50,S,N,A,-,N,NA,NA,NA,NA,NA,NA,NA,NA,NA,N,4,0,1,2,A,-,03,22350,NA,N,-,C,A,A,H,-,A,D,0,NA,NA,NA,NA,Y,NA,A,01,0,0,1,0,0,0,0,0,0,-,-,NA,NA,LOS ANGELES,LOS ANGELES,-118.37208557128906,34.02639389038086
8561330,2018,2018-02-27,1942,2018-02-10,0810,39217,0932,6,5,7,1942,0,0,0,I,0,9A23,VICTORY BL,NOBLE AV,119,E,N,A,-,N,NA,NA,NA,NA,NA,NA,NA,NA,NA,Y,4,0,1,2,A,-,03,22350,NA,N,C,C,A,A,D,-,A,D,0,NA,NA,NA,NA,Y,NA,A,01,0,0,1,0,0,0,0,0,0,-,-,NA,NA,LOS ANGELES,LOS ANGELES,-118.46145629882813,34.186649322509766
8561333,2018,2018-02-27,1942,2018-02-09,0215,42940,0361,5,5,7,1942,0,0,0,C,0,3U1,LA BREA AV,COLISEUM ST,2640,S,N,A,-,N,NA,NA,NA,NA,NA,NA,NA,NA,NA,Y,3,0,1,1,A,-,03,22350,NA,N,E,I,A,A,H,-,C,D,0,NA,NA,NA,NA,Y,NA,A,01,0,1,0,0,0,0,0,0,0,-,-,NA,NA,LOS ANGELES,LOS ANGELES,-118.35634613037108,34.01123046875
8561334,2018,2018-03-14,1942,2018-02-07,0625,31167,0989,3,5,7,1942,0,0,0,I,0,35MQ6,WOODMAN AV,VENTURA BL,0,NA,Y,A,-,N,NA,NA,NA,NA,NA,NA,NA,NA,NA,Y,4,0,1,2,A,-,12,21453,A,N,D,C,A,A,H,-,A,A,0,NA,NA,NA,NA,Y,NA,A,07,0,0,1,0,0,0,0,0,0,-,-,NA,NA,LOS ANGELES,LOS ANGELES,-118.43122863769533,34.14802169799805
8561335,2018,2018-02-27,1900,2018-02-02,1507,514712,0542,5,5,3,1921,0,0,0,NA,0,58T1PM,HUNTINGTON DR,MOUNT OLIVE DR,120,W,N,A,-,N,NA,NA,NA,NA,NA,NA,NA,NA,NA,N,4,0,2,3,A,-,03,22350,NA,N,C,C,A,A,H,-,A,D,0,NA,NA,NA,NA,Y,NA,A,07,0,0,2,0,0,0,0,0,0,-,-,NA,NA,LOS ANGELES,DUARTE,-117.9560089111328,34.13981628417969
8561337,2018,2018-02-27,1942,2018-02-10,2010,36911,0321,6,5,7,1942,0,0,0,C,0,3A1,RODEO RD,JEFFERSON BL,40,E,N,A,-,N,NA,NA,NA,NA,NA,NA,NA,NA,NA,N,4,0,1,2,A,-,07,21658,A,N,B,C,A,A,H,-,C,A,0,NA,NA,NA,NA,Y,NA,A,01,0,0,1,0,0,0,0,0,0,-,-,NA,NA,LOS ANGELES,LOS ANGELES,-118.37702178955078,34.02192306518555
8561338,2018,2018-02-23,1942,2018-02-09,1720,40972,0952,5,5,7,1942,0,0,0,I,0,9A41,SEPULVEDA BL,BURBANK BL,125,S,N,A,-,N,NA,NA,NA,NA,NA,NA,NA,NA,NA,N,4,0,1,2,A,-,03,22350,NA,N,C,C,A,A,H,-,C,A,0,NA,NA,NA,NA,Y,NA,D,22,0,0,1,0,0,0,0,0,0,-,-,NA,NA,LOS ANGELES,LOS ANGELES,-118.46615600585938,34.17174530029297
8561341,2018,2018-02-27,1942,2018-02-07,1020,42946,1942,3,5,7,1942,0,0,0,NA,0,1822,MAIN ST,CENTURY BL,0,NA,Y,A,-,N,NA,NA,NA,NA,NA,NA,NA,NA,NA,N,4,0,2,2,A,-,12,21453,A,N,D,C,A,A,H,-,A,A,0,NA,NA,NA,NA,Y,NA,A,01,0,0,2,0,0,0,0,0,0,-,-,NA,NA,LOS ANGELES,LOS ANGELES,-118.27388763427734,33.945560455322266
8561342,2018,2018-02-28,1942,2018-02-05,0005,42233,1035,1,5,7,1942,0,0,0,J,0,10A21,VICTORY BL,LINDLEY AV,0,NA,Y,A,-,N,NA,NA,NA,NA,NA,NA,NA,NA,NA,N,4,0,1,2,A,-,09,21801,A,N,A,C,A,A,H,-,C,A,0,NA,NA,NA,NA,Y,NA,A,01,0,0,1,0,0,0,0,0,0,-,-,NA,NA,LOS ANGELES,LOS ANGELES,-118.52728271484376,34.18661117553711
8561345,2018,2018-02-27,1942,2018-02-06,1705,42630,LOS A,2,5,7,1942,0,0,0,NA,0,0509,FRAMPTON AV,LOMITA,75,N,N,A,-,N,NA,NA,NA,NA,NA,NA,NA,NA,NA,N,3,0,3,2,A,-,09,21801,A,N,D,C,A,A,H,-,B,D,0,NA,NA,NA,NA,Y,NA,A,01,0,1,2,0,0,0,0,0,0,-,-,NA,NA,LOS ANGELES,LOS ANGELES,-118.2999267578125,33.79779815673828
8561350,2018,2018-02-27,1942,2018-02-08,0740,37686,1008,4,5,7,1942,0,0,0,J,0,10A39,ROSCOE BL,HOME DEPOT PL,0,NA,Y,A,-,N,NA,NA,NA,NA,NA,NA,NA,NA,NA,Y,3,0,1,3,A,-,09,21801,A,N,D,C,A,A,H,-,A,A,0,NA,NA,NA,NA,Y,NA,D,22,0,1,0,0,0,0,0,0,0,-,-,NA,NA,LOS ANGELES,LOS ANGELES,-118.49999237060548,34.22093963623047
8561353,2018,2018-07-31,1926,2018-02-09,1121,0120,NA,5,5,5,1926,0,0,0,NA,0,004,S LONE HILL AV,RT 210,0,NA,Y,A,-,Y,LA,7,210,-,R,44.35,R,4,E,Y,4,0,2,2,A,-,12,21453,A,N,D,C,A,A,H,-,A,A,0,NA,NA,NA,NA,Y,NA,A,01,0,0,2,0,0,0,0,0,0,-,EF,NA,NA,LOS ANGELES,GLENDORA,-117.82662963867188,34.120662689208984
8561354,2018,2018-02-27,1942,2018-02-08,1423,36678,1023,4,5,7,1942,0,0,0,J,0,35M81,SHERMAN WY,WILBUR AV,0,NA,Y,A,-,N,NA,NA,NA,NA,NA,NA,NA,NA,NA,N,3,0,2,2,A,-,12,21453,A,N,D,C,A,A,H,-,A,A,0,NA,NA,NA,NA,Y,NA,D,22,0,2,0,0,0,0,0,0,0,-,-,NA,NA,LOS ANGELES,LOS ANGELES,-118.54476165771484,34.201171875
8561357,2018,2018-02-27,1926,2018-02-12,1059,0018,NA,1,5,5,1926,0,0,0,NA,0,004,SUNFLOWER AV,ARROW HWY,286,N,N,A,-,N,NA,NA,NA,NA,NA,NA,NA,NA,NA,Y,3,0,1,2,A,-,08,22107,NA,N,C,E,A,A,H,-,A,D,0,NA,NA,NA,NA,Y,NA,A,01,0,1,0,0,0,0,0,0,0,-,-,NA,NA,LOS ANGELES,GLENDORA,-117.84638214111328,34.107513427734375
8561358,2018,2018-02-27,1942,2018-02-08,1350,34427,1039,4,5,7,1942,0,0,0,J,0,10A39,WOODLEY ST,VANOWEN AV,18,S,N,A,-,N,NA,NA,NA,NA,NA,NA,NA,NA,NA,N,3,0,1,2,A,-,11,21456,B,N,G,B,B,A,H,-,A,A,0,Y,NA,NA,NA,Y,NA,N,60,0,1,0,0,1,0,0,0,0,-,-,NA,NA,LOS ANGELES,LOS ANGELES,-118.48365783691406,34.1938591003418
8561361,2018,2018-02-27,1941,2018-02-04,1747,11135,NA,7,5,7,1941,0,0,0,NA,0,901T,FRONTENAC CT,11TH ST,79,N,N,A,-,N,NA,NA,NA,NA,NA,NA,NA,NA,NA,Y,2,0,2,1,A,-,07,21658,A,N,E,I,A,A,H,-,C,D,0,NA,NA,NA,NA,Y,NA,D,NA,1,0,1,0,0,0,0,0,0,-,-,NA,NA,LOS ANGELES,LONG BEACH,-118.18733215332033,33.78114700317383
8561362,2018,2018-02-27,1942,2018-02-07,1525,32152,1779,3,5,7,1942,0,0,0,Q,0,35M67,NORDHOFF ST,HASKELL AV,0,NA,Y,A,-,N,NA,NA,NA,NA,NA,NA,NA,NA,NA,Y,4,0,2,2,A,-,09,21801,A,N,A,C,A,A,H,-,A,A,0,NA,NA,Y,NA,Y,NA,A,01,0,0,2,0,0,0,0,0,1,-,-,NA,NA,LOS ANGELES,LOS ANGELES,-118.4763412475586,34.23556900024414
8561365,2018,2019-02-20,1941,2018-02-04,1408,10128,NA,7,5,7,1941,0,0,0,NA,0,NA,ATLANTIC PL,70TH ST,0,NA,Y,A,-,N,NA,NA,NA,NA,NA,NA,NA,NA,NA,N,3,0,1,2,A,-,12,22450,A,N,G,B,B,A,H,-,A,A,0,Y,NA,NA,NA,Y,NA,A,NA,0,1,0,0,1,0,0,0,0,-,-,NA,NA,LOS ANGELES,LONG BEACH,-118.18594360351564,33.88185119628906
8561366,2018,2018-02-27,1942,2018-02-07,0850,35329,1799,3,5,7,1942,0,0,0,Q,0,17A95,ROSCOE BL,WOODLEY PL,0,NA,Y,A,-,N,NA,NA,NA,NA,NA,NA,NA,NA,NA,N,4,0,2,2,A,-,09,21801,A,N,D,C,A,A,H,-,A,D,0,NA,NA,NA,NA,Y,NA,A,08,0,0,2,0,0,0,0,0,0,-,-,NA,NA,LOS ANGELES,LOS ANGELES,-118.4852294921875,34.22132110595703
8561368,2018,2018-02-28,1942,2018-02-07,1535,32366,0932,3,5,7,1942,0,0,0,I,0,35MQ13,SEPULVEDA BL,ERWIN ST,290,N,N,A,-,N,NA,NA,NA,NA,NA,NA,NA,NA,NA,N,4,0,1,2,A,-,08,22107,NA,F,E,I,A,A,H,-,A,D,0,NA,NA,NA,NA,Y,NA,-,99,0,0,1,0,0,0,0,0,0,-,-,NA,NA,LOS ANGELES,LOS ANGELES,-118.4661865234375,34.183815002441406
8561369,2018,2018-02-27,1941,2018-02-04,2051,11118,NA,7,5,7,1941,0,0,0,NA,0,NA,ORANGE AV,3RD ST,0,NA,Y,A,-,N,NA,NA,NA,NA,NA,NA,NA,NA,NA,N,4,0,1,2,A,-,04,21703,NA,F,C,C,A,A,H,-,C,A,0,NA,NA,NA,NA,Y,NA,A,NA,0,0,1,0,0,0,0,0,0,-,-,NA,NA,LOS ANGELES,LONG BEACH,-118.17652130126952,33.77016067504883
8561370,2018,2018-02-27,1942,2018-02-07,1225,36733,1764,3,5,7,1942,0,0,0,Q,0,9TL56,CORBIN AV,NORDHOFF PL,0,NA,Y,A,-,N,NA,NA,NA,NA,NA,NA,NA,NA,NA,Y,3,0,4,3,A,-,09,21801,A,N,A,C,A,A,H,-,A,A,0,NA,NA,NA,NA,Y,NA,A,01,0,2,2,0,0,0,0,0,0,-,-,NA,NA,LOS ANGELES,LOS ANGELES,-118.5623016357422,34.23548126220703
8561372,2018,2018-02-28,1942,2018-02-07,1745,34420,1557,3,5,7,1942,0,0,0,O,0,15A67,MAGNOLIA BL,CARTWRIGHT AV,0,NA,Y,A,-,N,NA,NA,NA,NA,NA,NA,NA,NA,NA,N,3,0,1,2,A,-,08,22107,NA,F,B,G,A,A,H,-,B,D,0,NA,Y,NA,NA,Y,NA,-,99,0,1,0,0,0,0,1,0,0,-,-,NA,NA,LOS ANGELES,LOS ANGELES,-118.36370849609376,34.16490173339844
8561373,2018,2018-02-27,1941,2018-02-10,0049,10923,NA,6,5,7,1941,0,0,0,NA,0,901T,MAGNOLIA AV,6TH ST,0,NA,Y,A,-,N,NA,NA,NA,NA,NA,NA,NA,NA,NA,Y,4,0,2,2,A,-,01,23152,NA,N,A,C,A,A,H,-,C,A,0,NA,NA,NA,NA,Y,Y,A,NA,0,0,2,0,0,0,0,0,0,-,-,NA,NA,LOS ANGELES,LONG BEACH,-118.19802856445313,33.77415084838867
8561374,2018,2018-02-27,1942,2018-02-07,1810,38857,1777,3,5,7,1942,0,0,0,Q,0,17A95,KINZIE ST,BALBOA BL,6,E,N,A,-,N,NA,NA,NA,NA,NA,NA,NA,NA,NA,N,4,0,1,2,A,-,10,21952,NA,N,G,B,B,A,H,-,C,A,0,Y,NA,NA,NA,Y,NA,A,01,0,0,1,0,1,0,0,0,0,-,-,NA,NA,LOS ANGELES,LOS ANGELES,NA,NA
8561376,2018,2018-02-28,1942,2018-02-07,1300,38354,2142,3,5,7,1942,0,0,0,NA,0,21A43,VICTORY BL,BERQUIST AV,0,NA,Y,A,-,N,NA,NA,NA,NA,NA,NA,NA,NA,NA,Y,3,0,2,2,A,-,09,21802,A,N,D,C,A,A,H,-,A,A,0,NA,NA,NA,NA,Y,NA,A,01,0,1,1,0,0,0,0,0,0,-,-,NA,NA,LOS ANGELES,LOS ANGELES,-118.6347198486328,34.186431884765625
8561377,2018,2018-02-27,1941,2018-02-05,1347,5695,NA,1,5,7,1941,0,0,0,NA,0,901T,WOODRUFF AV,OAKBROOK ST,460,N,N,A,-,N,NA,NA,NA,NA,NA,NA,NA,NA,NA,Y,2,0,1,1,A,-,08,22107,NA,N,F,I,A,A,H,-,A,D,0,NA,NA,NA,NA,Y,NA,A,NA,1,0,0,0,0,0,0,0,0,-,-,NA,NA,LOS ANGELES,LONG BEACH,-118.11469268798828,33.80718994140625