CASE_ID,ACCIDENT_YEAR,PROC_DATE,JURIS,COLLISION_DATE,COLLISION_TIME,OFFICER_ID,REPORTING_DISTRICT,DAY_OF_WEEK,CHP_SHIFT,POPULATION,CNTY_CITY_LOC,SPECIAL_COND,BEAT_TYPE,CHP_BEAT_TYPE,CITY_DIVISION_LAPD,CHP_BEAT_CLASS,BEAT_NUMBER,PRIMARY_RD,SECONDARY_RD,DISTANCE,DIRECTION,INTERSECTION,WEATHER_1,WEATHER_2,STATE_HWY_IND,CALTRANS_COUNTY,CALTRANS_DISTRICT,STATE_ROUTE,ROUTE_SUFFIX,POSTMILE_PREFIX,POSTMILE,LOCATION_TYPE,RAMP_INTERSECTION,SIDE_OF_HWY,TOW_AWAY,COLLISION_SEVERITY,NUMBER_KILLED,NUMBER_INJURED,PARTY_COUNT,PRIMARY_COLL_FACTOR,PCF_CODE_OF_VIOL,PCF_VIOL_CATEGORY,PCF_VIOLATION,PCF_VIOL_SUBSECTION,HIT_AND_RUN,TYPE_OF_COLLISION,MVIW,PED_ACTION,ROAD_SURFACE,ROAD_COND_1,ROAD_COND_2,LIGHTING,CONTROL_DEVICE,CHP_ROAD_TYPE,PEDESTRIAN_ACCIDENT,BICYCLE_ACCIDENT,MOTORCYCLE_ACCIDENT,TRUCK_ACCIDENT,NOT_PRIVATE_PROPERTY,ALCOHOL_INVOLVED,STWD_VEHTYPE_AT_FAULT,CHP_VEHTYPE_AT_FAULT,COUNT_SEVERE_INJ,COUNT_VISIBLE_INJ,COUNT_COMPLAINT_PAIN,COUNT_PED_KILLED,COUNT_PED_INJURED,COUNT_BICYCLIST_KILLED,COUNT_BICYCLIST_INJURED,COUNT_MC_KILLED,COUNT_MC_INJURED,PRIMARY_RAMP,SECONDARY_RAMP,LATITUDE,LONGITUDE,COUNTY,CITY,POINT_X,POINT_Y
8563680,2018,2018-03-02,1942,2018-02-08,0120,40010,0727,4,5,7,1942,0,0,0,G,0,6T7,S LA BREA AV,W 2ND ST,0,NA,Y,A,-,N,NA,NA,NA,NA,NA,NA,NA,NA,NA,Y,3,0,2,2,A,-,11,21954,A,N,G,B,D,A,H,-,C,A,0,Y,NA,Y,NA,Y,NA,N,60,0,2,0,0,1,0,0,0,1,-,-,NA,NA,LOS ANGELES,LOS ANGELES,-118.3440399169922,34.07101821899414
8563683,2018,2018-03-01,1942,2018-02-02,0150,42364,1245,5,5,7,1942,0,0,0,L,0,12A45,FLORENCE AV,DENKER AV,0,NA,Y,A,-,N,NA,NA,NA,NA,NA,NA,NA,NA,NA,N,2,0,2,2,A,-,09,21801,A,F,A,C,A,A,H,-,C,A,0,NA,NA,Y,NA,Y,NA,-,99,1,1,0,0,0,0,0,0,2,-,-,NA,NA,LOS ANGELES,LOS ANGELES,-118.30462646484376,33.974571228027344
8563684,2018,2018-03-02,1942,2018-01-19,0630,37359,0398,5,5,7,1942,0,0,0,C,0,3A99,VERNON AV,HOOVER BL,0,NA,Y,B,-,N,NA,NA,NA,NA,NA,NA,NA,NA,NA,Y,3,0,3,2,A,-,09,21801,A,N,A,C,A,A,H,-,A,A,0,NA,NA,NA,NA,Y,NA,A,01,0,1,2,0,0,0,0,0,0,-,-,NA,NA,LOS ANGELES,LOS ANGELES,-118.28717041015624,34.003719329833984
8563687,2018,2018-03-01,1942,2018-02-20,0750,42118,1204,2,5,7,1942,0,0,0,L,0,12A3,WEST TEMPLE AV,DENKER AV,0,NA,Y,A,-,N,NA,NA,NA,NA,NA,NA,NA,NA,NA,Y,4,0,2,2,A,-,09,21802,A,N,D,C,A,A,H,-,A,A,0,NA,NA,NA,NA,Y,NA,A,01,0,0,2,0,0,0,0,0,0,-,-,NA,NA,LOS ANGELES,LOS ANGELES,NA,NA
8563689,2018,2018-03-07,1942,2018-02-21,1355,42155,1267,3,5,7,1942,0,0,0,L,0,NA,83RD ST,HOOVER ST,0,NA,Y,A,-,N,NA,NA,NA,NA,NA,NA,NA,NA,NA,N,4,0,2,2,A,-,12,21453,A,N,D,C,A,A,H,-,A,A,0,NA,NA,NA,NA,Y,NA,A,01,0,0,2,0,0,0,0,0,0,-,-,NA,NA,LOS ANGELES,LOS ANGELES,-118.287109375,33.96363067626953
8563695,2018,2018-03-01,1942,2018-02-03,1550,42007,1268,6,5,7,1942,0,0,0,L,0,12X8-W,84TH ST,WALL ST,0,NA,N,A,-,N,NA,NA,NA,NA,NA,NA,NA,NA,NA,Y,4,0,1,2,A,-,12,22450,NA,M,B,C,A,A,H,-,A,A,0,NA,NA,NA,NA,Y,NA,A,01,0,0,1,0,0,0,0,0,0,-,-,NA,NA,LOS ANGELES,LOS ANGELES,-118.2716827392578,33.96281051635742
8563699,2018,2018-03-06,1942,2018-02-13,1755,42840,SOTHE,2,5,7,1942,0,0,0,NA,0,18X96,CROESUS,105TH ST E,30,S,N,A,-,N,NA,NA,NA,NA,NA,NA,NA,NA,NA,N,2,0,1,2,A,-,03,22350,NA,N,A,J,A,A,H,-,-,D,0,NA,NA,NA,NA,Y,NA,M,96,1,0,0,0,0,0,0,0,0,-,-,NA,NA,LOS ANGELES,LOS ANGELES,-118.23381805419922,33.94049835205078
8563703,2018,2018-03-02,1942,2018-02-15,0915,40415,1273,4,5,7,1942,0,0,0,L,0,12A73,MANCHESTER AV,HARVARD BL,58,W,N,A,-,N,NA,NA,NA,NA,NA,NA,NA,NA,NA,Y,2,0,3,4,A,-,01,23152,A,N,B,C,A,A,H,-,A,D,0,NA,NA,NA,NA,Y,NA,A,01,2,0,1,0,0,0,0,0,0,-,-,NA,NA,LOS ANGELES,LOS ANGELES,-118.30702209472656,33.95996856689453
8563707,2018,2018-03-01,1942,2018-02-15,1135,41917,1823,4,5,7,1942,0,0,0,R,0,18A3,98TH ST,TOWNE AV,200,W,N,A,-,N,NA,NA,NA,NA,NA,NA,NA,NA,NA,N,3,0,1,2,A,-,03,22350,NA,N,A,E,A,-,A,H,A,D,0,NA,NA,NA,NA,Y,NA,A,01,0,1,0,0,0,0,0,0,0,-,-,NA,NA,LOS ANGELES,LOS ANGELES,-118.26802825927734,33.947425842285156
8563708,2018,2018-03-02,1942,2018-01-18,0755,33700,1994,4,5,7,1942,0,0,0,NA,0,35M35,WILLIS AV,LANARK ST,60,N,N,A,-,N,NA,NA,NA,NA,NA,NA,NA,NA,NA,N,3,0,1,2,A,-,09,21804,A,N,D,G,A,A,H,-,A,A,0,NA,Y,NA,NA,Y,NA,L,04,0,1,0,0,0,0,1,0,0,-,-,NA,NA,LOS ANGELES,LOS ANGELES,-118.4552993774414,34.218074798583984
8563711,2018,2018-03-07,1924,2018-02-14,1938,42858,1881,3,5,5,1924,0,0,0,NA,0,18A97,VERMONT AV,REDONDO BEACH BL,0,NA,Y,A,-,N,NA,NA,NA,NA,NA,NA,NA,NA,NA,N,4,0,1,2,A,-,09,21801,A,N,D,C,A,A,H,-,C,A,0,NA,NA,NA,NA,Y,NA,A,01,0,0,1,0,0,0,0,0,0,-,-,NA,NA,LOS ANGELES,GARDENA,-118.29203033447266,33.892478942871094
8563712,2018,2018-03-02,1941,2018-01-23,1321,5870,NA,2,5,7,1941,0,0,0,NA,0,NA,LONG BEACH BL,BIXBY ST,450,S,N,A,-,N,NA,NA,NA,NA,NA,NA,NA,NA,NA,Y,4,0,1,2,A,-,07,21658,A,N,B,C,A,A,H,-,A,D,0,NA,NA,NA,NA,Y,NA,A,NA,0,0,1,0,0,0,0,0,0,-,-,NA,NA,LOS ANGELES,LONG BEACH,-118.18934631347656,33.82548522949219
8563715,2018,2018-03-01,1942,2018-02-12,1745,42729,1862,1,5,7,1942,0,0,0,R,0,18X36,S BROADWAY ST,W 117TH ST,0,N,N,A,-,N,NA,NA,NA,NA,NA,NA,NA,NA,NA,Y,4,0,1,1,A,-,03,22350,NA,N,E,I,A,A,H,-,C,D,0,NA,NA,NA,NA,Y,NA,A,07,0,0,1,0,0,0,0,0,0,-,-,NA,NA,LOS ANGELES,LOS ANGELES,-118.27825927734376,33.9273796081543
8563716,2018,2018-03-02,1942,2018-01-29,2010,43125,LA132,1,5,7,1942,0,0,0,NA,0,13A27,CENTRAL AV,27TH ST,0,NA,Y,A,-,N,NA,NA,NA,NA,NA,NA,NA,NA,NA,N,4,0,1,2,A,-,03,22350,NA,F,C,C,A,A,H,-,C,A,0,NA,NA,NA,NA,Y,NA,-,NA,0,0,1,0,0,0,0,0,0,-,-,NA,NA,LOS ANGELES,LOS ANGELES,-118.25536346435548,34.01776123046875
8563719,2018,2018-03-02,1942,2018-02-18,0300,41258,0392,7,5,7,1942,0,0,0,C,0,3A15-W,VERNON,ARLINGTON,10,W,N,A,-,N,NA,NA,NA,NA,NA,NA,NA,NA,NA,Y,3,0,1,2,A,-,01,23153,A,F,D,C,A,A,H,-,C,A,0,NA,NA,NA,NA,Y,Y,A,01,0,1,0,0,0,0,0,0,0,-,-,NA,NA,LOS ANGELES,LOS ANGELES,-118.31825256347656,34.003700256347656
8563720,2018,2018-03-02,1942,2018-01-30,0725,40008,1354,2,5,7,1942,0,0,0,M,0,13A41,S MAIN ST,43RD PL,20,S,N,A,-,N,NA,NA,NA,NA,NA,NA,NA,NA,NA,N,4,0,2,2,A,-,03,22350,NA,F,C,C,A,A,H,-,A,D,0,NA,NA,NA,NA,Y,NA,-,99,0,0,2,0,0,0,0,0,0,-,-,NA,NA,LOS ANGELES,LOS ANGELES,-118.27400970458984,34.00466537475586
8563722,2018,2018-03-02,1942,2018-02-07,0900,42988,0715,3,5,7,1942,0,0,0,G,0,7A53,LA BREA AV,OAKWOOD AV,266,S,N,A,-,N,NA,NA,NA,NA,NA,NA,NA,NA,NA,Y,4,0,1,3,A,-,06,21754,NA,N,B,C,A,A,H,-,A,D,0,NA,NA,Y,NA,Y,NA,C,02,0,0,1,0,0,0,0,0,1,-,-,NA,NA,LOS ANGELES,LOS ANGELES,-118.34405517578124,34.07752990722656
8563723,2018,2018-03-07,1942,2018-02-05,0725,41795,0312,1,5,7,1942,0,0,0,C,0,3A15,REDONDO BL,BLACKWELDER ST,0,NA,Y,A,-,N,NA,NA,NA,NA,NA,NA,NA,NA,NA,Y,4,0,1,2,A,-,12,22450,A,F,D,C,A,A,-,-,A,A,0,NA,NA,NA,NA,Y,Y,A,01,0,0,1,0,0,0,0,0,0,-,-,NA,NA,LOS ANGELES,LOS ANGELES,-118.35845947265624,34.027099609375
8563724,2018,2018-03-02,1942,2018-01-08,0450,41774,0745,1,5,7,1942,0,0,0,G,0,7A17,OLYMPIC BL,MANSFIELD AV,0,NA,Y,C,-,N,NA,NA,NA,NA,NA,NA,NA,NA,NA,N,3,0,1,2,A,-,08,22107,NA,N,D,C,A,B,H,-,C,A,0,NA,NA,Y,NA,Y,NA,A,01,0,1,0,0,0,0,0,0,1,-,-,NA,NA,LOS ANGELES,LOS ANGELES,-118.342529296875,34.057159423828125
8563726,2018,2018-03-02,1942,2018-02-09,0900,36356,752,5,5,7,1942,0,0,0,NA,0,7EL1,WHITWORTH DR,ALFRED ST,0,NA,Y,A,-,N,NA,NA,NA,NA,NA,NA,NA,NA,NA,N,4,0,1,2,A,-,10,21950,A,N,D,B,B,A,H,-,A,A,0,Y,NA,NA,NA,Y,NA,A,01,0,0,1,0,1,0,0,0,0,-,-,NA,NA,LOS ANGELES,LOS ANGELES,-118.3749771118164,34.0570182800293
8563728,2018,2018-03-02,1942,2018-01-05,2300,42011,2029,5,5,7,1942,0,0,0,NA,0,20A71,IROLO ST,8TH ST,52,S,N,A,-,N,NA,NA,NA,NA,NA,NA,NA,NA,NA,N,4,0,1,2,A,-,03,22350,NA,F,C,C,A,A,H,-,C,D,0,NA,NA,NA,NA,Y,NA,-,99,0,0,1,0,0,0,0,0,0,-,-,NA,NA,LOS ANGELES,LOS ANGELES,-118.3009033203125,34.057586669921875
8563732,2018,2018-03-02,1942,2018-01-09,0900,33998,2062,2,5,7,1942,0,0,0,NA,0,20A53,OLYMPIC BL,MANHATTAN PL,0,NA,Y,C,-,N,NA,NA,NA,NA,NA,NA,NA,NA,NA,Y,4,0,2,3,A,-,03,22350,NA,F,C,C,A,B,H,-,A,D,0,NA,NA,NA,NA,Y,NA,-,99,0,0,2,0,0,0,0,0,0,-,-,NA,NA,LOS ANGELES,LOS ANGELES,-118.31012725830078,34.052650451660156
8563734,2018,2018-03-02,1900,2018-02-18,2131,520671,2920,7,5,5,1990,0,0,0,NA,0,292T1,GOLDEN SPRINGS DR,WILLOW CREEK RD,0,NA,Y,A,-,N,NA,NA,NA,NA,NA,NA,NA,NA,NA,N,4,0,1,2,A,-,01,23152,A,N,B,C,A,A,H,-,C,A,0,NA,NA,NA,NA,Y,Y,D,22,0,0,1,0,0,0,0,0,0,-,-,NA,NA,LOS ANGELES,DIAMOND BAR,-117.796630859375,34.03107833862305
8563736,2018,2018-03-02,1942,2018-01-06,1845,42683,0742,6,5,7,1942,0,0,0,G,0,7A22,MOORE DR,SANTA YNEZ WY,0,NA,N,A,-,N,NA,NA,NA,NA,NA,NA,NA,NA,NA,Y,3,0,1,2,A,-,08,22107,NA,N,B,C,A,A,H,-,C,D,0,NA,NA,NA,NA,Y,NA,A,01,0,1,0,0,0,0,0,0,0,-,-,NA,NA,LOS ANGELES,LOS ANGELES,-118.37267303466795,34.06019973754883
8563738,2018,2018-03-20,1900,2018-02-11,2049,504778,2923,7,5,4,1974,0,0,0,NA,0,293,GOLDEN SPRINGS DR,BALLENA DR,0,NA,Y,A,-,N,NA,NA,NA,NA,NA,NA,NA,NA,NA,Y,4,0,1,2,A,-,09,21801,A,N,D,C,A,A,H,-,C,A,0,NA,NA,NA,NA,Y,NA,A,07,0,0,1,0,0,0,0,0,0,-,-,NA,NA,LOS ANGELES,WALNUT,-117.80036163330078,34.024288177490234
8563740,2018,2018-03-02,1942,2018-01-06,0200,43028,0738,6,5,7,1942,0,0,0,G,0,7A85,WILSHIRE BL,HIGHLAND AV,0,NA,Y,B,-,N,NA,NA,NA,NA,NA,NA,NA,NA,NA,Y,3,0,2,2,A,-,12,21453,A,N,D,C,A,A,H,-,C,A,0,NA,NA,NA,NA,Y,NA,A,01,0,1,1,0,0,0,0,0,0,-,-,NA,NA,LOS ANGELES,LOS ANGELES,-118.33849334716795,34.06211853027344
8563742,2018,2018-08-15,1900,2018-02-12,1535,525409,2922,1,5,5,1990,0,0,0,NA,0,292K3,GRAND AV,RT 60,0,NA,Y,A,-,Y,LA,7,60,-,R,24.552,R,4,E,Y,4,0,2,2,A,-,12,21453,A,N,D,C,A,A,H,-,A,A,0,NA,NA,NA,NA,Y,NA,A,01,0,0,2,0,0,0,0,0,0,-,EO,NA,NA,LOS ANGELES,DIAMOND BAR,-117.82218170166016,34.01112365722656
8563744,2018,2018-03-02,1942,2018-01-30,0915,39127,0762,2,5,7,1942,0,0,0,G,0,14T47,LA CIENEGA BL,PICKFORD ST,0,NA,Y,A,-,N,NA,NA,NA,NA,NA,NA,NA,NA,NA,Y,3,0,1,2,A,-,09,21802,A,N,D,C,A,A,H,-,A,A,0,NA,NA,Y,NA,Y,NA,A,01,0,1,0,0,0,0,0,0,1,-,-,NA,NA,LOS ANGELES,LOS ANGELES,-118.37615966796876,34.049041748046875
8563748,2018,2018-03-02,1942,2018-01-26,1345,27356,0706,5,5,7,1942,0,0,0,G,0,7A17,MELROSE AV,SEWARD ST,14,W,N,A,-,N,NA,NA,NA,NA,NA,NA,NA,NA,NA,N,3,0,1,2,A,-,08,22107,NA,N,B,C,A,A,H,-,A,D,0,NA,NA,Y,NA,Y,NA,A,01,0,1,0,0,0,0,0,0,1,-,-,NA,NA,LOS ANGELES,LOS ANGELES,-118.33319854736328,34.08346939086914
8563752,2018,2018-03-02,1942,2018-01-16,1118,42981,0727,2,5,7,1942,0,0,0,G,0,7A97,LA BREA BL,2ND ST,75,N,N,A,-,N,NA,NA,NA,NA,NA,NA,NA,NA,NA,N,3,0,1,2,A,-,11,21954,A,N,G,B,D,A,H,-,A,D,0,Y,NA,NA,NA,Y,NA,N,60,0,1,0,0,1,0,0,0,0,-,-,NA,NA,LOS ANGELES,LOS ANGELES,-118.3440399169922,34.071224212646484
8563756,2018,2018-03-02,1942,2018-01-15,1305,42114,0663,1,5,7,1942,0,0,0,F,0,6A63,FOUNTAIN AV,SYCAMORE AV,0,NA,Y,A,-,N,NA,NA,NA,NA,NA,NA,NA,NA,NA,Y,4,0,1,3,A,-,21,22106,NA,N,A,C,A,A,H,-,A,A,0,NA,NA,NA,NA,Y,NA,A,01,0,0,1,0,0,0,0,0,0,-,-,NA,NA,LOS ANGELES,LOS ANGELES,-118.34284210205078,34.0943489074707
8563799,2018,2018-03-02,1942,2018-01-05,1720,42030,1394,5,5,7,1942,0,0,0,M,0,DESK,S MAIN ST,GAGE AV,5,N,N,A,-,N,NA,NA,NA,NA,NA,NA,NA,NA,NA,N,4,0,1,2,A,-,04,21703,NA,M,C,D,A,A,H,-,B,A,0,NA,NA,NA,NA,Y,NA,-,NA,0,0,1,0,0,0,0,0,0,-,-,NA,NA,LOS ANGELES,LOS ANGELES,-118.2739486694336,33.9824333190918
8563843,2018,2018-03-08,1941,2018-02-14,1600,6278,NA,3,5,7,1941,0,0,0,NA,0,NA,17TH ST,GUNDRY AV,10,W,N,A,-,N,NA,NA,NA,NA,NA,NA,NA,NA,NA,Y,4,0,1,3,A,-,-,NA,NA,N,D,C,A,A,H,-,A,D,0,NA,NA,NA,NA,Y,NA,-,-,0,0,1,0,0,0,0,0,0,-,-,NA,NA,LOS ANGELES,LONG BEACH,-118.17423248291016,33.788028717041016
8563847,2018,2018-03-05,1941,2018-02-14,1931,5462,NA,3,5,7,1941,0,0,0,NA,0,NA,STUDEBAKER RD,WILLOW ST,126,S,N,A,-,N,NA,NA,NA,NA,NA,NA,NA,NA,NA,Y,3,0,1,3,A,-,03,22350,NA,N,C,C,A,A,H,-,C,A,0,NA,NA,NA,NA,Y,NA,A,NA,0,1,0,0,0,0,0,0,0,-,-,NA,NA,LOS ANGELES,LONG BEACH,-118.09947204589844,33.803409576416016
8563851,2018,2018-03-05,1941,2018-02-14,1500,11142,NA,3,5,7,1941,0,0,0,NA,0,NA,17TH ST,PACIFIC AV,78,W,N,A,-,N,NA,NA,NA,NA,NA,NA,NA,NA,NA,N,3,0,1,2,A,-,11,21956,A,N,G,B,E,A,H,-,A,D,0,Y,NA,NA,NA,Y,NA,N,NA,0,1,0,0,1,0,0,0,0,-,-,NA,NA,LOS ANGELES,LONG BEACH,-118.19398498535156,33.78805923461914
8563855,2018,2018-03-05,1941,2018-02-09,1234,5966,NA,5,5,7,1941,0,0,0,NA,0,NA,MARINA DR,LIGHT POLE TM1389,0,NA,Y,A,-,N,NA,NA,NA,NA,NA,NA,NA,NA,NA,Y,3,0,3,2,A,-,09,21804,A,N,D,C,A,A,H,-,A,D,0,NA,NA,NA,NA,Y,NA,A,NA,0,3,0,0,0,0,0,0,0,-,-,NA,NA,LOS ANGELES,LONG BEACH,NA,NA
8563859,2018,2018-03-05,1941,2018-02-19,0540,11130,NA,1,5,7,1941,0,0,0,NA,0,NA,BROADWAY,CHESTNUT AV,20,E,N,A,-,N,NA,NA,NA,NA,NA,NA,NA,NA,NA,Y,3,0,1,4,A,-,08,22107,NA,N,B,C,A,A,H,-,B,D,0,NA,NA,NA,NA,Y,NA,D,NA,0,1,0,0,0,0,0,0,0,-,-,NA,NA,LOS ANGELES,LONG BEACH,-118.19628143310548,33.7692985534668
8563863,2018,2018-03-05,1941,2018-02-10,1352,10951,NA,6,5,7,1941,0,0,0,NA,0,NA,LOS COYOTES DIAGONAL,ROSADA ST,125,W,N,A,-,N,NA,NA,NA,NA,NA,NA,NA,NA,NA,N,3,0,2,3,A,-,17,21652,NA,F,E,B,-,A,H,-,A,D,0,Y,NA,NA,NA,Y,NA,A,NA,0,1,1,0,2,0,0,0,0,-,-,NA,NA,LOS ANGELES,LONG BEACH,-118.14012908935548,33.79185485839844
8563867,2018,2018-03-05,1941,2018-02-14,1424,5767,NA,3,5,7,1941,0,0,0,NA,0,NA,MAGNOLIA AV,W 7TH ST,30,N,N,A,-,N,NA,NA,NA,NA,NA,NA,NA,NA,NA,N,4,0,2,2,A,-,03,22350,NA,M,C,C,A,A,H,-,A,A,0,NA,NA,NA,NA,Y,NA,A,NA,0,0,2,0,0,0,0,0,0,-,-,NA,NA,LOS ANGELES,LONG BEACH,-118.19803619384766,33.77544403076172
8563871,2018,2018-03-05,1941,2018-02-11,1625,6135,NA,7,5,7,1941,0,0,0,NA,0,NA,LOS ALTOS AV,ANAHEIM RD,168,N,N,A,-,N,NA,NA,NA,NA,NA,NA,NA,NA,NA,Y,3,0,1,1,A,-,08,22107,NA,N,B,-,A,A,H,-,A,D,0,NA,NA,NA,NA,Y,NA,A,NA,0,1,0,0,0,0,0,0,0,-,-,NA,NA,LOS ANGELES,LONG BEACH,-118.12343597412108,33.7801628112793
8563872,2018,2018-03-05,1941,2018-02-12,1343,11132,NA,1,5,7,1941,0,0,0,NA,0,NA,7TH ST,PACIFIC AV,0,NA,Y,A,-,N,NA,NA,NA,NA,NA,NA,NA,NA,NA,Y,3,0,2,2,A,-,12,21453,A,N,D,C,A,A,H,-,A,A,0,NA,NA,NA,NA,Y,NA,-,-,0,1,1,0,0,0,0,0,0,-,-,NA,NA,LOS ANGELES,LONG BEACH,-118.19373321533205,33.775360107421875
8563876,2018,2018-03-14,1941,2018-02-18,1933,11094,NA,7,5,7,1941,0,0,0,NA,0,NA,ATHERTON ST,CLARK AV,5,E,N,A,-,N,NA,NA,NA,NA,NA,NA,NA,NA,NA,Y,4,0,2,2,A,-,09,21801,A,N,A,C,A,A,H,-,C,A,0,NA,NA,NA,NA,Y,NA,A,NA,0,0,2,0,0,0,0,0,0,-,-,NA,NA,LOS ANGELES,LONG BEACH,-118.13402557373048,33.78981018066406
8563880,2018,2018-03-05,1941,2018-02-16,1608,10656,NA,5,5,7,1941,0,0,0,NA,0,NA,ATLANTIC PL,SAN ANTONIO DR,0,NA,Y,A,-,N,NA,NA,NA,NA,NA,NA,NA,NA,NA,N,4,0,1,2,D,-,00,NA,NA,N,H,B,F,A,H,-,A,D,0,Y,NA,NA,NA,Y,NA,-,-,0,0,1,0,1,0,0,0,0,-,-,NA,NA,LOS ANGELES,LONG BEACH,-118.18402099609376,33.837459564208984
8563884,2018,2018-03-05,1941,2018-02-16,1236,10053,NA,5,5,7,1941,0,0,0,NA,0,NA,REDONDO AV,WILLOW ST,0,NA,Y,A,-,N,NA,NA,NA,NA,NA,NA,NA,NA,NA,N,4,0,1,2,A,-,09,21453,C,N,D,C,A,A,H,-,A,A,0,NA,NA,Y,NA,Y,NA,D,NA,0,0,1,0,0,0,0,0,1,-,-,NA,NA,LOS ANGELES,LONG BEACH,-118.15135955810548,33.80453109741211
8563888,2018,2018-03-05,1941,2018-02-16,1029,10860,NA,5,5,7,1941,0,0,0,NA,0,NA,ATLANTIC AV,37TH ST,0,NA,Y,A,-,N,NA,NA,NA,NA,NA,NA,NA,NA,NA,Y,4,0,1,2,A,-,03,22350,NA,N,B,E,A,A,H,-,A,D,0,NA,NA,NA,NA,Y,NA,A,NA,0,0,1,0,0,0,0,0,0,-,-,NA,NA,LOS ANGELES,LONG BEACH,-118.18502807617188,33.82419967651367
8563892,2018,2018-03-05,1941,2018-02-14,1326,5615,NA,3,5,7,1941,0,0,0,NA,0,NA,BELLFLOWER BL,WILLOW ST,3,S,N,A,-,N,NA,NA,NA,NA,NA,NA,NA,NA,NA,Y,4,0,1,2,A,-,03,22350,NA,N,C,C,A,A,H,-,A,A,0,NA,NA,NA,NA,Y,NA,A,NA,0,0,1,0,0,0,0,0,0,-,-,NA,NA,LOS ANGELES,LONG BEACH,-118.12535858154295,33.8033332824707
8563896,2018,2018-03-05,1941,2018-02-13,1446,5703,NA,2,5,7,1941,0,0,0,NA,0,NA,7TH ST,PACIFIC AV,0,NA,Y,A,-,N,NA,NA,NA,NA,NA,NA,NA,NA,NA,Y,3,0,1,2,A,-,11,21955,NA,N,G,B,D,A,H,-,A,A,0,Y,NA,NA,NA,Y,NA,N,NA,0,1,0,0,1,0,0,0,0,-,-,NA,NA,LOS ANGELES,LONG BEACH,-118.19373321533205,33.775360107421875
8563900,2018,2018-08-01,1941,2018-02-13,1115,5617,NA,2,5,7,1941,0,0,0,NA,0,NA,PACIFIC COAST HWY,MARTIN LUTHER KING JR BL,0,NA,Y,A,-,Y,LA,7,1,-,-,5.761,I,5,S,Y,4,0,1,5,A,-,12,21453,A,N,D,C,A,A,H,-,A,A,0,NA,NA,NA,NA,Y,NA,D,NA,0,0,1,0,0,0,0,0,0,-,-,NA,NA,LOS ANGELES,LONG BEACH,-118.18059539794922,33.7898063659668
8563904,2018,2018-03-05,1941,2018-02-13,2131,11128,NA,2,5,7,1941,0,0,0,NA,0,NA,PACIFIC COAST HWY,JUDSON AV,255,W,N,C,-,N,NA,NA,NA,NA,NA,NA,NA,NA,NA,Y,4,0,1,2,A,-,08,22107,NA,N,D,C,A,B,H,-,C,D,0,NA,NA,NA,Y,Y,NA,A,NA,0,0,1,0,0,0,0,0,0,-,-,NA,NA,LOS ANGELES,LONG BEACH,-118.2222137451172,33.789859771728516
8563908,2018,2018-03-05,1941,2018-02-12,1400,5617,NA,1,5,7,1941,0,0,0,NA,0,NA,LONG BEACH BL,WARDLOW RD,324,S,N,A,-,N,NA,NA,NA,NA,NA,NA,NA,NA,NA,Y,4,0,1,2,A,-,09,21801,A,N,D,C,A,A,H,-,A,A,0,NA,NA,NA,NA,Y,NA,A,NA,0,0,1,0,0,0,0,0,0,-,-,NA,NA,LOS ANGELES,LONG BEACH,-118.18932342529295,33.81801986694336
8563916,2018,2018-03-05,1941,2018-02-16,0657,6204,NA,5,5,7,1941,0,0,0,NA,0,NA,LAKEWOOD BL,STEARNS ST,0,NA,Y,A,-,N,NA,NA,NA,NA,NA,NA,NA,NA,NA,Y,4,0,1,2,A,-,12,21453,A,N,-,C,A,A,H,-,A,A,0,NA,NA,NA,NA,Y,NA,A,NA,0,0,1,0,0,0,0,0,0,-,-,NA,NA,LOS ANGELES,LONG BEACH,-118.1435089111328,33.79608154296875
8563920,2018,2018-03-05,1941,2018-02-15,2213,5611,NA,4,5,7,1941,0,0,0,NA,0,NA,BROADWAY,CHERRY,0,NA,Y,A,-,N,NA,NA,NA,NA,NA,NA,NA,NA,NA,N,3,0,1,2,A,-,10,21952,NA,N,G,B,B,A,H,-,C,A,0,Y,NA,NA,NA,Y,NA,A,NA,0,1,0,0,1,0,0,0,0,-,-,NA,NA,LOS ANGELES,LONG BEACH,-118.16789245605467,33.76728820800781
8564010,2018,2018-03-07,1941,2018-02-18,0726,11126,NA,7,5,7,1941,0,0,0,NA,0,NA,7TH ST,REDONDO,0,NA,Y,A,-,N,NA,NA,NA,NA,NA,NA,NA,NA,NA,Y,4,0,3,2,A,-,09,21801,A,N,A,C,A,A,H,-,A,A,0,NA,NA,NA,NA,Y,NA,A,NA,0,0,3,0,0,0,0,0,0,-,-,NA,NA,LOS ANGELES,LONG BEACH,-118.15242004394533,33.77534103393555
8564062,2018,2018-03-07,1941,2018-02-11,1346,11099,NA,7,5,7,1941,0,0,0,NA,0,NA,SPRING ST,SANTA FE AV,0,NA,Y,A,-,N,NA,NA,NA,NA,NA,NA,NA,NA,NA,Y,3,0,1,3,D,-,00,NA,NA,N,D,C,A,A,H,-,A,A,0,NA,NA,NA,NA,Y,NA,-,-,0,1,0,0,0,0,0,0,0,-,-,NA,NA,LOS ANGELES,LONG BEACH,-118.21550750732422,33.81166076660156
8564065,2018,2018-03-07,1941,2018-02-09,2120,11098,NA,5,5,7,1941,0,0,0,NA,0,NA,BROADWAY,LIME AV,0,NA,-,A,-,N,NA,NA,NA,NA,NA,NA,NA,NA,NA,N,4,0,1,2,A,-,00,20001,A,N,B,C,A,A,H,-,C,A,0,NA,NA,Y,NA,Y,NA,A,NA,0,0,1,0,0,0,0,0,1,-,-,NA,NA,LOS ANGELES,LONG BEACH,-118.18366241455078,33.7692985534668