CASE_ID,ACCIDENT_YEAR,PROC_DATE,JURIS,COLLISION_DATE,COLLISION_TIME,OFFICER_ID,REPORTING_DISTRICT,DAY_OF_WEEK,CHP_SHIFT,POPULATION,CNTY_CITY_LOC,SPECIAL_COND,BEAT_TYPE,CHP_BEAT_TYPE,CITY_DIVISION_LAPD,CHP_BEAT_CLASS,BEAT_NUMBER,PRIMARY_RD,SECONDARY_RD,DISTANCE,DIRECTION,INTERSECTION,WEATHER_1,WEATHER_2,STATE_HWY_IND,CALTRANS_COUNTY,CALTRANS_DISTRICT,STATE_ROUTE,ROUTE_SUFFIX,POSTMILE_PREFIX,POSTMILE,LOCATION_TYPE,RAMP_INTERSECTION,SIDE_OF_HWY,TOW_AWAY,COLLISION_SEVERITY,NUMBER_KILLED,NUMBER_INJURED,PARTY_COUNT,PRIMARY_COLL_FACTOR,PCF_CODE_OF_VIOL,PCF_VIOL_CATEGORY,PCF_VIOLATION,PCF_VIOL_SUBSECTION,HIT_AND_RUN,TYPE_OF_COLLISION,MVIW,PED_ACTION,ROAD_SURFACE,ROAD_COND_1,ROAD_COND_2,LIGHTING,CONTROL_DEVICE,CHP_ROAD_TYPE,PEDESTRIAN_ACCIDENT,BICYCLE_ACCIDENT,MOTORCYCLE_ACCIDENT,TRUCK_ACCIDENT,NOT_PRIVATE_PROPERTY,ALCOHOL_INVOLVED,STWD_VEHTYPE_AT_FAULT,CHP_VEHTYPE_AT_FAULT,COUNT_SEVERE_INJ,COUNT_VISIBLE_INJ,COUNT_COMPLAINT_PAIN,COUNT_PED_KILLED,COUNT_PED_INJURED,COUNT_BICYCLIST_KILLED,COUNT_BICYCLIST_INJURED,COUNT_MC_KILLED,COUNT_MC_INJURED,PRIMARY_RAMP,SECONDARY_RAMP,LATITUDE,LONGITUDE,COUNTY,CITY,POINT_X,POINT_Y
8567879,2018,2018-03-14,1942,2018-01-23,1815,40529,0833,2,5,7,1942,0,0,0,H,0,25T21,WESTWOOD BL,WILKINS AV,34,N,N,A,-,N,NA,NA,NA,NA,NA,NA,NA,NA,NA,N,4,0,1,2,A,-,03,22350,NA,F,C,C,A,A,H,-,C,A,0,NA,NA,NA,NA,Y,NA,-,99,0,0,1,0,0,0,0,0,0,-,-,NA,NA,LOS ANGELES,LOS ANGELES,-118.44181060791016,34.05539321899414
8567883,2018,2018-03-24,1942,2018-01-25,1645,42688,0832,4,5,7,1942,0,0,0,H,0,8A36,BARRINGTON AV,GORHAM AV,0,NA,Y,A,-,N,NA,NA,NA,NA,NA,NA,NA,NA,NA,N,4,0,1,2,A,-,09,21802,A,F,D,C,A,A,H,-,A,A,0,NA,NA,NA,NA,Y,NA,-,99,0,0,1,0,0,0,0,0,0,-,-,NA,NA,LOS ANGELES,LOS ANGELES,-118.4660415649414,34.05403137207031
8567887,2018,2018-03-14,1942,2018-01-14,1055,34959,1401,7,5,7,1942,0,0,0,N,0,20TL59,BUNDY DR,PEARL ST,0,NA,Y,A,-,N,NA,NA,NA,NA,NA,NA,NA,NA,NA,Y,3,0,1,2,A,-,08,22100,A,N,B,C,A,A,H,-,A,D,0,NA,NA,NA,NA,Y,NA,A,08,0,1,0,0,0,0,0,0,0,-,-,NA,NA,LOS ANGELES,LOS ANGELES,-118.4482879638672,34.02701187133789
8567891,2018,2018-03-14,1942,2018-01-10,1355,41858,1464,3,5,7,1942,0,0,0,N,0,8TL28,S CENTINELA AV,MESMER AV,0,NA,Y,A,-,N,NA,NA,NA,NA,NA,NA,NA,NA,NA,N,3,0,1,2,A,-,04,21703,NA,F,C,G,A,A,H,-,A,D,0,NA,Y,NA,NA,Y,NA,-,99,0,1,0,0,0,0,1,0,0,-,-,NA,NA,LOS ANGELES,LOS ANGELES,-118.39888763427734,33.983421325683594
8567895,2018,2018-03-14,1942,2018-01-17,1505,36553,1443,3,5,7,1942,0,0,0,N,0,NA,VENICE BL,WALGROVE AV,570,E,N,A,-,N,NA,NA,NA,NA,NA,NA,NA,NA,NA,N,3,0,1,2,A,-,07,21658,A,N,H,G,A,A,H,-,A,A,0,NA,Y,NA,NA,Y,NA,A,07,0,1,0,0,0,0,1,0,0,-,-,NA,NA,LOS ANGELES,LOS ANGELES,-118.44481658935548,33.99810791015625
8567899,2018,2018-03-14,1942,2018-01-11,2215,37575,2079,4,5,7,1942,0,0,0,NA,0,NA,PICO BL,VERMONT AV,0,NA,Y,A,-,N,NA,NA,NA,NA,NA,NA,NA,NA,NA,N,3,0,1,2,A,-,10,21950,A,F,G,B,B,A,H,-,C,B,0,Y,NA,NA,NA,Y,NA,-,99,0,1,0,0,1,0,0,0,0,-,-,NA,NA,LOS ANGELES,LOS ANGELES,-118.29160308837892,34.04726028442383
8567903,2018,2018-03-14,1942,2018-01-26,1235,39655,2038,5,5,7,1942,0,0,0,NA,0,6T4,8TH ST,VERMONT AV,0,NA,Y,A,-,N,NA,NA,NA,NA,NA,NA,NA,NA,NA,N,4,0,1,3,A,-,09,21804,A,N,H,G,A,A,H,-,A,A,0,NA,Y,NA,NA,Y,NA,L,04,0,0,1,0,0,0,1,0,0,-,-,NA,NA,LOS ANGELES,LOS ANGELES,-118.29164886474608,34.05775833129883
8567907,2018,2018-03-15,1942,2018-01-14,0445,42893,0643,7,5,7,1942,0,0,0,F,0,6A45,HOLLYWOOD BL,FULLER AV,5,E,N,A,-,N,NA,NA,NA,NA,NA,NA,NA,NA,NA,Y,4,0,2,3,A,-,03,22350,NA,M,B,-,A,A,H,-,C,A,0,NA,NA,NA,NA,Y,Y,A,01,0,0,2,0,0,0,0,0,0,-,-,NA,NA,LOS ANGELES,LOS ANGELES,-118.34893035888672,34.101619720458984
8567911,2018,2018-03-14,1942,2018-01-16,0500,40031,0642,2,5,7,1942,0,0,0,F,0,6Z1,FAIRFAX AV,SUNSET BL,0,NA,Y,A,-,N,NA,NA,NA,NA,NA,NA,NA,NA,NA,Y,3,0,1,2,A,-,03,22350,NA,F,D,C,A,A,H,-,C,A,0,NA,NA,NA,NA,Y,NA,-,NA,0,1,0,0,0,0,0,0,0,-,-,NA,NA,LOS ANGELES,LOS ANGELES,-118.3615493774414,34.098060607910156
8567912,2018,2018-03-15,1942,2018-01-06,2110,42888,0722,6,5,7,1942,0,0,0,G,0,7A21W3,BEVERLY BL,ORLANDO AV,0,NA,Y,A,-,N,NA,NA,NA,NA,NA,NA,NA,NA,NA,N,4,0,1,2,A,-,04,21703,NA,M,C,C,A,A,H,-,C,A,0,NA,NA,NA,NA,Y,NA,-,NA,0,0,1,0,0,0,0,0,0,-,-,NA,NA,LOS ANGELES,LOS ANGELES,-118.37316131591795,34.0760498046875
8567915,2018,2018-03-21,1942,2018-01-13,0415,41072,2022,6,5,7,1942,0,0,0,NA,0,20A13,WESTERN AV,6TH ST,0,NA,Y,A,-,N,NA,NA,NA,NA,NA,NA,NA,NA,NA,Y,4,0,1,2,A,-,12,21453,A,N,D,C,A,A,H,-,C,A,0,NA,NA,NA,NA,Y,Y,-,-,0,0,1,0,0,0,0,0,0,-,-,NA,NA,LOS ANGELES,LOS ANGELES,-118.30911,34.06352
8567918,2018,2018-03-21,1942,2018-02-28,0620,43185,0525,3,5,7,1942,0,0,0,E,0,5A15,HARRY BRIDGES BL,FRIES AV,0,NA,Y,A,-,N,NA,NA,NA,NA,NA,NA,NA,NA,NA,N,4,0,1,2,A,-,09,21801,A,N,D,C,A,A,H,-,A,A,0,NA,NA,NA,NA,Y,NA,A,01,0,0,1,0,0,0,0,0,0,-,-,NA,NA,LOS ANGELES,LOS ANGELES,-118.26438903808594,33.77117156982422
8567919,2018,2018-03-14,1942,2018-01-25,2115,40957,2049,4,5,7,1942,0,0,0,NA,0,20A97,HOOVER ST,8TH ST,0,NA,Y,A,-,N,NA,NA,NA,NA,NA,NA,NA,NA,NA,Y,4,0,1,2,A,-,09,21801,A,N,B,C,A,A,H,-,C,A,0,NA,NA,NA,NA,Y,NA,A,01,0,0,1,0,0,0,0,0,0,-,-,NA,NA,LOS ANGELES,LOS ANGELES,-118.28421020507813,34.057708740234375
8568048,2018,2018-03-07,1942,2018-02-18,1600,42415,394,7,5,7,1942,0,0,0,NA,0,3A58,ARLINGTON AV,43RD ST,100,S,N,A,-,N,NA,NA,NA,NA,NA,NA,NA,NA,NA,N,4,0,1,2,A,-,03,22350,NA,N,C,E,A,A,-,-,A,D,0,NA,NA,NA,NA,Y,NA,A,01,0,0,1,0,0,0,0,0,0,-,-,NA,NA,LOS ANGELES,LOS ANGELES,-118.31824,34.005177
8568082,2018,2018-03-12,1928,2018-02-23,1439,376,508,5,5,5,1928,0,0,0,NA,0,502,VAN NESS AV,116TH ST S,0,NA,Y,A,-,N,NA,NA,NA,NA,NA,NA,NA,NA,NA,N,4,0,1,2,A,-,03,22350,NA,N,C,C,A,A,H,-,A,A,0,NA,NA,NA,NA,Y,NA,A,01,0,0,1,0,0,0,0,0,0,-,-,33.92802047729492,-118.31781005859376,LOS ANGELES,HAWTHORNE,-118.31780242919922,33.928550720214844
8568085,2018,2018-03-09,1965,2018-02-09,1158,3553,0B1J,5,5,5,1965,0,0,0,NA,0,B001,ARIZONA AV,5TH ST,208,E,N,A,-,N,NA,NA,NA,NA,NA,NA,NA,NA,NA,N,3,0,1,3,A,-,17,22517,NA,N,B,G,A,A,H,-,A,A,0,NA,Y,NA,NA,Y,NA,A,01,0,1,0,0,0,0,1,0,0,-,-,NA,NA,LOS ANGELES,SANTA MONICA,-118.49533081054688,34.01893997192383
8568086,2017,2018-03-12,1946,2017-12-03,0419,P36,1946,7,5,4,1946,0,0,0,NA,0,002,CALIFORNIA,MYRTLE,412,E,N,A,-,N,NA,NA,NA,NA,NA,NA,NA,NA,NA,Y,3,0,1,3,A,-,01,23152,A,N,-,E,A,A,H,-,C,D,0,NA,NA,NA,NA,Y,Y,A,01,0,1,0,0,0,0,0,0,0,-,-,NA,NA,LOS ANGELES,MONROVIA,-118.00087848,34.11627175
8568087,2018,2018-03-13,1900,2018-02-23,1530,541600,2836,5,5,5,1915,0,0,0,NA,0,283T1,GREENLEAF BL,ACACIA AV,15,W,N,A,-,N,NA,NA,NA,NA,NA,NA,NA,NA,NA,Y,3,0,1,4,A,-,04,21703,NA,N,C,C,A,A,H,-,A,D,0,NA,NA,NA,NA,Y,NA,A,01,0,1,0,0,0,0,0,0,0,-,-,NA,NA,LOS ANGELES,COMPTON,-118.225593,33.881031
8568089,2018,2018-03-09,1967,2018-02-19,1544,136,NA,1,5,2,1967,0,0,0,NA,0,NORTH,SPRING,ORANGE AV,0,NA,Y,A,-,N,NA,NA,NA,NA,NA,NA,NA,NA,NA,Y,3,0,1,2,A,-,12,21453,A,N,D,C,A,A,H,-,A,A,0,NA,NA,NA,NA,Y,NA,A,01,0,1,0,0,0,0,0,0,0,-,-,NA,NA,LOS ANGELES,SIGNAL HILL,-118.17630767822266,33.81167984008789
8568090,2017,2018-04-03,1946,2017-12-12,1105,38,1946,2,5,4,1946,0,0,0,NA,0,001,S MAYFLOWER,PALM,0,NA,Y,A,-,N,NA,NA,NA,NA,NA,NA,NA,NA,NA,Y,4,0,1,3,A,-,09,21802,A,M,D,C,A,A,H,-,A,D,0,NA,NA,NA,NA,Y,NA,-,NA,0,0,1,0,0,0,0,0,0,-,-,NA,NA,LOS ANGELES,MONROVIA,-118.00977004,34.14905011
8568097,2018,2018-03-09,1965,2018-02-15,1745,3158,0B2A,4,5,5,1965,0,0,0,NA,0,B002,LINCOLN BL,CEDAR ST W,0,NA,Y,A,-,N,NA,NA,NA,NA,NA,NA,NA,NA,NA,Y,3,0,1,2,A,-,09,21801,B,N,D,C,A,A,H,-,C,A,0,NA,NA,NA,NA,Y,NA,A,07,0,1,0,0,0,0,0,0,0,-,-,37.0001106262207,-121.00174713134766,LOS ANGELES,SANTA MONICA,-118.478759765625,34.0088996887207
8568099,2018,2018-03-09,1967,2018-01-23,1213,120,NA,2,5,2,1967,0,0,0,NA,0,SOUTH,21ST,TEMPLE AV,0,NA,Y,A,-,N,NA,NA,NA,NA,NA,NA,NA,NA,NA,N,4,0,1,2,A,-,08,22107,NA,N,A,C,A,A,H,-,A,A,0,NA,NA,NA,NA,Y,NA,A,07,0,0,1,0,0,0,0,0,0,-,-,NA,NA,LOS ANGELES,SIGNAL HILL,-118.15892791748048,33.79581069946289
8568101,2018,2018-03-09,1967,2018-02-19,1400,136,NA,1,5,2,1967,0,0,0,NA,0,SOUTH,OBISPO AV,HILL,0,NA,Y,A,G,N,NA,NA,NA,NA,NA,NA,NA,NA,NA,Y,3,0,2,2,A,-,09,21800,C,N,D,C,A,A,H,-,A,A,0,NA,NA,NA,NA,Y,NA,A,07,0,1,1,0,0,0,0,0,0,-,-,NA,NA,LOS ANGELES,SIGNAL HILL,-118.15457916259766,33.797080993652344
8568105,2018,2018-03-09,1965,2018-02-16,0726,3178,0B3B,5,5,5,1965,0,0,0,NA,0,B003,BROADWAY,14TH ST,182,E,N,A,-,N,NA,NA,NA,NA,NA,NA,NA,NA,NA,N,3,0,1,2,A,-,09,21804,A,N,H,G,A,A,H,-,A,A,0,NA,Y,NA,NA,Y,NA,A,01,0,1,0,0,0,0,1,0,0,-,-,NA,NA,LOS ANGELES,SANTA MONICA,-118.48374176025392,34.023109436035156
8568109,2018,2018-03-09,1900,2018-02-18,1932,512042,2822,7,5,5,1915,0,0,0,NA,0,283T1,ROSECRANS AV,WILLOWBROOK AV,372,E,N,A,-,N,NA,NA,NA,NA,NA,NA,NA,NA,NA,Y,3,0,2,3,A,-,03,22350,NA,N,A,C,A,A,H,-,C,D,0,NA,NA,NA,NA,Y,NA,A,01,0,2,0,0,0,0,0,0,0,-,-,NA,NA,LOS ANGELES,COMPTON,-118.22550964355467,33.903263092041016
8568117,2018,2018-03-09,1965,2018-02-21,1610,3158,0B1M,3,5,5,1965,0,0,0,NA,0,B001,7TH ST,CALIFORNIA AV,178,S,N,A,-,N,NA,NA,NA,NA,NA,NA,NA,NA,NA,N,2,0,1,2,A,-,11,21954,A,N,G,B,D,A,H,-,A,A,0,Y,NA,NA,NA,Y,NA,N,60,1,0,0,0,1,0,0,0,0,-,-,37.01408004760742,-121.02047729492188,LOS ANGELES,SANTA MONICA,-118.49671936035156,34.0224723815918
8568121,2018,2018-03-09,1900,2018-02-20,2246,487556,2873,2,5,5,1915,0,0,0,NA,0,281T1,ALONDRA BL,AVALON BL,0,NA,Y,A,-,N,NA,NA,NA,NA,NA,NA,NA,NA,NA,N,4,0,1,2,A,-,12,21453,A,F,A,C,A,A,H,-,C,A,0,NA,NA,NA,NA,Y,NA,A,01,0,0,1,0,0,0,0,0,0,-,-,NA,NA,LOS ANGELES,COMPTON,-118.26544189453124,33.88610076904297
8568125,2018,2018-03-09,1900,2018-02-22,1830,541600,2812,4,5,5,1915,0,0,0,NA,0,283T1,WILMINGTON AV,133RD ST,20,N,N,A,-,N,NA,NA,NA,NA,NA,NA,NA,NA,NA,NA,3,0,1,2,A,-,05,21202,NA,N,G,G,A,A,H,-,D,D,0,NA,Y,NA,NA,Y,NA,L,04,0,1,0,0,0,0,1,0,0,-,-,NA,NA,LOS ANGELES,COMPTON,-118.23915863037108,33.91142654418945
8568129,2018,2018-03-09,1900,2018-02-11,1811,500762,2117,7,5,5,1943,0,0,0,NA,0,212T2,SCHOOL ST,JOSEPHINE ST,0,NA,Y,A,-,N,NA,NA,NA,NA,NA,NA,NA,NA,NA,N,3,0,1,2,A,-,03,22350,NA,F,C,G,A,A,H,-,C,A,0,NA,Y,NA,NA,Y,NA,A,07,0,1,0,0,0,0,1,0,0,-,-,NA,NA,LOS ANGELES,LYNWOOD,-118.2072296142578,33.920650482177734
8568133,2018,2018-03-12,1900,2018-02-12,1540,546274,2111,1,5,5,1943,0,0,0,NA,0,212T3,LONG BEACH BL,IMPERIAL HWY,0,NA,Y,A,-,N,NA,NA,NA,NA,NA,NA,NA,NA,NA,N,4,0,2,2,A,-,09,21801,A,N,A,C,A,A,H,-,A,A,0,NA,NA,NA,NA,Y,NA,D,22,0,0,2,0,0,0,0,0,0,-,-,NA,NA,LOS ANGELES,LYNWOOD,-118.2116470336914,33.93050003051758
8568137,2018,2018-03-09,1900,2018-02-14,0744,602445,2812,3,5,5,1915,0,0,0,NA,0,282K1,EL SEGUNDO BL,COMPTON AV,0,NA,Y,B,-,N,NA,NA,NA,NA,NA,NA,NA,NA,NA,Y,4,0,2,2,D,-,00,NA,NA,N,D,C,A,A,H,-,A,A,0,NA,NA,NA,NA,Y,NA,-,-,0,0,2,0,0,0,0,0,0,-,-,NA,NA,LOS ANGELES,COMPTON,-118.24623107910156,33.916221618652344
8568141,2018,2018-03-09,1900,2018-02-23,1130,524009,2841,5,5,5,1915,0,0,0,NA,0,283D,WILLOWBROOK AV,ALONDRA BL,0,NA,Y,A,-,N,NA,NA,NA,NA,NA,NA,NA,NA,NA,N,4,0,1,2,A,-,12,21453,A,N,-,C,A,A,H,-,A,A,0,NA,NA,NA,NA,Y,NA,A,07,0,0,1,0,0,0,0,0,0,-,-,NA,NA,LOS ANGELES,COMPTON,-118.22386932373048,33.88859176635742
8568145,2018,2018-03-09,1900,2018-02-23,0704,516534,2820,5,5,5,1915,0,0,0,NA,0,282T1,ALAMEDA ST,WEBER AV,0,NA,Y,A,-,N,NA,NA,NA,NA,NA,NA,NA,NA,NA,Y,4,0,1,2,A,-,09,21802,A,N,D,C,A,A,H,-,A,D,0,NA,NA,NA,NA,Y,NA,A,01,0,0,1,0,0,0,0,0,0,-,-,NA,NA,LOS ANGELES,COMPTON,-118.2236328125,33.9198112487793
8568151,2017,2018-03-12,1946,2017-12-08,0650,49,1946,5,5,4,1946,0,0,0,NA,0,002,HUNTINGTON,MONTEREY,0,NA,Y,A,-,N,NA,NA,NA,NA,NA,NA,NA,NA,NA,Y,4,0,1,2,A,-,08,22107,NA,N,C,C,A,A,H,-,A,A,0,NA,NA,NA,NA,Y,NA,A,01,0,0,1,0,0,0,0,0,0,-,-,NA,NA,LOS ANGELES,MONROVIA,-118.01420008,34.14032007
8568153,2018,2018-03-09,1900,2018-02-09,1200,462141,2112,5,5,5,1943,0,0,0,NA,0,212T4,MARTIN LUTHER KING JR BL,CALIFORNIA AV,40,E,N,A,-,N,NA,NA,NA,NA,NA,NA,NA,NA,NA,N,4,0,1,2,A,-,07,21658,A,N,D,C,A,A,H,-,A,D,0,NA,NA,NA,Y,Y,NA,F,26,0,0,1,0,0,0,0,0,0,-,-,NA,NA,LOS ANGELES,LYNWOOD,-118.2082977294922,33.93630599975586
8568155,2017,2018-03-12,1942,2017-12-01,1720,42622,1347,5,5,7,1942,0,0,0,M,0,13X17,S LONG BEACH BL,E 42ND ST,0,NA,Y,A,-,N,NA,NA,NA,NA,NA,NA,NA,NA,NA,N,4,0,1,2,A,-,05,21650,1,N,B,G,A,A,H,-,D,D,0,NA,Y,NA,NA,Y,NA,L,04,0,0,1,0,0,0,1,0,0,-,-,NA,NA,LOS ANGELES,LOS ANGELES,-118.2432701,34.00629011
8568157,2018,2018-03-09,1900,2018-02-06,2015,546274,2113,2,5,5,1943,0,0,0,NA,0,212T3,ABBOTT RD,PINEHURST AV,0,NA,Y,A,-,N,NA,NA,NA,NA,NA,NA,NA,NA,NA,N,4,0,1,2,A,-,09,21802,A,N,D,C,A,A,H,-,C,A,0,NA,NA,NA,NA,Y,NA,A,07,0,0,1,0,0,0,0,0,0,-,-,NA,NA,LOS ANGELES,LYNWOOD,-118.18350982666016,33.934051513671875
8568159,2017,2018-04-03,1946,2017-12-11,1342,P20,1946,1,5,4,1946,0,0,0,NA,0,003,CENTRAL,CALIFORNIA,0,NA,Y,A,-,N,NA,NA,NA,NA,NA,NA,NA,NA,NA,Y,3,0,2,2,A,-,12,21453,A,N,D,C,A,A,H,-,A,A,0,NA,NA,NA,NA,Y,NA,-,-,0,1,1,0,0,0,0,0,0,-,-,NA,NA,LOS ANGELES,MONROVIA,-117.99505012,34.13587007
8568169,2018,2018-03-13,1942,2018-02-17,1735,39123,0507,6,5,7,1942,0,0,0,E,0,5A12,WESTERN AV,PLAZA DEL AMO,0,NA,Y,A,-,N,NA,NA,NA,NA,NA,NA,NA,NA,NA,Y,4,0,4,2,A,-,09,21801,A,N,D,C,A,A,H,-,B,D,0,NA,NA,NA,NA,Y,NA,A,01,0,0,4,0,0,0,0,0,0,-,-,NA,NA,LOS ANGELES,LOS ANGELES,-118.30892944335938,33.82284927368164
8568173,2018,2018-08-10,1942,2018-02-17,2103,42058,RD050,6,5,7,1942,0,0,0,NA,0,5A85W3,PACIFIC COAST HWY,RT 110,200,W,N,A,-,Y,LA,7,1,-,-,11.68,H,-,S,N,4,0,1,2,A,-,05,21460,A,N,D,C,A,A,-,-,C,A,0,NA,NA,NA,NA,Y,NA,A,01,0,0,1,0,0,0,0,0,0,-,-,NA,NA,LOS ANGELES,LOS ANGELES,-118.28335571289064,33.790653228759766
8568181,2018,2018-03-13,1942,2018-02-18,0335,42548,0531,7,5,7,1942,0,0,0,E,0,5A11,WESTERN AV,259TH PL,5,N,N,A,-,N,NA,NA,NA,NA,NA,NA,NA,NA,NA,Y,3,0,1,1,A,-,03,22350,NA,N,A,I,A,A,H,-,C,D,0,NA,NA,NA,NA,Y,NA,A,01,0,1,0,0,0,0,0,0,0,-,-,NA,NA,LOS ANGELES,LOS ANGELES,-118.30773162841795,33.78752517700195
8568349,2018,2018-03-24,1942,2018-02-19,1240,31573,1414,1,5,7,1942,0,0,0,N,0,14A13,ROSE AV,BERNARD AV,25,W,N,A,-,N,NA,NA,NA,NA,NA,NA,NA,NA,NA,N,3,0,1,2,A,-,11,21950,B,N,G,B,E,A,H,-,A,A,0,Y,NA,NA,Y,Y,NA,N,60,0,1,0,0,1,0,0,0,0,-,-,NA,NA,LOS ANGELES,LOS ANGELES,-118.47064971923828,33.99989318847656
8568354,2018,2018-03-15,1966,2018-02-07,0725,10852,6,3,5,3,1966,0,0,0,NA,0,NA,E SIERRA MADRE BL,MOUNTAIN TRAIL AV,0,NA,Y,A,-,N,NA,NA,NA,NA,NA,NA,NA,NA,NA,Y,3,0,3,2,A,-,04,21703,NA,N,C,C,A,A,H,-,A,A,0,NA,NA,NA,NA,Y,NA,A,01,0,1,2,0,0,0,0,0,0,-,-,NA,NA,LOS ANGELES,SIERRA MADRE,-118.04813385009766,34.16191101074219
8568378,2018,2018-03-15,1956,2018-02-20,0657,1239,65,2,5,5,1956,0,0,0,NA,0,004,MANHATTAN BEACH BL,GIBSON PL,230,E,N,A,-,N,NA,NA,NA,NA,NA,NA,NA,NA,NA,Y,4,0,2,2,A,-,09,21801,A,N,D,C,A,A,H,-,A,D,0,NA,NA,NA,NA,Y,NA,A,01,0,0,2,0,0,0,0,0,0,-,-,NA,NA,LOS ANGELES,REDONDO BEACH,-118.36441040039064,33.887428283691406
8568382,2018,2018-03-15,1956,2018-02-20,0747,1257,20,2,5,5,1956,0,0,0,NA,0,002,BROADWAY ST,CATALINA AV,0,NA,Y,A,-,N,NA,NA,NA,NA,NA,NA,NA,NA,NA,Y,3,0,1,2,A,-,09,21801,A,N,D,C,A,A,H,-,A,D,0,NA,NA,NA,NA,Y,NA,A,07,0,1,0,0,0,0,0,0,0,-,-,NA,NA,LOS ANGELES,REDONDO BEACH,-118.39212799072266,33.847599029541016
8568385,2018,2018-03-14,1956,2018-02-25,1357,1263,38,7,5,5,1956,0,0,0,NA,0,003,AVIATION BL,FORD AV,0,NA,Y,A,-,N,NA,NA,NA,NA,NA,NA,NA,NA,NA,Y,4,0,1,2,A,-,09,21801,A,N,D,D,A,A,-,-,A,A,0,NA,NA,NA,NA,Y,NA,A,01,0,0,1,0,0,0,0,0,0,-,-,NA,NA,LOS ANGELES,REDONDO BEACH,-118.38408660888672,33.86716842651367
8568386,2018,2018-03-15,1956,2018-02-24,1839,1323,646,6,5,5,1956,0,0,0,NA,0,003,INGLEWOOD AV,RIPLEY AV,15,S,N,A,-,N,NA,NA,NA,NA,NA,NA,NA,NA,NA,Y,4,0,1,3,A,-,03,22350,NA,F,C,C,A,A,H,-,C,D,0,NA,NA,NA,NA,Y,NA,A,01,0,0,1,0,0,0,0,0,0,-,-,NA,NA,LOS ANGELES,REDONDO BEACH,-118.36119842529295,33.86842727661133
8568408,2018,2018-03-21,1942,2018-01-31,1815,41210,1494,3,5,7,1942,0,0,0,N,0,14T47,CENTURY BL,INTERNATIONAL RD,2,E,N,A,-,N,NA,NA,NA,NA,NA,NA,NA,NA,NA,Y,4,0,7,1,A,-,12,21453,A,N,E,I,A,A,H,-,C,A,0,NA,NA,NA,NA,Y,NA,I,11,0,0,7,0,0,0,0,0,0,-,-,NA,NA,LOS ANGELES,LOS ANGELES,-118.38158416748048,33.94496154785156
8568422,2018,2018-03-15,1942,2018-02-13,1315,40059,2071,2,5,7,1942,0,0,0,NA,0,20A71,S WESTERN AV,W 15TH ST,0,NA,Y,A,-,N,NA,NA,NA,NA,NA,NA,NA,NA,NA,Y,4,0,2,2,A,-,09,21801,A,N,A,C,A,A,H,-,A,D,0,NA,NA,NA,NA,Y,NA,A,01,0,0,2,0,0,0,0,0,0,-,-,NA,NA,LOS ANGELES,LOS ANGELES,-118.3090362548828,34.04534149169922
8568426,2018,2018-03-15,1942,2018-03-01,0650,38942,0784,4,5,7,1942,0,0,0,G,0,7TL23,REDONDO BL,WASHINGTON BL,0,NA,Y,A,-,N,NA,NA,NA,NA,NA,NA,NA,NA,NA,Y,4,0,2,3,A,-,12,21453,A,F,D,C,A,A,H,-,A,D,0,NA,NA,NA,NA,Y,NA,-,99,0,0,2,0,0,0,0,0,0,-,-,NA,NA,LOS ANGELES,LOS ANGELES,-118.35281372070313,34.04121017456055
8568428,2018,2018-03-15,1942,2018-01-20,1700,43058,14,6,5,7,1942,0,0,0,N,0,14A67,SEPULVEDA BL,LUCERNE AV,240,S,N,A,-,N,NA,NA,NA,NA,NA,NA,NA,NA,NA,Y,4,0,2,2,A,-,09,21804,A,N,B,C,A,A,H,-,B,D,0,NA,NA,NA,NA,Y,NA,D,22,0,0,2,0,0,0,0,0,0,-,-,NA,NA,LOS ANGELES,LOS ANGELES,-118.40176391601564,34.000064849853516
8568430,2018,2018-03-15,1942,2018-03-01,0210,42338,0395,4,5,7,1942,0,0,0,C,0,3A99,W MARTIN LUTHER KING BL,S WESTERN AV,0,NA,Y,A,-,N,NA,NA,NA,NA,NA,NA,NA,NA,NA,Y,3,0,2,2,A,-,12,21453,A,N,D,C,A,A,H,-,C,A,0,NA,NA,NA,NA,Y,NA,A,01,0,2,0,0,0,0,0,0,0,-,-,NA,NA,LOS ANGELES,LOS ANGELES,-118.30892944335938,34.01084899902344
8568432,2018,2018-03-13,1942,2018-02-21,0640,38721,1401,3,5,7,1942,0,0,0,N,0,7T23,GATEWAY BL,BARRINGTON AV,0,NA,Y,A,-,N,NA,NA,NA,NA,NA,NA,NA,NA,NA,N,4,0,1,2,A,-,09,21801,A,N,D,C,A,A,H,-,A,A,0,NA,NA,NA,NA,Y,NA,D,22,0,0,1,0,0,0,0,0,0,-,-,NA,NA,LOS ANGELES,LOS ANGELES,-118.4433135986328,34.028560638427734
8568434,2018,2018-03-14,1942,2018-01-18,1335,31465,2091,4,5,7,1942,0,0,0,NA,0,34MQ11,ARLINGTON AV,21ST ST,0,NA,Y,A,-,N,NA,NA,NA,NA,NA,NA,NA,NA,NA,N,4,0,2,2,A,-,09,21801,A,N,A,C,A,A,H,-,A,D,0,NA,NA,NA,NA,Y,NA,A,07,0,0,2,0,0,0,0,0,0,-,-,NA,NA,LOS ANGELES,LOS ANGELES,-118.31771,34.03799