CASE_ID,ACCIDENT_YEAR,PROC_DATE,JURIS,COLLISION_DATE,COLLISION_TIME,OFFICER_ID,REPORTING_DISTRICT,DAY_OF_WEEK,CHP_SHIFT,POPULATION,CNTY_CITY_LOC,SPECIAL_COND,BEAT_TYPE,CHP_BEAT_TYPE,CITY_DIVISION_LAPD,CHP_BEAT_CLASS,BEAT_NUMBER,PRIMARY_RD,SECONDARY_RD,DISTANCE,DIRECTION,INTERSECTION,WEATHER_1,WEATHER_2,STATE_HWY_IND,CALTRANS_COUNTY,CALTRANS_DISTRICT,STATE_ROUTE,ROUTE_SUFFIX,POSTMILE_PREFIX,POSTMILE,LOCATION_TYPE,RAMP_INTERSECTION,SIDE_OF_HWY,TOW_AWAY,COLLISION_SEVERITY,NUMBER_KILLED,NUMBER_INJURED,PARTY_COUNT,PRIMARY_COLL_FACTOR,PCF_CODE_OF_VIOL,PCF_VIOL_CATEGORY,PCF_VIOLATION,PCF_VIOL_SUBSECTION,HIT_AND_RUN,TYPE_OF_COLLISION,MVIW,PED_ACTION,ROAD_SURFACE,ROAD_COND_1,ROAD_COND_2,LIGHTING,CONTROL_DEVICE,CHP_ROAD_TYPE,PEDESTRIAN_ACCIDENT,BICYCLE_ACCIDENT,MOTORCYCLE_ACCIDENT,TRUCK_ACCIDENT,NOT_PRIVATE_PROPERTY,ALCOHOL_INVOLVED,STWD_VEHTYPE_AT_FAULT,CHP_VEHTYPE_AT_FAULT,COUNT_SEVERE_INJ,COUNT_VISIBLE_INJ,COUNT_COMPLAINT_PAIN,COUNT_PED_KILLED,COUNT_PED_INJURED,COUNT_BICYCLIST_KILLED,COUNT_BICYCLIST_INJURED,COUNT_MC_KILLED,COUNT_MC_INJURED,PRIMARY_RAMP,SECONDARY_RAMP,LATITUDE,LONGITUDE,COUNTY,CITY,POINT_X,POINT_Y
8570214,2018,2018-04-13,1947,2018-02-22,1420,1415,NA,4,5,5,1947,0,0,0,NA,0,NA,ROOSEVELT AV,MONTEBELLO BL,400,E,N,A,-,N,NA,NA,NA,NA,NA,NA,NA,NA,NA,N,4,0,2,2,A,-,09,21804,A,N,D,C,A,A,H,-,A,D,0,NA,NA,NA,NA,Y,NA,A,01,0,0,2,0,0,0,0,0,0,-,-,34.00484848022461,-118.10848236083984,LOS ANGELES,MONTEBELLO,-118.10846710205078,34.004886627197266
8570218,2018,2018-03-30,1947,2018-02-06,1646,1406,NA,2,5,5,1947,0,0,0,NA,0,00C,N MONTEBELLO,LINCOLN AV,0,NA,Y,A,-,N,NA,NA,NA,NA,NA,NA,NA,NA,NA,N,4,0,2,2,A,-,21,22106,NA,N,C,C,A,A,H,-,A,A,0,NA,NA,NA,NA,Y,NA,A,07,0,0,2,0,0,0,0,0,0,-,-,34.0207405090332,-118.1049575805664,LOS ANGELES,MONTEBELLO,-118.1049575805664,34.020729064941406
8570222,2018,2018-03-30,1947,2018-02-26,0047,1349,NA,1,5,5,1947,0,0,0,NA,0,00C,RANCHO DR,BARTOLO AV,50,W,N,A,-,N,NA,NA,NA,NA,NA,NA,NA,NA,NA,Y,4,0,1,1,A,-,08,22107,NA,N,F,I,A,A,H,-,C,D,0,NA,NA,NA,NA,Y,NA,A,01,0,0,1,0,0,0,0,0,0,-,-,NA,NA,LOS ANGELES,MONTEBELLO,-118.0886459350586,34.02033615112305
8570223,2018,2018-03-27,1942,2018-01-17,0930,38565,1325,3,5,7,1942,0,0,0,M,0,13A93,CENTRAL AV,27TH ST,50,S,N,A,-,N,NA,NA,NA,NA,NA,NA,NA,NA,NA,N,3,0,1,2,A,-,17,21657,NA,N,A,G,A,A,H,-,A,D,0,NA,Y,NA,NA,Y,NA,L,04,0,1,0,0,0,0,1,0,0,-,-,NA,NA,LOS ANGELES,LOS ANGELES,-118.2554168701172,34.01763153076172
8570226,2018,2018-03-30,1947,2018-02-21,1112,1403,NA,3,5,5,1947,0,0,0,NA,0,00D,S MONTEBELLO BL,HUGHES AV,14,S,N,A,-,N,NA,NA,NA,NA,NA,NA,NA,NA,NA,Y,3,0,1,1,A,-,08,22107,NA,N,A,I,A,A,H,-,A,D,0,NA,NA,NA,NA,Y,NA,A,01,0,1,0,0,0,0,0,0,0,-,-,33.99972915649414,-118.11273956298828,LOS ANGELES,MONTEBELLO,-118.11280059814452,33.99970626831055
8570227,2018,2018-03-27,1942,2018-01-10,2110,42452,1321,3,5,7,1942,0,0,0,M,0,13A9,WASHINGTON,GRAND,0,NA,Y,A,-,N,NA,NA,NA,NA,NA,NA,NA,NA,NA,N,4,0,1,2,A,-,12,21453,A,N,D,C,A,A,H,-,A,A,0,NA,NA,NA,NA,Y,NA,A,01,0,0,1,0,0,0,0,0,0,-,-,NA,NA,LOS ANGELES,LOS ANGELES,-118.26837921142578,34.03261947631836
8570230,2018,2018-03-30,1947,2018-02-05,1441,1320,NA,1,5,5,1947,0,0,0,NA,0,00B,S WILCOX AV,VIA CAMPO,75,N,N,A,-,N,NA,NA,NA,NA,NA,NA,NA,NA,NA,N,4,0,2,2,A,-,03,22350,NA,N,C,C,A,A,H,-,A,D,0,NA,NA,NA,NA,Y,NA,A,01,0,0,2,0,0,0,0,0,0,-,-,34.032798767089844,-118.12503814697266,LOS ANGELES,MONTEBELLO,-118.12506866455078,34.032997131347656
8570231,2018,2018-03-27,1942,2018-01-24,0205,42931,0201,3,5,7,1942,0,0,0,B,0,2A47,VERMONT AV,MELROSE,0,NA,Y,A,-,N,NA,NA,NA,NA,NA,NA,NA,NA,NA,Y,4,0,1,2,A,-,09,21801,A,N,D,C,A,A,H,-,A,A,0,NA,NA,NA,NA,Y,NA,A,01,0,0,1,0,0,0,0,0,0,-,-,NA,NA,LOS ANGELES,LOS ANGELES,-118.29170989990234,34.083580017089844
8570234,2018,2018-03-30,1947,2018-02-13,1529,1320,NA,2,5,5,1947,0,0,0,NA,0,00E,W COLEGROVE AV,VAIL AV,35,W,N,A,-,N,NA,NA,NA,NA,NA,NA,NA,NA,NA,N,4,0,1,2,A,-,21,22106,NA,N,B,D,A,A,H,-,A,D,0,NA,NA,NA,NA,Y,NA,A,01,0,0,1,0,0,0,0,0,0,-,-,34.00904846191406,-118.20481872558594,LOS ANGELES,MONTEBELLO,-118.12056732177734,34.009056091308594
8570238,2018,2018-03-30,1947,2018-02-07,1730,1351,NA,3,5,5,1947,0,0,0,NA,0,00A,WEST BEVERLY BL,E VIA VAL VERDE E,0,NA,Y,A,-,N,NA,NA,NA,NA,NA,NA,NA,NA,NA,NA,4,0,2,2,A,-,09,21801,A,N,D,C,A,A,H,-,A,A,0,NA,NA,NA,NA,Y,NA,A,01,0,0,2,0,0,0,0,0,0,-,-,34.02136993408203,-118.12579345703124,LOS ANGELES,MONTEBELLO,-118.12580871582033,34.02143096923828
8570239,2018,2018-03-27,1942,2018-01-28,1548,39065,0356,7,5,7,1942,0,0,0,C,0,3A15,WESTERN AV,JEFFERSON,100,S,N,A,-,N,NA,NA,NA,NA,NA,NA,NA,NA,NA,N,4,0,1,2,B,-,22,NA,NA,N,G,J,A,A,H,-,A,D,0,NA,NA,NA,NA,Y,NA,A,01,0,0,1,0,0,0,0,0,0,-,-,NA,NA,LOS ANGELES,LOS ANGELES,-118.30889129638672,34.02527618408203
8570241,2018,2018-03-27,1947,2018-01-22,1448,1406,NA,1,5,5,1947,0,0,0,NA,0,00B,WILCOX AV,VIA CAMPO,500,S,N,A,-,N,NA,NA,NA,NA,NA,NA,NA,NA,NA,N,4,0,1,2,-,-,-,NA,NA,N,B,B,-,A,H,-,A,D,0,Y,NA,NA,NA,Y,NA,-,-,0,0,1,0,1,0,0,0,0,-,-,34.03116989135742,-118.1249771118164,LOS ANGELES,MONTEBELLO,-118.12507629394533,34.03141784667969
8570244,2018,2018-03-30,1975,2018-03-09,1742,640,NA,5,5,6,1975,0,0,0,NA,0,002,HOLLENBECK,CAMERON,0,NA,Y,A,-,N,NA,NA,NA,NA,NA,NA,NA,NA,NA,N,4,0,2,2,A,-,12,21453,A,N,D,C,A,A,H,-,C,A,0,NA,NA,NA,NA,Y,NA,-,-,0,0,2,0,0,0,0,0,0,-,-,NA,NA,LOS ANGELES,WEST COVINA,-117.89904022216795,34.06100845336914
8570248,2018,2018-03-28,1975,2018-03-06,1744,400,NA,2,5,6,1975,0,0,0,NA,0,002,E HOLT AV,EAST GARVEY AV,0,NA,Y,A,-,N,NA,NA,NA,NA,NA,NA,NA,NA,NA,N,3,0,1,2,A,-,08,22107,NA,N,B,G,A,A,D,-,A,D,0,NA,Y,NA,NA,Y,NA,L,04,0,1,0,0,0,0,1,0,0,-,-,NA,NA,LOS ANGELES,WEST COVINA,-117.86287689208984,34.07081985473633
8570252,2018,2018-03-28,1942,2018-03-01,0800,27792,2145,4,5,7,1942,0,0,0,NA,0,21A43,SHOUP AV,GILMORE ST,200,N,N,A,-,N,NA,NA,NA,NA,NA,NA,NA,NA,NA,Y,4,0,3,4,A,-,03,22350,NA,N,C,C,A,A,H,-,A,D,0,NA,NA,NA,NA,Y,NA,A,07,0,0,3,0,0,0,0,0,0,-,-,NA,NA,LOS ANGELES,LOS ANGELES,-118.61460113525392,34.188297271728516
8570256,2018,2018-03-28,1942,2018-03-10,1310,39281,1663,6,5,7,1942,0,0,0,P,0,16A77,SAN FERNANDO RD,ALLEGHENY ST,0,NA,Y,C,-,N,NA,NA,NA,NA,NA,NA,NA,NA,NA,Y,4,0,2,3,A,-,09,21801,A,F,A,C,A,B,H,-,A,D,0,NA,NA,NA,NA,Y,NA,A,07,0,0,2,0,0,0,0,0,0,-,-,NA,NA,LOS ANGELES,LOS ANGELES,-118.39215850830078,34.23781967163086
8570260,2018,2018-03-28,1942,2018-03-14,0945,30989,2157,3,5,7,1942,0,0,0,NA,0,21A57,VANOWEN ST,DE SOTO AV,0,NA,Y,B,-,N,NA,NA,NA,NA,NA,NA,NA,NA,NA,Y,4,0,3,3,A,-,09,21801,A,N,D,C,A,A,H,-,A,A,0,NA,NA,NA,NA,Y,NA,A,01,0,0,3,0,0,0,0,0,0,-,-,NA,NA,LOS ANGELES,LOS ANGELES,-118.58841705322266,34.193790435791016
8570261,2018,2018-03-27,1947,2018-01-13,1850,1382,NA,6,5,5,1947,0,0,0,NA,0,00D,WEST WASHINGTON BL,MONTEBELLO BL,0,NA,Y,A,-,N,NA,NA,NA,NA,NA,NA,NA,NA,NA,N,3,0,1,2,-,-,-,NA,NA,N,E,B,A,A,H,-,A,A,0,NA,Y,NA,NA,Y,Y,-,-,0,1,0,0,0,0,1,0,0,-,-,NA,NA,LOS ANGELES,MONTEBELLO,-118.11620330810548,33.99388122558594
8570264,2018,2018-03-28,1942,2018-03-12,1305,39092,RD199,1,5,7,1942,0,0,0,NA,0,22P323,ROSCOE BL,TOBIAS AV,0,NA,Y,A,-,N,NA,NA,NA,NA,NA,NA,NA,NA,NA,Y,4,0,2,2,A,-,09,21801,A,N,D,C,A,A,H,-,A,A,0,NA,NA,NA,NA,Y,NA,-,NA,0,0,2,0,0,0,0,0,0,-,-,NA,NA,LOS ANGELES,LOS ANGELES,-118.45169067382813,34.221519470214844
8570268,2018,2018-03-28,1942,2018-03-05,2350,41868,0969,1,5,7,1942,0,0,0,I,0,9A63,COLDWATER CANYON,RIVERSIDE DR,0,NA,Y,A,-,N,NA,NA,NA,NA,NA,NA,NA,NA,NA,Y,3,0,3,2,A,-,12,21453,A,F,D,C,A,A,H,-,C,A,0,NA,NA,NA,NA,Y,NA,A,01,0,2,1,0,0,0,0,0,0,-,-,NA,NA,LOS ANGELES,LOS ANGELES,-118.41378784179688,34.157630920410156
8570276,2018,2018-03-28,1975,2018-03-11,0037,451,1975,7,5,6,1975,0,0,0,NA,0,002,ROWLAND AV,AZUSA AV,0,NA,Y,B,C,N,NA,NA,NA,NA,NA,NA,NA,NA,NA,Y,4,0,1,2,A,-,12,21453,A,N,D,C,A,B,H,-,C,A,0,NA,NA,NA,NA,Y,NA,-,NA,0,0,1,0,0,0,0,0,0,-,-,NA,NA,LOS ANGELES,WEST COVINA,-117.90779876708984,34.07918930053711
8570280,2018,2018-03-28,1975,2018-03-07,0814,377,NA,3,5,6,1975,0,0,0,NA,0,005,DORE ST,SCOTT RD,41,W,N,B,-,N,NA,NA,NA,NA,NA,NA,NA,NA,NA,Y,3,0,1,2,A,-,08,22107,NA,N,A,C,A,A,H,-,A,D,0,NA,NA,NA,NA,Y,NA,A,01,0,1,0,0,0,0,0,0,0,-,-,34.036991119384766,-117.92382049560548,LOS ANGELES,WEST COVINA,-117.92397308349608,34.037010192871094
8570284,2018,2018-03-28,1975,2018-03-09,2230,640,NA,5,5,6,1975,0,0,0,NA,0,003,WEST COVINA PKWY,GAREY AV SOUTH,0,NA,Y,A,-,N,NA,NA,NA,NA,NA,NA,NA,NA,NA,N,3,0,1,1,A,-,08,22107,NA,N,E,I,A,A,H,-,C,A,0,NA,NA,NA,NA,Y,NA,-,NA,0,1,0,0,0,0,0,0,0,-,-,NA,NA,LOS ANGELES,WEST COVINA,-117.94203186035156,34.07154846191406
8570288,2018,2018-03-28,1975,2018-03-01,1447,427,NA,4,5,6,1975,0,0,0,NA,0,TRAFFI,SUNSET AV,MERCED AV,533,N,N,A,-,N,NA,NA,NA,NA,NA,NA,NA,NA,NA,Y,3,0,3,2,A,-,09,21801,A,N,D,C,A,A,H,-,A,D,0,NA,NA,NA,NA,Y,NA,A,07,0,1,2,0,0,0,0,0,0,-,-,34.06135177612305,-117.94615173339844,LOS ANGELES,WEST COVINA,-117.9450454711914,34.062469482421875
8570545,2018,2018-03-28,1942,2018-02-15,1525,40099,1138,4,5,7,1942,0,0,0,K,0,11A37,YORK BL,OUTLOOK AV,4,E,N,A,-,N,NA,NA,NA,NA,NA,NA,NA,NA,NA,Y,4,0,1,2,A,-,03,22350,NA,N,C,C,A,A,H,-,A,D,0,NA,NA,NA,NA,Y,NA,A,01,0,0,1,0,0,0,0,0,0,-,-,NA,NA,LOS ANGELES,LOS ANGELES,-118.18563079833984,34.11688995361328
8570549,2018,2018-03-28,1942,2018-02-15,1720,34426,1161,4,5,7,1942,0,0,0,K,0,11A51,MARIPOSA AV,SANTA MONICA BL,0,NA,Y,A,-,N,NA,NA,NA,NA,NA,NA,NA,NA,NA,N,4,0,1,2,A,-,08,22107,NA,N,G,B,-,A,H,-,A,A,0,Y,NA,NA,NA,Y,Y,A,07,0,0,1,0,1,0,0,0,0,-,-,NA,NA,LOS ANGELES,LOS ANGELES,-118.29940795898438,34.0908317565918
8570553,2018,2018-03-28,1942,2018-02-18,0755,40008,1175,7,5,7,1942,0,0,0,K,0,11A95,STADIUM WY,ELISYAN PARK,0,NA,Y,A,-,N,NA,NA,NA,NA,NA,NA,NA,NA,NA,N,3,0,1,2,A,-,10,21950,A,N,G,B,-,A,H,-,A,D,0,Y,NA,NA,NA,Y,NA,A,01,0,1,0,0,1,0,0,0,0,-,-,NA,NA,LOS ANGELES,LOS ANGELES,-118.24308776855467,34.08612060546875
8570557,2018,2018-03-28,1942,2018-02-09,0803,31152,1159,5,5,7,1942,0,0,0,K,0,11A37,AVENUE 43,RT 110,40,W,N,A,-,N,NA,NA,NA,NA,NA,NA,NA,NA,NA,N,3,0,1,2,A,-,10,21950,A,N,G,B,-,A,H,-,A,A,0,Y,NA,NA,NA,Y,NA,A,01,0,1,0,0,1,0,0,0,0,-,-,NA,NA,LOS ANGELES,LOS ANGELES,-118.20646667480467,34.0933723449707
8570562,2018,2018-03-29,1942,2018-02-10,2210,40325,1309,6,5,7,1942,0,0,0,M,0,13A9,S ALAMEDA ST,8TH ST,360,S,N,A,-,N,NA,NA,NA,NA,NA,NA,NA,NA,NA,Y,3,0,1,2,A,-,09,21804,A,F,D,C,A,A,H,-,C,A,0,NA,NA,NA,NA,Y,NA,D,22,0,1,0,0,0,0,0,0,0,-,-,NA,NA,LOS ANGELES,LOS ANGELES,-118.2389907836914,34.0290641784668
8570565,2018,2018-03-29,1942,2018-03-13,0805,39693,1139,2,5,7,1942,0,0,0,K,0,11A37,FIGUEROA ST,AVENUE 59,110,E,N,B,-,N,NA,NA,NA,NA,NA,NA,NA,NA,NA,N,4,0,1,2,A,-,07,21658,A,N,B,C,A,A,H,-,A,D,0,NA,NA,NA,NA,Y,NA,A,01,0,0,1,0,0,0,0,0,0,-,-,NA,NA,LOS ANGELES,LOS ANGELES,-118.190673828125,34.11064147949219
8570566,2018,2018-03-29,1942,2018-03-10,0955,40008,1373,6,5,7,1942,0,0,0,M,0,13A85,S CENTRAL AV,E 55TH ST,0,NA,Y,B,-,N,NA,NA,NA,NA,NA,NA,NA,NA,NA,N,4,0,1,2,A,-,09,21801,A,F,D,C,A,A,H,-,A,A,0,NA,NA,NA,NA,Y,NA,-,99,0,0,1,0,0,0,0,0,0,-,-,NA,NA,LOS ANGELES,LOS ANGELES,-118.25646209716795,33.99298858642578
8570573,2018,2018-04-04,1900,2018-03-03,1400,600122,1125,6,5,6,1992,0,0,0,NA,0,111T2,LANCASTER BL,10TH ST WEST,0,W,N,B,-,N,NA,NA,NA,NA,NA,NA,NA,NA,NA,N,4,0,2,2,A,-,21,22106,NA,N,C,C,A,B,H,-,A,A,0,NA,NA,NA,NA,Y,NA,D,22,0,0,2,0,0,0,0,0,0,-,-,NA,NA,LOS ANGELES,LANCASTER,-118.14807891845705,34.69715881347656
8570577,2018,2018-04-05,1900,2018-03-13,1736,610418,1133,2,5,6,1992,0,0,0,NA,0,112T1,SIERRA HWY,AVENUE K,0,NA,Y,A,-,N,NA,NA,NA,NA,NA,NA,NA,NA,NA,N,4,0,2,3,A,-,03,22350,NA,N,B,C,A,A,H,-,A,A,0,NA,NA,NA,NA,Y,NA,A,08,0,0,2,0,0,0,0,0,0,-,-,NA,NA,LOS ANGELES,LANCASTER,-118.13294982910156,34.67498016357422
8570578,2018,2018-03-29,1942,2018-02-27,1250,32973,1151,2,5,7,1942,0,0,0,K,0,11A51,N VERMONT AV,N MAUBERT AV,33,NA,N,B,-,N,NA,NA,NA,NA,NA,NA,NA,NA,NA,N,4,0,2,3,A,-,17,22517,NA,N,B,C,E,A,H,-,A,D,0,Y,NA,NA,NA,Y,NA,N,60,0,0,2,0,1,0,0,0,0,-,-,NA,NA,LOS ANGELES,LOS ANGELES,-118.29177856445313,34.09907913208008
8570580,2018,2018-03-29,1942,2018-02-10,1715,34426,1183,6,5,7,1942,0,0,0,K,0,11A95,LOGAN ST,MONTANA ST,320,N,N,A,-,N,NA,NA,NA,NA,NA,NA,NA,NA,NA,N,4,0,1,3,A,-,21,22106,NA,N,G,-,E,A,H,-,A,D,0,Y,NA,NA,NA,Y,NA,A,01,0,0,1,0,1,0,0,0,0,-,-,NA,NA,LOS ANGELES,LOS ANGELES,-118.25723266601564,34.07917022705078
8570581,2018,2018-04-04,1900,2018-03-12,1204,550490,1121,1,5,6,1992,0,0,0,NA,0,10T3,AVENUE H-8,15TH ST WEST,12,W,N,A,-,N,NA,NA,NA,NA,NA,NA,NA,NA,NA,N,3,0,1,2,A,-,05,21202,A,N,D,G,A,A,H,-,A,A,0,NA,Y,NA,NA,Y,NA,L,04,0,1,0,0,0,0,1,0,0,-,-,NA,NA,LOS ANGELES,LANCASTER,-118.1572265625,34.71097183227539
8570584,2018,2018-03-29,1942,2018-02-25,1220,38233,1148,7,5,7,1942,0,0,0,K,0,11A37,MONTE VISTA ST,N AVENUE 50,0,NA,Y,A,-,N,NA,NA,NA,NA,NA,NA,NA,NA,NA,Y,4,0,1,2,A,-,09,21801,A,N,D,C,A,-,H,-,A,A,0,NA,NA,NA,NA,Y,Y,D,22,0,0,1,0,0,0,0,0,0,-,-,NA,NA,LOS ANGELES,LOS ANGELES,-118.20372772216795,34.10717010498047
8570588,2018,2018-03-29,1942,2018-02-16,1450,39759,1136,5,5,7,1942,0,0,0,K,0,11A17,EL PASO DR,N AV 45,345,E,N,A,-,N,NA,NA,NA,NA,NA,NA,NA,NA,NA,N,3,0,2,1,A,-,03,22350,NA,N,E,I,A,A,H,-,A,D,0,NA,NA,NA,NA,Y,NA,D,22,0,1,1,0,0,0,0,0,0,-,-,NA,NA,LOS ANGELES,LOS ANGELES,-118.21627044677734,34.11723327636719
8570590,2018,2018-03-29,1942,2018-03-13,1640,39759,1307,2,5,7,1942,0,0,0,M,0,13A9,STANFORD AV,EAST 7TH ST,0,NA,Y,C,-,N,NA,NA,NA,NA,NA,NA,NA,NA,NA,N,4,0,2,3,A,-,12,21453,A,N,D,C,A,B,H,-,A,A,0,NA,NA,NA,NA,Y,NA,A,01,0,0,2,0,0,0,0,0,0,-,-,NA,NA,LOS ANGELES,LOS ANGELES,-118.24440002441406,34.03902816772461
8570600,2018,2018-03-29,1942,2018-02-20,0842,31152,1171,2,5,7,1942,0,0,0,K,0,11A71,SUNSET BL,LUCILE AV,0,NA,Y,A,-,N,NA,NA,NA,NA,NA,NA,NA,NA,NA,N,4,0,2,3,A,-,04,21703,NA,N,C,C,A,A,H,-,A,D,0,NA,NA,NA,NA,Y,NA,D,22,0,0,2,0,0,0,0,0,0,-,-,NA,NA,LOS ANGELES,LOS ANGELES,-118.27880096435548,34.09088897705078
8570601,2018,2018-04-04,1900,2018-03-10,0938,546182,1126,6,5,6,1992,0,0,0,NA,0,112T2,10TH ST WEST,CITY PARK DR,0,NA,Y,A,-,N,NA,NA,NA,NA,NA,NA,NA,NA,NA,Y,3,0,2,2,A,-,09,21801,A,N,D,C,A,A,H,-,A,A,0,NA,NA,NA,NA,Y,NA,D,22,0,2,0,0,0,0,0,0,0,-,-,NA,NA,LOS ANGELES,LANCASTER,-118.14781951904295,34.665740966796875
8570604,2018,2018-03-29,1942,2018-02-27,1645,39759,1126,2,5,7,1942,0,0,0,K,0,11A25,YORK BL,AVENUE 53,95,E,N,A,-,N,NA,NA,NA,NA,NA,NA,NA,NA,NA,N,3,0,1,2,A,-,08,22107,NA,N,C,E,A,A,H,-,A,D,0,NA,NA,NA,NA,Y,NA,D,22,0,1,0,0,0,0,0,0,0,-,-,NA,NA,LOS ANGELES,LOS ANGELES,-118.2001724243164,34.12018966674805
8570608,2017,2018-04-10,1942,2017-09-21,0328,31713,1173,4,5,7,1942,0,0,0,K,0,11A71,GLENDALE BL,NORTH BAXTER ST,104,NA,N,C,-,N,NA,NA,NA,NA,NA,NA,NA,NA,NA,Y,2,0,2,3,A,-,01,23152,A,N,D,E,A,B,H,-,C,A,0,NA,NA,NA,Y,Y,NA,A,01,2,0,0,0,0,0,0,0,0,-,-,NA,NA,LOS ANGELES,LOS ANGELES,-118.25900009,34.09324006
8570609,2018,2018-04-11,1900,2018-02-04,1720,618055,1127,7,5,6,1992,0,0,0,NA,0,111T1,25TH ST WEST,AVENE K-8,0,NA,Y,A,-,N,NA,NA,NA,NA,NA,NA,NA,NA,NA,N,3,0,2,2,A,-,12,22450,A,N,D,D,A,A,H,-,A,A,0,NA,NA,NA,NA,Y,NA,A,07,0,2,0,0,0,0,0,0,0,-,-,NA,NA,LOS ANGELES,LANCASTER,-118.17463,34.66757
8570612,2018,2018-03-29,1942,2018-03-14,1450,33068,566,3,5,7,1942,0,0,0,NA,0,5X64,11TH ST,W PACIFIC AV,114,W,N,B,-,N,NA,NA,NA,NA,NA,NA,NA,NA,NA,Y,4,0,1,1,A,-,17,21663,NA,N,A,I,A,A,H,-,A,A,0,NA,NA,NA,NA,Y,NA,D,22,0,0,1,0,0,0,0,0,0,-,-,NA,NA,LOS ANGELES,LOS ANGELES,-118.28831481933594,33.73422622680664
8570617,2018,2018-04-09,1900,2018-03-06,1109,510509,1120,2,5,6,1992,0,0,0,NA,0,111T4,30TH ST W,AVENUE G,0,NA,Y,A,G,N,NA,NA,NA,NA,NA,NA,NA,NA,NA,Y,3,0,2,2,A,-,09,21802,A,N,D,C,A,A,H,-,A,A,0,NA,NA,NA,NA,Y,NA,D,22,0,2,0,0,0,0,0,0,0,-,-,NA,NA,LOS ANGELES,LANCASTER,-118.18395233154295,34.73324966430664
8570621,2018,2018-04-04,1900,2018-03-02,1303,510509,1126,5,5,6,1992,0,0,0,NA,0,111T4,AUTO MALL DR,DRIVERS WY,183,W,N,B,C,N,NA,NA,NA,NA,NA,NA,NA,NA,NA,N,4,0,2,2,A,-,08,22107,NA,N,B,C,A,B,H,-,A,D,0,NA,NA,NA,NA,Y,NA,A,01,0,0,2,0,0,0,0,0,0,-,-,NA,NA,LOS ANGELES,LANCASTER,-118.1501235961914,34.66999816894531
8570623,2018,2018-03-29,1942,2018-02-26,1440,40643,0269,1,5,7,1942,0,0,0,B,0,2A69,7TH ST,LUCAS AV,0,NA,Y,A,-,N,NA,NA,NA,NA,NA,NA,NA,NA,NA,N,4,0,1,2,A,-,09,21801,A,N,D,G,A,A,H,-,A,A,0,NA,Y,NA,NA,Y,NA,D,22,0,0,1,0,0,0,1,0,0,-,-,NA,NA,LOS ANGELES,LOS ANGELES,-118.26583099365234,34.051490783691406
8570627,2018,2018-03-29,1942,2018-03-02,1205,36460,0248,5,5,7,1942,0,0,0,B,0,2A69,LOMA DR,W 3RD ST,0,NA,Y,C,-,N,NA,NA,NA,NA,NA,NA,NA,NA,NA,N,4,0,1,2,A,-,10,21950,A,N,G,B,B,B,H,-,A,A,0,Y,NA,NA,NA,Y,NA,D,22,0,0,1,0,1,0,0,0,0,-,-,NA,NA,LOS ANGELES,LOS ANGELES,-118.26557159423828,34.059898376464844
8570629,2018,2018-04-05,1900,2018-03-03,1050,602401,123,6,5,6,1992,0,0,0,NA,0,111T1,SIERRA HWY,AVENUE J,95,S,N,B,C,N,NA,NA,NA,NA,NA,NA,NA,NA,NA,Y,4,0,2,3,A,-,03,22350,NA,N,C,C,A,B,H,-,A,D,0,NA,NA,NA,NA,Y,NA,D,22,0,0,2,0,0,0,0,0,0,-,-,NA,NA,LOS ANGELES,LANCASTER,-118.1352767944336,34.68918228149414
8570631,2018,2018-03-29,1942,2018-02-12,2120,40730,0235,1,5,7,1942,0,0,0,B,0,2A17,ALVARADO ST,TEMPLE ST,0,NA,Y,C,-,N,NA,NA,NA,NA,NA,NA,NA,NA,NA,N,4,0,1,2,A,-,00,21451,NA,N,D,G,A,B,H,-,C,D,0,NA,Y,NA,NA,Y,NA,L,04,0,0,1,0,0,0,1,0,0,-,-,NA,NA,LOS ANGELES,LOS ANGELES,-118.26805114746094,34.07027053833008
8570633,2018,2018-04-05,1900,2018-03-08,1916,610418,1133,4,5,6,1992,0,0,0,NA,0,111T1,DIVISION ST,AVENUE J,0,NA,Y,A,-,N,NA,NA,NA,NA,NA,NA,NA,NA,NA,Y,4,0,1,3,A,-,09,21801,A,N,D,C,A,A,H,-,C,A,0,NA,NA,NA,NA,Y,NA,A,01,0,0,1,0,0,0,0,0,0,-,-,NA,NA,LOS ANGELES,LANCASTER,-118.13037109375,34.68947982788086
8570637,2018,2018-04-04,1900,2018-03-09,2111,622059,1192,5,5,6,1992,0,0,0,NA,0,111T1,30TH ST WEST,AVENUE M,0,NA,Y,A,-,N,NA,NA,NA,NA,NA,NA,NA,NA,NA,Y,3,0,5,2,A,-,09,21801,A,N,A,C,A,A,H,-,C,A,0,NA,NA,NA,NA,Y,NA,A,01,0,1,4,0,0,0,0,0,0,-,-,NA,NA,LOS ANGELES,LANCASTER,-118.18305206298828,34.64569091796875