CASE_ID,ACCIDENT_YEAR,PROC_DATE,JURIS,COLLISION_DATE,COLLISION_TIME,OFFICER_ID,REPORTING_DISTRICT,DAY_OF_WEEK,CHP_SHIFT,POPULATION,CNTY_CITY_LOC,SPECIAL_COND,BEAT_TYPE,CHP_BEAT_TYPE,CITY_DIVISION_LAPD,CHP_BEAT_CLASS,BEAT_NUMBER,PRIMARY_RD,SECONDARY_RD,DISTANCE,DIRECTION,INTERSECTION,WEATHER_1,WEATHER_2,STATE_HWY_IND,CALTRANS_COUNTY,CALTRANS_DISTRICT,STATE_ROUTE,ROUTE_SUFFIX,POSTMILE_PREFIX,POSTMILE,LOCATION_TYPE,RAMP_INTERSECTION,SIDE_OF_HWY,TOW_AWAY,COLLISION_SEVERITY,NUMBER_KILLED,NUMBER_INJURED,PARTY_COUNT,PRIMARY_COLL_FACTOR,PCF_CODE_OF_VIOL,PCF_VIOL_CATEGORY,PCF_VIOLATION,PCF_VIOL_SUBSECTION,HIT_AND_RUN,TYPE_OF_COLLISION,MVIW,PED_ACTION,ROAD_SURFACE,ROAD_COND_1,ROAD_COND_2,LIGHTING,CONTROL_DEVICE,CHP_ROAD_TYPE,PEDESTRIAN_ACCIDENT,BICYCLE_ACCIDENT,MOTORCYCLE_ACCIDENT,TRUCK_ACCIDENT,NOT_PRIVATE_PROPERTY,ALCOHOL_INVOLVED,STWD_VEHTYPE_AT_FAULT,CHP_VEHTYPE_AT_FAULT,COUNT_SEVERE_INJ,COUNT_VISIBLE_INJ,COUNT_COMPLAINT_PAIN,COUNT_PED_KILLED,COUNT_PED_INJURED,COUNT_BICYCLIST_KILLED,COUNT_BICYCLIST_INJURED,COUNT_MC_KILLED,COUNT_MC_INJURED,PRIMARY_RAMP,SECONDARY_RAMP,LATITUDE,LONGITUDE,COUNTY,CITY,POINT_X,POINT_Y
8571369,2018,2018-03-14,1942,2018-02-09,1800,41956,0191,5,5,7,1942,0,0,0,A,0,1FB96,FIGUEROA ST,VENICE BL,15,S,N,A,-,N,NA,NA,NA,NA,NA,NA,NA,NA,NA,N,4,0,1,2,A,-,08,22100,A,F,B,C,A,A,H,-,C,A,0,NA,NA,NA,NA,Y,NA,-,99,0,0,1,0,0,0,0,0,0,-,-,NA,NA,LOS ANGELES,LOS ANGELES,-118.27007293701172,34.0374755859375
8571371,2018,2018-03-12,1942,2018-02-21,1435,33672,0513,3,5,7,1942,0,0,0,E,0,5A1,PACIFIC COAST HWY,DODGE AV,0,NA,N,A,-,N,NA,NA,NA,NA,NA,NA,NA,NA,NA,N,4,0,2,2,A,-,04,21703,NA,N,C,C,A,A,H,-,A,D,0,NA,NA,NA,NA,Y,NA,A,01,0,0,2,0,0,0,0,0,0,-,-,NA,NA,LOS ANGELES,LOS ANGELES,-118.28897094726564,33.79098892211914
8571373,2018,2018-03-14,1942,2018-02-14,0020,43159,0181,3,5,7,1942,0,0,0,A,0,1A35,LA LIVE WY,PICO BL,0,NA,Y,A,-,N,NA,NA,NA,NA,NA,NA,NA,NA,NA,N,4,0,1,2,A,-,03,22350,NA,F,C,C,A,A,-,-,C,A,0,NA,NA,NA,NA,Y,NA,-,99,0,0,1,0,0,0,0,0,0,-,-,NA,NA,LOS ANGELES,LOS ANGELES,-118.27178955078124,34.04228973388672
8571375,2018,2018-03-12,1942,2018-02-22,1020,41683,0523,4,5,7,1942,0,0,0,E,0,25T25,FIGUEROA ST,G ST,20,N,N,A,-,N,NA,NA,NA,NA,NA,NA,NA,NA,NA,N,4,0,1,2,A,-,09,21804,A,N,C,C,A,A,H,-,A,D,0,NA,NA,Y,NA,Y,NA,A,07,0,0,1,0,0,0,0,0,1,-,-,NA,NA,LOS ANGELES,LOS ANGELES,-118.27944946289064,33.77821350097656
8571377,2018,2018-03-14,1942,2018-02-13,1050,31324,0158,2,5,7,1942,0,0,0,A,0,1A29,EAST 7TH ST,CERES AV,0,NA,-,A,-,N,NA,NA,NA,NA,NA,NA,NA,NA,NA,N,3,0,1,2,A,-,21,22106,NA,F,G,B,B,A,H,-,A,A,0,Y,NA,NA,NA,Y,NA,-,99,0,1,0,0,1,0,0,0,0,-,-,NA,NA,LOS ANGELES,LOS ANGELES,-118.2431869506836,34.03818130493164
8571379,2018,2018-03-13,1942,2018-02-22,1600,38557,0517,4,5,7,1942,0,0,0,E,0,5A17,L ST,LAKME AV,0,NA,Y,A,-,N,NA,NA,NA,NA,NA,NA,NA,NA,NA,N,3,0,5,2,A,-,12,22450,NA,N,D,C,A,A,H,-,A,C,0,NA,NA,NA,NA,Y,NA,A,01,0,4,1,0,0,0,0,0,0,-,-,NA,NA,LOS ANGELES,LOS ANGELES,-118.25991058349608,33.78688049316406
8571381,2018,2018-03-14,1942,2018-02-13,1830,40730,0201,2,5,7,1942,0,0,0,B,0,2A1,SANTA MONICA BL,N NORMANDIE AV,0,NA,Y,A,-,N,NA,NA,NA,NA,NA,NA,NA,NA,NA,N,4,0,1,2,A,-,10,21950,A,N,G,B,B,A,H,-,C,A,0,Y,NA,NA,NA,Y,NA,A,01,0,0,1,0,1,0,0,0,0,-,-,NA,NA,LOS ANGELES,LOS ANGELES,-118.3004913330078,34.0908317565918
8571382,2018,2018-03-13,1942,2018-02-12,1935,38233,0295,1,5,7,1942,0,0,0,B,0,2A92,VENICE BL,BONNIE BRAE ST,0,NA,Y,C,-,N,NA,NA,NA,NA,NA,NA,NA,NA,NA,N,4,0,1,2,A,-,10,21950,A,N,G,B,B,B,H,-,C,A,0,Y,NA,NA,NA,Y,NA,A,01,0,0,1,0,1,0,0,0,0,-,-,NA,NA,LOS ANGELES,LOS ANGELES,-118.28199768066406,34.04283905029297
8571383,2018,2018-03-12,1942,2018-02-23,0730,42559,0504,5,5,7,1942,0,0,0,E,0,5A1,TORRANCE BL,NORMANDIE AV,0,NA,Y,A,G,N,NA,NA,NA,NA,NA,NA,NA,NA,NA,Y,4,0,1,2,A,-,09,21801,A,N,D,C,A,A,H,-,A,A,0,NA,NA,NA,NA,Y,NA,A,01,0,0,1,0,0,0,0,0,0,-,-,NA,NA,LOS ANGELES,LOS ANGELES,-118.29962158203124,33.84196090698242
8571384,2018,2018-03-12,1942,2018-02-17,1925,41713,1028,6,5,7,1942,0,0,0,J,0,10X12,VANOWEN ST,DE CELIS PL,175,E,N,A,-,N,NA,NA,NA,NA,NA,NA,NA,NA,NA,Y,3,0,1,3,A,-,01,23152,A,N,B,E,A,A,H,-,C,A,0,NA,NA,NA,NA,Y,Y,A,01,0,1,0,0,0,0,0,0,0,-,-,NA,NA,LOS ANGELES,LOS ANGELES,-118.49401092529295,34.19390106201172
8571387,2018,2018-03-12,1942,2018-02-20,1235,31674,0514,2,5,7,1942,0,0,0,E,0,25MQ14,WILMINGTON BL,OPP ST,200,S,N,A,-,N,NA,NA,NA,NA,NA,NA,NA,NA,NA,N,4,0,1,2,A,-,09,21804,A,N,D,D,A,A,H,-,A,D,0,NA,NA,NA,NA,Y,NA,A,07,0,0,1,0,0,0,0,0,0,-,-,NA,NA,LOS ANGELES,LOS ANGELES,-118.27438354492188,33.78172302246094
8571388,2018,2018-03-12,1942,2018-02-23,0500,42437,2161,5,5,7,1942,0,0,0,NA,0,21A29,VALLEY CIRCLE BL,EL CANON AV,0,NA,Y,A,-,N,NA,NA,NA,NA,NA,NA,NA,NA,NA,Y,2,0,1,1,A,-,01,23152,A,N,B,I,A,A,H,-,C,D,0,NA,NA,NA,NA,Y,Y,A,01,1,0,0,0,0,0,0,0,0,-,-,NA,NA,LOS ANGELES,LOS ANGELES,-118.65229034423828,34.17713165283203
8571391,2018,2018-03-12,1942,2018-02-26,1911,41844,0502,1,5,7,1942,0,0,0,E,0,24T45,NORMANDIE AV,182ND ST,0,NA,Y,B,-,N,NA,NA,NA,NA,NA,NA,NA,NA,NA,Y,4,0,2,2,A,-,09,21801,A,N,D,C,A,A,H,-,C,A,0,NA,NA,NA,NA,Y,NA,A,01,0,0,2,0,0,0,0,0,0,-,-,NA,NA,LOS ANGELES,LOS ANGELES,-118.29923248291016,33.86587142944336
8571392,2018,2018-03-12,1942,2018-02-26,1610,33947,1684,1,5,7,1942,0,0,0,P,0,35M49,LANKERSHIM BL,TUXFORD ST,0,NA,Y,A,-,N,NA,NA,NA,NA,NA,NA,NA,NA,NA,N,4,0,1,2,A,-,12,21453,A,N,D,C,A,A,H,-,A,A,0,NA,NA,NA,NA,Y,NA,A,07,0,0,1,0,0,0,0,0,0,-,-,NA,NA,LOS ANGELES,LOS ANGELES,-118.38780212402344,34.22248077392578
8571395,2018,2018-03-12,1942,2018-02-05,1040,34332,0404,1,5,7,1942,0,0,0,D,0,4A3,S AVENUE 60,MONTEREY RD,70,W,N,A,-,N,NA,NA,NA,NA,NA,NA,NA,NA,NA,Y,3,0,1,2,A,-,09,21801,A,N,A,C,A,A,H,-,A,A,0,NA,NA,Y,NA,Y,NA,A,01,0,1,0,0,0,0,0,0,1,-,-,NA,NA,LOS ANGELES,LOS ANGELES,-118.1843719482422,34.1057014465332
8571396,2018,2018-03-14,1942,2018-02-20,0755,36406,1762,2,5,7,1942,0,0,0,Q,0,35M64,DE SOTO AV,SUPERIOR ST,30,E,N,A,-,N,NA,NA,NA,NA,NA,NA,NA,NA,NA,Y,3,0,2,2,A,-,09,21801,A,N,D,A,A,A,H,-,A,A,0,NA,NA,NA,NA,Y,NA,A,01,0,2,0,0,0,0,0,0,0,-,-,NA,NA,LOS ANGELES,LOS ANGELES,-118.58856964111328,34.246368408203125
8571399,2018,2018-03-12,1942,2018-02-08,0550,43159,112,4,5,7,1942,0,0,0,K,0,1A35,ARCADIA ST,E BROADWAY,0,NA,Y,A,-,N,NA,NA,NA,NA,NA,NA,NA,NA,NA,N,4,0,1,2,A,-,11,21956,A,F,G,B,D,A,H,-,A,A,0,Y,NA,NA,NA,Y,NA,N,60,0,0,1,0,1,0,0,0,0,-,-,NA,NA,LOS ANGELES,LOS ANGELES,-118.24226379394533,34.05712890625
8571400,2018,2018-03-12,1942,2018-02-22,1205,40777,1098,4,5,7,1942,0,0,0,J,0,35M79,SEPULVEDA,FOND,75,S,N,A,-,N,NA,NA,NA,NA,NA,NA,NA,NA,NA,Y,4,0,1,3,A,-,05,21460,A,F,B,C,A,A,H,-,A,D,0,NA,NA,NA,NA,Y,NA,-,99,0,0,1,0,0,0,0,0,0,-,-,NA,NA,LOS ANGELES,LOS ANGELES,-118.4829330444336,34.13420486450195
8571403,2018,2018-03-12,1942,2018-02-13,1520,41521,0195,2,5,7,1942,0,0,0,A,0,1X32,MAIN ST,15TH ST,75,S,N,A,-,N,NA,NA,NA,NA,NA,NA,NA,NA,NA,N,3,0,1,2,A,-,05,21650,1,N,D,G,A,A,H,-,A,A,0,NA,Y,NA,NA,Y,NA,L,04,0,1,0,0,0,0,1,0,0,-,-,NA,NA,LOS ANGELES,LOS ANGELES,-118.26214599609376,34.03413772583008
8571404,2018,2018-03-12,1942,2018-02-24,0715,35329,1039,6,5,7,1942,0,0,0,J,0,10A39,VANOWEN ST,HASKELL AV,0,NA,Y,A,-,N,NA,NA,NA,NA,NA,NA,NA,NA,NA,Y,3,0,1,2,A,-,07,21658,A,F,A,C,A,A,H,-,A,A,0,NA,NA,NA,NA,Y,NA,-,99,0,1,0,0,0,0,0,0,0,-,-,NA,NA,LOS ANGELES,LOS ANGELES,-118.4748764038086,34.19390869140625
8571407,2018,2018-03-14,1942,2018-02-14,2240,42728,0195,3,5,7,1942,0,0,0,A,0,1A12,LOS ANGELES ST,16TH ST,0,NA,Y,A,-,N,NA,NA,NA,NA,NA,NA,NA,NA,NA,Y,4,0,2,2,A,-,12,21457,A,N,A,C,A,A,H,-,C,A,0,NA,NA,NA,NA,Y,NA,-,-,0,0,2,0,0,0,0,0,0,-,-,NA,NA,LOS ANGELES,LOS ANGELES,-118.26155,34.03304
8571408,2018,2018-03-14,1942,2018-02-26,0710,38980,0963,1,5,7,1942,0,0,0,I,0,9A63,VAN NUYS BL,RIVERSIDE DR,200,N,N,A,-,N,NA,NA,NA,NA,NA,NA,NA,NA,NA,N,4,0,1,2,A,-,09,21804,A,F,D,C,A,A,H,-,A,A,0,NA,NA,NA,NA,Y,NA,-,99,0,0,1,0,0,0,0,0,0,-,-,NA,NA,LOS ANGELES,LOS ANGELES,-118.4487075805664,34.1585578918457
8571409,2018,2018-03-14,1931,2018-02-24,1905,5315,1931,6,5,5,1931,0,0,0,NA,0,003,GAGE AV,STAFFORD AV,0,NA,Y,A,-,N,NA,NA,NA,NA,NA,NA,NA,NA,NA,N,3,0,1,2,A,-,09,21804,A,N,D,G,A,A,H,-,C,D,0,NA,Y,NA,NA,Y,NA,L,04,0,1,0,0,0,0,1,0,0,-,-,NA,NA,LOS ANGELES,HUNTINGTON PARK,-118.2213897705078,33.98163986206055
8571411,2018,2018-03-12,1942,2018-02-14,0955,34665,0164,3,5,7,1942,0,0,0,A,0,1A85,WALL ST,9TH ST,100,N,N,A,-,N,NA,NA,NA,NA,NA,NA,NA,NA,NA,N,4,0,2,2,A,-,03,22350,NA,N,C,C,A,A,H,-,A,D,0,NA,NA,NA,NA,Y,NA,A,01,0,0,2,0,0,0,0,0,0,-,-,NA,NA,LOS ANGELES,LOS ANGELES,-118.25169372558594,34.03895950317383
8571412,2018,2018-04-23,1942,2018-02-22,0745,30452,1012,4,5,7,1942,0,0,0,J,0,10A3,COVELLO ST,RHEA AV,6,W,N,A,-,N,NA,NA,NA,NA,NA,NA,NA,NA,NA,N,4,0,1,2,A,-,09,21804,A,F,H,G,A,A,H,-,A,D,0,NA,Y,NA,NA,Y,NA,L,04,0,0,1,0,0,0,1,0,0,-,-,NA,NA,LOS ANGELES,LOS ANGELES,-118.5417022705078,34.207481384277344
8571413,2018,2018-03-14,1931,2018-02-06,1847,5311,1931,2,5,5,1931,0,0,0,NA,0,NA,STATE ST,PLASKA AV,0,NA,Y,A,-,N,NA,NA,NA,NA,NA,NA,NA,NA,NA,Y,4,0,1,2,A,-,09,21804,A,N,D,B,A,A,H,-,C,D,0,NA,NA,NA,NA,Y,NA,A,01,0,0,1,0,0,0,0,0,0,-,-,NA,NA,LOS ANGELES,HUNTINGTON PARK,-118.21031951904295,33.974090576171875
8571414,2018,2018-03-14,1942,2018-02-14,0015,39529,489,3,5,7,1942,0,0,0,NA,0,4A97,SOTO ST,8TH ST,5,N,N,A,-,N,NA,NA,NA,NA,NA,NA,NA,NA,NA,Y,4,0,1,2,A,-,11,21955,NA,N,A,B,B,A,H,-,C,A,0,Y,NA,NA,NA,Y,Y,N,60,0,0,1,0,1,0,0,0,0,-,-,NA,NA,LOS ANGELES,LOS ANGELES,-118.21942138671876,34.02809143066406
8571415,2018,2018-03-12,1942,2018-02-14,1505,37325,0128,3,5,7,1942,0,0,0,A,0,1A1,CENTRAL AV,2ND ST,0,NA,Y,A,-,N,NA,NA,NA,NA,NA,NA,NA,NA,NA,N,3,0,1,2,A,-,05,21650,1,N,D,G,A,A,H,-,A,A,0,NA,Y,NA,NA,Y,NA,L,04,0,1,0,0,0,0,1,0,0,-,-,NA,NA,LOS ANGELES,LOS ANGELES,-118.23937225341795,34.04767990112305
8571416,2018,2018-03-13,1942,2018-02-19,1640,42179,1637,1,5,7,1942,0,0,0,P,0,16EL2,WENTWORTH ST,NASSAU AV,0,NA,Y,A,-,N,NA,NA,NA,NA,NA,NA,NA,NA,NA,N,4,0,2,2,A,-,09,21802,A,F,D,C,A,A,H,-,A,A,0,NA,NA,NA,NA,Y,NA,-,99,0,0,2,0,0,0,0,0,0,-,-,NA,NA,LOS ANGELES,LOS ANGELES,-118.310546875,34.266971588134766
8571419,2018,2018-03-12,1942,2018-02-13,1645,42362,0133,2,5,7,1942,0,0,0,A,0,1A84,HILL ST,2ND ST,0,NA,Y,A,-,N,NA,NA,NA,NA,NA,NA,NA,NA,NA,Y,3,0,2,2,A,-,09,21801,A,N,D,C,A,A,H,-,A,A,0,NA,NA,NA,NA,Y,NA,A,01,0,1,1,0,0,0,0,0,0,-,-,NA,NA,LOS ANGELES,LOS ANGELES,-118.2477569580078,34.05310821533203
8571423,2018,2018-03-12,1942,2018-02-09,1115,40885,0163,5,5,7,1942,0,0,0,A,0,1A29,7TH ST,BROADWAY ST,0,NA,Y,A,-,N,NA,NA,NA,NA,NA,NA,NA,NA,NA,N,3,0,3,2,A,-,09,21801,A,N,A,C,A,A,H,-,A,A,0,NA,NA,NA,NA,Y,NA,-,NA,0,1,2,0,0,0,0,0,0,-,-,NA,NA,LOS ANGELES,LOS ANGELES,-118.46553802490234,33.99610900878906
8571427,2018,2018-03-12,1942,2018-02-13,1645,32416,497,2,5,7,1942,0,0,0,NA,0,4A97,GRANDE VISTA AV,OLYMPIC,195,S,N,A,-,N,NA,NA,NA,NA,NA,NA,NA,NA,NA,N,4,0,1,2,A,-,08,22107,NA,N,D,A,A,A,H,-,A,D,0,NA,NA,NA,NA,Y,NA,A,01,0,0,1,0,0,0,0,0,0,-,-,NA,NA,LOS ANGELES,LOS ANGELES,-118.2104721069336,34.019596099853516
8571431,2018,2018-03-12,1942,2018-02-12,1750,36196,471,1,5,7,1942,0,0,0,NA,0,4A71,MYERS ST,MISSION RD,0,NA,Y,A,-,N,NA,NA,NA,NA,NA,NA,NA,NA,NA,N,4,0,1,2,A,-,09,21801,A,N,A,G,A,A,H,-,C,D,0,NA,Y,NA,NA,Y,NA,A,01,0,0,1,0,0,0,1,0,0,-,-,NA,NA,LOS ANGELES,LOS ANGELES,-118.22794342041016,34.04573059082031
8571433,2018,2018-07-16,1942,2018-02-14,1925,38550,1117,3,5,7,1942,0,0,0,K,0,1A17,EAGLE ROCK,WESTDALE,30,N,N,A,-,N,NA,NA,NA,NA,NA,NA,NA,NA,NA,Y,4,0,1,2,A,-,09,21801,NA,F,A,C,A,A,H,-,C,A,0,NA,NA,NA,NA,Y,NA,-,NA,0,0,1,0,0,0,0,0,0,-,-,NA,NA,LOS ANGELES,LOS ANGELES,-118.21707153320313,34.12931823730469
8571434,2018,2018-03-14,1942,2018-02-20,1000,36659,0524,2,5,7,1942,0,0,0,E,0,5A25,FIGUEROA ST,E ST,0,NA,Y,A,-,N,NA,NA,NA,NA,NA,NA,NA,NA,NA,Y,4,0,2,2,A,-,09,21802,A,N,D,C,A,A,H,-,A,A,0,NA,NA,NA,NA,Y,NA,A,01,0,0,2,0,0,0,0,0,0,-,-,NA,NA,LOS ANGELES,LOS ANGELES,-118.27884674072266,33.77473831176758
8571435,2018,2018-03-12,1942,2018-02-16,1350,41521,0111,5,5,7,1942,0,0,0,A,0,1X32,BUNKER HILL AV,CESAR E CHAVEZ,70,S,N,A,-,N,NA,NA,NA,NA,NA,NA,NA,NA,NA,Y,4,0,1,2,A,-,09,21804,A,N,D,C,A,A,H,-,A,D,0,NA,NA,NA,NA,Y,NA,A,07,0,0,1,0,0,0,0,0,0,-,-,NA,NA,LOS ANGELES,LOS ANGELES,-118.24481201171876,34.06112289428711
8571437,2018,2018-03-14,1942,2018-02-12,1415,41661,NA,1,5,7,1942,0,0,0,NA,0,NA,FIGUEROA ST,AVENUE 43,95,N,N,A,-,N,NA,NA,NA,NA,NA,NA,NA,NA,NA,N,4,0,1,2,A,-,08,22102,NA,F,D,C,A,A,H,-,A,D,0,NA,NA,NA,NA,Y,NA,-,99,0,0,1,0,0,0,0,0,0,-,-,NA,NA,LOS ANGELES,LOS ANGELES,-118.2084732055664,34.09455490112305
8571438,2018,2018-03-14,1942,2018-02-21,0740,25635,0518,3,5,7,1942,0,0,0,E,0,5XL5,PACIFIC COAST HWY,BROAD ST,0,NA,Y,A,-,N,NA,NA,NA,NA,NA,NA,NA,NA,NA,Y,4,0,3,2,A,-,09,21801,A,N,D,C,A,A,H,-,A,A,0,NA,NA,NA,NA,Y,NA,A,01,0,0,3,0,0,0,0,0,0,-,-,NA,NA,LOS ANGELES,LOS ANGELES,-118.26170349121094,33.791290283203125
8571439,2018,2018-03-12,1942,2018-02-15,1050,39103,0111,4,5,7,1942,0,0,0,A,0,1X92,ALAMEDA,ALPINE,0,NA,Y,A,-,N,NA,NA,NA,NA,NA,NA,NA,NA,NA,Y,4,0,1,3,A,-,12,21453,A,N,D,C,A,A,H,-,A,A,0,NA,NA,Y,NA,Y,NA,A,01,0,0,1,0,0,0,0,0,0,-,-,NA,NA,LOS ANGELES,LOS ANGELES,-118.236324,34.061636
8571449,2018,2018-03-12,1941,2018-02-08,1947,10999,NA,4,5,7,1941,0,0,0,NA,0,NA,WILLOW ST,FASHION AV,274,E,N,A,-,N,NA,NA,NA,NA,NA,NA,NA,NA,NA,N,4,0,1,2,A,-,07,21658,A,F,C,G,A,A,H,-,C,D,0,NA,Y,NA,NA,Y,NA,D,NA,0,0,1,0,0,0,1,0,0,-,-,NA,NA,LOS ANGELES,LONG BEACH,-118.20806121826172,33.80438995361328
8571453,2018,2018-03-12,1941,2018-02-16,1156,6204,NA,5,5,7,1941,0,0,0,NA,0,NA,6TH ST,NEWPORT AV,0,NA,Y,A,-,N,NA,NA,NA,NA,NA,NA,NA,NA,NA,Y,4,0,1,3,A,-,12,22450,A,F,D,C,A,A,H,-,A,A,0,NA,NA,NA,NA,Y,Y,A,NA,0,0,1,0,0,0,0,0,0,-,-,NA,NA,LOS ANGELES,LONG BEACH,-118.15135955810548,33.77350997924805
8571456,2018,2018-03-14,1942,2018-02-16,1715,41561,1667,5,5,7,1942,0,0,0,P,0,16X78,LA TUNA CANYON RD,WHEATLAND AV,10,W,N,A,-,N,NA,NA,NA,NA,NA,NA,NA,NA,NA,Y,2,0,1,2,A,-,06,21755,A,N,D,C,A,A,H,-,A,A,0,NA,NA,NA,NA,Y,NA,-,NA,1,0,0,0,0,0,0,0,0,-,-,NA,NA,LOS ANGELES,LOS ANGELES,-118.36182403564452,34.23397445678711
8571457,2018,2018-03-12,1941,2018-02-22,1421,11136,NA,4,5,7,1941,0,0,0,NA,0,NA,ANAHEIM ST,LOMA AV,0,NA,Y,A,-,N,NA,NA,NA,NA,NA,NA,NA,NA,NA,Y,4,0,1,2,A,-,09,21804,A,N,B,C,A,A,H,-,A,A,0,NA,NA,NA,NA,Y,NA,A,NA,0,0,1,0,0,0,0,0,0,-,-,NA,NA,LOS ANGELES,LONG BEACH,-118.15026092529295,33.78261184692383
8571460,2018,2018-07-16,1942,2018-02-23,1340,34427,1608,5,5,7,1942,0,0,0,P,0,16035,FOOTHILL BL,WHEATLAND AV,0,NA,Y,A,-,N,NA,NA,NA,NA,NA,NA,NA,NA,NA,Y,4,0,2,2,A,-,12,21453,A,N,D,C,A,A,H,-,A,A,0,NA,NA,NA,NA,Y,NA,-,-,0,0,2,0,0,0,0,0,0,-,-,NA,NA,LOS ANGELES,LOS ANGELES,-118.35279083251952,34.273319244384766
8571461,2018,2018-03-14,1941,2018-02-17,1211,10948,NA,6,5,7,1941,0,0,0,NA,0,NA,CHERRY AV,HARDING ST,15,S,N,A,-,N,NA,NA,NA,NA,NA,NA,NA,NA,NA,N,4,0,3,2,A,-,03,22350,NA,N,C,C,A,A,H,-,A,A,0,NA,NA,NA,NA,Y,NA,A,NA,0,0,3,0,0,0,0,0,0,-,-,NA,NA,LOS ANGELES,LONG BEACH,-118.16860961914064,33.86732864379883
8571464,2018,2018-03-14,1942,2018-02-26,0725,31931,1039,1,5,7,1942,0,0,0,J,0,35M39,WOODLEY AV,KITTRIDGE ST,0,NA,Y,A,-,N,NA,NA,NA,NA,NA,NA,NA,NA,NA,Y,4,0,1,2,A,-,09,21802,A,F,A,D,A,A,H,-,A,A,0,NA,NA,NA,NA,Y,NA,-,99,0,0,1,0,0,0,0,0,0,-,-,NA,NA,LOS ANGELES,LOS ANGELES,-118.48365020751952,34.19028091430664
8571465,2018,2018-03-12,1941,2018-02-22,1444,11116,NA,4,5,7,1941,0,0,0,NA,0,NA,CHERRY AV,MARSHALL PL,250,S,N,A,-,N,NA,NA,NA,NA,NA,NA,NA,NA,NA,Y,3,0,3,2,D,-,00,NA,NA,N,D,C,A,A,H,-,A,D,0,NA,NA,NA,NA,Y,NA,-,-,0,2,1,0,0,0,0,0,0,-,-,NA,NA,LOS ANGELES,LONG BEACH,-118.16773986816406,33.83077621459961
8571468,2018,2018-07-24,1942,2018-02-26,0845,27260,1035,1,5,7,1942,0,0,0,J,0,M2839,VICTORY BL,LINDLEY AV,22,E,N,A,-,N,NA,NA,NA,NA,NA,NA,NA,NA,NA,Y,4,0,1,2,A,-,09,21801,A,N,-,C,A,A,H,-,A,A,0,NA,NA,NA,NA,Y,NA,A,01,0,0,1,0,0,0,0,0,0,-,-,NA,NA,LOS ANGELES,LOS ANGELES,-118.52720642089844,34.18661117553711
8571469,2018,2018-03-12,1941,2018-02-21,2028,5226,NA,3,5,7,1941,0,0,0,NA,0,NA,PINE AV,12TH ST,0,NA,Y,A,-,N,NA,NA,NA,NA,NA,NA,NA,NA,NA,Y,4,0,2,3,A,-,01,23152,A,N,A,C,A,A,H,-,C,A,0,NA,NA,NA,NA,Y,Y,A,NA,0,0,2,0,0,0,0,0,0,-,-,NA,NA,LOS ANGELES,LONG BEACH,-118.19239044189452,33.78144073486328
8571472,2018,2018-03-14,1942,2018-02-26,1120,27260,1008,1,5,7,1942,0,0,0,J,0,M2839,SHERMAN WAY,HAYVENHURST ST,39,E,N,A,-,N,NA,NA,NA,NA,NA,NA,NA,NA,NA,Y,4,0,2,2,A,-,09,21801,A,N,-,C,A,A,H,-,A,A,0,NA,NA,NA,NA,Y,NA,A,01,0,0,2,0,0,0,0,0,0,-,-,NA,NA,LOS ANGELES,LOS ANGELES,-118.49227905273438,34.201229095458984
8571473,2018,2018-03-12,1941,2018-02-05,1033,10744,NA,1,5,7,1941,0,0,0,NA,0,NA,EAST 7TH ST,GLADYS AV,100,E,N,A,-,N,NA,NA,NA,NA,NA,NA,NA,NA,NA,Y,4,0,3,3,A,-,08,22107,NA,N,D,C,A,A,H,-,A,D,0,NA,NA,NA,Y,Y,NA,A,NA,0,0,3,0,0,0,0,0,0,-,-,NA,NA,LOS ANGELES,LONG BEACH,-118.15755462646484,33.77534866333008
8571476,2018,2018-03-15,1942,2018-02-25,2000,30830,1025,7,5,7,1942,0,0,0,J,0,10A21,LINDLEY AV,GAULT ST,155,N,N,A,-,N,NA,NA,NA,NA,NA,NA,NA,NA,NA,N,2,0,1,2,A,-,11,21954,A,N,G,B,D,A,H,-,C,D,0,Y,NA,NA,NA,Y,NA,N,60,1,0,0,0,1,0,0,0,0,-,-,NA,NA,LOS ANGELES,LOS ANGELES,-118.52730560302734,34.19973373413086
8571477,2018,2018-03-12,1941,2018-02-25,0235,111081,NA,7,5,7,1941,0,0,0,NA,0,NA,OCEAN BL,5TH PL,0,NA,Y,A,-,N,NA,NA,NA,NA,NA,NA,NA,NA,NA,Y,3,0,1,6,A,-,01,23152,A,N,F,E,A,A,H,-,C,A,0,NA,NA,NA,NA,Y,Y,A,NA,0,1,0,0,0,0,0,0,0,-,-,NA,NA,LOS ANGELES,LONG BEACH,-118.17781829833984,33.76572036743164
8571480,2018,2018-03-15,1942,2018-02-25,1340,36678,1031,7,5,7,1942,0,0,0,J,0,35M81,VICTORY BL,TAMPA AV,90,W,N,A,-,N,NA,NA,NA,NA,NA,NA,NA,NA,NA,N,4,0,1,2,A,-,03,22350,NA,N,C,C,A,A,H,-,A,A,0,NA,NA,NA,NA,Y,NA,A,07,0,0,1,0,0,0,0,0,0,-,-,NA,NA,LOS ANGELES,LOS ANGELES,-118.55378723144533,34.18656921386719
8571481,2018,2018-03-12,1941,2018-02-21,1658,11134,NA,3,5,7,1941,0,0,0,NA,0,NA,ORANGE AV,70TH ST,0,NA,Y,A,-,N,NA,NA,NA,NA,NA,NA,NA,NA,NA,Y,2,0,1,2,A,-,09,21801,B,N,D,C,A,A,H,-,A,D,0,NA,NA,Y,NA,Y,NA,A,NA,1,0,0,0,0,0,0,0,1,-,-,NA,NA,LOS ANGELES,LONG BEACH,-118.17743682861328,33.88182830810547