CASE_ID,ACCIDENT_YEAR,PROC_DATE,JURIS,COLLISION_DATE,COLLISION_TIME,OFFICER_ID,REPORTING_DISTRICT,DAY_OF_WEEK,CHP_SHIFT,POPULATION,CNTY_CITY_LOC,SPECIAL_COND,BEAT_TYPE,CHP_BEAT_TYPE,CITY_DIVISION_LAPD,CHP_BEAT_CLASS,BEAT_NUMBER,PRIMARY_RD,SECONDARY_RD,DISTANCE,DIRECTION,INTERSECTION,WEATHER_1,WEATHER_2,STATE_HWY_IND,CALTRANS_COUNTY,CALTRANS_DISTRICT,STATE_ROUTE,ROUTE_SUFFIX,POSTMILE_PREFIX,POSTMILE,LOCATION_TYPE,RAMP_INTERSECTION,SIDE_OF_HWY,TOW_AWAY,COLLISION_SEVERITY,NUMBER_KILLED,NUMBER_INJURED,PARTY_COUNT,PRIMARY_COLL_FACTOR,PCF_CODE_OF_VIOL,PCF_VIOL_CATEGORY,PCF_VIOLATION,PCF_VIOL_SUBSECTION,HIT_AND_RUN,TYPE_OF_COLLISION,MVIW,PED_ACTION,ROAD_SURFACE,ROAD_COND_1,ROAD_COND_2,LIGHTING,CONTROL_DEVICE,CHP_ROAD_TYPE,PEDESTRIAN_ACCIDENT,BICYCLE_ACCIDENT,MOTORCYCLE_ACCIDENT,TRUCK_ACCIDENT,NOT_PRIVATE_PROPERTY,ALCOHOL_INVOLVED,STWD_VEHTYPE_AT_FAULT,CHP_VEHTYPE_AT_FAULT,COUNT_SEVERE_INJ,COUNT_VISIBLE_INJ,COUNT_COMPLAINT_PAIN,COUNT_PED_KILLED,COUNT_PED_INJURED,COUNT_BICYCLIST_KILLED,COUNT_BICYCLIST_INJURED,COUNT_MC_KILLED,COUNT_MC_INJURED,PRIMARY_RAMP,SECONDARY_RAMP,LATITUDE,LONGITUDE,COUNTY,CITY,POINT_X,POINT_Y
8581917,2018,2018-04-02,1925,2018-03-19,1300,21092,223,1,5,6,1925,0,0,0,NA,0,002,MILFORD ST,CENTRAL AV,21,E,N,A,-,N,NA,NA,NA,NA,NA,NA,NA,NA,NA,N,4,0,1,2,A,-,11,21955,NA,N,G,B,D,A,H,-,A,A,0,Y,NA,NA,NA,Y,NA,N,60,0,0,1,0,1,0,0,0,0,-,-,NA,NA,LOS ANGELES,GLENDALE,-118.25785064697266,34.15288162231445
8581918,2018,2018-04-02,1925,2018-03-06,1052,21601,237,2,5,6,1925,0,0,0,NA,0,004,CALIFORNIA AV,GLENDALE AV,0,NA,Y,A,-,N,NA,NA,NA,NA,NA,NA,NA,NA,NA,N,4,0,1,2,A,-,11,21456,B,N,D,B,B,A,H,-,A,A,0,Y,NA,NA,NA,Y,NA,N,60,0,0,1,0,1,0,0,0,0,-,-,NA,NA,LOS ANGELES,GLENDALE,-118.24571990966795,34.149959564208984
8581919,2018,2018-03-29,1942,2018-03-18,2322,41159,1842,7,5,7,1942,0,0,0,R,0,18X96,BROADWAY,109TH ST,0,NA,Y,A,-,N,NA,NA,NA,NA,NA,NA,NA,NA,NA,N,3,0,1,1,A,-,03,22350,NA,N,E,I,A,A,H,-,C,D,0,NA,NA,NA,NA,Y,NA,A,01,0,1,0,0,0,0,0,0,0,-,-,NA,NA,LOS ANGELES,LOS ANGELES,-118.27837,33.93737
8581924,2018,2018-04-05,1925,2018-03-09,1753,24918,5,5,5,6,1925,0,0,0,NA,0,108,FOOTHILL BL,LOWELL AV,150,E,N,A,-,N,NA,NA,NA,NA,NA,NA,NA,NA,NA,N,4,0,1,2,A,-,03,22350,NA,N,C,C,A,A,H,-,B,A,0,NA,NA,NA,NA,Y,NA,A,01,0,0,1,0,0,0,0,0,0,-,-,NA,NA,LOS ANGELES,GLENDALE,-118.26567840576172,34.24012756347656
8581998,2018,2018-04-04,1961,2018-03-17,1825,10387,1961,6,5,3,1961,0,0,0,NA,0,003,KALISHER ST,HOLLISTER ST,0,NA,Y,A,-,N,NA,NA,NA,NA,NA,NA,NA,NA,NA,N,4,0,2,2,A,-,09,21804,A,N,D,D,A,A,-,-,A,A,0,NA,NA,NA,NA,Y,NA,A,01,0,0,2,0,0,0,0,0,0,-,-,NA,NA,LOS ANGELES,SAN FERNANDO,-118.4468231201172,34.28342056274414
8582002,2018,2018-03-29,1925,2018-02-28,1630,21092,195,3,5,6,1925,0,0,0,NA,0,001,SAN FERNANDO RD,WESTERN AV,0,NA,Y,B,-,N,NA,NA,NA,NA,NA,NA,NA,NA,NA,Y,4,0,1,2,A,-,09,21801,A,N,A,C,A,A,H,-,A,A,0,NA,NA,NA,NA,Y,NA,A,07,0,0,1,0,0,0,0,0,0,-,-,NA,NA,LOS ANGELES,GLENDALE,-118.29218292236328,34.16878890991211
8582006,2018,2018-04-03,1900,2018-02-16,1800,618146,2253,5,5,3,1989,0,0,0,NA,0,224T2,CALABASAS RD,RT 101,0,NA,Y,A,-,Y,NA,NA,101,NA,NA,NA,NA,NA,NA,Y,4,0,1,2,A,-,09,21801,NA,N,A,C,A,A,H,-,A,A,0,NA,NA,NA,NA,Y,NA,A,01,0,0,1,0,0,0,0,0,0,-,-,34.151100158691406,-118.65650177001952,LOS ANGELES,CALABASAS,-118.6566925048828,34.151771545410156
8582010,2018,2018-03-29,1961,2018-02-27,1543,10146,1961,2,5,3,1961,0,0,0,NA,0,001,NORTH MACLAY AV,LUCAS ST,0,NA,Y,B,-,N,NA,NA,NA,NA,NA,NA,NA,NA,NA,Y,4,0,1,2,A,-,09,21801,A,N,A,D,A,A,H,-,A,D,0,NA,NA,NA,NA,Y,NA,A,01,0,0,1,0,0,0,0,0,0,-,-,NA,NA,LOS ANGELES,SAN FERNANDO,-118.42874908447266,34.2924919128418
8582014,2018,2018-03-29,1961,2018-02-27,2015,3790,1961,2,5,3,1961,0,0,0,NA,0,PATROL,4TH ST,HARDING AV,20,E,N,A,-,N,NA,NA,NA,NA,NA,NA,NA,NA,NA,N,3,0,1,1,A,-,08,22107,NA,N,E,I,A,A,H,-,C,A,0,NA,NA,NA,NA,Y,NA,A,01,0,1,0,0,0,0,0,0,0,-,-,NA,NA,LOS ANGELES,SAN FERNANDO,-118.4397430419922,34.289188385009766
8582015,2018,2018-04-04,1961,2018-01-07,1210,10387,1961,7,5,3,1961,0,0,0,NA,0,003,S WORKMAN ST,CORONEL ST,0,NA,Y,A,-,N,NA,NA,NA,NA,NA,NA,NA,NA,NA,N,4,0,1,2,A,-,09,21802,A,N,D,D,A,A,-,-,A,A,0,NA,NA,NA,NA,Y,NA,A,01,0,0,1,0,0,0,0,0,0,-,-,NA,NA,LOS ANGELES,SAN FERNANDO,-118.44743347167967,34.28506851196289
8582018,2018,2018-04-02,1961,2018-02-13,2035,10334,1961,2,5,3,1961,0,0,0,NA,0,001,TRUMAN ST,S WORKMAN ST,0,NA,Y,A,-,N,NA,NA,NA,NA,NA,NA,NA,NA,NA,N,4,0,2,2,A,-,09,21801,NA,N,D,C,A,A,H,-,C,A,0,NA,NA,NA,NA,Y,NA,A,01,0,0,2,0,0,0,0,0,0,-,-,NA,NA,LOS ANGELES,SAN FERNANDO,-118.44493865966795,34.286861419677734
8582022,2018,2018-03-29,1961,2018-02-07,0840,6490,1961,3,5,3,1961,0,0,0,NA,0,003,SAN FERNANDO RD,SAN FERNANDO MISSION BL,0,NA,Y,A,-,N,NA,NA,NA,NA,NA,NA,NA,NA,NA,N,4,0,1,2,A,-,12,21453,A,N,D,A,A,A,H,-,A,A,0,NA,NA,NA,NA,Y,NA,A,01,0,0,1,0,0,0,0,0,0,-,-,NA,NA,LOS ANGELES,SAN FERNANDO,-118.44294738769533,34.2841682434082
8582026,2018,2018-03-29,1961,2018-02-02,0820,6490,1961,5,5,3,1961,0,0,0,NA,0,003,MISSION BL,GRIFFITH ST,0,NA,Y,A,-,N,NA,NA,NA,NA,NA,NA,NA,NA,NA,Y,3,0,2,2,A,-,09,21802,A,N,D,C,A,A,H,-,A,A,0,NA,NA,NA,NA,Y,NA,A,01,0,1,1,0,0,0,0,0,0,-,-,NA,NA,LOS ANGELES,SAN FERNANDO,NA,NA
8582035,2018,2018-04-03,1961,2018-01-25,1817,1790,1,4,5,3,1961,0,0,0,NA,0,004,WOLFSKILL ST,1ST ST,0,NA,Y,A,-,N,NA,NA,NA,NA,NA,NA,NA,NA,NA,N,4,0,1,2,A,-,11,21954,A,N,G,B,D,A,G,H,E,A,0,Y,NA,NA,NA,Y,NA,N,60,0,0,1,0,1,0,0,0,0,-,-,NA,NA,LOS ANGELES,SAN FERNANDO,NA,NA
8582039,2018,2018-04-09,1961,2018-01-26,0745,1790,NA,5,5,3,1961,0,0,0,NA,0,003,7TH ST,EDISON POLE #4789841E,6,E,N,A,-,N,NA,NA,NA,NA,NA,NA,NA,NA,NA,N,4,0,1,2,A,-,21,22106,NA,N,D,C,A,A,H,-,A,D,0,NA,NA,NA,NA,Y,NA,A,01,0,0,1,0,0,0,0,0,0,-,-,NA,NA,LOS ANGELES,SAN FERNANDO,NA,NA
8582043,2018,2018-04-03,1961,2018-01-24,0910,6490,1961,3,5,3,1961,0,0,0,NA,0,002,1ST ST,N HUNTINGTON ST,54,E,N,A,-,N,NA,NA,NA,NA,NA,NA,NA,NA,NA,N,4,0,1,2,A,-,09,21804,A,N,D,C,A,A,H,-,A,D,0,NA,NA,NA,NA,Y,NA,A,01,0,0,1,0,0,0,0,0,0,-,-,NA,NA,LOS ANGELES,SAN FERNANDO,-118.44490051269533,34.288917541503906
8582047,2018,2018-04-09,1961,2018-01-21,1030,10388,2,7,5,3,1961,0,0,0,NA,0,002,HUBBARD ST,2ND ST,0,NA,Y,A,-,N,NA,NA,NA,NA,NA,NA,NA,NA,NA,N,4,0,1,2,A,-,12,21453,A,N,D,C,A,A,H,-,A,A,0,NA,NA,NA,NA,Y,NA,-,-,0,0,1,0,0,0,0,0,0,-,-,NA,NA,LOS ANGELES,SAN FERNANDO,-118.44679260253906,34.29273986816406
8582051,2018,2018-04-03,1961,2018-01-21,0820,10387,1961,7,5,3,1961,0,0,0,NA,0,003,GLENOAKS BL,ORANGE GROVE AV,0,NA,Y,A,-,N,NA,NA,NA,NA,NA,NA,NA,NA,NA,N,4,0,1,2,D,-,00,NA,NA,N,D,C,A,A,-,-,A,A,0,NA,NA,NA,NA,Y,NA,-,-,0,0,1,0,0,0,0,0,0,-,-,NA,NA,LOS ANGELES,SAN FERNANDO,-118.43614196777344,34.29676055908203
8582055,2018,2018-04-09,1961,2018-01-15,1240,10387,1961,1,5,3,1961,0,0,0,NA,0,001,GLENOAKS BL,NEWTON ST,0,NA,Y,A,-,N,NA,NA,NA,NA,NA,NA,NA,NA,NA,N,4,0,1,2,A,-,-,NA,NA,N,C,C,A,A,-,-,A,A,0,NA,NA,NA,NA,Y,NA,-,-,0,0,1,0,0,0,0,0,0,-,-,NA,NA,LOS ANGELES,SAN FERNANDO,-118.4281768798828,34.289249420166016
8582059,2018,2018-04-05,1961,2018-01-14,1340,10387,1961,7,5,3,1961,0,0,0,NA,0,002,5TH ST,HARDING AV,0,NA,Y,A,-,N,NA,NA,NA,NA,NA,NA,NA,NA,NA,N,4,0,1,2,A,-,12,22450,A,N,D,C,A,A,-,-,A,A,0,NA,NA,NA,NA,Y,NA,-,-,0,0,1,0,0,0,0,0,0,-,-,NA,NA,LOS ANGELES,SAN FERNANDO,-118.4365234375,34.29161834716797
8582063,2018,2018-04-03,1961,2018-01-09,1635,10387,1961,2,5,3,1961,0,0,0,NA,0,001,NORTH MACLAY AV,8TH ST,0,NA,Y,C,-,N,NA,NA,NA,NA,NA,NA,NA,NA,NA,Y,3,0,1,2,A,-,09,21801,A,N,A,C,A,B,-,-,A,A,0,NA,NA,NA,NA,Y,NA,A,01,0,1,0,0,0,0,0,0,0,-,-,NA,NA,LOS ANGELES,SAN FERNANDO,-118.42382049560548,34.29608154296875
8582071,2018,2018-04-03,1942,2018-01-29,1730,40643,0467,1,5,7,1942,0,0,0,D,0,4A71,MOTT ST,3RD ST,0,NA,Y,A,-,N,NA,NA,NA,NA,NA,NA,NA,NA,NA,N,3,0,1,2,A,-,09,21801,A,F,D,C,A,A,H,-,C,D,0,NA,Y,NA,NA,Y,NA,-,99,0,1,0,0,0,0,1,0,0,-,-,NA,NA,LOS ANGELES,LOS ANGELES,-118.20748138427734,34.03974914550781
8582075,2018,2018-04-03,1942,2018-01-31,1415,34385,0647,3,5,7,1942,0,0,0,F,0,6A67,HOLLYWOOD BL,GOWER ST,201,W,N,A,-,N,NA,NA,NA,NA,NA,NA,NA,NA,NA,N,4,0,1,2,A,-,09,21804,A,N,H,G,A,A,H,-,A,D,0,NA,Y,NA,NA,Y,NA,A,01,0,0,1,0,0,0,1,0,0,-,-,NA,NA,LOS ANGELES,LOS ANGELES,-118.32305145263672,34.10165023803711
8582094,2018,2018-04-10,1961,2018-02-01,1902,1790,1,4,5,3,1961,0,0,0,NA,0,004,100TH AV,2ND ST,97,N,N,A,-,N,NA,NA,NA,NA,NA,NA,NA,NA,NA,N,4,0,1,3,A,-,03,22350,NA,N,C,C,A,A,H,-,C,D,0,NA,NA,NA,NA,Y,NA,A,07,0,0,1,0,0,0,0,0,0,-,-,NA,NA,LOS ANGELES,SAN FERNANDO,NA,NA
8582203,2018,2018-04-05,1909,2018-03-19,0831,560,1909,1,5,4,1909,0,0,0,NA,0,SOUTH,CLARA ST,PERRY RD,2,W,N,A,-,N,NA,NA,NA,NA,NA,NA,NA,NA,NA,Y,3,0,1,1,A,-,12,22450,A,N,E,I,A,A,H,-,A,D,0,NA,NA,NA,NA,Y,NA,A,01,0,1,0,0,0,0,0,0,0,-,-,NA,NA,LOS ANGELES,BELL GARDENS,-118.15272521972656,33.961849212646484
8582207,2018,2018-04-05,1909,2018-03-17,1128,563,1909,6,5,4,1909,0,0,0,NA,0,NORTH,GAGE AV,EDISON POLE #1561785E,92,E,N,A,-,N,NA,NA,NA,NA,NA,NA,NA,NA,NA,N,3,0,1,2,A,-,07,21658,A,N,D,C,A,A,H,-,A,D,0,NA,NA,Y,NA,Y,NA,C,02,0,1,0,0,0,0,0,0,0,-,-,NA,NA,LOS ANGELES,BELL GARDENS,NA,NA
8582211,2018,2018-04-05,1909,2018-03-21,0638,563,1909,3,5,4,1909,0,0,0,NA,0,NORTH,FLORENCE AV,GARFIELD AV,0,NA,Y,A,-,N,NA,NA,NA,NA,NA,NA,NA,NA,NA,N,4,0,1,2,A,-,05,21650,1,N,D,G,A,A,H,-,B,A,0,NA,Y,NA,NA,Y,NA,L,04,0,0,1,0,0,0,1,0,0,-,-,NA,NA,LOS ANGELES,BELL GARDENS,-118.15170288085938,33.965328216552734
8582289,2018,2018-04-03,1948,2018-03-04,0009,388,1948,7,5,5,1948,0,0,0,NA,0,002,WEST GARVEY AV,BALTIMORE AV,88,W,N,A,-,N,NA,NA,NA,NA,NA,NA,NA,NA,NA,Y,3,0,5,2,A,-,21,22106,NA,N,B,C,A,A,H,-,C,D,0,NA,NA,NA,NA,Y,NA,-,NA,0,1,4,0,0,0,0,0,0,-,-,NA,NA,LOS ANGELES,MONTEREY PARK,-118.12468719482422,34.062538146972656
8582293,2018,2018-04-03,1948,2018-03-03,0848,420,1948,6,5,5,1948,0,0,0,NA,0,003,ATLANTIC BL,1ST ST,0,NA,Y,C,-,N,NA,NA,NA,NA,NA,NA,NA,NA,NA,Y,4,0,2,3,A,-,03,22350,NA,N,C,C,A,B,H,-,A,A,0,NA,NA,NA,NA,Y,NA,-,NA,0,0,2,0,0,0,0,0,0,-,-,NA,NA,LOS ANGELES,MONTEREY PARK,-118.14811706542967,34.03641891479492
8582294,2018,2018-04-03,1975,2018-03-15,1212,427,NA,4,5,6,1975,0,0,0,NA,0,TRAFFI,TOLUCA AV,WEST COVINA PKWY,344,S,N,A,-,N,NA,NA,NA,NA,NA,NA,NA,NA,NA,Y,3,0,1,2,A,-,09,21804,A,N,D,C,A,A,H,-,A,D,0,NA,NA,NA,NA,Y,NA,A,01,0,1,0,0,0,0,0,0,0,-,-,34.070621490478516,-117.94056701660156,LOS ANGELES,WEST COVINA,-117.9412841796875,34.06986618041992
8582297,2018,2018-04-03,1948,2018-03-02,0811,448,1948,5,5,5,1948,0,0,0,NA,0,004,NEWMARK AV,LINCOLN AV,16,E,N,C,-,N,NA,NA,NA,NA,NA,NA,NA,NA,NA,Y,4,0,2,2,A,-,09,21801,A,N,D,C,A,B,H,-,A,D,0,NA,NA,NA,NA,Y,NA,-,NA,0,0,2,0,0,0,0,0,0,-,-,NA,NA,LOS ANGELES,MONTEREY PARK,-118.12108612060548,34.059810638427734
8582298,2018,2018-04-03,1975,2018-03-06,1842,354,NA,2,5,6,1975,0,0,0,NA,0,003,SUNSET AV,VINE,0,NA,Y,A,-,N,NA,NA,NA,NA,NA,NA,NA,NA,NA,Y,4,0,2,2,A,-,09,21801,A,N,D,C,A,A,H,-,C,A,0,NA,NA,NA,NA,Y,NA,-,NA,0,0,2,0,0,0,0,0,0,-,-,NA,NA,LOS ANGELES,WEST COVINA,-117.94342803955078,34.06380081176758
8582301,2018,2018-04-03,1948,2018-03-07,1004,356,1948,3,5,5,1948,0,0,0,NA,0,022,WEST GARVEY AV,ATLANTIC BL,8,E,N,A,-,N,NA,NA,NA,NA,NA,NA,NA,NA,NA,N,3,0,1,2,A,-,05,21202,A,N,D,G,A,A,H,-,A,A,0,NA,Y,NA,NA,Y,NA,L,04,0,1,0,0,0,0,1,0,0,-,-,NA,NA,LOS ANGELES,MONTEREY PARK,-118.13421630859376,34.0625
8582302,2018,2018-04-03,1975,2018-03-15,1643,640,NA,4,5,6,1975,0,0,0,NA,0,003,CALIFORNIA AV,CAMERON AV,282,N,N,B,-,N,NA,NA,NA,NA,NA,NA,NA,NA,NA,N,3,0,1,3,A,-,11,21954,A,N,G,B,D,A,H,-,A,D,0,Y,NA,NA,NA,Y,NA,N,60,0,1,0,0,1,0,0,0,0,-,-,NA,NA,LOS ANGELES,WEST COVINA,-117.934326171875,34.06449508666992
8582305,2018,2018-04-03,1948,2018-03-16,0714,448,1948,5,5,5,1948,0,0,0,NA,0,004,GARFIELD AV,NEWMARK AV,309,S,N,B,-,N,NA,NA,NA,NA,NA,NA,NA,NA,NA,N,4,0,2,2,A,-,09,21804,A,N,D,C,A,A,H,-,A,D,0,NA,NA,NA,NA,Y,NA,-,NA,0,0,2,0,0,0,0,0,0,-,-,NA,NA,LOS ANGELES,MONTEREY PARK,-118.12297821044922,34.05896759033203
8582306,2018,2018-04-04,1975,2018-03-08,1040,680,NA,4,5,6,1975,0,0,0,NA,0,004,WEST FRANCISQUITO,SUNSET AV,200,E,N,A,-,N,NA,NA,NA,NA,NA,NA,NA,NA,NA,Y,3,0,1,1,A,-,08,22107,NA,N,A,I,A,A,H,-,A,D,0,NA,NA,NA,NA,Y,NA,A,01,0,1,0,0,0,0,0,0,0,-,-,NA,NA,LOS ANGELES,WEST COVINA,-117.95365142822266,34.05351257324219
8582309,2018,2018-04-03,1948,2018-03-11,1114,295,1948,7,5,5,1948,0,0,0,NA,0,001,ATLANTIC BL,BRIGHTWOOD ST,0,NA,Y,A,-,N,NA,NA,NA,NA,NA,NA,NA,NA,NA,Y,4,0,1,2,A,-,12,21453,A,N,D,C,A,A,H,-,A,A,0,NA,NA,NA,NA,Y,NA,-,NA,0,0,1,0,0,0,0,0,0,-,-,NA,NA,LOS ANGELES,MONTEREY PARK,-118.14151000976564,34.04230880737305
8582310,2018,2018-04-04,1975,2018-03-17,2024,396,NA,6,5,6,1975,0,0,0,NA,0,002,CITRUS AV,CORTEZ AV,0,NA,Y,A,-,N,NA,NA,NA,NA,NA,NA,NA,NA,NA,Y,4,0,2,2,A,-,12,21453,A,N,D,C,A,A,H,-,C,A,0,NA,NA,NA,NA,Y,NA,-,NA,0,0,2,0,0,0,0,0,0,-,-,NA,NA,LOS ANGELES,WEST COVINA,-117.8901824951172,34.06454086303711
8582313,2018,2018-04-03,1948,2018-03-09,1417,374,1948,5,5,5,1948,0,0,0,NA,0,001,MONTEREY PASS RD,VAGABOND RD,0,NA,Y,B,-,N,NA,NA,NA,NA,NA,NA,NA,NA,NA,Y,3,0,1,3,A,-,12,21453,A,N,D,C,A,A,H,-,A,A,0,NA,NA,NA,NA,Y,NA,A,01,0,1,0,0,0,0,0,0,0,-,-,NA,NA,LOS ANGELES,MONTEREY PARK,-118.1510009765625,34.05331039428711
8582314,2018,2018-04-04,1975,2018-03-12,2318,401,NA,1,5,6,1975,0,0,0,NA,0,005,AMAR RD,WESTPORT ST,418,W,N,A,-,N,NA,NA,NA,NA,NA,NA,NA,NA,NA,Y,3,0,1,1,A,-,03,22350,NA,N,B,I,A,A,H,-,C,A,0,NA,NA,NA,NA,Y,NA,-,NA,0,1,0,0,0,0,0,0,0,-,-,NA,NA,LOS ANGELES,WEST COVINA,-117.90777587890624,34.02804946899414
8582318,2018,2018-04-03,1975,2018-03-20,1641,640,NA,2,5,6,1975,0,0,0,NA,0,NA,AMAR RD,WESTPORT,0,NA,Y,B,-,N,NA,NA,NA,NA,NA,NA,NA,NA,NA,N,4,0,2,2,A,-,12,21453,A,N,D,C,A,A,H,-,A,A,0,NA,NA,NA,NA,Y,NA,-,NA,0,0,2,0,0,0,0,0,0,-,-,NA,NA,LOS ANGELES,WEST COVINA,-117.90666961669922,34.02737045288086
8582326,2018,2018-04-03,1948,2018-02-26,1833,376,1948,1,5,5,1948,0,0,0,NA,0,003,WEST RIGGIN ST,BRADSHAWE AV,0,NA,Y,B,-,N,NA,NA,NA,NA,NA,NA,NA,NA,NA,Y,4,0,1,2,A,-,03,22350,NA,N,C,C,A,A,H,-,C,A,0,NA,NA,Y,NA,Y,NA,A,01,0,0,1,0,0,0,0,0,1,-,-,NA,NA,LOS ANGELES,MONTEREY PARK,-118.14096832275392,34.0366096496582
8582330,2018,2018-04-03,1948,2018-02-24,1237,454,1948,6,5,5,1948,0,0,0,NA,0,004,SOUTH LINCOLN AV,NEWMARK AV,4,S,N,A,-,N,NA,NA,NA,NA,NA,NA,NA,NA,NA,N,4,0,1,2,A,-,08,22107,NA,N,B,G,A,A,H,-,A,D,0,NA,Y,NA,NA,Y,NA,-,NA,0,0,1,0,0,0,1,0,0,-,-,NA,NA,LOS ANGELES,MONTEREY PARK,-118.1211395263672,34.05979919433594
8582334,2018,2018-04-03,1948,2018-02-13,0806,398,1948,2,5,5,1948,0,0,0,NA,0,003,NEWMARK AV,GARFIELD AV,316,W,N,A,-,N,NA,NA,NA,NA,NA,NA,NA,NA,NA,Y,4,0,3,2,A,-,09,21804,A,N,D,C,A,A,H,-,A,D,0,NA,NA,NA,NA,Y,NA,A,01,0,0,3,0,0,0,0,0,0,-,-,NA,NA,LOS ANGELES,MONTEREY PARK,-118.12386322021484,34.05979537963867
8582346,2018,2018-04-03,1948,2018-02-05,1017,374,1948,1,5,5,1948,0,0,0,NA,0,002,NORTH ATLANTIC BL,WEST EMERSON AV,0,NA,Y,A,-,N,NA,NA,NA,NA,NA,NA,NA,NA,NA,Y,4,0,1,2,A,-,12,21453,A,N,D,C,A,A,H,-,A,A,0,NA,NA,NA,NA,Y,NA,A,01,0,0,1,0,0,0,0,0,0,-,-,NA,NA,LOS ANGELES,MONTEREY PARK,-118.13433074951172,34.06610870361328
8582350,2018,2018-04-03,1948,2018-02-05,1822,418,1948,1,5,5,1948,0,0,0,NA,0,002,GARVEY AV,ALHAMBRA AV,324,W,N,A,-,N,NA,NA,NA,NA,NA,NA,NA,NA,NA,Y,3,0,1,2,A,-,08,22100,B,N,D,C,A,A,H,-,C,D,0,NA,NA,NA,NA,Y,NA,-,NA,0,1,0,0,0,0,0,0,0,-,-,NA,NA,LOS ANGELES,MONTEREY PARK,-118.11786651611328,34.062591552734375
8582354,2018,2018-04-03,1948,2018-02-06,1611,374,1948,2,5,5,1948,0,0,0,NA,0,002,EAST HELLMAN AV,NORTH NICHOLSON AV,0,NA,Y,A,-,N,NA,NA,NA,NA,NA,NA,NA,NA,NA,N,4,0,1,2,A,-,09,21801,A,N,A,C,A,A,H,-,A,A,0,NA,NA,NA,NA,Y,NA,-,NA,0,0,1,0,0,0,0,0,0,-,-,NA,NA,LOS ANGELES,MONTEREY PARK,-118.11882781982422,34.06977081298828
8582358,2018,2018-04-03,1948,2018-02-07,1318,374,1948,3,5,5,1948,0,0,0,NA,0,004,SOUTH GARFIELD AV,REPETTO DR,48,S,N,A,-,N,NA,NA,NA,NA,NA,NA,NA,NA,NA,N,4,0,2,2,A,-,03,22350,NA,N,C,C,A,A,H,-,A,A,0,NA,NA,NA,NA,Y,NA,A,01,0,0,2,0,0,0,0,0,0,-,-,NA,NA,LOS ANGELES,MONTEREY PARK,-118.12973785400392,34.01555252075195
8582362,2018,2018-04-03,1948,2018-02-07,1428,374,1948,3,5,5,1948,0,0,0,NA,0,004,EAST MARKLAND DR,WILCOX AV,431,W,N,A,-,N,NA,NA,NA,NA,NA,NA,NA,NA,NA,Y,3,0,2,2,A,-,05,21650,NA,N,A,C,A,A,H,-,A,D,0,NA,NA,NA,NA,Y,NA,A,01,0,2,0,0,0,0,0,0,0,-,-,NA,NA,LOS ANGELES,MONTEREY PARK,-118.12661743164064,34.03615188598633
8582366,2018,2018-04-03,1948,2018-02-09,0903,420,1948,5,5,5,1948,0,0,0,NA,0,003,HARDING AV,EL MERCADO AV,0,NA,Y,A,-,N,NA,NA,NA,NA,NA,NA,NA,NA,NA,N,4,0,1,2,A,-,12,22450,A,N,D,C,A,A,H,-,A,A,0,NA,NA,NA,NA,Y,NA,-,NA,0,0,1,0,0,0,0,0,0,-,-,NA,NA,LOS ANGELES,MONTEREY PARK,-118.13416290283205,34.056480407714844
8582370,2018,2018-04-03,1948,2018-02-10,1229,295,1948,6,5,5,1948,0,0,0,NA,0,001,MONTEREY PASS RD,VAGABOND RD,23,S,N,B,-,N,NA,NA,NA,NA,NA,NA,NA,NA,NA,Y,3,0,4,3,A,-,03,22350,NA,N,B,C,A,A,H,-,A,A,0,NA,NA,NA,NA,Y,NA,-,NA,0,1,3,0,0,0,0,0,0,-,-,NA,NA,LOS ANGELES,MONTEREY PARK,-118.15106201171876,34.05327224731445
8582374,2018,2018-04-03,1948,2018-02-10,2026,455,1948,6,5,5,1948,0,0,0,NA,0,001,COLLEGE VIEW DR,VALLEY VISTA DR,6,E,N,A,-,N,NA,NA,NA,NA,NA,NA,NA,NA,NA,Y,3,0,3,3,A,-,12,22450,A,N,B,C,A,A,H,-,C,A,0,NA,NA,NA,NA,Y,NA,A,01,0,1,2,0,0,0,0,0,0,-,-,NA,NA,LOS ANGELES,MONTEREY PARK,-118.15032958984376,34.043853759765625
8582378,2018,2018-04-03,1948,2018-02-11,0926,420,1948,7,5,5,1948,0,0,0,NA,0,003,GARVEY AV,MCPHERRIN AV,12,E,N,A,-,N,NA,NA,NA,NA,NA,NA,NA,NA,NA,N,3,0,1,2,A,-,10,21950,A,N,B,B,B,A,H,-,A,A,0,Y,NA,NA,NA,Y,NA,-,NA,0,1,0,0,1,0,0,0,0,-,-,NA,NA,LOS ANGELES,MONTEREY PARK,-118.12754821777344,34.062530517578125
8582382,2018,2018-04-03,1948,2018-02-15,1748,438,1948,4,5,5,1948,0,0,0,NA,0,003,GERHART AV,GLEASON ST,15,S,N,A,-,N,NA,NA,NA,NA,NA,NA,NA,NA,NA,N,4,0,2,2,A,-,09,21802,A,N,B,C,A,A,H,-,B,D,0,NA,NA,NA,NA,Y,NA,-,NA,0,0,2,0,0,0,0,0,0,-,-,NA,NA,LOS ANGELES,MONTEREY PARK,-118.14418792724608,34.03491973876953