CASE_ID,ACCIDENT_YEAR,PROC_DATE,JURIS,COLLISION_DATE,COLLISION_TIME,OFFICER_ID,REPORTING_DISTRICT,DAY_OF_WEEK,CHP_SHIFT,POPULATION,CNTY_CITY_LOC,SPECIAL_COND,BEAT_TYPE,CHP_BEAT_TYPE,CITY_DIVISION_LAPD,CHP_BEAT_CLASS,BEAT_NUMBER,PRIMARY_RD,SECONDARY_RD,DISTANCE,DIRECTION,INTERSECTION,WEATHER_1,WEATHER_2,STATE_HWY_IND,CALTRANS_COUNTY,CALTRANS_DISTRICT,STATE_ROUTE,ROUTE_SUFFIX,POSTMILE_PREFIX,POSTMILE,LOCATION_TYPE,RAMP_INTERSECTION,SIDE_OF_HWY,TOW_AWAY,COLLISION_SEVERITY,NUMBER_KILLED,NUMBER_INJURED,PARTY_COUNT,PRIMARY_COLL_FACTOR,PCF_CODE_OF_VIOL,PCF_VIOL_CATEGORY,PCF_VIOLATION,PCF_VIOL_SUBSECTION,HIT_AND_RUN,TYPE_OF_COLLISION,MVIW,PED_ACTION,ROAD_SURFACE,ROAD_COND_1,ROAD_COND_2,LIGHTING,CONTROL_DEVICE,CHP_ROAD_TYPE,PEDESTRIAN_ACCIDENT,BICYCLE_ACCIDENT,MOTORCYCLE_ACCIDENT,TRUCK_ACCIDENT,NOT_PRIVATE_PROPERTY,ALCOHOL_INVOLVED,STWD_VEHTYPE_AT_FAULT,CHP_VEHTYPE_AT_FAULT,COUNT_SEVERE_INJ,COUNT_VISIBLE_INJ,COUNT_COMPLAINT_PAIN,COUNT_PED_KILLED,COUNT_PED_INJURED,COUNT_BICYCLIST_KILLED,COUNT_BICYCLIST_INJURED,COUNT_MC_KILLED,COUNT_MC_INJURED,PRIMARY_RAMP,SECONDARY_RAMP,LATITUDE,LONGITUDE,COUNTY,CITY,POINT_X,POINT_Y
8585975,2018,2018-04-11,1942,2018-03-31,1110,35945,0678,6,5,7,1942,0,0,0,F,0,6A77,SANTA MONICA BL,WESTERN AV,200,W,N,A,-,N,NA,NA,NA,NA,NA,NA,NA,NA,NA,N,4,0,1,2,A,-,03,22350,NA,F,C,C,A,A,H,-,A,D,0,NA,NA,NA,NA,Y,NA,-,99,0,0,1,0,0,0,0,0,0,-,-,NA,NA,LOS ANGELES,LOS ANGELES,-118.30982971191406,34.09077072143555
8585976,2018,2018-04-10,1942,2018-03-29,0830,37966,0722,4,5,7,1942,0,0,0,G,0,7A21,BEVERLY BL,N ORLANDO AV,0,NA,Y,A,-,N,NA,NA,NA,NA,NA,NA,NA,NA,NA,N,4,0,1,2,A,-,05,21650,1,N,D,G,A,A,H,-,A,D,0,NA,Y,NA,NA,Y,NA,L,04,0,0,1,0,0,0,1,0,0,-,-,NA,NA,LOS ANGELES,LOS ANGELES,-118.37316131591795,34.0760498046875
8585977,2018,2018-04-10,1942,2018-01-25,1930,25115,0275,4,5,7,1942,0,0,0,B,0,2A75,OLYMPIC BL,BURLINGTON AV,0,NA,Y,A,-,N,NA,NA,NA,NA,NA,NA,NA,NA,NA,N,3,0,1,2,A,-,10,21950,A,N,G,B,B,A,H,-,C,A,0,Y,NA,NA,NA,Y,NA,A,01,0,1,0,0,1,0,0,0,0,-,-,NA,NA,LOS ANGELES,LOS ANGELES,-118.27654266357422,34.05023956298828
8585979,2018,2018-04-11,1942,2018-03-29,2105,42834,1431,4,5,7,1942,0,0,0,N,0,14A28,PACIFIC AV,WINDWARD AV,0,NA,Y,A,-,N,NA,NA,NA,NA,NA,NA,NA,NA,NA,N,3,0,1,2,A,-,12,21453,A,N,G,B,B,A,H,-,C,A,0,Y,NA,NA,NA,Y,NA,A,01,0,1,0,0,1,0,0,0,0,-,-,NA,NA,LOS ANGELES,LOS ANGELES,-118.47228240966795,33.98772048950195
8585980,2018,2018-04-10,1942,2018-03-15,2310,41718,701,4,5,7,1942,0,0,0,NA,0,7A1-W3,WILLOUGHBY AV,FAIRFAX AV,0,NA,Y,C,-,N,NA,NA,NA,NA,NA,NA,NA,NA,NA,N,3,0,1,2,A,-,10,21950,A,N,G,B,B,B,-,-,C,A,0,Y,NA,NA,NA,Y,NA,A,01,0,1,0,0,1,0,0,0,0,-,-,NA,NA,LOS ANGELES,LOS ANGELES,-118.36154174804688,34.087188720703125
8585983,2018,2018-04-11,1942,2018-03-31,1440,38333,0639,6,5,7,1942,0,0,0,F,0,6A49,N WESTERN AV,HOLLYWOOD BL,0,NA,Y,A,-,N,NA,NA,NA,NA,NA,NA,NA,NA,NA,Y,4,0,1,2,A,-,12,21453,A,F,D,C,A,A,H,-,A,A,0,NA,NA,NA,NA,Y,NA,A,08,0,0,1,0,0,0,0,0,0,-,-,NA,NA,LOS ANGELES,LOS ANGELES,-118.30927276611328,34.101749420166016
8585984,2018,2018-04-10,1942,2018-03-23,2305,25495,0759,5,5,7,1942,0,0,0,G,0,7A69,PICO BL,VICTORIA AV,60,E,N,A,-,N,NA,NA,NA,NA,NA,NA,NA,NA,NA,N,2,0,1,2,A,-,11,21954,A,N,G,B,D,A,H,-,C,A,0,Y,NA,NA,NA,Y,NA,N,60,1,0,0,0,1,0,0,0,0,-,-,NA,NA,LOS ANGELES,LOS ANGELES,-118.32786560058594,34.047935485839844
8585985,2018,2018-04-10,1942,2018-01-27,1555,34426,0233,6,5,7,1942,0,0,0,B,0,2A17,BEVERLY BL,OCCIDENTAL BL,76,E,N,A,-,N,NA,NA,NA,NA,NA,NA,NA,NA,NA,N,4,0,2,2,A,-,04,21703,NA,N,C,-,A,-,H,-,A,D,0,NA,NA,NA,NA,Y,NA,A,01,0,0,2,0,0,0,0,0,0,-,-,NA,NA,LOS ANGELES,LOS ANGELES,-118.27993011474608,34.07084274291992
8585987,2018,2018-04-10,1942,2018-03-28,0635,42118,0521,3,5,7,1942,0,0,0,E,0,5A55,ANAHEIM ST,ROAD 10,220,W,N,A,-,N,NA,NA,NA,NA,NA,NA,NA,NA,NA,Y,4,0,2,2,A,-,09,21804,A,N,D,C,A,A,H,-,A,D,0,NA,NA,NA,NA,Y,NA,A,01,0,0,2,0,0,0,0,0,0,-,-,NA,NA,LOS ANGELES,LOS ANGELES,-118.28105926513672,33.77894973754883
8585988,2018,2018-04-10,1942,2018-03-16,1830,42656,0789,5,5,7,1942,0,0,0,G,0,20T59,WEST WASHINGTON BL,ARLINGTON AV,15,W,N,C,-,N,NA,NA,NA,NA,NA,NA,NA,NA,NA,N,4,0,1,2,A,-,03,22350,NA,F,C,C,A,B,H,-,A,A,0,NA,NA,NA,NA,Y,NA,-,99,0,0,1,0,0,0,0,0,0,-,-,NA,NA,LOS ANGELES,LOS ANGELES,-118.31777954101564,34.03989028930664
8585989,2018,2018-04-10,1942,2018-01-22,1625,40099,0236,1,5,7,1942,0,0,0,B,0,2A56,W 3RD ST,ALVARADO ST,5,E,N,A,-,N,NA,NA,NA,NA,NA,NA,NA,NA,NA,N,4,0,1,2,A,-,10,21950,A,N,G,B,B,A,H,-,A,A,0,Y,NA,NA,NA,Y,NA,A,01,0,0,1,0,1,0,0,0,0,-,-,NA,NA,LOS ANGELES,LOS ANGELES,-118.27269744873048,34.06295394897461
8585991,2018,2018-04-13,1942,2018-03-25,1345,36871,563,7,5,7,1942,0,0,0,NA,0,5X64,PACIFIC,17TH ST,0,NA,Y,A,-,N,NA,NA,NA,NA,NA,NA,NA,NA,NA,N,4,0,2,2,A,-,12,21453,A,N,A,C,A,A,H,-,A,A,0,NA,NA,NA,NA,Y,NA,A,01,0,0,2,0,0,0,0,0,0,-,-,NA,NA,LOS ANGELES,LOS ANGELES,-118.47183990478516,33.987159729003906
8585992,2018,2018-04-10,1942,2018-03-20,0805,33169,0738,2,5,7,1942,0,0,0,G,0,7A17,WILSHIRE BL,JUNE ST,0,NA,Y,A,B,N,NA,NA,NA,NA,NA,NA,NA,NA,NA,N,3,0,1,2,A,-,10,21950,A,N,A,B,B,A,H,-,A,A,0,Y,NA,NA,NA,Y,NA,A,01,0,1,0,0,1,0,0,0,0,-,-,NA,NA,LOS ANGELES,LOS ANGELES,-118.33466339111328,34.062049865722656
8585993,2018,2018-04-10,1942,2018-01-10,1640,35230,0266,3,5,7,1942,0,0,0,B,0,2A75,W 8TH ST,BEACON AV,0,NA,Y,A,-,N,NA,NA,NA,NA,NA,NA,NA,NA,NA,N,4,0,2,2,A,-,09,21802,A,N,D,C,A,A,H,-,A,A,0,NA,NA,NA,NA,Y,NA,A,01,0,0,2,0,0,0,0,0,0,-,-,NA,NA,LOS ANGELES,LOS ANGELES,-118.27335357666016,34.05287170410156
8585995,2018,2018-04-11,1942,2018-03-17,2305,40474,0291,6,5,7,1942,0,0,0,B,0,2A91,ALVARADO ST,WESTLAKE AV,0,NA,Y,B,-,N,NA,NA,NA,NA,NA,NA,NA,NA,NA,NA,4,0,1,2,A,-,09,21801,A,N,D,C,A,A,H,-,C,D,0,NA,NA,NA,NA,Y,NA,A,01,0,0,1,0,0,0,0,0,0,-,-,NA,NA,LOS ANGELES,LOS ANGELES,-118.2834701538086,34.046051025390625
8585996,2018,2018-04-10,1942,2018-03-23,2055,41370,0706,5,5,7,1942,0,0,0,G,0,14T47,MELROSE AV,LA BREA AV,42,W,N,A,-,N,NA,NA,NA,NA,NA,NA,NA,NA,NA,N,4,0,1,2,A,-,04,21703,NA,F,C,C,A,A,H,-,C,A,0,NA,NA,NA,NA,Y,NA,-,99,0,0,1,0,0,0,0,0,0,-,-,NA,NA,LOS ANGELES,LOS ANGELES,-118.34420776367188,34.08345413208008
8585997,2018,2018-04-12,1942,2018-01-20,1420,34426,0281,6,5,7,1942,0,0,0,B,0,2A91,W 11TH ST,GRAND VIEW ST,0,NA,Y,A,-,N,NA,NA,NA,NA,NA,NA,NA,NA,NA,N,4,0,2,2,A,-,09,21802,A,N,D,C,A,A,H,-,A,A,0,NA,NA,NA,NA,Y,NA,-,-,0,0,2,0,0,0,0,0,0,-,-,NA,NA,LOS ANGELES,LOS ANGELES,-118.28294372558594,34.051239013671875
8585999,2018,2018-04-11,1942,2018-03-29,0048,41718,0705,4,5,7,1942,0,0,0,G,0,7A1W3,MELROSE AV,ALTA VISTA ST,0,NA,Y,A,-,N,NA,NA,NA,NA,NA,NA,NA,NA,NA,Y,4,0,1,2,A,-,01,23152,A,N,C,E,A,A,H,-,C,D,0,NA,NA,NA,NA,Y,Y,A,01,0,0,1,0,0,0,0,0,0,-,-,NA,NA,LOS ANGELES,LOS ANGELES,-118.3474578857422,34.08353042602539
8586000,2018,2018-04-10,1942,2018-03-28,1600,31465,0717,3,5,7,1942,0,0,0,G,0,7A17,BEVERLY BL,JUNE ST,0,NA,Y,A,-,N,NA,NA,NA,NA,NA,NA,NA,NA,NA,N,4,0,1,2,A,-,09,21801,A,F,D,C,A,A,H,-,A,D,0,NA,NA,NA,NA,Y,NA,A,01,0,0,1,0,0,0,0,0,0,-,-,NA,NA,LOS ANGELES,LOS ANGELES,-118.33470916748048,34.07619857788086
8586170,2018,2018-05-15,1942,2018-02-16,1740,36181,0649,5,5,7,1942,0,0,0,F,0,6A48,SUNSET BL,HARVARD BL,5,E,N,A,-,N,NA,NA,NA,NA,NA,NA,NA,NA,NA,NA,4,0,1,2,A,-,09,21804,A,M,B,C,A,A,H,-,C,D,0,NA,NA,NA,NA,Y,NA,A,01,0,0,1,0,0,0,0,0,0,-,-,NA,NA,LOS ANGELES,LOS ANGELES,-118.30433654785156,34.09812927246094
8586201,2018,2018-05-02,1942,2018-02-28,0945,43088,1428,3,5,7,1942,0,0,0,N,0,14A49,OVERLAND AV,ROSE AV,0,NA,Y,A,-,N,NA,NA,NA,NA,NA,NA,NA,NA,NA,Y,4,0,2,2,A,-,04,21703,NA,N,C,C,A,A,H,-,A,A,0,NA,NA,NA,NA,Y,NA,A,01,0,0,2,0,0,0,0,0,0,-,-,NA,NA,LOS ANGELES,LOS ANGELES,-118.413818359375,34.02756881713867
8586205,2018,2018-05-01,1942,2018-02-22,1435,41805,1245,4,5,7,1942,0,0,0,L,0,12XL7,DENKER AV,GAGE AV,25,S,N,A,-,N,NA,NA,NA,NA,NA,NA,NA,NA,NA,Y,4,0,1,2,A,-,08,22107,NA,N,B,C,A,A,H,-,A,A,0,NA,NA,NA,NA,Y,NA,A,01,0,0,1,0,0,0,0,0,0,-,-,NA,NA,LOS ANGELES,LOS ANGELES,-118.30460357666016,33.98229217529297
8586209,2018,2018-05-02,1942,2018-02-28,1050,35046,1239,3,5,7,1942,0,0,0,L,0,12A53,VERMONT AV,58TH ST,0,NA,Y,A,-,N,NA,NA,NA,NA,NA,NA,NA,NA,NA,Y,4,0,3,2,A,-,09,21804,A,N,D,C,A,A,H,-,A,D,0,NA,NA,NA,NA,Y,NA,A,08,0,0,3,0,0,0,0,0,0,-,-,NA,NA,LOS ANGELES,LOS ANGELES,-118.29148,33.98966
8586232,2018,2018-05-15,1942,2018-03-22,1730,36989,0515,4,5,7,1942,0,0,0,E,0,5A24,AVALON BL,PACIFIC COAST HWY,200,N,N,C,-,N,NA,NA,NA,NA,NA,NA,NA,NA,NA,Y,4,0,1,2,A,-,03,22350,NA,M,C,C,A,B,H,-,B,D,0,NA,NA,NA,NA,Y,NA,A,01,0,0,1,0,0,0,0,0,0,-,-,NA,NA,LOS ANGELES,LOS ANGELES,-118.26336669921876,33.79170608520508
8586242,2018,2018-04-18,1942,2018-03-16,2025,41589,1263,5,5,7,1942,0,0,0,L,0,12A53,VAN NESS,83RD ST,0,NA,Y,C,-,N,NA,NA,NA,NA,NA,NA,NA,NA,NA,Y,2,0,3,2,D,-,00,NA,NA,N,H,C,A,B,H,-,C,A,0,NA,NA,NA,NA,Y,NA,-,-,1,1,1,0,0,0,0,0,0,-,-,NA,NA,LOS ANGELES,LOS ANGELES,-118.31775665283205,33.963661193847656
8586246,2018,2018-04-23,1942,2018-03-28,0800,31092,1245,3,5,7,1942,0,0,0,L,0,12A67,FLORENCE AV,VERMONT AV,80,E,N,A,-,N,NA,NA,NA,NA,NA,NA,NA,NA,NA,Y,3,0,3,3,A,-,09,21804,A,N,B,C,A,A,H,-,A,D,0,NA,NA,NA,NA,Y,NA,A,08,0,1,2,0,0,0,0,0,0,-,-,NA,NA,LOS ANGELES,LOS ANGELES,-118.29147338867188,33.97462844848633
8586250,2018,2018-04-18,1900,2018-03-12,1132,540658,1127,1,5,6,1992,0,0,0,NA,0,111T1,AVENUE K,27TH ST WEST,169,W,N,A,-,N,NA,NA,NA,NA,NA,NA,NA,NA,NA,Y,3,0,1,1,A,-,08,22107,NA,N,E,I,A,A,H,-,A,D,0,NA,NA,NA,NA,Y,NA,A,01,0,1,0,0,0,0,0,0,0,-,-,NA,NA,LOS ANGELES,LANCASTER,-118.1796875,34.67491149902344
8586262,2018,2018-04-18,1900,2018-03-23,1540,618055,1137,5,5,6,1992,0,0,0,NA,0,112T2,CHALLENGER WY,AVENUE K-4,400,S,N,A,-,N,NA,NA,NA,NA,NA,NA,NA,NA,NA,Y,4,0,3,2,A,-,08,22107,NA,N,A,D,A,A,H,-,A,A,0,NA,NA,NA,NA,Y,NA,A,01,0,0,3,0,0,0,0,0,0,-,-,NA,NA,LOS ANGELES,LANCASTER,-118.112365,34.670238
8586266,2018,2018-04-18,1969,2018-03-04,0144,10200,PATRO,7,5,5,1969,0,0,0,NA,0,004,ATLANTIC AV,TENAYA AV,87,N,N,B,-,N,NA,NA,NA,NA,NA,NA,NA,NA,NA,Y,3,0,2,3,A,-,08,22107,NA,F,D,E,A,A,H,-,C,D,0,NA,NA,NA,NA,Y,NA,A,01,0,1,1,0,0,0,0,0,0,-,-,NA,NA,LOS ANGELES,SOUTH GATE,-118.18219757080078,33.93648910522461
8586271,2018,2018-04-18,1902,2018-03-31,1137,620,32,6,5,5,1902,0,0,0,NA,0,005,SANTA ANITA AV,LIVE OAK AV,52,S,N,A,-,N,NA,NA,NA,NA,NA,NA,NA,NA,NA,Y,3,0,1,3,A,-,01,23152,A,N,C,C,A,A,H,-,A,A,0,NA,NA,NA,NA,Y,Y,A,01,0,1,0,0,0,0,0,0,0,-,-,NA,NA,LOS ANGELES,ARCADIA,-118.03085327148438,34.10725021362305
8586274,2018,2018-05-11,1942,2018-03-02,2330,43155,1353,5,5,7,1942,0,0,0,M,0,13A75,VERNON AV,AVALON,0,NA,Y,B,-,N,NA,NA,NA,NA,NA,NA,NA,NA,NA,Y,4,0,2,2,A,-,12,21453,A,F,D,C,A,A,H,-,E,B,0,NA,NA,NA,NA,Y,NA,-,99,0,0,2,0,0,0,0,0,0,-,-,NA,NA,LOS ANGELES,LOS ANGELES,-118.26526641845705,34.00387191772461
8586275,2018,2018-04-18,1902,2018-03-29,1255,777,12,4,5,5,1902,0,0,0,NA,0,003,HUNTINGTON DR,SANTA CLARA ST,0,NA,Y,A,-,N,NA,NA,NA,NA,NA,NA,NA,NA,NA,N,4,0,4,2,A,-,03,22350,NA,N,C,C,A,A,H,-,A,A,0,NA,NA,NA,NA,Y,NA,A,07,0,0,4,0,0,0,0,0,0,-,-,NA,NA,LOS ANGELES,ARCADIA,-118.03526306152344,34.139991760253906
8586286,2018,2018-05-11,1900,2018-03-19,1020,537036,0641,1,5,6,1985,0,0,0,NA,0,64T1,MCBEAN PKWY,SUMMERHILL LN,0,NA,Y,A,-,N,NA,NA,NA,NA,NA,NA,NA,NA,NA,Y,4,0,1,1,C,-,18,NA,NA,N,E,I,A,A,H,-,A,D,0,NA,NA,NA,NA,Y,NA,-,-,0,0,1,0,0,0,0,0,0,-,-,34.44702911376953,-118.55310821533205,LOS ANGELES,SANTA CLARITA,-118.55341339111328,34.44649124145508
8586290,2018,2018-04-17,1942,2018-03-15,2115,41994,1944,4,5,7,1942,0,0,0,NA,0,19A7,LAUREL CANYON BL,CHATSWORTH DR,0,NA,Y,B,-,N,NA,NA,NA,NA,NA,NA,NA,NA,NA,Y,4,0,1,2,A,-,09,21801,A,N,A,C,A,A,H,-,C,A,0,NA,NA,NA,NA,Y,NA,A,01,0,0,1,0,0,0,0,0,0,-,-,NA,NA,LOS ANGELES,LOS ANGELES,-118.44834899902344,34.27402114868164
8586293,2018,2018-04-19,1902,2018-04-01,2012,631,23,7,5,5,1902,0,0,0,NA,0,002,SANTA ANITA AV,DUARTE RD,0,NA,Y,A,-,N,NA,NA,NA,NA,NA,NA,NA,NA,NA,Y,4,0,2,2,A,-,09,21804,A,N,-,C,A,A,H,-,C,A,0,NA,NA,NA,NA,Y,NA,-,NA,0,0,2,0,0,0,0,0,0,-,-,NA,NA,LOS ANGELES,ARCADIA,-118.03130340576172,34.12948989868164
8586299,2018,2018-04-18,1942,2018-03-20,0730,43190,1841,2,5,7,1942,0,0,0,R,0,18A41,VERMONT AV,106TH ST,0,NA,Y,A,-,N,NA,NA,NA,NA,NA,NA,NA,NA,NA,N,4,0,1,2,A,-,03,22350,NA,N,C,C,A,A,H,-,A,D,0,NA,NA,NA,NA,Y,NA,A,01,0,0,1,0,0,0,0,0,0,-,-,NA,NA,LOS ANGELES,LOS ANGELES,-118.29161,33.9399
8586302,2018,2018-04-17,1942,2018-03-16,1745,42074,1915,5,5,7,1942,0,0,0,NA,0,19X84,POLK ST,HERRICK AV,0,NA,Y,C,-,N,NA,NA,NA,NA,NA,NA,NA,NA,NA,NA,4,0,3,2,A,-,08,22107,NA,N,D,C,A,B,H,-,B,D,0,NA,NA,NA,NA,Y,Y,A,01,0,0,3,0,0,0,0,0,0,-,-,NA,NA,LOS ANGELES,LOS ANGELES,-118.45271301269533,34.30493927001953
8586303,2018,2018-04-18,1941,2018-03-18,1303,11139,NA,7,5,7,1941,0,0,0,NA,0,NA,7TH ST,QUINCY AV,0,NA,Y,A,-,N,NA,NA,NA,NA,NA,NA,NA,NA,NA,Y,4,0,1,4,A,-,03,22350,NA,N,C,C,A,A,H,-,A,D,0,NA,NA,NA,NA,Y,NA,A,NA,0,0,1,0,0,0,0,0,0,-,-,NA,NA,LOS ANGELES,LONG BEACH,-118.13939666748048,33.77534103393555
8586305,2018,2018-04-19,1942,2018-04-01,1925,40157,0774,7,5,7,1942,0,0,0,G,0,14T47,REDONDO BL,VENICE BL,0,NA,Y,A,-,N,NA,NA,NA,NA,NA,NA,NA,NA,NA,N,4,0,1,2,A,-,01,23152,A,N,C,C,A,A,H,-,B,A,0,NA,NA,NA,NA,Y,Y,A,01,0,0,1,0,0,0,0,0,0,-,-,NA,NA,LOS ANGELES,LOS ANGELES,-118.35043334960938,34.04512023925781
8586306,2018,2018-04-17,1942,2018-03-29,1655,42344,1797,4,5,7,1942,0,0,0,Q,0,17A95,HAYVENHURST AV,PARTHENIA ST,0,NA,Y,A,-,N,NA,NA,NA,NA,NA,NA,NA,NA,NA,N,2,0,1,2,A,-,10,21950,A,N,G,B,B,A,H,-,A,A,0,Y,NA,NA,NA,Y,NA,A,07,1,0,0,0,1,0,0,0,0,-,-,NA,NA,LOS ANGELES,LOS ANGELES,-118.4938735961914,34.228450775146484
8586309,2018,2018-04-19,1942,2018-04-01,1200,41054,2079,7,5,7,1942,0,0,0,NA,0,20A97,14TH ST,MAGNOLIA AV,0,NA,Y,A,-,N,NA,NA,NA,NA,NA,NA,NA,NA,NA,Y,4,0,1,2,A,-,09,21802,A,F,D,C,A,A,H,-,A,A,0,NA,NA,NA,NA,Y,NA,-,99,0,0,1,0,0,0,0,0,0,-,-,NA,NA,LOS ANGELES,LOS ANGELES,-118.286376953125,34.04627990722656
8586313,2018,2018-04-19,1942,2018-04-02,0645,34959,2088,1,5,7,1942,0,0,0,NA,0,20A97,VERMONT AV,17TH PL,57,S,N,B,-,N,NA,NA,NA,NA,NA,NA,NA,NA,NA,Y,4,0,3,3,A,-,09,21804,A,N,D,C,A,A,H,-,A,D,0,NA,NA,NA,NA,Y,NA,A,07,0,0,3,0,0,0,0,0,0,-,-,NA,NA,LOS ANGELES,LOS ANGELES,-118.29158020019533,34.04253387451172
8586314,2018,2018-04-17,1928,2018-03-26,2306,405,514,1,5,5,1928,0,0,0,NA,0,504,ROSECRANS AV,OCEAN GATE AV,0,NA,N,A,-,N,NA,NA,NA,NA,NA,NA,NA,NA,NA,N,2,0,1,2,A,-,03,22350,NA,N,G,G,A,A,H,-,C,D,0,NA,Y,NA,NA,Y,NA,L,04,1,0,0,0,0,0,1,0,0,-,-,33.901859283447266,-118.36711883544922,LOS ANGELES,HAWTHORNE,-118.36715698242188,33.90174865722656
8586317,2018,2018-04-19,1942,2018-04-02,0820,34959,0881,1,5,7,1942,0,0,0,H,0,8A53,MISSISSIPPI AV,BARRINGTON AV,28,W,N,B,-,N,NA,NA,NA,NA,NA,NA,NA,NA,NA,N,4,0,1,2,A,-,08,22107,NA,F,H,G,A,A,H,-,A,D,0,NA,Y,NA,NA,Y,NA,-,99,0,0,1,0,0,0,1,0,0,-,-,NA,NA,LOS ANGELES,LOS ANGELES,-118.44911956787108,34.035587310791016
8586318,2018,2018-04-17,1942,2018-03-18,2045,42029,1988,7,5,7,1942,0,0,0,NA,0,19A79,BEACHY AV,RANGOON ST,25,N,N,A,-,N,NA,NA,NA,NA,NA,NA,NA,NA,NA,Y,4,0,1,1,A,-,03,22350,NA,N,-,I,A,A,H,-,C,D,0,NA,NA,NA,NA,Y,NA,A,01,0,0,1,0,0,0,0,0,0,-,-,NA,NA,LOS ANGELES,LOS ANGELES,-118.421142578125,34.231910705566406
8586430,2018,2018-04-17,1942,2018-03-21,1420,39759,0133,3,5,7,1942,0,0,0,A,0,1A1,W 2ND ST,S HILL ST,0,NA,Y,C,-,N,NA,NA,NA,NA,NA,NA,NA,NA,NA,N,3,0,3,2,A,-,09,21801,A,N,D,C,A,B,H,-,A,A,0,NA,NA,NA,NA,Y,NA,A,01,0,1,2,0,0,0,0,0,0,-,-,NA,NA,LOS ANGELES,LOS ANGELES,-118.2477569580078,34.05310821533203
8586431,2018,2018-04-17,1942,2018-02-15,1820,35230,0123,4,5,7,1942,0,0,0,A,0,1A1,1ST ST,BROADWAY,0,NA,Y,A,-,N,NA,NA,NA,NA,NA,NA,NA,NA,NA,N,4,0,1,2,A,-,09,21801,A,N,A,C,A,A,H,-,C,A,0,NA,NA,Y,NA,Y,NA,D,22,0,0,1,0,0,0,0,0,1,-,-,NA,NA,LOS ANGELES,LOS ANGELES,-118.24555206298828,34.05363845825195
8586435,2018,2018-04-24,1942,2018-02-01,0955,37952,0192,4,5,7,1942,0,0,0,A,0,1A61,S GRAND AV,W VENICE BL,0,NA,Y,A,-,N,NA,NA,NA,NA,NA,NA,NA,NA,NA,N,4,0,2,2,A,-,08,22100,B,N,B,C,A,A,H,-,A,D,0,NA,NA,NA,NA,Y,NA,A,01,0,0,2,0,0,0,0,0,0,-,-,NA,NA,LOS ANGELES,LOS ANGELES,-118.26632690429688,34.035728454589844
8586446,2018,2018-04-17,1942,2018-03-17,0012,31476,0118,6,5,7,1942,0,0,0,A,0,1A1,NORTH MAIN ST,LEROY ST,110,S,N,B,-,N,NA,NA,NA,NA,NA,NA,NA,NA,NA,Y,3,0,2,3,A,-,03,22350,NA,N,C,E,A,B,H,-,C,A,0,NA,NA,NA,NA,Y,Y,A,01,0,1,1,0,0,0,0,0,0,-,-,NA,NA,LOS ANGELES,LOS ANGELES,-118.22989654541016,34.06561279296875
8586453,2018,2018-04-19,1942,2018-03-31,2204,41436,0185,6,5,7,1942,0,0,0,A,0,1A1,W OLYMPIC BL,BROADWAY,0,NA,Y,A,-,N,NA,NA,NA,NA,NA,NA,NA,NA,NA,N,4,0,1,2,A,-,09,21801,A,N,D,C,A,A,H,-,C,A,0,NA,NA,NA,NA,Y,NA,A,01,0,0,1,0,0,0,0,0,0,-,-,NA,NA,LOS ANGELES,LOS ANGELES,-118.25740051269533,34.040931701660156
8586458,2018,2019-02-07,1942,2018-02-20,0900,37611,0185,2,5,7,1942,0,0,0,A,0,1A85,BROADWAY,PICO BL,14,S,N,A,-,N,NA,NA,NA,NA,NA,NA,NA,NA,NA,N,4,0,1,2,A,-,06,21750,A,N,B,C,A,-,H,-,A,A,0,NA,NA,NA,NA,Y,NA,I,20,0,0,1,0,0,0,0,0,0,-,-,NA,NA,LOS ANGELES,LOS ANGELES,-118.26117706298828,34.037078857421875
8586459,2018,2018-04-18,1942,2018-03-16,1720,39035,0212,5,5,7,1942,0,0,0,B,0,20A16,BEVERLY BL,VERMONT AV,0,NA,Y,B,-,N,NA,NA,NA,NA,NA,NA,NA,NA,NA,N,4,0,1,3,A,-,04,21703,NA,N,C,C,A,A,H,-,A,D,0,NA,NA,NA,NA,Y,NA,A,01,0,0,1,0,0,0,0,0,0,-,-,NA,NA,LOS ANGELES,LOS ANGELES,-118.29168701171876,34.07632064819336
8586462,2018,2018-04-17,1942,2018-02-16,2355,40730,0159,5,5,7,1942,0,0,0,A,0,1A29,MATEO ST,7TH ST,0,NA,Y,A,-,N,NA,NA,NA,NA,NA,NA,NA,NA,NA,N,4,0,1,2,A,-,10,21950,A,N,G,B,B,A,H,-,C,A,0,Y,NA,NA,NA,Y,NA,D,22,0,0,1,0,1,0,0,0,0,-,-,NA,NA,LOS ANGELES,LOS ANGELES,-118.2322998046875,34.03459930419922
8586463,2018,2018-04-20,1942,2018-03-24,1835,26691,0212,6,5,7,1942,0,0,0,B,0,2A2,VERMONT AV,CLINTON ST,0,NA,Y,A,-,N,NA,NA,NA,NA,NA,NA,NA,NA,NA,Y,3,0,2,2,A,-,09,21801,B,N,D,C,A,A,H,-,A,A,0,NA,NA,NA,NA,Y,NA,A,01,0,1,1,0,0,0,0,0,0,-,-,NA,NA,LOS ANGELES,LOS ANGELES,-118.29171752929688,34.081748962402344