CASE_ID,ACCIDENT_YEAR,PROC_DATE,JURIS,COLLISION_DATE,COLLISION_TIME,OFFICER_ID,REPORTING_DISTRICT,DAY_OF_WEEK,CHP_SHIFT,POPULATION,CNTY_CITY_LOC,SPECIAL_COND,BEAT_TYPE,CHP_BEAT_TYPE,CITY_DIVISION_LAPD,CHP_BEAT_CLASS,BEAT_NUMBER,PRIMARY_RD,SECONDARY_RD,DISTANCE,DIRECTION,INTERSECTION,WEATHER_1,WEATHER_2,STATE_HWY_IND,CALTRANS_COUNTY,CALTRANS_DISTRICT,STATE_ROUTE,ROUTE_SUFFIX,POSTMILE_PREFIX,POSTMILE,LOCATION_TYPE,RAMP_INTERSECTION,SIDE_OF_HWY,TOW_AWAY,COLLISION_SEVERITY,NUMBER_KILLED,NUMBER_INJURED,PARTY_COUNT,PRIMARY_COLL_FACTOR,PCF_CODE_OF_VIOL,PCF_VIOL_CATEGORY,PCF_VIOLATION,PCF_VIOL_SUBSECTION,HIT_AND_RUN,TYPE_OF_COLLISION,MVIW,PED_ACTION,ROAD_SURFACE,ROAD_COND_1,ROAD_COND_2,LIGHTING,CONTROL_DEVICE,CHP_ROAD_TYPE,PEDESTRIAN_ACCIDENT,BICYCLE_ACCIDENT,MOTORCYCLE_ACCIDENT,TRUCK_ACCIDENT,NOT_PRIVATE_PROPERTY,ALCOHOL_INVOLVED,STWD_VEHTYPE_AT_FAULT,CHP_VEHTYPE_AT_FAULT,COUNT_SEVERE_INJ,COUNT_VISIBLE_INJ,COUNT_COMPLAINT_PAIN,COUNT_PED_KILLED,COUNT_PED_INJURED,COUNT_BICYCLIST_KILLED,COUNT_BICYCLIST_INJURED,COUNT_MC_KILLED,COUNT_MC_INJURED,PRIMARY_RAMP,SECONDARY_RAMP,LATITUDE,LONGITUDE,COUNTY,CITY,POINT_X,POINT_Y
8594084,2018,2018-04-18,1900,2018-03-28,1737,533363,2608,3,5,6,1950,0,0,0,NA,0,264T1,AVENUE S,POND AV,22,E,N,A,-,N,NA,NA,NA,NA,NA,NA,NA,NA,NA,Y,4,0,2,1,A,-,08,22107,NA,N,E,I,A,A,H,-,A,A,0,NA,NA,NA,NA,Y,NA,A,01,0,0,2,0,0,0,0,0,0,-,-,34.55876922607422,-118.07028198242188,LOS ANGELES,PALMDALE,-118.07046508789064,34.558101654052734
8594088,2018,2018-04-18,1900,2018-03-28,0711,522303,2612,3,5,6,1950,0,0,0,NA,0,261T1,RANCHO VISTA BL,20TH ST WEST,0,NA,Y,A,-,N,NA,NA,NA,NA,NA,NA,NA,NA,NA,Y,4,0,4,3,A,-,12,21453,A,N,D,C,A,A,H,-,A,A,0,NA,NA,NA,NA,Y,NA,A,07,0,0,4,0,0,0,0,0,0,-,-,34.601688385009766,-118.16545104980467,LOS ANGELES,PALMDALE,-118.16548,34.60174
8594092,2018,2018-04-18,1900,2018-03-26,1707,533363,2607,1,5,6,1950,0,0,0,NA,0,264T1,MONACO LN,50TH ST EAST,0,NA,Y,A,-,N,NA,NA,NA,NA,NA,NA,NA,NA,NA,Y,4,0,1,2,A,-,01,23152,A,F,D,C,A,-,H,-,A,D,0,NA,NA,NA,NA,Y,Y,A,07,0,0,1,0,0,0,0,0,0,-,-,NA,NA,LOS ANGELES,PALMDALE,-118.04060363769533,34.575889587402344
8594096,2018,2018-04-18,1900,2018-03-29,0730,522303,2612,4,5,6,1950,0,0,0,NA,0,261T1,25TH ST WEST,REDINGTON ST,0,NA,Y,A,-,N,NA,NA,NA,NA,NA,NA,NA,NA,NA,N,4,0,1,2,A,-,10,21950,A,N,G,B,B,A,H,-,A,A,0,Y,NA,NA,NA,Y,NA,A,01,0,0,1,0,1,0,0,0,0,-,-,34.58749008178711,-118.17415618896484,LOS ANGELES,PALMDALE,-118.17400360107422,34.587581634521484
8594100,2018,2018-04-18,1900,2018-03-21,0644,522303,2612,3,5,6,1950,0,0,0,NA,0,266,22ND ST W,MILLCREEK WY,139,S,N,C,-,N,NA,NA,NA,NA,NA,NA,NA,NA,NA,Y,3,0,1,1,A,-,01,23152,A,N,E,I,A,B,H,-,C,D,0,NA,NA,NA,NA,Y,NA,A,01,0,1,0,0,0,0,0,0,0,-,-,NA,NA,LOS ANGELES,PALMDALE,-118.16975402832033,34.59604263305664
8594104,2018,2018-04-18,1900,2018-03-12,1340,610418,2607,1,5,6,1950,0,0,0,NA,0,NA,PALMDALE BL,47TH ST EAST,1742,W,N,A,-,N,NA,NA,NA,NA,NA,NA,NA,NA,NA,N,4,0,2,2,A,-,07,21658,A,N,B,C,A,A,H,-,A,D,0,NA,NA,NA,NA,Y,NA,A,07,0,0,2,0,0,0,0,0,0,-,-,NA,NA,LOS ANGELES,PALMDALE,-118.050905,34.580084
8594108,2018,2018-04-18,1900,2018-03-19,1549,533363,2612,1,5,6,1950,0,0,0,NA,0,264T1,10TH ST WEST,MARKETPLACE DR,238,N,N,A,-,N,NA,NA,NA,NA,NA,NA,NA,NA,NA,Y,4,0,1,2,A,-,09,21804,A,N,B,C,A,A,H,-,A,A,0,NA,NA,Y,NA,Y,NA,C,02,0,0,1,0,0,0,0,0,1,-,-,NA,NA,LOS ANGELES,PALMDALE,-118.14778137207033,34.59865951538086
8594111,2018,2018-04-19,1900,2018-03-22,2100,615113,1348,4,5,3,1903,0,0,0,NA,0,134,CLARKDALE AV,ARTESIA BL,0,NA,Y,C,-,N,NA,NA,NA,NA,NA,NA,NA,NA,NA,N,4,0,1,2,A,-,01,23152,A,N,C,C,A,B,H,-,C,D,0,NA,NA,NA,NA,Y,Y,A,01,0,0,1,0,0,0,0,0,0,-,-,33.87308120727539,-118.08000183105467,LOS ANGELES,ARTESIA,-118.08003997802734,33.87311935424805
8594115,2018,2018-04-19,1900,2018-03-15,0600,619491,1331,4,5,5,1935,0,0,0,NA,0,133DE,ARTHURDALE ST,ARDIS AV,0,NA,Y,C,-,N,NA,NA,NA,NA,NA,NA,NA,NA,NA,N,4,0,1,2,A,-,12,22450,A,N,A,G,A,B,F,-,B,D,0,NA,Y,NA,NA,Y,NA,L,04,0,0,1,0,0,0,1,0,0,-,-,NA,NA,LOS ANGELES,LAKEWOOD,-118.12856292724608,33.90612030029297
8594119,2018,2018-04-19,1900,2018-03-21,0715,602250,1322,3,5,5,1935,0,0,0,NA,0,132T1,WOODRUFF AV,ALLINGTON ST,0,NA,Y,A,-,N,NA,NA,NA,NA,NA,NA,NA,NA,NA,N,3,0,1,2,A,-,10,21950,A,N,D,G,A,A,H,-,A,A,0,NA,Y,NA,NA,Y,NA,A,07,0,1,0,0,0,0,1,0,0,-,-,NA,NA,LOS ANGELES,LAKEWOOD,-118.1171875,33.86555099487305
8594123,2018,2018-04-19,1900,2018-03-20,1505,532457,1332,2,5,5,1908,0,0,0,NA,0,133T1P,CLARK AV,SOMERSET BL,0,NA,Y,B,-,N,NA,NA,NA,NA,NA,NA,NA,NA,NA,Y,2,0,2,2,A,-,09,21801,A,N,A,C,A,A,H,-,B,A,0,NA,NA,NA,NA,Y,NA,A,01,1,1,0,0,0,0,0,0,0,-,-,33.89659881591797,-118.13400268554688,LOS ANGELES,BELLFLOWER,-118.13404846191406,33.896541595458984
8594127,2018,2018-04-19,1900,2018-03-08,2107,610417,1352,4,5,3,1927,0,0,0,NA,0,135BP,SEINE AV,CARSON ST,1,S,N,A,-,N,NA,NA,NA,NA,NA,NA,NA,NA,NA,N,4,0,1,2,D,-,00,NA,NA,N,H,G,A,A,H,-,C,D,0,NA,Y,NA,NA,Y,Y,-,-,0,0,1,0,0,0,1,0,0,-,-,NA,NA,LOS ANGELES,HAWAIIAN GARDENS,-118.07826232910156,33.83151626586914
8594131,2018,2018-04-19,1900,2018-03-12,0830,475320,1365,1,5,5,1952,0,0,0,NA,0,139G6P,PARAMOUNT BL,2ND ST,0,NA,Y,A,-,N,NA,NA,NA,NA,NA,NA,NA,NA,NA,N,4,0,1,2,A,-,03,22350,NA,M,G,B,B,A,H,-,A,A,0,Y,NA,NA,NA,Y,Y,A,01,0,0,1,0,1,0,0,0,0,-,-,NA,NA,LOS ANGELES,PARAMOUNT,-118.16021728515624,33.898231506347656
8594135,2018,2018-04-19,1900,2018-03-09,1430,547282,1352,5,5,3,1927,0,0,0,NA,0,135A,CARSON ST,JUAN AV,8,W,N,A,-,N,NA,NA,NA,NA,NA,NA,NA,NA,NA,Y,4,0,1,2,A,-,12,21453,A,N,D,C,A,A,H,-,A,A,0,NA,NA,NA,NA,Y,NA,A,01,0,0,1,0,0,0,0,0,0,-,-,NA,NA,LOS ANGELES,HAWAIIAN GARDENS,-118.07562255859376,33.8315315246582
8594139,2018,2018-04-19,1900,2018-03-11,1945,552726,1331,7,5,5,1908,0,0,0,NA,0,133T1,FOSTER RD,COLDBROOK AV,325,E,N,A,-,N,NA,NA,NA,NA,NA,NA,NA,NA,NA,N,4,0,1,2,A,-,08,22107,NA,N,-,E,A,A,H,-,C,D,0,NA,NA,Y,NA,Y,NA,A,01,0,0,1,0,0,0,0,0,1,-,-,NA,NA,LOS ANGELES,BELLFLOWER,-118.121486,33.909763
8594143,2018,2018-04-19,1900,2018-03-09,0802,625498,1334,5,5,5,1908,0,0,0,NA,0,133T2,FLOWER ST,ARDMORE AV,0,NA,Y,A,-,N,NA,NA,NA,NA,NA,NA,NA,NA,NA,Y,4,0,2,2,A,-,09,21801,A,N,A,C,A,A,H,-,A,A,0,NA,NA,NA,NA,Y,NA,A,01,0,0,2,0,0,0,0,0,0,-,-,NA,NA,LOS ANGELES,BELLFLOWER,-118.1291275024414,33.882080078125
8594147,2018,2018-04-19,1900,2018-03-01,1948,437712,135B,4,5,3,1927,0,0,0,NA,0,1352,CARSON ST,JUAN AV,327,E,N,A,-,N,NA,NA,NA,NA,NA,NA,NA,NA,NA,N,4,0,1,2,A,-,12,21453,A,M,D,G,A,A,H,-,C,A,0,NA,Y,NA,NA,Y,NA,A,NA,0,0,1,0,0,0,1,0,0,-,-,NA,NA,LOS ANGELES,HAWAIIAN GARDENS,-118.07452392578124,33.8315315246582
8594151,2018,2018-04-19,1900,2018-03-01,1639,606644,1365,4,5,5,1952,0,0,0,NA,0,136B,JEFFERSON ST,PARAMOUNT BL,25,E,N,A,-,N,NA,NA,NA,NA,NA,NA,NA,NA,NA,N,4,0,1,2,A,-,17,22517,NA,N,B,G,A,A,H,-,A,D,0,NA,Y,NA,NA,Y,NA,A,01,0,0,1,0,0,0,1,0,0,-,-,NA,NA,LOS ANGELES,PARAMOUNT,-118.16007995605467,33.892948150634766
8594153,2018,2018-04-18,1942,2018-04-03,1645,34420,1549,2,5,7,1942,0,0,0,O,0,15A39,LANKERSHIM BL,CUMPSTON ST,0,NA,Y,A,-,N,NA,NA,NA,NA,NA,NA,NA,NA,NA,N,4,0,1,2,A,-,12,21453,A,F,D,G,A,A,H,-,A,A,0,NA,Y,NA,NA,Y,NA,-,99,0,0,1,0,0,0,1,0,0,-,-,NA,NA,LOS ANGELES,LOS ANGELES,-118.37770080566406,34.16999053955078
8594160,2018,2019-01-02,1900,2018-03-30,2330,527381,2612,5,5,6,1950,0,0,0,NA,0,262T1,ELIZABETH LAKE RD,25TH ST WEST,2059,W,N,A,-,N,NA,NA,NA,NA,NA,NA,NA,NA,NA,Y,4,0,1,1,A,-,01,23152,A,N,H,A,A,A,H,-,D,D,0,NA,NA,NA,NA,Y,Y,A,08,0,0,1,0,0,0,0,0,0,-,-,34.355899810791016,-118.10497283935548,LOS ANGELES,PALMDALE,-118.18001556396484,34.58356857299805
8594168,2018,2018-04-19,1975,2018-04-02,2100,450,NA,1,5,6,1975,0,0,0,NA,0,003,LARK ELLEN AV,SOUTH GARVEY AV,150,S,N,A,-,N,NA,NA,NA,NA,NA,NA,NA,NA,NA,Y,4,0,2,2,A,-,05,21651,NA,N,B,C,A,A,H,-,C,A,0,NA,NA,NA,NA,Y,NA,-,NA,0,0,2,0,0,0,0,0,0,-,-,NA,NA,LOS ANGELES,WEST COVINA,-117.91659545898438,34.07102966308594
8594170,2018,2018-04-18,1975,2018-03-29,1200,427,CITRU,4,5,6,1975,0,0,0,NA,0,TRAFFI,GLENDORA AV,MERCED AV,0,NA,Y,A,-,N,NA,NA,NA,NA,NA,NA,NA,NA,NA,N,3,0,1,2,A,-,05,21650,1,N,D,G,A,A,H,-,A,A,0,NA,Y,NA,NA,Y,NA,L,04,0,1,0,0,0,0,1,0,0,-,-,34.055519104003906,-117.93843841552734,LOS ANGELES,WEST COVINA,-117.93846893310548,34.05556106567383
8594172,2018,2018-04-19,1975,2018-04-06,1457,678,NA,5,5,6,1975,0,0,0,NA,0,005,AMAR RD,PASEO MERIDA,0,NA,Y,A,-,N,NA,NA,NA,NA,NA,NA,NA,NA,NA,Y,4,0,1,2,A,-,09,21801,A,N,D,C,A,A,H,-,A,D,0,NA,NA,NA,NA,Y,NA,A,01,0,0,1,0,0,0,0,0,0,-,-,NA,NA,LOS ANGELES,WEST COVINA,-117.89704895019533,34.02722930908203
8594176,2018,2018-04-19,1975,2018-04-06,1055,678,NA,5,5,6,1975,0,0,0,NA,0,002,WORKMAN AV,BARRANCA,175,W,N,A,-,N,NA,NA,NA,NA,NA,NA,NA,NA,NA,N,4,0,1,2,A,-,11,21954,A,N,G,B,B,A,H,-,A,D,0,Y,NA,NA,NA,Y,NA,N,60,0,0,1,0,1,0,0,0,0,-,-,NA,NA,LOS ANGELES,WEST COVINA,-117.88186645507813,34.07527160644531
8594180,2018,2018-04-19,1975,2018-04-05,1910,640,NA,4,5,6,1975,0,0,0,NA,0,006,ALTA MIRA DR,GREENLEAF,1000,N,N,B,-,N,NA,NA,NA,NA,NA,NA,NA,NA,NA,N,4,0,1,2,A,-,08,22107,NA,N,F,E,A,A,H,-,B,D,0,NA,NA,NA,NA,Y,NA,-,NA,0,0,1,0,0,0,0,0,0,-,-,NA,NA,LOS ANGELES,WEST COVINA,-117.90809631347656,34.027549743652344
8594184,2018,2018-04-18,1975,2018-04-10,0728,377,NA,2,5,6,1975,0,0,0,NA,0,003,BROADMOOR AV,FAIRGROVE AV,0,NA,Y,A,-,N,NA,NA,NA,NA,NA,NA,NA,NA,NA,Y,3,0,2,2,A,-,09,21802,A,N,D,C,A,A,H,-,A,A,0,NA,NA,Y,NA,Y,NA,A,01,0,1,1,0,0,0,0,0,1,-,-,34.04767990112305,-117.9570770263672,LOS ANGELES,WEST COVINA,-117.95703125,34.04766082763672
8594307,2018,2018-05-01,1900,2018-03-13,1525,451411,1329,2,5,5,1935,0,0,0,NA,0,132T1P,CANDLEWOOD ST,GRAYWOOD AV,0,NA,Y,C,-,N,NA,NA,NA,NA,NA,NA,NA,NA,NA,Y,4,0,4,2,A,-,12,21453,A,N,D,C,A,B,H,-,A,A,0,NA,NA,NA,NA,Y,NA,-,-,0,0,4,0,0,0,0,0,0,-,-,NA,NA,LOS ANGELES,LAKEWOOD,-118.13806915283205,33.85382843017578
8594319,2018,2018-04-20,1900,2018-03-10,0242,602978,1334,6,5,5,1908,0,0,0,NA,0,133T1,CLARK AV,FLOWER ST,10,S,N,B,-,N,NA,NA,NA,NA,NA,NA,NA,NA,NA,Y,4,0,1,1,A,-,08,22107,NA,N,E,I,A,A,H,-,C,A,0,NA,NA,NA,NA,Y,NA,A,01,0,0,1,0,0,0,0,0,0,-,-,NA,NA,LOS ANGELES,BELLFLOWER,-118.13395690917967,33.882022857666016
8594324,2018,2018-04-24,1942,2018-04-09,0825,34634,1781,1,5,7,1942,0,0,0,Q,0,17A81,NORDHOFF ST,DE SOTO AV,0,NA,Y,A,-,N,NA,NA,NA,NA,NA,NA,NA,NA,NA,Y,3,0,2,2,A,-,09,21801,A,N,A,C,A,A,H,-,A,A,0,NA,NA,NA,NA,Y,NA,D,22,0,1,1,0,0,0,0,0,0,-,-,NA,NA,LOS ANGELES,LOS ANGELES,-118.58854675292967,34.23548126220703
8594328,2018,2018-04-24,1942,2018-04-07,0955,39217,2149,6,5,7,1942,0,0,0,NA,0,21A29,WINNETKA AV,VANOWEN ST,0,NA,Y,A,-,N,NA,NA,NA,NA,NA,NA,NA,NA,NA,Y,3,0,1,2,A,-,09,21801,A,N,D,C,A,A,H,-,A,A,0,NA,NA,NA,NA,Y,NA,D,22,0,1,0,0,0,0,0,0,0,-,-,NA,NA,LOS ANGELES,LOS ANGELES,-118.57097625732422,34.193790435791016
8594329,2018,2018-07-30,1941,2018-04-06,2034,10788,NA,5,5,7,1941,0,0,0,NA,0,NA,SANTA FE AV,ANAHEIM ST,0,NA,Y,A,-,N,NA,NA,NA,NA,NA,NA,NA,NA,NA,Y,2,0,3,5,A,-,01,23153,A,M,D,C,A,A,H,-,C,A,0,NA,NA,NA,Y,Y,Y,A,NA,2,0,1,0,0,0,0,0,0,-,-,NA,NA,LOS ANGELES,LONG BEACH,-118.21549224853516,33.78274154663086
8594332,2018,2018-04-24,1942,2018-04-09,2255,41198,1917,1,5,7,1942,0,0,0,NA,0,19A7,SAYRE ST,FOOTHILL BL,70,W,N,A,-,N,NA,NA,NA,NA,NA,NA,NA,NA,NA,Y,4,0,1,2,A,-,08,22107,NA,F,B,C,A,A,H,-,C,A,0,NA,NA,NA,NA,Y,NA,D,22,0,0,1,0,0,0,0,0,0,-,-,NA,NA,LOS ANGELES,LOS ANGELES,-118.43393707275392,34.30998992919922
8594336,2018,2018-04-24,1942,2018-04-11,0030,37304,0916,3,5,7,1942,0,0,0,I,0,9A19,CANTALOUPE AV,HART ST,0,NA,Y,A,-,N,NA,NA,NA,NA,NA,NA,NA,NA,NA,Y,4,0,3,2,A,-,09,21802,A,F,D,C,A,A,H,-,C,A,0,NA,NA,NA,NA,Y,NA,D,22,0,0,3,0,0,0,0,0,0,-,-,NA,NA,LOS ANGELES,LOS ANGELES,-118.43450927734376,34.197540283203125
8594341,2018,2018-04-20,1941,2018-04-08,1955,5163,NA,7,5,7,1941,0,0,0,NA,0,NA,2ND ST,SHOPKEEPER RD,171,W,N,A,-,N,NA,NA,NA,NA,NA,NA,NA,NA,NA,Y,3,0,1,3,A,-,03,22350,NA,N,C,C,A,A,H,-,C,A,0,NA,NA,NA,NA,Y,Y,A,NA,0,1,0,0,0,0,0,0,0,-,-,NA,NA,LOS ANGELES,LONG BEACH,-118.10892486572266,33.758758544921875
8594355,2018,2018-04-27,1955,2018-03-23,1320,42386,94,5,5,6,1955,0,0,0,NA,0,004,9TH ST,PALOMARES ST,0,NA,Y,A,-,N,NA,NA,NA,NA,NA,NA,NA,NA,NA,N,3,0,3,2,A,-,03,22350,NA,N,C,C,A,A,H,-,A,A,0,NA,NA,NA,NA,Y,NA,A,01,0,2,1,0,0,0,0,0,0,-,-,NA,NA,LOS ANGELES,POMONA,-117.74556732177734,34.05155944824219
8594359,2018,2018-04-27,1955,2018-03-28,1718,41971,49,3,5,6,1955,0,0,0,NA,0,001,HOLT AV,CURRIER ST,8,S,N,A,-,N,NA,NA,NA,NA,NA,NA,NA,NA,NA,Y,3,0,2,2,A,-,09,21801,A,N,D,C,A,A,H,-,A,D,0,NA,NA,NA,NA,Y,NA,A,01,0,2,0,0,0,0,0,0,0,-,-,NA,NA,LOS ANGELES,POMONA,-117.768310546875,34.061920166015625
8594363,2018,2018-04-27,1976,2018-03-16,0909,466,NA,5,5,5,1976,0,0,0,NA,0,002,CAMILLA ST,PICKERING AV,0,NA,Y,A,-,N,NA,NA,NA,NA,NA,NA,NA,NA,NA,Y,4,0,2,2,A,-,09,21802,A,N,D,C,A,A,H,-,A,A,0,NA,NA,NA,NA,Y,NA,A,01,0,0,2,0,0,0,0,0,0,-,-,NA,NA,LOS ANGELES,WHITTIER,-118.04206085205078,33.98447036743164
8594370,2018,2018-04-20,1942,2018-04-06,1200,36733,1785,5,5,7,1942,0,0,0,Q,0,17A67,NORDHOFF ST,RESEDA BL,150,E,N,A,-,N,NA,NA,NA,NA,NA,NA,NA,NA,NA,N,4,0,1,2,A,-,09,21804,A,N,D,C,A,A,H,-,A,D,0,NA,NA,Y,NA,Y,NA,A,01,0,0,1,0,0,0,0,0,1,-,-,NA,NA,LOS ANGELES,LOS ANGELES,-118.53559112548828,34.23544692993164
8594374,2018,2018-04-20,1942,2018-04-08,0740,38191,1764,7,5,7,1942,0,0,0,Q,0,17A81,PLUMMER ST,CORBIN AV,0,NA,Y,A,-,N,NA,NA,NA,NA,NA,NA,NA,NA,NA,Y,4,0,1,2,A,-,12,21453,A,N,D,C,A,A,H,-,A,A,0,NA,NA,NA,NA,Y,NA,A,01,0,0,1,0,0,0,0,0,0,-,-,NA,NA,LOS ANGELES,LOS ANGELES,-118.5623016357422,34.24272155761719
8594375,2018,2018-06-14,1976,2018-03-23,0809,451,1976,5,5,5,1976,0,0,0,NA,0,001,PILGRIM WY,MAGNOLIA AV,135,E,N,A,-,N,NA,NA,NA,NA,NA,NA,NA,NA,NA,N,4,0,2,2,D,-,00,NA,NA,N,H,C,A,A,H,-,A,D,0,NA,NA,NA,NA,Y,NA,-,-,0,0,2,0,0,0,0,0,0,-,-,NA,NA,LOS ANGELES,WHITTIER,-118.05030822753906,33.98828125
8594378,2018,2018-04-20,1942,2018-04-03,0235,43032,1752,2,5,7,1942,0,0,0,Q,0,17A35,SESNON BL,BEAUFAIT AV,0,NA,Y,A,-,N,NA,NA,NA,NA,NA,NA,NA,NA,NA,N,3,0,1,1,A,-,03,22350,NA,N,E,I,A,A,H,-,C,D,0,NA,NA,NA,NA,Y,NA,A,01,0,1,0,0,0,0,0,0,0,-,-,NA,NA,LOS ANGELES,LOS ANGELES,-118.54181671142578,34.29650115966797
8594391,2018,2018-04-25,1976,2018-04-09,0955,209,NA,1,5,5,1976,0,0,0,NA,0,003,COLIMA RD,YOUNGWOOD DR,399,N,N,A,-,N,NA,NA,NA,NA,NA,NA,NA,NA,NA,Y,4,0,2,2,A,-,03,22350,NA,N,C,C,A,A,H,-,A,A,0,NA,NA,NA,NA,Y,NA,D,22,0,0,2,0,0,0,0,0,0,-,-,NA,NA,LOS ANGELES,WHITTIER,-118.00184631347656,33.955989837646484
8594393,2018,2018-04-20,1942,2018-04-10,1800,38273,1999,2,5,7,1942,0,0,0,NA,0,19A93,STRATHERN ST,WOODMAN AV,100,E,N,A,-,N,NA,NA,NA,NA,NA,NA,NA,NA,NA,N,4,0,1,2,A,-,11,21954,A,F,G,B,E,A,H,-,A,D,0,Y,NA,NA,NA,Y,NA,N,60,0,0,1,0,1,0,0,0,0,-,-,NA,NA,LOS ANGELES,LOS ANGELES,-118.43113708496094,34.21564865112305
8594397,2018,2018-04-20,1942,2018-04-05,1620,31688,1621,4,5,7,1942,0,0,0,P,0,16A11,FILMORE ST,LAUREL CANYON BL,0,NA,Y,A,-,N,NA,NA,NA,NA,NA,NA,NA,NA,NA,N,4,0,1,2,A,-,09,21453,B,F,G,B,B,A,H,-,A,A,0,Y,NA,NA,NA,Y,NA,-,99,0,0,1,0,1,0,0,0,0,-,-,NA,NA,LOS ANGELES,LOS ANGELES,-118.43524932861328,34.26176071166992
8594398,2018,2018-07-30,1941,2018-04-01,0554,10846,NA,7,5,7,1941,0,0,0,NA,0,NA,LAKEWOOD BL,LIGHT POLE HB 1258,86,N,N,A,-,N,NA,NA,NA,NA,NA,NA,NA,NA,NA,Y,3,0,1,6,A,-,03,22350,NA,N,B,E,A,A,H,-,B,D,0,NA,NA,Y,NA,Y,NA,A,NA,0,1,0,0,0,0,0,0,0,-,-,NA,NA,LOS ANGELES,LONG BEACH,NA,NA
8594482,2018,2018-04-26,1965,2018-03-16,1308,3553,0B1H,5,5,5,1965,0,0,0,NA,0,B001,4TH ST,OLYMPIC DR,0,NA,Y,B,-,N,NA,NA,NA,NA,NA,NA,NA,NA,NA,Y,4,0,5,3,A,-,12,21453,A,N,D,C,A,A,H,-,A,A,0,NA,NA,NA,NA,Y,NA,I,20,0,0,5,0,0,0,0,0,0,-,-,NA,NA,LOS ANGELES,SANTA MONICA,-118.49002838134766,34.01205062866211
8594484,2018,2018-05-16,1941,2018-03-21,0152,6148,NA,3,5,7,1941,0,0,0,NA,0,NA,CENTRALIA ST,STANBRIDGE,55,W,N,A,-,N,NA,NA,NA,NA,NA,NA,NA,NA,NA,Y,4,0,1,1,A,-,01,23152,A,N,E,I,A,A,H,-,C,A,0,NA,NA,NA,NA,Y,Y,A,NA,0,0,1,0,0,0,0,0,0,-,-,NA,NA,LOS ANGELES,LONG BEACH,-118.12860107421876,33.839561462402344
8594645,2018,2018-04-24,1955,2018-03-02,2220,42145,74,5,5,6,1955,0,0,0,NA,0,005,SANTA CLARA DR,VILLAGE LOOP DR,300,W,N,C,-,N,NA,NA,NA,NA,NA,NA,NA,NA,NA,Y,3,0,1,1,A,-,08,22107,NA,N,E,I,A,B,H,-,C,D,0,NA,NA,NA,NA,Y,NA,A,01,0,1,0,0,0,0,0,0,0,-,-,NA,NA,LOS ANGELES,POMONA,-117.78168487548828,34.03643035888672
8594653,2018,2018-04-24,1941,2018-03-23,1624,5497,NA,5,5,7,1941,0,0,0,NA,0,NA,7TH ST,MARTIN LUTHER KING,0,NA,Y,A,-,N,NA,NA,NA,NA,NA,NA,NA,NA,NA,N,4,0,1,2,A,-,00,20001,NA,F,G,B,B,A,H,-,A,A,0,Y,NA,NA,NA,Y,NA,A,NA,0,0,1,0,1,0,0,0,0,-,-,NA,NA,LOS ANGELES,LONG BEACH,-118.18067932128906,33.77534103393555
8594657,2018,2018-04-24,1941,2018-03-20,1542,5737,NA,2,5,7,1941,0,0,0,NA,0,NA,CHERRY AV,ANAHEIM,150,N,N,A,-,N,NA,NA,NA,NA,NA,NA,NA,NA,NA,N,4,0,1,3,A,-,03,22350,NA,N,B,C,A,A,H,-,A,D,0,NA,NA,NA,NA,Y,NA,A,NA,0,0,1,0,0,0,0,0,0,-,-,NA,NA,LOS ANGELES,LONG BEACH,-118.16766357421876,33.78302001953125
8594664,2018,2018-04-26,1942,2018-04-07,2130,40383,1964,6,5,7,1942,0,0,0,NA,0,19A75,VAN NUYS BL,TUPPER ST,210,N,N,A,-,N,NA,NA,NA,NA,NA,NA,NA,NA,NA,Y,3,0,2,2,A,-,01,23152,A,F,C,C,A,A,H,-,C,D,0,NA,NA,NA,NA,Y,Y,A,01,0,2,0,0,0,0,0,0,0,-,-,NA,NA,LOS ANGELES,LOS ANGELES,-118.45023345947266,34.23959732055664
8594665,2018,2018-04-24,1941,2018-03-03,1125,10916,NA,6,5,7,1941,0,0,0,NA,0,NA,ATLANTIC AV,ATLANTIC AV 185,0,NA,N,A,-,N,NA,NA,NA,NA,NA,NA,NA,NA,NA,N,3,0,1,2,D,-,00,NA,NA,F,G,B,E,A,H,-,A,D,0,Y,NA,NA,NA,Y,NA,-,-,0,1,0,0,1,0,0,0,0,-,-,NA,NA,LOS ANGELES,LONG BEACH,-118.18505,33.769013
8594668,2018,2018-04-25,1942,2018-04-08,1840,42469,1908,7,5,7,1942,0,0,0,NA,0,19A7,HARDING ST,ELDRIDGE AV,15,W,N,A,-,N,NA,NA,NA,NA,NA,NA,NA,NA,NA,Y,4,0,2,2,A,-,01,23152,A,N,A,C,A,A,H,-,B,A,0,NA,NA,NA,NA,Y,Y,D,22,0,0,2,0,0,0,0,0,0,-,-,NA,NA,LOS ANGELES,LOS ANGELES,-118.41367340087892,34.30842208862305