CASE_ID,ACCIDENT_YEAR,PROC_DATE,JURIS,COLLISION_DATE,COLLISION_TIME,OFFICER_ID,REPORTING_DISTRICT,DAY_OF_WEEK,CHP_SHIFT,POPULATION,CNTY_CITY_LOC,SPECIAL_COND,BEAT_TYPE,CHP_BEAT_TYPE,CITY_DIVISION_LAPD,CHP_BEAT_CLASS,BEAT_NUMBER,PRIMARY_RD,SECONDARY_RD,DISTANCE,DIRECTION,INTERSECTION,WEATHER_1,WEATHER_2,STATE_HWY_IND,CALTRANS_COUNTY,CALTRANS_DISTRICT,STATE_ROUTE,ROUTE_SUFFIX,POSTMILE_PREFIX,POSTMILE,LOCATION_TYPE,RAMP_INTERSECTION,SIDE_OF_HWY,TOW_AWAY,COLLISION_SEVERITY,NUMBER_KILLED,NUMBER_INJURED,PARTY_COUNT,PRIMARY_COLL_FACTOR,PCF_CODE_OF_VIOL,PCF_VIOL_CATEGORY,PCF_VIOLATION,PCF_VIOL_SUBSECTION,HIT_AND_RUN,TYPE_OF_COLLISION,MVIW,PED_ACTION,ROAD_SURFACE,ROAD_COND_1,ROAD_COND_2,LIGHTING,CONTROL_DEVICE,CHP_ROAD_TYPE,PEDESTRIAN_ACCIDENT,BICYCLE_ACCIDENT,MOTORCYCLE_ACCIDENT,TRUCK_ACCIDENT,NOT_PRIVATE_PROPERTY,ALCOHOL_INVOLVED,STWD_VEHTYPE_AT_FAULT,CHP_VEHTYPE_AT_FAULT,COUNT_SEVERE_INJ,COUNT_VISIBLE_INJ,COUNT_COMPLAINT_PAIN,COUNT_PED_KILLED,COUNT_PED_INJURED,COUNT_BICYCLIST_KILLED,COUNT_BICYCLIST_INJURED,COUNT_MC_KILLED,COUNT_MC_INJURED,PRIMARY_RAMP,SECONDARY_RAMP,LATITUDE,LONGITUDE,COUNTY,CITY,POINT_X,POINT_Y
8596393,2018,2018-05-11,1942,2018-03-09,1220,34862,969,5,5,7,1942,0,0,0,NA,0,9A89,MAGNOLIA BL,COLDWATER CANYON,275,W,N,A,-,N,NA,NA,NA,NA,NA,NA,NA,NA,NA,N,4,0,1,2,A,-,10,21954,B,N,G,B,E,A,H,-,A,D,0,Y,NA,NA,NA,Y,NA,-,NA,0,0,1,0,1,0,0,0,0,-,-,NA,NA,LOS ANGELES,LOS ANGELES,-118.41471099853516,34.16487121582031
8596394,2018,2018-05-08,1900,2018-03-28,1730,514712,0542,3,5,3,1921,0,0,0,NA,0,58T1PM,ROYAL OAKS DR,CHIMES AV,600,E,N,A,-,N,NA,NA,NA,NA,NA,NA,NA,NA,NA,Y,3,0,2,2,A,-,09,21804,A,N,D,C,A,A,H,-,A,D,0,NA,NA,NA,NA,Y,NA,A,01,0,2,0,0,0,0,0,0,0,-,-,34.14310836791992,-117.96190643310548,LOS ANGELES,DUARTE,-117.9619140625,34.14308166503906
8596395,2018,2018-04-19,1942,2018-03-23,1455,38581,1012,5,5,7,1942,0,0,0,J,0,10A3,SATICOY ST,RESEDA BL,0,NA,Y,A,-,N,NA,NA,NA,NA,NA,NA,NA,NA,NA,N,4,0,1,2,A,-,09,21801,A,N,B,C,A,A,H,-,A,A,0,NA,NA,NA,NA,Y,NA,D,22,0,0,1,0,0,0,0,0,0,-,-,NA,NA,LOS ANGELES,LOS ANGELES,-118.53604888916016,34.20840835571289
8596397,2018,2018-04-17,1942,2018-03-30,1130,26020,1841,5,5,7,1942,0,0,0,R,0,25MQ11,VERMONT AV,106TH ST,15,S,N,A,-,N,NA,NA,NA,NA,NA,NA,NA,NA,NA,Y,4,0,2,2,A,-,09,21802,A,N,D,C,A,A,H,-,A,A,0,NA,NA,NA,NA,Y,NA,A,01,0,0,2,0,0,0,0,0,0,-,-,NA,NA,LOS ANGELES,LOS ANGELES,-118.291613,33.939844
8596398,2018,2018-05-08,1900,2018-03-26,0945,524687,0543,1,5,3,1921,0,0,0,NA,0,58T1AM,HUNTINGTON DR,ENCANTO PKWY,0,NA,Y,A,-,N,NA,NA,NA,NA,NA,NA,NA,NA,NA,N,4,0,2,2,A,-,09,21802,A,N,D,C,A,A,H,-,A,D,0,NA,NA,NA,NA,Y,NA,A,01,0,0,2,0,0,0,0,0,0,-,-,34.138031005859375,-117.9448699951172,LOS ANGELES,DUARTE,-117.94480895996094,34.1380500793457
8596399,2018,2018-05-07,1942,2018-04-04,1810,40542,1033,3,5,7,1942,0,0,0,J,0,10A21,SYLVIA AV,FRIAR ST,20,N,N,A,-,N,NA,NA,NA,NA,NA,NA,NA,NA,NA,N,3,0,4,2,A,-,05,21650,NA,N,B,C,A,A,H,-,A,D,0,NA,NA,NA,NA,Y,NA,A,01,0,3,1,0,0,0,0,0,0,-,-,NA,NA,LOS ANGELES,LOS ANGELES,-118.55236053466795,34.18571472167969
8596401,2018,2018-04-19,1926,2018-04-05,2026,0047,NA,4,5,5,1926,0,0,0,NA,0,004,GLADSTONE ST,WILLOW AV,0,NA,Y,A,-,N,NA,NA,NA,NA,NA,NA,NA,NA,NA,Y,4,0,1,2,A,-,09,21801,B,N,-,C,A,A,H,-,C,A,0,NA,NA,NA,NA,Y,NA,A,01,0,0,1,0,0,0,0,0,0,-,-,NA,NA,LOS ANGELES,GLENDORA,-117.83982849121094,34.11394119262695
8596410,2018,2018-04-26,1900,2018-04-02,2300,528119,05215,1,5,4,1971,0,0,0,NA,0,918-04,TEMPLE CITY BL,LONGDEN AV,0,NA,Y,A,-,N,NA,NA,NA,NA,NA,NA,NA,NA,NA,Y,3,0,2,2,A,-,09,21801,A,N,A,C,A,A,H,-,C,A,0,NA,NA,NA,NA,Y,NA,A,01,0,2,0,0,0,0,0,0,0,-,-,34.11383056640625,-118.0623016357422,LOS ANGELES,TEMPLE CITY,-118.06230926513672,34.113861083984375
8596428,2018,2018-05-29,1942,2018-01-04,1530,40274,1101,4,5,7,1942,0,0,0,K,0,11A1,RIVERSIDE DR,SONORA AV,340,S,N,A,-,N,NA,NA,NA,NA,NA,NA,NA,NA,NA,N,3,0,1,2,A,-,08,22107,NA,N,C,G,A,A,H,-,A,D,0,NA,Y,NA,Y,Y,NA,-,-,0,1,0,0,0,0,1,0,0,-,-,NA,NA,LOS ANGELES,LOS ANGELES,-118.29583740234376,34.15797424316406
8596432,2018,2018-05-25,1942,2018-01-13,0753,31152,0111,6,5,7,1942,0,0,0,A,0,1A1,BROADWAY,ALPINE ST,130,S,N,A,-,N,NA,NA,NA,NA,NA,NA,NA,NA,NA,Y,4,0,1,2,A,-,08,22107,NA,N,B,C,A,A,H,-,A,A,0,NA,NA,NA,NA,Y,NA,I,20,0,0,1,0,0,0,0,0,0,-,-,NA,NA,LOS ANGELES,LOS ANGELES,-118.2385025024414,34.06203079223633
8596436,2018,2018-04-24,1942,2018-02-01,2000,40193,0269,4,5,7,1942,0,0,0,B,0,2A45,GARLAND AV,W 8TH ST,0,NA,Y,A,-,N,NA,NA,NA,NA,NA,NA,NA,NA,NA,N,3,0,1,2,A,-,05,21650,1,N,D,G,A,A,H,-,C,A,0,NA,Y,NA,NA,Y,NA,L,04,0,1,0,0,0,0,1,0,0,-,-,NA,NA,LOS ANGELES,LOS ANGELES,-118.2677001953125,34.04964065551758
8596456,2018,2018-05-07,1942,2018-03-24,1610,39759,0192,6,5,7,1942,0,0,0,A,0,1A61,S FIGUEROA ST,VENICE BL,25,S,N,A,-,N,NA,NA,NA,NA,NA,NA,NA,NA,NA,N,4,0,2,3,A,-,07,21658,A,N,C,C,A,A,H,-,A,D,0,NA,NA,NA,NA,Y,NA,A,01,0,0,2,0,0,0,0,0,0,-,-,NA,NA,LOS ANGELES,LOS ANGELES,-118.27008819580078,34.03744888305664
8596469,2018,2018-04-19,1900,2018-04-02,2055,509623,0977,1,5,4,1979,0,0,0,NA,0,91T2,SUNSET BL,SAN VICENTE BL,97,E,N,A,-,N,NA,NA,NA,NA,NA,NA,NA,NA,NA,Y,3,0,1,2,A,-,03,22350,NA,N,-,C,A,A,H,-,C,A,0,NA,NA,NA,NA,Y,NA,A,01,0,1,0,0,0,0,0,0,0,-,-,34.09054946899414,-118.38500213623048,LOS ANGELES,WEST HOLLYWOOD,-118.38523864746094,34.09066390991211
8596474,2018,2018-04-26,1942,2018-04-01,1945,40440,1822,7,5,7,1942,0,0,0,R,0,18A17,S GRAND AV,94TH ST,140,N,N,A,-,N,NA,NA,NA,NA,NA,NA,NA,NA,NA,Y,3,0,1,1,A,-,01,23152,A,N,E,I,A,A,H,-,C,D,0,NA,NA,NA,NA,Y,Y,A,08,0,1,0,0,0,0,0,0,0,-,-,NA,NA,LOS ANGELES,LOS ANGELES,-118.27961730957033,33.95139694213867
8596477,2018,2018-04-19,1942,2018-04-01,1055,42665,1881,7,5,7,1942,0,0,0,R,0,18A97,REDONDO BEACH BL,ORCHARD AV,60,W,N,A,-,N,NA,NA,NA,NA,NA,NA,NA,NA,NA,N,4,0,1,2,A,-,07,21658,A,N,-,-,A,A,H,-,A,D,0,NA,NA,NA,NA,Y,NA,A,01,0,0,1,0,0,0,0,0,0,-,-,NA,NA,LOS ANGELES,LOS ANGELES,-118.2885284423828,33.89257049560547
8596495,2018,2018-04-17,1900,2018-03-01,0030,519547,0976,4,5,4,1979,0,0,0,NA,0,91T1,FOUNTAIN AV,SWEETZER AV,0,NA,Y,A,-,N,NA,NA,NA,NA,NA,NA,NA,NA,NA,Y,4,0,1,2,A,-,12,21453,A,N,D,C,A,A,H,-,C,A,0,NA,NA,NA,NA,Y,NA,A,07,0,0,1,0,0,0,0,0,0,-,-,NA,NA,LOS ANGELES,WEST HOLLYWOOD,-118.37030029296876,34.0943717956543
8596499,2018,2018-04-17,1900,2018-03-28,2224,526486,0986,3,5,4,1979,0,0,0,NA,0,91T2,SUNSET BL,WEATHERLY DR,25,E,N,A,-,N,NA,NA,NA,NA,NA,NA,NA,NA,NA,N,4,0,1,2,A,-,00,21950,2,N,G,B,C,A,H,-,C,D,0,Y,NA,NA,NA,Y,NA,A,01,0,0,1,0,1,0,0,0,0,-,-,34.090248107910156,-118.38829040527344,LOS ANGELES,WEST HOLLYWOOD,-118.38845825195313,34.090633392333984
8596503,2018,2018-04-17,1900,2018-03-16,1008,443069,0972,5,5,4,1979,0,0,0,NA,0,92T1,ROBERTSON BL,BEVERLY BL,4,N,N,A,-,N,NA,NA,NA,NA,NA,NA,NA,NA,NA,N,4,0,1,2,A,-,10,21950,A,N,G,B,B,A,H,-,A,D,0,Y,NA,NA,NA,Y,NA,A,01,0,0,1,0,1,0,0,0,0,-,-,NA,NA,LOS ANGELES,WEST HOLLYWOOD,-118.38372039794922,34.07720947265625
8596507,2018,2018-04-17,1900,2018-03-29,2213,527698,0975,4,5,4,1979,0,0,0,NA,0,93T1,FOUNTAIN AV,FAIRFAX AV,0,NA,Y,A,-,N,NA,NA,NA,NA,NA,NA,NA,NA,NA,Y,4,0,1,2,A,-,12,21453,A,N,A,C,A,A,H,-,C,A,0,NA,NA,NA,NA,Y,NA,A,01,0,0,1,0,0,0,0,0,0,-,-,NA,NA,LOS ANGELES,WEST HOLLYWOOD,-118.36154174804688,34.094459533691406
8596511,2018,2018-04-17,1900,2018-03-10,1828,536345,0973,6,5,4,1979,0,0,0,NA,0,93T2,LA BREA AV,SANTA MONICA BL,51,S,N,C,-,N,NA,NA,NA,NA,NA,NA,NA,NA,NA,N,4,0,1,2,A,-,03,22350,NA,M,C,C,A,B,H,-,C,D,0,NA,NA,NA,NA,Y,NA,A,01,0,0,1,0,0,0,0,0,0,-,-,NA,NA,LOS ANGELES,WEST HOLLYWOOD,-118.34407806396484,34.09056091308594
8596515,2018,2018-04-17,1900,2018-03-03,0713,443069,0975,6,5,4,1979,0,0,0,NA,0,92T1,SANTA MONICA BL,CRESCENT HEIGHTS BL,0,NA,Y,A,-,N,NA,NA,NA,NA,NA,NA,NA,NA,NA,Y,4,0,3,4,A,-,12,21453,A,N,D,C,A,A,H,-,C,D,0,NA,NA,NA,NA,Y,NA,A,07,0,0,3,0,0,0,0,0,0,-,-,NA,NA,LOS ANGELES,WEST HOLLYWOOD,-118.36593627929688,34.090789794921875
8596522,2018,2018-04-23,1976,2018-03-14,0118,452,1976,3,5,5,1976,0,0,0,NA,0,002,PICKERING AV,PASADENA ST,0,NA,Y,C,-,N,NA,NA,NA,NA,NA,NA,NA,NA,NA,N,4,0,2,2,A,-,09,21802,A,N,D,C,A,B,H,-,C,A,0,NA,NA,NA,NA,Y,NA,A,01,0,0,2,0,0,0,0,0,0,-,-,NA,NA,LOS ANGELES,WHITTIER,-118.04206085205078,33.985408782958984
8596526,2018,2018-04-23,1976,2018-03-09,1055,469,NA,5,5,5,1976,0,0,0,NA,0,NA,HADLEY ST,MILTON AV,0,NA,Y,A,-,N,NA,NA,NA,NA,NA,NA,NA,NA,NA,Y,4,0,1,2,A,-,12,21453,A,N,D,C,A,A,H,-,A,A,0,NA,NA,NA,NA,Y,NA,A,01,0,0,1,0,0,0,0,0,0,-,-,NA,NA,LOS ANGELES,WHITTIER,-118.03971099853516,33.98271942138672
8596527,2018,2018-04-17,1900,2018-03-25,1808,551347,0535,7,5,5,1959,0,0,0,NA,0,53T1PM,SAN GABRIEL BL,WALNUT GROVE AV,182,E,N,A,-,N,NA,NA,NA,NA,NA,NA,NA,NA,NA,Y,3,0,1,2,A,-,12,21453,A,N,A,C,A,A,H,-,B,A,0,NA,NA,NA,NA,Y,NA,-,NA,0,1,0,0,0,0,0,0,0,-,-,34.04051971435547,-118.0815200805664,LOS ANGELES,ROSEMEAD,-118.0816650390625,34.04045867919922
8596535,2018,2018-04-17,1900,2018-03-16,0318,534581,0542,5,5,3,1921,0,0,0,NA,0,58T1EM,HUNTINGTON DR,HIGHLAND AV,33,E,N,A,-,N,NA,NA,NA,NA,NA,NA,NA,NA,NA,N,3,0,1,2,A,-,08,22107,NA,N,B,G,A,A,H,-,C,D,0,NA,Y,NA,NA,Y,NA,A,01,0,1,0,0,0,0,1,0,0,-,-,34.139610290527344,-117.96620941162108,LOS ANGELES,DUARTE,-117.9665298461914,34.13965606689453
8596570,2018,2018-04-27,1934,2018-03-23,1953,786,1934,5,5,1,1934,0,0,0,NA,0,001,ARROW HWY,VINCENT AV,0,NA,Y,A,-,N,NA,NA,NA,NA,NA,NA,NA,NA,NA,Y,3,0,2,3,A,-,09,21801,A,N,C,C,A,A,H,-,C,A,0,NA,NA,NA,NA,Y,Y,A,01,0,1,1,0,0,0,0,0,0,-,-,NA,NA,LOS ANGELES,IRWINDALE,-117.92537689208984,34.10694122314453
8596613,2018,2018-08-07,1934,2018-02-23,2356,786,1934,5,5,1,1934,0,0,0,NA,0,NA,ARROW HWY,LIVE OAK LN,0,NA,Y,A,-,Y,LA,7,605,-,-,24.152,R,4,N,Y,4,0,2,2,A,-,08,22107,NA,N,B,C,A,A,H,-,C,D,0,NA,NA,NA,NA,Y,Y,-,NA,0,0,2,0,0,0,0,0,0,-,-,NA,NA,LOS ANGELES,IRWINDALE,-117.97527313232422,34.11692428588867
8596615,2018,2018-05-10,1900,2018-04-02,1345,600726,0468,1,5,4,1936,0,0,0,NA,0,46T1D,ROSECRANS AV,STANTON AV,83,W,N,A,-,N,NA,NA,NA,NA,NA,NA,NA,NA,NA,N,4,0,1,3,A,-,04,21703,NA,N,C,C,A,A,H,-,A,A,0,NA,NA,NA,Y,Y,NA,D,22,0,0,1,0,0,0,0,0,0,-,-,NA,NA,LOS ANGELES,LA MIRADA,-117.99329376220705,33.898502349853516
8596637,2018,2018-04-30,1934,2018-03-23,1957,782,1934,5,5,1,1934,0,0,0,NA,0,001,IRWINDALE AV,1ST ST,0,NA,Y,C,-,N,NA,NA,NA,NA,NA,NA,NA,NA,NA,Y,3,0,1,2,D,-,00,NA,NA,N,D,C,A,B,H,-,C,A,0,NA,NA,NA,Y,Y,NA,-,-,0,1,0,0,0,0,0,0,0,-,-,NA,NA,LOS ANGELES,IRWINDALE,-117.93390655517578,34.121559143066406
8596648,2018,2018-04-23,1942,2018-03-05,0720,31674,398,1,5,7,1942,0,0,0,NA,0,25MQ14,JEFFERSON BL,ROYAL ST,80,W,N,A,-,N,NA,NA,NA,NA,NA,NA,NA,NA,NA,Y,4,0,1,3,A,-,03,22350,NA,N,C,-,A,A,H,-,A,D,0,NA,NA,NA,NA,Y,NA,A,07,0,0,1,0,0,0,0,0,0,-,-,NA,NA,LOS ANGELES,LOS ANGELES,-118.28260040283205,34.023014068603516
8596724,2018,2018-05-07,1942,2018-04-01,1915,42076,0301,7,5,7,1942,0,0,0,C,0,3A1,FAIRFAX,ADAMS,200,S,N,A,-,N,NA,NA,NA,NA,NA,NA,NA,NA,NA,N,4,0,2,2,A,-,04,21703,NA,N,C,C,A,A,H,-,C,A,0,NA,NA,NA,NA,Y,NA,A,07,0,0,2,0,0,0,0,0,0,-,-,NA,NA,LOS ANGELES,LOS ANGELES,-118.37100982666016,34.031925201416016
8596727,2018,2018-04-17,1900,2018-03-16,1141,443069,0976,5,5,4,1979,0,0,0,NA,0,92T1,FOUNTAIN AV,SWEETZER AV,0,NA,Y,A,-,N,NA,NA,NA,NA,NA,NA,NA,NA,NA,N,4,0,1,2,A,-,12,21453,A,N,D,C,A,A,H,-,A,D,0,NA,NA,Y,NA,Y,NA,C,06,0,0,1,0,0,0,0,0,0,-,-,NA,NA,LOS ANGELES,WEST HOLLYWOOD,-118.37030029296876,34.0943717956543
8596732,2018,2018-05-03,1942,2018-04-02,1747,41159,1846,1,5,7,1942,0,0,0,R,0,18U4,114TH ST,EVERS,0,NA,Y,A,-,N,NA,NA,NA,NA,NA,NA,NA,NA,NA,Y,4,0,1,2,A,-,21,22106,NA,N,D,C,A,A,H,-,A,D,0,NA,NA,NA,NA,Y,NA,A,01,0,0,1,0,0,0,0,0,0,-,-,NA,NA,LOS ANGELES,LOS ANGELES,-118.24727630615234,33.931121826171875
8596740,2018,2018-05-03,1942,2018-04-04,1440,36828,1864,3,5,7,1942,0,0,0,R,0,18A17,CENTRAL AV,118TH ST,0,NA,Y,A,-,N,NA,NA,NA,NA,NA,NA,NA,NA,NA,Y,4,0,2,2,A,-,09,21801,A,N,D,C,A,A,H,-,A,A,0,NA,NA,NA,NA,Y,NA,A,07,0,0,2,0,0,0,0,0,0,-,-,NA,NA,LOS ANGELES,LOS ANGELES,-118.25431823730467,33.926368713378906
8596752,2018,2018-05-03,1942,2018-04-04,0715,39217,0923,3,5,7,1942,0,0,0,I,0,9A23,VANOWEN ST,CEDROS AV,40,E,N,A,-,N,NA,NA,NA,NA,NA,NA,NA,NA,NA,N,3,0,1,2,A,-,08,22107,NA,F,B,C,A,A,H,-,A,D,0,NA,NA,Y,NA,Y,NA,-,99,0,1,0,0,0,0,0,0,1,-,-,NA,NA,LOS ANGELES,LOS ANGELES,-118.45298767089844,34.193946838378906
8596756,2018,2018-05-09,1942,2018-04-05,1645,36733,1004,4,5,7,1942,0,0,0,J,0,10A3,ROSCOE BL,ETIWANDA AV,100,W,N,B,-,N,NA,NA,NA,NA,NA,NA,NA,NA,NA,Y,2,0,2,3,C,-,18,NA,NA,N,B,J,A,A,H,-,A,D,0,NA,NA,NA,NA,Y,NA,-,-,1,0,1,0,0,0,0,0,0,-,-,NA,NA,LOS ANGELES,LOS ANGELES,-118.53206634521484,34.22077560424805
8596760,2018,2019-02-14,1942,2018-04-02,1225,26319,1025,1,5,7,1942,0,0,0,J,0,10A21,SHERMAN WY,ETIWANDA AV,42,E,N,A,-,N,NA,NA,NA,NA,NA,NA,NA,NA,NA,Y,1,1,0,2,A,-,08,22107,NA,N,H,C,A,A,H,-,A,A,0,NA,Y,NA,NA,Y,NA,L,04,0,0,0,0,0,1,0,0,0,-,-,NA,NA,LOS ANGELES,LOS ANGELES,-118.5315399169922,34.2011833190918
8596764,2018,2018-05-03,1942,2018-04-03,1505,37072,1063,2,5,7,1942,0,0,0,J,0,10A83,VENTURA BL,VANALDEN AV,0,NA,Y,A,-,N,NA,NA,NA,NA,NA,NA,NA,NA,NA,Y,4,0,1,2,A,-,05,21650,NA,N,A,C,A,A,H,-,A,A,0,NA,NA,NA,NA,Y,NA,A,01,0,0,1,0,0,0,0,0,0,-,-,NA,NA,LOS ANGELES,LOS ANGELES,-118.55008697509766,34.172569274902344
8596768,2018,2018-05-03,1942,2018-04-03,1245,38326,1099,2,5,7,1942,0,0,0,J,0,10A99,SEPULVEDA BL,SHERMAN OAKS AV,0,NA,Y,A,-,N,NA,NA,NA,NA,NA,NA,NA,NA,NA,Y,4,0,1,2,A,-,09,21802,A,N,D,C,A,A,H,-,A,A,0,NA,NA,NA,NA,Y,NA,A,07,0,0,1,0,0,0,0,0,0,-,-,NA,NA,LOS ANGELES,LOS ANGELES,-118.47174072265624,34.1468505859375
8596772,2018,2018-05-03,1942,2018-04-02,0730,27260,1025,1,5,7,1942,0,0,0,J,0,10A21,RESEDA BL,SHERMAN WY,0,NA,Y,B,-,N,NA,NA,NA,NA,NA,NA,NA,NA,NA,Y,4,0,1,2,A,-,12,21453,A,N,D,C,A,A,H,-,A,A,0,NA,NA,NA,NA,Y,NA,A,01,0,0,1,0,0,0,0,0,0,-,-,NA,NA,LOS ANGELES,LOS ANGELES,-118.53604125976564,34.20117950439453
8596776,2018,2018-05-03,1942,2018-04-03,1400,26319,1005,2,5,7,1942,0,0,0,J,0,10A3,ROSCOE BL,LINDLEY AV,400,W,N,A,-,N,NA,NA,NA,NA,NA,NA,NA,NA,NA,Y,3,0,2,2,A,-,08,22107,NA,N,C,C,A,A,H,-,A,D,0,NA,NA,NA,NA,Y,NA,A,01,0,1,1,0,0,0,0,0,0,-,-,NA,NA,LOS ANGELES,LOS ANGELES,-118.52867889404295,34.22083282470703
8596779,2018,2018-05-04,1942,2018-04-01,1545,40643,0162,7,5,7,1942,0,0,0,A,0,1A61,GRAND AV,9TH ST,50,N,N,A,-,N,NA,NA,NA,NA,NA,NA,NA,NA,NA,N,4,0,1,2,A,-,11,21955,NA,N,G,B,D,A,H,-,A,A,0,Y,NA,NA,NA,Y,NA,N,60,0,0,1,0,1,0,0,0,0,-,-,NA,NA,LOS ANGELES,LOS ANGELES,-118.29017639160156,33.73618698120117
8596783,2018,2018-05-09,1942,2018-04-02,1535,34426,0132,1,5,7,1942,0,0,0,A,0,1A1,FLOWER ST,3RD ST,370,S,N,A,-,N,NA,NA,NA,NA,NA,NA,NA,NA,NA,N,4,0,1,2,A,-,09,21804,A,N,D,G,A,A,H,-,A,D,0,NA,Y,NA,NA,Y,NA,-,-,0,0,1,0,0,0,1,0,0,-,-,NA,NA,LOS ANGELES,LOS ANGELES,-118.25430297851564,34.05354309082031
8596787,2018,2018-05-04,1942,2018-04-02,1035,37398,0195,1,5,7,1942,0,0,0,A,0,1A85,17TH ST,MAIN ST,0,NA,Y,A,-,N,NA,NA,NA,NA,NA,NA,NA,NA,NA,N,4,0,1,2,A,-,08,22107,NA,F,B,D,A,A,H,-,A,D,0,NA,NA,NA,NA,Y,NA,-,99,0,0,1,0,0,0,0,0,0,-,-,NA,NA,LOS ANGELES,LOS ANGELES,-118.26315307617188,34.0328483581543
8596791,2018,2018-05-04,1942,2018-04-01,0310,41786,1249,7,5,7,1942,0,0,0,L,0,12A15,FIGUEROA ST,65TH ST,0,NA,Y,A,-,N,NA,NA,NA,NA,NA,NA,NA,NA,NA,Y,3,0,1,1,A,-,03,22350,A,N,E,I,A,A,H,-,C,D,0,NA,NA,NA,NA,Y,NA,A,01,0,1,0,0,0,0,0,0,0,-,-,NA,NA,LOS ANGELES,LOS ANGELES,-118.28269958496094,33.98059844970703
8596795,2018,2018-05-04,1942,2018-04-03,2055,41844,1268,2,5,7,1942,0,0,0,L,0,12A67,MANCHESTER AV,SAN PEDRO ST,0,NA,Y,A,-,N,NA,NA,NA,NA,NA,NA,NA,NA,NA,N,4,0,3,2,A,-,09,21801,A,N,D,C,A,A,H,-,C,A,0,NA,NA,NA,NA,Y,NA,A,01,0,0,3,0,0,0,0,0,0,-,-,NA,NA,LOS ANGELES,LOS ANGELES,-118.26950073242188,33.96010971069336
8596799,2018,2018-05-04,1942,2018-04-06,2320,41844,0392,5,5,7,1942,0,0,0,C,0,3A73,CRENSHAW BL,50TH ST,316,N,N,A,-,N,NA,NA,NA,NA,NA,NA,NA,NA,NA,Y,2,0,2,1,A,-,03,22350,NA,N,B,I,A,-,D,E,C,A,0,NA,NA,NA,NA,Y,NA,A,01,1,1,0,0,0,0,0,0,0,-,-,NA,NA,LOS ANGELES,LOS ANGELES,-118.330632,33.998588
8596802,2018,2018-04-18,1942,2018-03-24,1730,34269,0171,6,5,7,1942,0,0,0,A,0,1A61,S FIGUEROA ST,11TH ST,35,N,N,A,-,N,NA,NA,NA,NA,NA,NA,NA,NA,NA,N,3,0,1,2,C,-,18,NA,NA,N,B,G,A,A,H,-,A,D,0,NA,Y,NA,NA,Y,NA,-,-,0,1,0,0,0,0,1,0,0,-,-,NA,NA,LOS ANGELES,LOS ANGELES,-118.2651138305664,34.043785095214844
8596803,2018,2018-05-07,1942,2018-03-11,0405,42608,0376,7,5,7,1942,0,0,0,C,0,3A55,ESPOSITION BL,WESTERN AV,0,NA,Y,A,-,N,NA,NA,NA,NA,NA,NA,NA,NA,NA,N,4,0,1,1,A,-,03,22350,NA,N,E,I,A,B,H,-,C,A,0,NA,NA,NA,NA,Y,NA,A,01,0,0,1,0,0,0,0,0,0,-,-,NA,NA,LOS ANGELES,LOS ANGELES,-118.30892,34.018458
8596807,2018,2018-05-07,1942,2018-02-13,1325,39177,0374,2,5,7,1942,0,0,0,C,0,25T22,KING BL,3RD AV,0,NA,Y,A,-,N,NA,NA,NA,NA,NA,NA,NA,NA,NA,Y,4,0,2,2,A,-,09,21802,A,N,A,C,A,A,H,-,A,A,0,NA,NA,NA,NA,Y,NA,A,01,0,0,2,0,0,0,0,0,0,-,-,NA,NA,LOS ANGELES,LOS ANGELES,-118.37216186523438,34.07291030883789
8596810,2018,2018-04-17,1942,2018-03-25,1640,40643,0164,7,5,7,1942,0,0,0,A,0,1A35,LOS ANGELES ST,6TH ST,200,S,N,A,-,N,NA,NA,NA,NA,NA,NA,NA,NA,NA,N,3,0,1,2,A,-,06,21750,A,N,D,G,A,A,H,-,A,A,0,NA,Y,NA,NA,Y,NA,L,04,0,1,0,0,0,0,1,0,0,-,-,NA,NA,LOS ANGELES,LOS ANGELES,-118.249409,34.044161
8596811,2018,2018-05-07,1942,2018-03-06,1530,42559,0357,2,5,7,1942,0,0,0,C,0,3A57,37TH DR,RAYMOND AV,0,NA,Y,A,-,N,NA,NA,NA,NA,NA,NA,NA,NA,NA,N,4,0,1,2,A,-,12,22450,A,M,D,G,A,B,H,-,A,A,0,NA,Y,NA,NA,Y,NA,L,04,0,0,1,0,0,0,1,0,0,-,-,NA,NA,LOS ANGELES,LOS ANGELES,-118.29772186279295,34.01905059814453
8596814,2018,2018-04-17,1942,2018-03-31,1843,38233,0162,6,5,7,1942,0,0,0,A,0,1A61,S HOPE ST,W 8TH ST,0,NA,Y,A,-,N,NA,NA,NA,NA,NA,NA,NA,NA,NA,Y,3,0,2,3,A,-,12,21453,A,F,D,G,A,A,G,-,A,A,0,NA,Y,NA,NA,Y,Y,A,01,0,2,0,0,0,0,1,0,0,-,-,NA,NA,LOS ANGELES,LOS ANGELES,-118.25904846191406,34.04658126831055
8596815,2018,2018-05-07,1942,2018-03-29,2135,41977,0377,4,5,7,1942,0,0,0,C,0,85T21,S BUDLONG AV,W 39TH ST,138,N,N,A,-,N,NA,NA,NA,NA,NA,NA,NA,NA,NA,N,3,0,1,2,A,-,06,21750,NA,F,G,B,E,A,H,-,C,D,0,Y,NA,NA,NA,Y,NA,-,99,0,1,0,0,1,0,0,0,0,-,-,NA,NA,LOS ANGELES,LOS ANGELES,-118.29586029052734,34.01588821411133