CASE_ID,ACCIDENT_YEAR,PROC_DATE,JURIS,COLLISION_DATE,COLLISION_TIME,OFFICER_ID,REPORTING_DISTRICT,DAY_OF_WEEK,CHP_SHIFT,POPULATION,CNTY_CITY_LOC,SPECIAL_COND,BEAT_TYPE,CHP_BEAT_TYPE,CITY_DIVISION_LAPD,CHP_BEAT_CLASS,BEAT_NUMBER,PRIMARY_RD,SECONDARY_RD,DISTANCE,DIRECTION,INTERSECTION,WEATHER_1,WEATHER_2,STATE_HWY_IND,CALTRANS_COUNTY,CALTRANS_DISTRICT,STATE_ROUTE,ROUTE_SUFFIX,POSTMILE_PREFIX,POSTMILE,LOCATION_TYPE,RAMP_INTERSECTION,SIDE_OF_HWY,TOW_AWAY,COLLISION_SEVERITY,NUMBER_KILLED,NUMBER_INJURED,PARTY_COUNT,PRIMARY_COLL_FACTOR,PCF_CODE_OF_VIOL,PCF_VIOL_CATEGORY,PCF_VIOLATION,PCF_VIOL_SUBSECTION,HIT_AND_RUN,TYPE_OF_COLLISION,MVIW,PED_ACTION,ROAD_SURFACE,ROAD_COND_1,ROAD_COND_2,LIGHTING,CONTROL_DEVICE,CHP_ROAD_TYPE,PEDESTRIAN_ACCIDENT,BICYCLE_ACCIDENT,MOTORCYCLE_ACCIDENT,TRUCK_ACCIDENT,NOT_PRIVATE_PROPERTY,ALCOHOL_INVOLVED,STWD_VEHTYPE_AT_FAULT,CHP_VEHTYPE_AT_FAULT,COUNT_SEVERE_INJ,COUNT_VISIBLE_INJ,COUNT_COMPLAINT_PAIN,COUNT_PED_KILLED,COUNT_PED_INJURED,COUNT_BICYCLIST_KILLED,COUNT_BICYCLIST_INJURED,COUNT_MC_KILLED,COUNT_MC_INJURED,PRIMARY_RAMP,SECONDARY_RAMP,LATITUDE,LONGITUDE,COUNTY,CITY,POINT_X,POINT_Y
8597531,2018,2018-04-23,1900,2018-03-07,1400,507891,15,3,5,5,1954,0,0,0,NA,0,151T4,SLAUSON AV,PASSONS BL,0,NA,N,A,-,N,NA,NA,NA,NA,NA,NA,NA,NA,NA,N,3,0,1,2,A,-,03,22350,A,N,C,C,A,A,H,-,A,A,0,NA,NA,NA,NA,Y,NA,A,01,0,1,0,0,0,0,0,0,0,-,-,NA,NA,LOS ANGELES,PICO RIVERA,-118.09722900390624,33.96854019165039
8597534,2018,2018-04-24,1965,2018-03-30,1551,3553,0B1H,5,5,5,1965,0,0,0,NA,0,B001,4TH ANITA DR,COLORADO AV,322,S,N,A,-,N,NA,NA,NA,NA,NA,NA,NA,NA,NA,N,3,0,2,2,A,-,07,21658,A,N,B,C,A,A,H,-,A,A,0,NA,NA,NA,NA,Y,NA,A,01,0,1,1,0,0,0,0,0,0,-,-,NA,NA,LOS ANGELES,SANTA MONICA,-118.491342,34.013167
8597535,2018,2018-04-24,1905,2018-03-29,0729,1156,223,4,5,4,1905,0,0,0,NA,0,003,CERRITOS AV,E 5TH ST,0,NA,Y,A,-,N,NA,NA,NA,NA,NA,NA,NA,NA,NA,Y,4,0,1,2,A,-,12,21453,A,N,D,C,A,A,H,-,A,A,0,NA,NA,NA,NA,Y,NA,A,01,0,0,1,0,0,0,0,0,0,-,-,34.12971115112305,-117.89998626708984,LOS ANGELES,AZUSA,-117.8996124267578,34.129791259765625
8597539,2018,2018-04-23,1905,2018-03-10,0122,1167,321,6,5,4,1905,0,0,0,NA,0,002,AZUSA AV,5TH ST,0,NA,Y,C,-,N,NA,NA,NA,NA,NA,NA,NA,NA,NA,Y,4,0,1,1,A,-,08,22107,NA,N,E,I,A,B,H,-,C,A,0,NA,NA,NA,NA,Y,Y,A,01,0,0,1,0,0,0,0,0,0,-,-,NA,NA,LOS ANGELES,AZUSA,-117.90757751464844,34.12984085083008
8597542,2018,2018-04-24,1944,2018-03-20,1701,329,SOUTH,2,5,4,1944,0,0,0,NA,0,002,MARINE AV,PINE AV,0,NA,Y,B,-,N,NA,NA,NA,NA,NA,NA,NA,NA,NA,Y,4,0,1,2,A,-,09,21802,A,N,D,C,A,A,H,-,A,A,0,NA,NA,NA,NA,Y,NA,A,01,0,0,1,0,0,0,0,0,0,-,-,NA,NA,LOS ANGELES,MANHATTAN BEACH,-118.39871978759766,33.89461898803711
8597543,2018,2018-04-24,1900,2018-03-12,1649,529571,1519,1,5,5,1954,0,0,0,NA,0,151T2,SLAUSON AV,PASSONS BL,375,E,N,A,-,N,NA,NA,NA,NA,NA,NA,NA,NA,NA,N,3,0,1,2,A,-,09,21801,A,N,D,C,A,A,H,-,A,A,0,NA,NA,NA,NA,Y,NA,A,01,0,1,0,0,0,0,0,0,0,-,-,33.9682502746582,-118.09573364257813,LOS ANGELES,PICO RIVERA,-118.0960693359375,33.968196868896484
8597546,2018,2018-04-24,1965,2018-03-29,1825,3158,0B21J,4,5,5,1965,0,0,0,NA,0,B001,6TH ST,SANTA MONICA BL,145,N,N,A,-,N,NA,NA,NA,NA,NA,NA,NA,NA,NA,Y,3,0,1,2,A,-,03,22350,NA,F,C,C,A,A,H,-,A,A,0,NA,NA,NA,NA,Y,NA,A,07,0,1,0,0,0,0,0,0,0,-,-,37.009220123291016,-121.01660919189452,LOS ANGELES,SANTA MONICA,-118.49364471435548,34.018245697021484
8597547,2018,2018-04-24,1900,2018-03-22,1525,478216,1419,4,5,1,1932,0,0,0,NA,0,141T5,VALLEY BL,HAMBLEDON AV,0,NA,Y,B,C,N,NA,NA,NA,NA,NA,NA,NA,NA,NA,N,4,0,1,3,A,-,12,21453,A,N,D,C,A,B,H,-,A,A,0,NA,NA,NA,NA,Y,NA,A,01,0,0,1,0,0,0,0,0,0,-,-,NA,NA,LOS ANGELES,INDUSTRY,-117.91706085205078,34.0076904296875
8597550,2018,2018-04-24,1944,2018-03-27,0804,359,NA,2,5,4,1944,0,0,0,NA,0,004,MARINE AV,MEADOWS AV,457,W,N,A,-,N,NA,NA,NA,NA,NA,NA,NA,NA,NA,Y,4,0,1,3,A,-,03,22350,NA,N,C,C,A,A,H,-,A,A,0,NA,NA,NA,NA,Y,NA,-,NA,0,0,1,0,0,0,0,0,0,-,-,NA,NA,LOS ANGELES,MANHATTAN BEACH,-118.3932647705078,33.894561767578125
8597551,2018,2018-04-24,1900,2018-03-21,0748,403161,1432,3,5,4,1937,0,0,0,NA,0,141T2,SUNSET AV,PRICHARD ST,0,NA,Y,A,-,N,NA,NA,NA,NA,NA,NA,NA,NA,NA,Y,3,0,3,2,A,-,09,21801,A,N,-,C,A,A,H,-,A,A,0,NA,NA,NA,NA,Y,NA,A,01,0,1,2,0,0,0,0,0,0,-,-,34.03889083862305,-117.97007751464844,LOS ANGELES,LA PUENTE,-117.97020721435548,34.0389404296875
8597552,2018,2018-04-24,1942,2018-03-26,1545,41027,18A1,1,5,7,1942,0,0,0,R,0,1834,108TH ST,AVALON,200,E,N,A,-,N,NA,NA,NA,NA,NA,NA,NA,NA,NA,Y,3,0,1,2,A,-,08,22103,NA,F,D,C,A,A,H,-,A,D,0,NA,NA,Y,NA,Y,NA,-,99,0,1,0,0,0,0,0,0,1,-,-,NA,NA,LOS ANGELES,LOS ANGELES,-118.26454162597656,33.93830108642578
8597555,2018,2018-04-24,1905,2018-03-09,1640,1167,121,5,5,4,1905,0,0,0,NA,0,002,AZUSA AV,3RD ST,0,NA,Y,B,-,N,NA,NA,NA,NA,NA,NA,NA,NA,NA,Y,4,0,1,2,A,-,12,21453,A,N,D,C,A,A,H,-,A,A,0,NA,NA,NA,NA,Y,NA,A,01,0,0,1,0,0,0,0,0,0,-,-,NA,NA,LOS ANGELES,AZUSA,-117.90757751464844,34.126220703125
8597559,2018,2018-04-24,1900,2018-03-16,1610,475347,1430,5,5,4,1937,0,0,0,NA,0,143M,AMAR RD,SUNSET AV,38,W,N,B,-,N,NA,NA,NA,NA,NA,NA,NA,NA,NA,N,4,0,2,3,A,-,21,22106,NA,N,C,C,A,A,H,-,A,A,0,NA,NA,NA,NA,Y,NA,A,01,0,0,2,0,0,0,0,0,0,-,-,NA,NA,LOS ANGELES,LA PUENTE,-117.96323394775392,34.04541015625
8597562,2018,2018-04-24,1900,2018-03-19,1820,451502,1412,1,5,1,1932,0,0,0,NA,0,141T6/,VINELAND AV,NELSON AV,0,NA,Y,A,-,N,NA,NA,NA,NA,NA,NA,NA,NA,NA,Y,4,0,1,2,A,-,09,21802,A,N,D,C,A,A,H,-,A,A,0,NA,NA,NA,NA,Y,NA,A,01,0,0,1,0,0,0,0,0,0,-,-,34.049991607666016,-117.99049377441406,LOS ANGELES,INDUSTRY,-117.99051666259766,34.04998016357422
8597563,2018,2018-04-23,1900,2018-03-17,0700,531276,1430,6,5,4,1937,0,0,0,NA,0,143T1,PUENTE AV,AMAR RD,18,S,N,B,-,N,NA,NA,NA,NA,NA,NA,NA,NA,NA,N,4,0,3,2,A,-,21,22106,NA,N,C,C,A,B,H,-,A,D,0,NA,NA,NA,NA,Y,NA,A,01,0,0,3,0,0,0,0,0,0,-,-,34.054298400878906,-117.97820281982422,LOS ANGELES,LA PUENTE,-117.97813415527344,34.054481506347656
8597567,2018,2018-04-23,1900,2018-03-17,0805,432926,1418,6,5,1,1932,0,0,0,NA,0,141T3,ROWLAND ST,CANADA CT,0,NA,Y,B,-,N,NA,NA,NA,NA,NA,NA,NA,NA,NA,Y,4,0,1,2,A,-,08,22102,NA,N,D,C,A,B,H,-,A,D,0,NA,NA,NA,NA,Y,NA,A,08,0,0,1,0,0,0,0,0,0,-,-,34.90018081665039,-117.92108154296876,LOS ANGELES,INDUSTRY,-117.92112731933594,34.00175857543945
8597571,2018,2018-04-24,1900,2018-03-01,1725,526692,1431,4,5,4,1937,0,0,0,NA,0,143T1,CALIFORNIA AV,TEMPLE AV,160,S,N,A,-,N,NA,NA,NA,NA,NA,NA,NA,NA,NA,N,2,0,1,3,A,-,09,21804,A,N,D,G,A,A,H,-,A,D,0,NA,Y,NA,NA,Y,NA,L,04,1,0,0,0,0,0,1,0,0,-,-,34.03681945800781,-117.9636688232422,LOS ANGELES,LA PUENTE,-117.9636688232422,34.036861419677734
8597572,2018,2018-04-24,1967,2018-03-26,0830,136,NA,1,5,2,1967,0,0,0,NA,0,SOUTH,CHERRY AV,CRESCENT HEIGHTS,325,N,N,A,-,N,NA,NA,NA,NA,NA,NA,NA,NA,NA,Y,3,0,2,3,A,-,03,22350,NA,N,C,C,A,A,H,-,A,A,0,NA,NA,NA,NA,Y,NA,A,07,0,1,1,0,0,0,0,0,0,-,-,NA,NA,LOS ANGELES,SIGNAL HILL,-118.167693,33.803435
8597573,2018,2018-04-23,1942,2018-03-06,1215,42155,1826,2,5,7,1942,0,0,0,R,0,18A26,GRANDEE AV,CENTURY BL,25,S,N,A,-,N,NA,NA,NA,NA,NA,NA,NA,NA,NA,N,4,0,1,2,A,-,03,22350,NA,N,C,C,A,A,H,-,A,D,0,NA,NA,NA,NA,Y,NA,A,01,0,0,1,0,0,0,0,0,0,-,-,NA,NA,LOS ANGELES,LOS ANGELES,-118.24346923828124,33.94567108154297
8597575,2018,2018-04-23,1900,2018-03-10,0713,507891,1511,6,5,5,1954,0,0,0,NA,0,151T1,SAN GABRIEL RIVER PKWY,ROSE HILLS RD,66,S,N,A,-,N,NA,NA,NA,NA,NA,NA,NA,NA,NA,N,4,0,2,2,A,-,08,22107,NA,N,B,C,A,A,H,-,A,D,0,NA,NA,NA,NA,Y,NA,A,01,0,0,2,0,0,0,0,0,0,-,-,NA,NA,LOS ANGELES,PICO RIVERA,-118.05377197265624,34.01838302612305
8597577,2018,2018-04-24,1942,2018-03-14,0645,33160,1871,3,5,7,1942,0,0,0,R,0,18A97,FIGUEROA ST,135TH ST,0,NA,Y,A,-,N,NA,NA,NA,NA,NA,NA,NA,NA,NA,Y,3,0,4,2,A,-,09,21801,A,N,A,C,A,A,H,-,A,A,0,NA,NA,NA,NA,Y,NA,A,01,0,1,3,0,0,0,0,0,0,-,-,NA,NA,LOS ANGELES,LOS ANGELES,-118.2827377319336,33.90916061401367
8597581,2018,2018-04-24,1942,2018-03-14,0700,41027,NA,3,5,7,1942,0,0,0,NA,0,NA,MCKINLEY,95TH ST,0,NA,Y,A,-,N,NA,NA,NA,NA,NA,NA,NA,NA,NA,N,4,0,1,2,A,-,09,21804,A,N,B,C,A,A,H,-,A,D,0,NA,NA,NA,NA,Y,NA,A,01,0,0,1,0,0,0,0,0,0,-,-,NA,NA,LOS ANGELES,LOS ANGELES,-118.26084136962892,33.95022964477539
8597584,2018,2018-04-24,1905,2018-03-14,1306,1142,436,3,5,4,1905,0,0,0,NA,0,001,VINCENT AV,ARROW HWY,600,N,N,B,-,N,NA,NA,NA,NA,NA,NA,NA,NA,NA,N,3,0,1,2,A,-,09,21804,A,N,D,G,A,A,H,-,A,A,0,NA,Y,NA,NA,Y,NA,L,04,0,1,0,0,0,0,1,0,0,-,-,34.113468170166016,-117.9250717163086,LOS ANGELES,AZUSA,-117.92536163330078,34.108585357666016
8597585,2018,2018-04-26,1942,2018-03-12,1300,38037,1822,1,5,7,1942,0,0,0,R,0,1802,BROADWAY ST,COLDEN AV,6,N,N,A,-,N,NA,NA,NA,NA,NA,NA,NA,NA,NA,N,4,0,3,2,A,-,12,21453,A,N,D,C,A,A,H,-,A,D,0,NA,NA,NA,NA,Y,NA,-,-,0,0,3,0,0,0,0,0,0,-,-,NA,NA,LOS ANGELES,LOS ANGELES,-118.27839660644533,33.949195861816406
8597589,2018,2018-04-24,1942,2018-03-26,1505,38794,0332,1,5,7,1942,0,0,0,C,0,3A41,W JEFFERSON BL,FIELD AV,0,NA,Y,A,-,N,NA,NA,NA,NA,NA,NA,NA,NA,NA,Y,3,0,3,2,A,-,09,21802,A,N,D,C,A,A,H,-,A,A,0,NA,NA,NA,NA,Y,NA,A,01,0,3,0,0,0,0,0,0,0,-,-,NA,NA,LOS ANGELES,LOS ANGELES,-118.34710693359376,34.02553939819336
8597593,2018,2018-04-24,1942,2018-03-08,1135,38594,1844,4,5,7,1942,0,0,0,R,0,18A1,109TH PL,STANFORD,15,E,N,B,-,N,NA,NA,NA,NA,NA,NA,NA,NA,NA,Y,4,0,2,2,A,-,12,22450,A,F,D,C,A,A,H,-,A,A,0,NA,NA,NA,NA,Y,NA,-,99,0,0,2,0,0,0,0,0,0,-,-,NA,NA,LOS ANGELES,LOS ANGELES,-118.26294708251952,33.93645095825195
8597596,2018,2018-04-24,1905,2018-03-22,1600,1167,443,4,5,4,1905,0,0,0,NA,0,001,ARROW HWY,CERRITOS AV,0,NA,Y,B,C,N,NA,NA,NA,NA,NA,NA,NA,NA,NA,Y,3,0,2,2,A,-,01,23152,A,N,A,C,A,B,H,-,A,A,0,NA,NA,NA,NA,Y,Y,A,01,0,1,1,0,0,0,0,0,0,-,-,NA,NA,LOS ANGELES,AZUSA,-117.89895629882813,34.10676956176758
8597597,2018,2018-04-23,1942,2018-03-27,1045,41821,0361,2,5,7,1942,0,0,0,C,0,3A63,RODEO RD,LA BREA AV,200,E,N,A,-,N,NA,NA,NA,NA,NA,NA,NA,NA,NA,Y,3,0,2,2,A,-,09,21801,A,N,D,C,A,A,-,-,A,A,0,NA,NA,NA,NA,Y,NA,A,01,0,2,0,0,0,0,0,0,0,-,-,NA,NA,LOS ANGELES,LOS ANGELES,-118.35494995117188,34.02152633666992
8597600,2018,2018-04-24,1905,2018-03-23,0609,1109,226,5,5,4,1905,0,0,0,NA,0,003,ALOSTA AV,CALERA AV,392,E,N,B,C,N,NA,NA,NA,NA,NA,NA,NA,NA,NA,N,2,0,1,1,D,-,00,NA,NA,N,F,I,A,B,H,-,C,D,0,NA,Y,NA,NA,Y,NA,-,-,1,0,0,0,0,0,1,0,0,-,-,NA,NA,LOS ANGELES,AZUSA,-117.8844757080078,34.12879943847656
8597604,2018,2018-04-24,1942,2018-03-30,1545,42431,0329,5,5,7,1942,0,0,0,C,0,3A18-W,FLOWER ST,31ST ST,0,NA,Y,A,-,N,NA,NA,NA,NA,NA,NA,NA,NA,NA,N,4,0,1,2,A,-,09,21802,A,F,D,G,A,A,H,-,A,A,0,NA,Y,NA,NA,Y,NA,-,99,0,0,1,0,0,0,1,0,0,-,-,NA,NA,LOS ANGELES,LOS ANGELES,-118.2772979736328,34.02360916137695
8597608,2018,2018-04-24,1942,2018-03-26,1439,41764,RD218,1,5,7,1942,0,0,0,NA,0,NA,VENTURA BL,DE ROJA AV,0,NA,Y,A,-,N,NA,NA,NA,NA,NA,NA,NA,NA,NA,Y,3,0,1,2,A,-,09,21801,A,N,A,C,A,A,H,-,A,D,0,NA,NA,NA,NA,Y,NA,A,01,0,1,0,0,0,0,0,0,0,-,-,NA,NA,LOS ANGELES,LOS ANGELES,-118.59976196289064,34.16823959350586
8597611,2018,2018-05-08,1947,2018-03-19,1920,1415,NA,1,5,5,1947,0,0,0,NA,0,00B,WEST BEVERLY BL,SPRUCE ST,200,E,N,A,-,N,NA,NA,NA,NA,NA,NA,NA,NA,NA,N,4,0,1,2,A,-,05,21650,1,N,G,G,A,A,H,-,C,D,0,NA,Y,NA,NA,Y,NA,L,04,0,0,1,0,0,0,1,0,0,-,-,34.0172004699707,-118.10623931884766,LOS ANGELES,MONTEBELLO,-118.1069107055664,34.01738357543945
8597612,2018,2018-04-24,1942,2018-03-10,0020,42364,0311,6,5,7,1942,0,0,0,C,0,3A1,ADAMS BL,S FAIRFAX AV,0,NA,Y,A,-,N,NA,NA,NA,NA,NA,NA,NA,NA,NA,Y,4,0,1,3,A,-,12,21453,A,N,D,C,A,A,H,-,C,A,0,NA,NA,NA,NA,Y,NA,A,01,0,0,1,0,0,0,0,0,0,-,-,NA,NA,LOS ANGELES,LOS ANGELES,-118.37078094482422,34.032440185546875
8597615,2018,2018-04-25,1947,2018-03-13,1714,1320,NA,2,5,5,1947,0,0,0,NA,0,00B,BEVERLY BL,10TH ST,0,NA,Y,A,-,N,NA,NA,NA,NA,NA,NA,NA,NA,NA,N,4,0,1,2,A,-,09,21801,A,N,A,C,A,B,H,-,A,D,0,NA,NA,NA,NA,Y,NA,A,01,0,0,1,0,0,0,0,0,0,-,-,NA,NA,LOS ANGELES,MONTEBELLO,-118.1085968017578,34.01774978637695
8597616,2018,2018-04-26,1942,2018-03-07,1315,42798,0308,3,5,7,1942,0,0,0,C,0,25T22,HOOVER,23RD ST,0,NA,Y,B,-,N,NA,NA,NA,NA,NA,NA,NA,NA,NA,Y,4,0,1,2,A,-,12,21453,A,N,D,C,A,A,H,-,A,A,0,NA,NA,NA,NA,Y,NA,-,-,0,0,1,0,0,0,0,0,0,-,-,NA,NA,LOS ANGELES,LOS ANGELES,-118.28401184082033,34.03517150878906
8597617,2018,2018-04-24,1902,2018-04-04,1420,757,14,3,5,5,1902,0,0,0,NA,0,002,HUNTINGTON DR,1ST AV,61,E,N,A,-,N,NA,NA,NA,NA,NA,NA,NA,NA,NA,N,4,0,1,2,A,-,09,21804,A,N,D,C,A,A,H,-,A,A,0,NA,NA,NA,NA,Y,NA,A,01,0,0,1,0,0,0,0,0,0,-,-,NA,NA,LOS ANGELES,ARCADIA,-118.02815246582033,34.14008331298828
8597619,2018,2018-05-01,1947,2018-03-25,2100,1385,NA,7,5,5,1947,0,0,0,NA,0,00C,W HARDING AV,N 4TH ST N,0,NA,Y,A,-,N,NA,NA,NA,NA,NA,NA,NA,NA,NA,N,4,0,1,2,D,-,00,NA,NA,N,D,C,A,A,H,-,-,A,0,NA,NA,NA,NA,Y,NA,-,-,0,0,1,0,0,0,0,0,0,-,-,34.01454162597656,-118.10227966308594,LOS ANGELES,MONTEBELLO,-118.10228729248048,34.01456069946289
8597620,2018,2018-04-26,1942,2018-03-30,1300,38410,0359,5,5,7,1942,0,0,0,C,0,18H23,S FIGUEROA ST,39TH ST,200,N,N,A,-,N,NA,NA,NA,NA,NA,NA,NA,NA,NA,N,4,0,2,2,A,-,08,21460,5,N,B,C,A,A,H,-,A,D,0,NA,NA,NA,NA,Y,NA,A,01,0,0,2,0,0,0,0,0,0,-,-,NA,NA,LOS ANGELES,LOS ANGELES,-118.2827606201172,34.014549255371094
8597623,2018,2018-05-01,1947,2018-03-21,1922,1302,NA,3,5,5,1947,0,0,0,NA,0,00A,NORTH GARFIELD AV,W BEVERLY BL W,0,NA,Y,B,-,N,NA,NA,NA,NA,NA,NA,NA,NA,NA,Y,4,0,1,2,D,-,00,NA,NA,M,D,C,A,A,H,-,C,A,0,NA,NA,NA,NA,Y,NA,-,-,0,0,1,0,0,0,0,0,0,-,-,34.02246856689453,-118.13400268554688,LOS ANGELES,MONTEBELLO,-118.134033203125,34.02239990234375
8597625,2018,2018-04-24,1965,2018-04-02,1805,3184,0B3A,1,5,5,1965,0,0,0,NA,0,B003,WILSHIRE BL,17TH ST,0,NA,Y,A,-,N,NA,NA,NA,NA,NA,NA,NA,NA,NA,N,4,0,1,2,A,-,10,21950,A,N,G,B,B,A,H,-,A,A,0,Y,NA,NA,NA,Y,NA,A,01,0,0,1,0,1,0,0,0,0,-,-,37.020320892333984,-121.00888061523438,LOS ANGELES,SANTA MONICA,-118.4860382080078,34.029090881347656
8597627,2018,2018-05-03,1947,2018-03-19,0723,1403,NA,1,5,5,1947,0,0,0,NA,0,00D,S GREENWOOD AV,W OLYMPIC BL W,0,NA,Y,A,-,N,NA,NA,NA,NA,NA,NA,NA,NA,NA,Y,4,0,1,2,A,-,12,21453,A,N,D,C,A,A,H,-,A,A,0,NA,NA,NA,NA,Y,NA,-,-,0,0,1,0,0,0,0,0,0,-,-,34.00720977783203,-118.11293029785156,LOS ANGELES,MONTEBELLO,-118.11296844482422,34.00722885131836
8597628,2018,2018-04-24,1942,2018-03-20,0800,42559,1251,2,5,7,1942,0,0,0,L,0,25EL1,8TH AV,67TH ST,11,N,N,A,-,N,NA,NA,NA,NA,NA,NA,NA,NA,NA,Y,4,0,1,3,A,-,03,22350,NA,N,C,C,B,A,H,-,A,A,0,Y,NA,NA,NA,Y,NA,A,07,0,0,1,0,0,0,0,0,0,-,-,NA,NA,LOS ANGELES,LOS ANGELES,-118.326514,33.978186
8597629,2018,2018-04-24,1965,2018-04-02,0856,3937,0B1L,1,5,5,1965,0,0,0,NA,0,B001,SANTA MONICA BL,ALLEY 2,0,NA,Y,A,-,N,NA,NA,NA,NA,NA,NA,NA,NA,NA,N,3,0,1,2,A,-,17,21235,G,N,B,J,A,A,H,-,A,D,0,NA,NA,Y,NA,Y,NA,C,03,0,1,0,0,0,0,0,0,1,-,-,NA,NA,LOS ANGELES,SANTA MONICA,-118.497541,34.014513
8597630,2018,2018-04-23,1942,2018-04-06,1730,42734,1804,5,5,7,1942,0,0,0,R,0,18X96,MANCHESTER AV,MCKINLEY AV,45,E,N,A,-,N,NA,NA,NA,NA,NA,NA,NA,NA,NA,NA,4,0,1,2,A,-,03,22350,NA,N,C,C,A,A,H,-,A,A,0,NA,NA,NA,NA,Y,NA,A,01,0,0,1,0,0,0,0,0,0,-,-,NA,NA,LOS ANGELES,LOS ANGELES,-118.26065826416016,33.960140228271484
8597632,2018,2018-04-26,1947,2018-03-11,1019,1351,NA,7,5,5,1947,0,0,0,NA,0,00E,W WASHINGTON,VAIL AV,72,W,N,B,C,N,NA,NA,NA,NA,NA,NA,NA,NA,NA,Y,4,0,2,3,A,-,01,23152,NA,N,C,C,A,B,-,-,A,A,0,NA,NA,NA,NA,Y,Y,A,01,0,0,2,0,0,0,0,0,0,-,-,33.99821090698242,-118.1268310546875,LOS ANGELES,MONTEBELLO,-118.12704467773438,33.998287200927734
8597633,2018,2018-04-24,1965,2018-04-02,1650,3158,0B1F,1,5,5,1965,0,0,0,NA,0,B001,NEILSON WY,PACIFIC ST,0,NA,Y,A,-,N,NA,NA,NA,NA,NA,NA,NA,NA,NA,Y,4,0,1,2,A,-,12,21453,A,F,D,C,A,A,H,-,A,A,0,NA,NA,NA,NA,Y,NA,A,01,0,0,1,0,0,0,0,0,0,-,-,36.99647903442382,-121.0112762451172,LOS ANGELES,SANTA MONICA,-118.48793029785156,34.00522994995117
8597636,2018,2018-05-01,1947,2018-03-13,1623,1319,NA,2,5,5,1947,0,0,0,NA,0,00B,N WILCOX AV,WESTMORELAND DR,350,N,N,C,-,N,NA,NA,NA,NA,NA,NA,NA,NA,NA,N,3,0,1,2,A,-,03,22350,NA,N,D,B,F,B,-,-,A,D,0,Y,NA,NA,NA,Y,NA,A,01,0,1,0,0,1,0,0,0,0,-,-,34.025699615478516,-118.12142181396484,LOS ANGELES,MONTEBELLO,-118.12252807617188,34.026039123535156
8597638,2018,2018-04-23,1942,2018-04-04,1520,43040,1822,3,5,7,1942,0,0,0,R,0,18A1,MAIN ST,94TH ST,0,NA,Y,A,-,N,NA,NA,NA,NA,NA,NA,NA,NA,NA,N,3,0,1,2,A,-,05,21202,NA,N,D,G,A,A,H,-,A,D,0,NA,Y,NA,NA,Y,NA,L,04,0,1,0,0,0,0,1,0,0,-,-,NA,NA,LOS ANGELES,LOS ANGELES,-118.27388763427734,33.951011657714844
8597640,2018,2018-04-24,1942,2018-03-03,1830,42005,RD125,6,5,7,1942,0,0,0,NA,0,12X4,VERMONT AV,76TH ST,0,NA,Y,B,-,N,NA,NA,NA,NA,NA,NA,NA,NA,NA,N,4,0,1,2,A,-,09,21804,A,F,B,C,A,B,H,-,C,D,0,NA,NA,NA,NA,Y,NA,-,99,0,0,1,0,0,0,0,0,0,-,-,NA,NA,LOS ANGELES,LOS ANGELES,-118.291732,33.971056
8597641,2018,2018-04-24,1944,2018-04-03,1331,316,SOUTH,2,5,4,1944,0,0,0,NA,0,004,ROSECRANS AV,VILLAGE DR,115,W,N,A,-,N,NA,NA,NA,NA,NA,NA,NA,NA,NA,Y,4,0,1,2,A,-,03,22350,NA,N,C,C,A,A,H,-,A,D,0,NA,NA,NA,NA,Y,NA,A,01,0,0,1,0,0,0,0,0,0,-,-,NA,NA,LOS ANGELES,MANHATTAN BEACH,-118.39321899414064,33.901939392089844
8597642,2018,2018-04-23,1942,2018-04-06,0730,38734,SOE,5,5,7,1942,0,0,0,NA,0,1846,112TH,ZAMORA,0,NA,Y,A,-,N,NA,NA,NA,NA,NA,NA,NA,NA,NA,N,3,0,2,3,A,-,10,21950,A,N,G,B,B,A,H,-,A,A,0,Y,NA,NA,NA,Y,NA,A,01,0,1,1,0,2,0,0,0,0,-,-,NA,NA,LOS ANGELES,LOS ANGELES,-118.25112152099608,33.933109283447266
8597648,2018,2018-05-01,1947,2018-03-14,2110,1365,NA,3,5,5,1947,0,0,0,NA,0,00B,VIA CAMPO,WILCOX AV,0,NA,Y,A,-,N,NA,NA,NA,NA,NA,NA,NA,NA,NA,N,4,0,1,2,A,-,10,21950,A,M,G,B,B,A,H,-,C,A,0,Y,NA,NA,NA,Y,Y,A,07,0,0,1,0,1,0,0,0,0,-,-,34.032798767089844,-118.12503814697266,LOS ANGELES,MONTEBELLO,-118.12506866455078,34.03279113769531
8597656,2018,2018-04-26,1947,2018-03-16,1023,1337,NA,5,5,5,1947,0,0,0,NA,0,00E,OLYMPIC BL,S MAPLE AV,0,NA,Y,A,-,N,NA,NA,NA,NA,NA,NA,NA,NA,NA,N,4,0,1,2,A,-,03,22350,NA,N,C,C,A,A,H,-,A,A,0,NA,NA,NA,NA,Y,NA,A,01,0,0,1,0,0,0,0,0,0,-,-,NA,NA,LOS ANGELES,MONTEBELLO,-118.1176528930664,34.008460998535156