CASE_ID,ACCIDENT_YEAR,PROC_DATE,JURIS,COLLISION_DATE,COLLISION_TIME,OFFICER_ID,REPORTING_DISTRICT,DAY_OF_WEEK,CHP_SHIFT,POPULATION,CNTY_CITY_LOC,SPECIAL_COND,BEAT_TYPE,CHP_BEAT_TYPE,CITY_DIVISION_LAPD,CHP_BEAT_CLASS,BEAT_NUMBER,PRIMARY_RD,SECONDARY_RD,DISTANCE,DIRECTION,INTERSECTION,WEATHER_1,WEATHER_2,STATE_HWY_IND,CALTRANS_COUNTY,CALTRANS_DISTRICT,STATE_ROUTE,ROUTE_SUFFIX,POSTMILE_PREFIX,POSTMILE,LOCATION_TYPE,RAMP_INTERSECTION,SIDE_OF_HWY,TOW_AWAY,COLLISION_SEVERITY,NUMBER_KILLED,NUMBER_INJURED,PARTY_COUNT,PRIMARY_COLL_FACTOR,PCF_CODE_OF_VIOL,PCF_VIOL_CATEGORY,PCF_VIOLATION,PCF_VIOL_SUBSECTION,HIT_AND_RUN,TYPE_OF_COLLISION,MVIW,PED_ACTION,ROAD_SURFACE,ROAD_COND_1,ROAD_COND_2,LIGHTING,CONTROL_DEVICE,CHP_ROAD_TYPE,PEDESTRIAN_ACCIDENT,BICYCLE_ACCIDENT,MOTORCYCLE_ACCIDENT,TRUCK_ACCIDENT,NOT_PRIVATE_PROPERTY,ALCOHOL_INVOLVED,STWD_VEHTYPE_AT_FAULT,CHP_VEHTYPE_AT_FAULT,COUNT_SEVERE_INJ,COUNT_VISIBLE_INJ,COUNT_COMPLAINT_PAIN,COUNT_PED_KILLED,COUNT_PED_INJURED,COUNT_BICYCLIST_KILLED,COUNT_BICYCLIST_INJURED,COUNT_MC_KILLED,COUNT_MC_INJURED,PRIMARY_RAMP,SECONDARY_RAMP,LATITUDE,LONGITUDE,COUNTY,CITY,POINT_X,POINT_Y
8598551,2018,2018-04-20,1925,2018-04-04,2125,24489,213,3,5,6,1925,0,0,0,NA,0,001,CONCORD ST,GLENOAKS,21,S,N,A,-,N,NA,NA,NA,NA,NA,NA,NA,NA,NA,Y,4,0,2,1,A,-,01,23152,A,N,F,I,A,A,H,-,C,A,0,NA,NA,NA,NA,Y,Y,A,01,0,0,2,0,0,0,0,0,0,-,-,NA,NA,LOS ANGELES,GLENDALE,-118.27085876464844,34.159793853759766
8598555,2018,2018-04-20,1925,2018-04-05,1443,14676,213,4,5,6,1925,0,0,0,NA,0,001,GLENOAKS BL,CONCORD ST,0,NA,Y,A,B,N,NA,NA,NA,NA,NA,NA,NA,NA,NA,NA,4,0,2,3,A,-,12,21453,A,N,D,C,A,A,H,-,A,A,0,NA,NA,NA,NA,Y,NA,A,01,0,0,2,0,0,0,0,0,0,-,-,NA,NA,LOS ANGELES,GLENDALE,-118.27085113525392,34.15985107421875
8598559,2018,2018-04-20,1925,2018-04-03,1534,25295,242,2,5,6,1925,0,0,0,NA,0,003,COLORADO ST,WING ST,23,E,N,A,-,N,NA,NA,NA,NA,NA,NA,NA,NA,NA,Y,4,0,2,2,A,-,03,22350,NA,N,C,C,A,A,H,-,A,D,0,NA,NA,NA,NA,Y,NA,A,01,0,0,2,0,0,0,0,0,0,-,-,NA,NA,LOS ANGELES,GLENDALE,-118.23835754394533,34.14265823364258
8598603,2018,2018-05-18,1931,2018-03-23,1811,5318,1931,5,5,5,1931,0,0,0,NA,0,002,SLAUSON AV,STATE ST,613,W,N,A,-,N,NA,NA,NA,NA,NA,NA,NA,NA,NA,N,4,0,1,2,A,-,09,21804,A,N,A,C,A,A,H,-,A,D,0,NA,NA,NA,NA,Y,NA,A,01,0,0,1,0,0,0,0,0,0,-,-,NA,NA,LOS ANGELES,HUNTINGTON PARK,-118.214843,33.989182
8598644,2018,2020-05-22,1942,2018-04-03,1045,42665,1822,2,5,7,1942,0,0,0,R,0,18A17,FIGUEROA ST,CENTURY BL,0,NA,Y,A,-,N,NA,NA,NA,NA,NA,NA,NA,NA,NA,Y,1,1,0,2,A,-,09,21801,A,N,D,C,A,A,H,-,A,A,0,NA,NA,Y,Y,Y,Y,F,56,0,0,0,0,0,0,0,1,0,-,-,NA,NA,LOS ANGELES,LOS ANGELES,-118.28265380859376,33.94554138183594
8598676,2018,2018-04-23,1975,2018-04-05,1750,640,NA,4,5,6,1975,0,0,0,NA,0,006,NOGALES,LA PUENTE RD,0,N,N,A,-,N,NA,NA,NA,NA,NA,NA,NA,NA,NA,N,4,0,3,3,A,-,03,22350,NA,N,C,C,A,A,H,-,A,D,0,NA,NA,NA,NA,Y,NA,-,NA,0,0,3,0,0,0,0,0,0,-,-,NA,NA,LOS ANGELES,WEST COVINA,-117.88690185546876,34.010169982910156
8598684,2018,2018-04-25,1942,2018-04-02,1310,43015,1303,1,5,7,1942,0,0,0,M,0,13A75,OLYMPIC BL,CENTRAL AV,320,W,N,A,-,N,NA,NA,NA,NA,NA,NA,NA,NA,NA,Y,3,0,1,2,A,-,09,21801,A,N,D,C,A,A,H,-,A,D,0,NA,NA,NA,NA,Y,NA,A,01,0,1,0,0,0,0,0,0,0,-,-,NA,NA,LOS ANGELES,LOS ANGELES,-118.2448959350586,34.03266906738281
8598688,2018,2018-04-23,1942,2018-04-01,2230,33532,1371,7,5,7,1942,0,0,0,M,0,13X62,MAIN ST,52ND ST,19,S,N,A,-,N,NA,NA,NA,NA,NA,NA,NA,NA,NA,N,3,0,1,2,A,-,11,21954,A,N,A,B,E,A,H,-,C,A,0,Y,NA,NA,NA,Y,NA,N,60,0,1,0,0,1,0,0,0,0,-,-,NA,NA,LOS ANGELES,LOS ANGELES,-118.2739715576172,33.99551773071289
8598692,2018,2018-04-23,1942,2018-04-02,1750,42723,1352,1,5,7,1942,0,0,0,M,0,13A93,EAST 43RD PL,AVALON BL,400,W,N,A,-,N,NA,NA,NA,NA,NA,NA,NA,NA,NA,Y,4,0,1,5,A,-,09,21804,NA,N,A,C,A,A,H,-,A,D,0,NA,NA,NA,NA,Y,NA,A,01,0,0,1,0,0,0,0,0,0,-,-,NA,NA,LOS ANGELES,LOS ANGELES,-118.26658630371094,34.004764556884766
8598696,2018,2018-04-23,1942,2018-04-01,0010,37540,1322,7,5,7,1942,0,0,0,M,0,13A13,EAST 25TH ST,WALL ST,75,E,N,A,-,N,NA,NA,NA,NA,NA,NA,NA,NA,NA,Y,3,0,1,3,A,-,03,22350,NA,N,C,E,A,A,H,-,C,D,0,NA,NA,NA,NA,Y,Y,A,01,0,1,0,0,0,0,0,0,0,-,-,NA,NA,LOS ANGELES,LOS ANGELES,-118.26358032226564,34.023895263671875
8598700,2018,2018-04-23,1942,2018-04-01,1750,40643,1361,7,5,7,1942,0,0,0,M,0,13A61,BROADWAY,50TH ST,150,S,N,A,-,N,NA,NA,NA,NA,NA,NA,NA,NA,NA,Y,3,0,3,3,A,-,01,23152,A,N,C,C,A,A,H,-,A,A,0,NA,NA,NA,NA,Y,Y,A,07,0,1,2,0,0,0,0,0,0,-,-,NA,NA,LOS ANGELES,LOS ANGELES,-118.278334,33.996975
8598704,2018,2018-04-23,1942,2018-04-01,0410,40164,1322,7,5,7,1942,0,0,0,M,0,24TL41,MAPLE AV,ADAMS BL,15,S,N,B,-,N,NA,NA,NA,NA,NA,NA,NA,NA,NA,Y,3,0,1,1,A,-,01,23152,A,N,E,I,A,A,H,-,C,A,0,NA,NA,NA,NA,Y,Y,A,01,0,1,0,0,0,0,0,0,0,-,-,NA,NA,LOS ANGELES,LOS ANGELES,-118.26547241210938,34.02338409423828
8598708,2018,2018-04-23,1942,2018-04-02,0845,31324,1322,1,5,7,1942,0,0,0,M,0,13A13,EAST 22ND ST,SOUTH SAN PEDRO ST,0,NA,Y,B,-,N,NA,NA,NA,NA,NA,NA,NA,NA,NA,Y,2,0,3,3,A,-,09,21802,A,N,D,D,A,A,H,-,A,A,0,NA,NA,NA,NA,Y,NA,A,01,1,1,1,0,0,0,0,0,0,-,-,NA,NA,LOS ANGELES,LOS ANGELES,-118.25919342041016,34.024898529052734
8598712,2018,2018-04-23,1942,2018-04-01,0500,41629,1325,7,5,7,1942,0,0,0,M,0,13A27,EAST 28TH ST,HOOPER AV,50,W,N,A,-,N,NA,NA,NA,NA,NA,NA,NA,NA,NA,N,2,0,1,2,A,-,05,21650,NA,F,C,G,A,A,H,-,C,-,0,NA,Y,NA,NA,Y,NA,-,99,1,0,0,0,0,0,1,0,0,-,-,NA,NA,LOS ANGELES,LOS ANGELES,-118.25170135498048,34.01506805419922
8598716,2018,2018-04-23,1900,2018-04-04,1440,551435,1135,3,5,6,1992,0,0,0,NA,0,112T2,LANCASTER BL,17TH ST EAST,0,NA,Y,A,-,N,NA,NA,NA,NA,NA,NA,NA,NA,NA,N,4,0,1,2,A,-,09,21802,A,N,D,C,A,A,H,-,A,D,0,NA,NA,NA,NA,Y,NA,A,01,0,0,1,0,0,0,0,0,0,-,-,NA,NA,LOS ANGELES,LANCASTER,-118.09925842285156,34.696861267089844
8598720,2018,2018-04-23,1900,2018-04-05,1124,620752,1122,4,5,6,1992,0,0,0,NA,0,112T2,FERN AV,LANCASTER BL,0,NA,Y,A,-,N,NA,NA,NA,NA,NA,NA,NA,NA,NA,N,3,0,1,2,A,-,09,21802,A,N,D,G,A,A,H,-,A,D,0,NA,Y,NA,NA,Y,NA,A,07,0,1,0,0,0,0,1,0,0,-,-,NA,NA,LOS ANGELES,LANCASTER,-118.1445770263672,34.697608947753906
8598801,2018,2019-05-16,1900,2018-04-05,1635,551435,NA,4,5,6,1992,0,0,0,NA,0,112T2,AVENUE L,SIERRA HWY,525,W,N,A,-,Y,NA,NA,NA,NA,NA,NA,NA,NA,NA,Y,4,0,2,2,A,-,05,21651,A,N,A,C,A,A,H,-,A,D,0,NA,NA,NA,NA,Y,NA,A,01,0,0,2,0,0,0,0,0,0,-,-,NA,NA,LOS ANGELES,LANCASTER,-118.13057708740234,34.660518646240234
8598803,2018,2018-08-10,1942,2018-03-29,2005,43185,0513,4,5,7,1942,0,0,0,E,0,5A11,FIGUEROA ST,PCH,0,NA,Y,A,-,Y,LA,7,1,-,-,11.559,I,5,N,N,4,0,1,2,A,-,09,21801,A,N,A,C,A,A,H,-,C,A,0,NA,NA,NA,NA,Y,NA,A,01,0,0,1,0,0,0,0,0,0,-,-,NA,NA,LOS ANGELES,LOS ANGELES,-118.28126525878906,33.79054260253906
8598805,2018,2018-04-23,1900,2018-04-04,1456,620752,1127,3,5,6,1992,0,0,0,NA,0,11T2,VALLEY CENTRAL WY,AVENUE J,25,N,N,A,-,N,NA,NA,NA,NA,NA,NA,NA,NA,NA,N,4,0,1,2,D,-,00,NA,NA,N,C,C,A,A,H,-,A,A,0,NA,NA,NA,NA,Y,NA,-,-,0,0,1,0,0,0,0,0,0,-,-,NA,NA,LOS ANGELES,LANCASTER,-118.17220306396484,34.68947982788086
8598806,2018,2018-04-23,1942,2018-04-06,1130,33599,1235,5,5,7,1942,0,0,0,L,0,12A45,SLAUSON AV,NORMANDIE AV,35,W,N,A,-,N,NA,NA,NA,NA,NA,NA,NA,NA,NA,N,4,0,2,3,A,-,03,22350,NA,M,C,C,A,A,D,E,A,D,0,NA,NA,NA,NA,Y,NA,-,99,0,0,2,0,0,0,0,0,0,-,-,NA,NA,LOS ANGELES,LOS ANGELES,-118.30030822753906,33.989139556884766
8598807,2018,2018-04-20,1942,2018-03-27,2235,41844,1245,2,5,7,1942,0,0,0,L,0,12A45,WEST FLORENCE AV,SOUTH VERMONT AV,0,NA,Y,A,-,N,NA,NA,NA,NA,NA,NA,NA,NA,NA,Y,3,0,2,3,A,-,01,23153,A,N,D,C,A,A,H,-,C,-,0,NA,NA,NA,NA,Y,NA,A,01,0,1,1,0,0,0,0,0,0,-,-,NA,NA,LOS ANGELES,LOS ANGELES,-118.29174041748048,33.97462844848633
8598810,2018,2018-04-23,1942,2018-04-08,1130,35267,1283,7,5,7,1942,0,0,0,L,0,12A73,WEST CENTURY BL,WESTERN,80,E,N,A,-,N,NA,NA,NA,NA,NA,NA,NA,NA,NA,N,4,0,1,2,A,-,05,21460,A,N,D,C,A,A,H,-,A,D,0,NA,NA,NA,NA,Y,NA,A,01,0,0,1,0,0,0,0,0,0,-,-,NA,NA,LOS ANGELES,LOS ANGELES,-118.30876922607422,33.94545364379883
8598811,2018,2018-04-20,1942,2018-03-26,0610,42665,1253,1,5,7,1942,0,0,0,L,0,12A53,FLORENCE AV,CIMARRON AV,0,NA,Y,A,-,N,NA,NA,NA,NA,NA,NA,NA,NA,NA,Y,4,0,2,2,A,-,09,21801,A,F,D,C,A,A,H,-,A,D,0,NA,NA,NA,NA,Y,NA,A,01,0,0,2,0,0,0,0,0,0,-,-,NA,NA,LOS ANGELES,LOS ANGELES,-118.31590270996094,33.97460174560547
8598814,2018,2018-04-23,1942,2018-04-01,1350,37880,NA,7,5,7,1942,0,0,0,NA,0,12A15,SLAUSON AV,8TH AV,50,E,N,A,-,N,NA,NA,NA,NA,NA,NA,NA,NA,NA,Y,3,0,3,2,A,-,09,21801,A,N,A,-,A,A,H,-,A,A,0,NA,NA,NA,NA,Y,Y,A,01,0,1,2,0,0,0,0,0,0,-,-,NA,NA,LOS ANGELES,LOS ANGELES,-118.32626342773438,33.989051818847656
8598815,2018,2018-04-20,1942,2018-03-24,1545,35046,1265,6,5,7,1942,0,0,0,L,0,12A53,VERMONT AV,81ST ST,0,NA,Y,A,-,N,NA,NA,NA,NA,NA,NA,NA,NA,NA,N,3,0,2,2,A,-,01,23153,A,F,D,C,A,A,H,-,A,A,0,NA,NA,NA,NA,Y,NA,B,01,0,1,1,0,0,0,0,0,0,-,-,NA,NA,LOS ANGELES,LOS ANGELES,-118.29184,33.96546
8598818,2018,2018-04-25,1942,2018-04-03,1815,39073,12X18,2,5,7,1942,0,0,0,L,0,12X18,GAGE,HARVARD,0,NA,Y,A,-,N,NA,NA,NA,NA,NA,NA,NA,NA,NA,N,4,0,3,3,A,-,09,21802,A,N,D,C,A,A,H,-,A,A,0,NA,NA,NA,NA,Y,NA,A,01,0,0,3,0,0,0,0,0,0,-,-,NA,NA,LOS ANGELES,LOS ANGELES,-118.30677032470705,33.98236846923828
8598819,2018,2018-04-20,1942,2018-03-17,0150,43102,1267,6,5,7,1942,0,0,0,L,0,18A17,MANCHESTER AV,BARING CROSS,100,E,N,B,-,N,NA,NA,NA,NA,NA,NA,NA,NA,NA,Y,3,0,1,1,A,-,01,23152,A,N,E,I,A,B,H,-,C,A,0,NA,NA,NA,NA,Y,Y,A,01,0,1,0,0,0,0,0,0,0,-,-,NA,NA,LOS ANGELES,LOS ANGELES,-118.2890396118164,33.96004104614258
8598822,2018,2018-04-23,1942,2018-04-03,1230,42009,1248,2,5,7,1942,0,0,0,L,0,12X32,71ST ST,VERMONT AV,2,E,N,B,-,N,NA,NA,NA,NA,NA,NA,NA,NA,NA,N,3,0,1,2,A,-,09,21804,A,N,D,C,A,A,H,-,A,A,0,NA,NA,Y,NA,Y,NA,C,03,0,1,0,0,0,0,0,0,1,-,-,NA,NA,LOS ANGELES,LOS ANGELES,-118.29185485839844,33.97544860839844
8598823,2018,2018-04-20,1942,2018-03-26,0950,38331,1243,1,5,7,1942,0,0,0,L,0,12A67,WESTERN AV,65TH ST,109,S,N,A,-,N,NA,NA,NA,NA,NA,NA,NA,NA,NA,N,4,0,1,2,A,-,11,21955,NA,N,G,B,D,A,H,-,A,D,0,Y,NA,NA,NA,Y,NA,N,60,0,0,1,0,1,0,0,0,0,-,-,NA,NA,LOS ANGELES,LOS ANGELES,-118.308967,33.98028
8598826,2018,2018-04-23,1925,2018-04-07,2302,26039,119,6,5,6,1925,0,0,0,NA,0,005,PENNSYLVANIA AV,MONTROSE AV,0,NA,Y,A,-,N,NA,NA,NA,NA,NA,NA,NA,NA,NA,Y,4,0,3,2,A,-,09,21801,A,N,D,C,A,A,H,-,C,A,0,NA,NA,NA,NA,Y,NA,A,01,0,0,3,0,0,0,0,0,0,-,-,NA,NA,LOS ANGELES,GLENDALE,-118.2487335205078,34.22188949584961
8598827,2018,2018-04-20,1942,2018-03-23,2000,41808,1213,5,5,7,1942,0,0,0,L,0,12A3,57TH ST,VAN NESS AV,100,E,N,A,-,N,NA,NA,NA,NA,NA,NA,NA,NA,NA,Y,3,0,1,4,A,-,01,23152,A,N,B,E,A,A,H,-,D,D,0,NA,NA,NA,NA,Y,Y,A,01,0,1,0,0,0,0,0,0,0,-,-,NA,NA,LOS ANGELES,LOS ANGELES,-118.31680297851564,33.99094009399414
8598831,2018,2018-04-20,1942,2018-03-04,1825,42427,1267,7,5,7,1942,0,0,0,L,0,12X32,WEST 82ND ST,HOOVER,5,E,N,A,-,N,NA,NA,NA,NA,NA,NA,NA,NA,NA,N,4,0,1,2,A,-,10,21950,NA,N,G,B,B,A,B,-,C,A,0,Y,NA,NA,NA,Y,NA,A,01,0,0,1,0,1,0,0,0,0,-,-,NA,NA,LOS ANGELES,LOS ANGELES,-118.28709411621094,33.964271545410156
8598834,2018,2018-04-23,1900,2018-04-01,1439,602259,0451,7,5,6,1949,0,0,0,NA,0,45K1,STUDEBAKER RD,FIRESTONE BL,135,S,N,A,-,N,NA,NA,NA,NA,NA,NA,NA,NA,NA,Y,4,0,1,2,A,-,03,22350,NA,N,C,C,A,A,H,-,A,A,0,NA,NA,NA,NA,Y,NA,A,07,0,0,1,0,0,0,0,0,0,-,-,NA,NA,LOS ANGELES,NORWALK,-118.0993194580078,33.92182922363281
8598835,2018,2018-04-20,1942,2018-03-09,0950,41683,1256,5,5,7,1942,0,0,0,L,0,12A57,WEST 76TH ST,VERMONT AV,160,W,N,A,-,N,NA,NA,NA,NA,NA,NA,NA,NA,NA,N,4,0,1,2,A,-,06,21750,NA,N,B,C,A,A,H,-,A,D,0,NA,Y,NA,NA,Y,NA,L,04,0,0,1,0,0,0,1,0,0,-,-,NA,NA,LOS ANGELES,LOS ANGELES,-118.29226684570313,33.9710578918457
8598838,2018,2018-04-23,1900,2018-04-02,1330,548793,0461,1,5,4,1936,0,0,0,NA,0,46T2D,BURGESS AV,BRIDGEWOOD DR,45,S,N,A,-,N,NA,NA,NA,NA,NA,NA,NA,NA,NA,Y,3,0,1,1,A,-,08,22107,NA,N,E,I,A,A,H,-,A,D,0,NA,NA,NA,NA,Y,NA,A,07,0,1,0,0,0,0,0,0,0,-,-,NA,NA,LOS ANGELES,LA MIRADA,-118.02336120605467,33.91259002685547
8598841,2018,2018-04-23,1900,2018-04-07,1703,610418,1135,6,5,6,1992,0,0,0,NA,0,112T1,25TH ST EAST,LANCASTER BL,0,NA,Y,A,-,N,NA,NA,NA,NA,NA,NA,NA,NA,NA,Y,4,0,2,2,A,-,09,21802,A,M,D,C,A,A,H,-,A,D,0,NA,NA,NA,NA,Y,NA,A,08,0,0,2,0,0,0,0,0,0,-,-,NA,NA,LOS ANGELES,LANCASTER,-118.08587646484376,34.6970100402832
8598845,2018,2018-08-20,1900,2018-04-03,2218,610418,1126,2,5,6,1992,0,0,0,NA,0,112T1,20TH ST WEST,RT 14,0,NA,Y,A,-,Y,LA,7,14,-,R,67.349,R,4,N,Y,4,0,2,2,D,-,00,NA,NA,N,D,C,A,A,H,-,C,-,0,NA,NA,NA,NA,Y,NA,-,-,0,0,2,0,0,0,0,0,0,-,-,NA,NA,LOS ANGELES,LANCASTER,-118.16366577148438,34.68154525756836
8598849,2018,2018-04-23,1900,2018-04-04,1155,554435,1121,3,5,6,1992,0,0,0,NA,0,112T2,AVENUE H,KINGTREE AV,3,W,N,A,-,N,NA,NA,NA,NA,NA,NA,NA,NA,NA,Y,3,0,2,2,A,-,09,21802,A,N,D,C,A,A,H,-,A,D,0,NA,NA,NA,NA,Y,NA,A,01,0,1,1,0,0,0,0,0,0,-,-,NA,NA,LOS ANGELES,LANCASTER,-118.1502685546875,34.71854019165039
8598853,2018,2018-04-23,1900,2018-04-04,1305,602401,1139,3,5,6,1992,0,0,0,NA,0,111T1,55TH ST WEST,AVENUE L-4,0,NA,Y,A,-,N,NA,NA,NA,NA,NA,NA,NA,NA,NA,Y,3,0,1,2,A,-,09,21802,A,N,D,I,A,A,H,-,A,D,0,NA,NA,NA,NA,Y,NA,A,07,0,1,0,0,0,0,0,0,0,-,-,NA,NA,LOS ANGELES,LANCASTER,-118.22752380371094,34.65653991699219
8598857,2018,2018-04-23,1942,2018-04-03,1420,10289,1377,2,5,7,1942,0,0,0,M,0,13A75,LONG BEACH AV,EAST 55TH ST,3,N,N,A,-,N,NA,NA,NA,NA,NA,NA,NA,NA,NA,N,4,0,1,2,A,-,03,22350,NA,F,D,G,A,A,H,-,A,D,0,NA,Y,NA,NA,Y,NA,-,99,0,0,1,0,0,0,1,0,0,-,-,NA,NA,LOS ANGELES,LOS ANGELES,-118.24347686767578,33.992977142333984
8598861,2018,2018-04-23,1942,2018-04-03,1700,35230,1375,2,5,7,1942,0,0,0,M,0,13A75,HOOPER ST,57TH ST,0,NA,Y,A,-,N,NA,NA,NA,NA,NA,NA,NA,NA,NA,N,4,0,1,2,A,-,03,22350,NA,F,C,C,A,A,H,-,A,D,0,NA,NA,NA,NA,Y,NA,-,99,0,0,1,0,0,0,0,0,0,-,-,NA,NA,LOS ANGELES,LOS ANGELES,-118.25212860107422,33.991111755371094
8598865,2018,2018-04-23,1942,2018-03-27,0750,42665,0331,2,5,7,1942,0,0,0,C,0,3A31,ADAMS BL,HARCOURT AV,0,NA,Y,A,-,N,NA,NA,NA,NA,NA,NA,NA,NA,NA,Y,3,0,2,2,A,-,09,21801,A,N,D,C,A,A,H,-,A,A,0,NA,NA,NA,NA,Y,NA,A,01,0,1,1,0,0,0,0,0,0,-,-,NA,NA,LOS ANGELES,LOS ANGELES,-118.34603118896484,34.03253936767578
8598866,2018,2018-07-27,1934,2018-04-09,1818,787,1934,1,5,1,1934,0,0,0,NA,0,001,ARROW HWY,IRWINDALE AV,0,NA,Y,A,-,N,NA,NA,NA,NA,NA,NA,NA,NA,NA,Y,4,0,2,2,A,-,12,21453,A,N,D,C,A,A,H,-,A,A,0,NA,NA,NA,NA,Y,NA,A,01,0,0,2,0,0,0,0,0,0,-,-,NA,NA,LOS ANGELES,IRWINDALE,-117.9343032836914,34.10704040527344
8598869,2018,2018-04-23,1942,2018-04-07,1930,41977,0354,6,5,7,1942,0,0,0,C,0,25T21,WESTERN AV,38TH PL,0,NA,Y,A,-,N,NA,NA,NA,NA,NA,NA,NA,NA,NA,Y,4,0,1,2,A,-,09,21802,A,N,D,C,A,A,H,-,C,A,0,NA,NA,NA,NA,Y,NA,A,07,0,0,1,0,0,0,0,0,0,-,-,NA,NA,LOS ANGELES,LOS ANGELES,-118.30890655517578,34.016441345214844
8598870,2018,2018-04-20,1942,2018-03-03,0210,42770,0399,6,5,7,1942,0,0,0,C,0,25T27,VERNON AV,FIGUEROA ST,200,W,N,B,C,N,NA,NA,NA,NA,NA,NA,NA,NA,NA,N,3,0,1,2,A,-,03,22350,NA,F,C,G,A,B,H,-,C,D,0,NA,Y,NA,NA,Y,Y,-,99,0,1,0,0,0,0,1,0,0,-,-,NA,NA,LOS ANGELES,LOS ANGELES,-118.2834014892578,34.00373840332031
8598873,2018,2019-05-08,1942,2018-04-08,1200,41924,1248,7,5,7,1942,0,0,0,L,0,12A49,SOUTH VERMONT AV,WEST 70TH ST,0,NA,Y,A,-,N,NA,NA,NA,NA,NA,NA,NA,NA,NA,N,1,1,0,2,A,-,03,22350,NA,F,A,B,B,A,H,-,A,D,0,Y,NA,NA,NA,Y,NA,-,99,0,0,0,1,0,0,0,0,0,-,-,NA,NA,LOS ANGELES,LOS ANGELES,-118.2918701171875,33.97623062133789
8598874,2018,2018-05-01,1942,2018-03-18,0740,42665,0363,7,5,7,1942,0,0,0,C,0,3A63,MARLTON AV,SANTA ROSALIA DR,0,NA,Y,A,-,N,NA,NA,NA,NA,NA,NA,NA,NA,NA,Y,4,0,1,2,A,-,12,21453,A,N,D,C,A,A,H,-,A,A,0,NA,NA,NA,NA,Y,NA,-,-,0,0,1,0,0,0,0,0,0,-,-,NA,NA,LOS ANGELES,LOS ANGELES,-118.33981323242188,34.01039123535156
8598877,2018,2018-04-23,1942,2018-04-09,1100,36911,1248,1,5,7,1942,0,0,0,L,0,12A49,SOUTH VERMONT AV,WEST GAGE AV,0,NA,Y,B,-,N,NA,NA,NA,NA,NA,NA,NA,NA,NA,Y,4,0,2,3,A,-,12,21453,A,N,D,C,A,A,H,-,A,A,0,NA,NA,NA,NA,Y,NA,A,01,0,0,2,0,0,0,0,0,0,-,-,NA,NA,LOS ANGELES,LOS ANGELES,-118.29154205322266,33.981910705566406
8598878,2018,2018-04-20,1942,2018-03-18,1900,42364,0376,7,5,7,1942,0,0,0,C,0,3A55,SOUTH NORMANDIE AV,WEST MARTIN LUTHER KING JR BL,0,NA,Y,A,-,N,NA,NA,NA,NA,NA,NA,NA,NA,NA,N,4,0,1,2,A,-,03,22350,NA,N,C,C,A,A,H,-,C,D,0,NA,NA,NA,NA,Y,NA,A,01,0,0,1,0,0,0,0,0,0,-,-,NA,NA,LOS ANGELES,LOS ANGELES,-118.30017852783205,34.01087188720703
8598879,2018,2018-04-27,1900,2018-02-18,1700,540665,0973,7,5,4,1979,0,0,0,NA,0,093,FOUNTAIN AV,ALTA VISTA BL,80,W,N,A,-,N,NA,NA,NA,NA,NA,NA,NA,NA,NA,N,4,0,1,3,A,-,03,22350,NA,M,H,C,A,A,H,-,A,D,0,NA,NA,NA,NA,Y,NA,A,07,0,0,1,0,0,0,0,0,0,-,-,NA,NA,LOS ANGELES,WEST HOLLYWOOD,-118.3474349975586,34.094356536865234
8598884,2018,2018-04-20,1907,2018-03-22,1158,242,2,4,5,4,1907,0,0,0,NA,0,NA,WILCOX AV,FLORENCE AV,125,N,N,C,-,N,NA,NA,NA,NA,NA,NA,NA,NA,NA,Y,4,0,2,2,A,-,09,21804,A,M,D,C,A,B,H,-,A,D,0,NA,NA,NA,NA,Y,NA,A,01,0,0,2,0,0,0,0,0,0,-,-,33.96976089477539,-118.17774200439452,LOS ANGELES,BELL,-118.17779541015624,33.969581604003906
8598888,2018,2018-04-20,1907,2018-03-27,0112,211,2,2,5,4,1907,0,0,0,NA,0,NA,RANDOLPH ST,ATLANTIC AV,0,NA,Y,A,-,N,NA,NA,NA,NA,NA,NA,NA,NA,NA,Y,4,0,3,4,A,-,12,21453,A,N,D,C,A,A,H,-,C,A,0,NA,NA,NA,NA,Y,NA,A,01,0,0,3,0,0,0,0,0,0,-,-,33.98134994506836,-118.18653106689452,LOS ANGELES,BELL,-118.18647003173828,33.981361389160156
8598908,2018,2018-04-20,1907,2018-03-28,0925,242,1,3,5,4,1907,0,0,0,NA,0,NA,CARMELITA AV,GAGE AV,11,N,N,A,-,N,NA,NA,NA,NA,NA,NA,NA,NA,NA,Y,3,0,1,2,A,-,09,21801,A,N,D,C,A,A,H,-,A,A,0,NA,NA,NA,NA,Y,NA,A,01,0,1,0,0,0,0,0,0,0,-,-,33.979251861572266,-118.19847869873048,LOS ANGELES,BELL,-118.19851684570313,33.979270935058594
8598916,2018,2018-04-20,1942,2018-03-03,0855,42894,0625,6,5,7,1942,0,0,0,F,0,NA,HIGHLAND AV,MILNER ST,10,N,N,C,-,N,NA,NA,NA,NA,NA,NA,NA,NA,NA,N,4,0,1,2,A,-,04,21703,NA,N,C,C,A,B,B,-,A,A,0,NA,NA,NA,NA,Y,NA,A,01,0,0,1,0,0,0,0,0,0,-,-,NA,NA,LOS ANGELES,LOS ANGELES,-118.33710479736328,34.1082649230957