CASE_ID,ACCIDENT_YEAR,PROC_DATE,JURIS,COLLISION_DATE,COLLISION_TIME,OFFICER_ID,REPORTING_DISTRICT,DAY_OF_WEEK,CHP_SHIFT,POPULATION,CNTY_CITY_LOC,SPECIAL_COND,BEAT_TYPE,CHP_BEAT_TYPE,CITY_DIVISION_LAPD,CHP_BEAT_CLASS,BEAT_NUMBER,PRIMARY_RD,SECONDARY_RD,DISTANCE,DIRECTION,INTERSECTION,WEATHER_1,WEATHER_2,STATE_HWY_IND,CALTRANS_COUNTY,CALTRANS_DISTRICT,STATE_ROUTE,ROUTE_SUFFIX,POSTMILE_PREFIX,POSTMILE,LOCATION_TYPE,RAMP_INTERSECTION,SIDE_OF_HWY,TOW_AWAY,COLLISION_SEVERITY,NUMBER_KILLED,NUMBER_INJURED,PARTY_COUNT,PRIMARY_COLL_FACTOR,PCF_CODE_OF_VIOL,PCF_VIOL_CATEGORY,PCF_VIOLATION,PCF_VIOL_SUBSECTION,HIT_AND_RUN,TYPE_OF_COLLISION,MVIW,PED_ACTION,ROAD_SURFACE,ROAD_COND_1,ROAD_COND_2,LIGHTING,CONTROL_DEVICE,CHP_ROAD_TYPE,PEDESTRIAN_ACCIDENT,BICYCLE_ACCIDENT,MOTORCYCLE_ACCIDENT,TRUCK_ACCIDENT,NOT_PRIVATE_PROPERTY,ALCOHOL_INVOLVED,STWD_VEHTYPE_AT_FAULT,CHP_VEHTYPE_AT_FAULT,COUNT_SEVERE_INJ,COUNT_VISIBLE_INJ,COUNT_COMPLAINT_PAIN,COUNT_PED_KILLED,COUNT_PED_INJURED,COUNT_BICYCLIST_KILLED,COUNT_BICYCLIST_INJURED,COUNT_MC_KILLED,COUNT_MC_INJURED,PRIMARY_RAMP,SECONDARY_RAMP,LATITUDE,LONGITUDE,COUNTY,CITY,POINT_X,POINT_Y
8603886,2018,2018-05-08,1900,2018-03-26,1135,625498,1334,1,5,5,1908,0,0,0,NA,0,133T2,BELLFLOWER BL,WALNUT ST,0,NA,Y,A,-,N,NA,NA,NA,NA,NA,NA,NA,NA,NA,N,4,0,1,2,A,-,09,21801,A,N,A,C,A,A,H,-,A,A,0,NA,NA,NA,NA,Y,NA,A,01,0,0,1,0,0,0,0,0,0,-,-,NA,NA,LOS ANGELES,BELLFLOWER,-118.1252670288086,33.88024139404297
8603890,2018,2018-05-08,1900,2018-03-26,1346,625498,1334,1,5,5,1908,0,0,0,NA,0,133T2,ALONDA BL,CORNUTA AV,40,W,N,A,-,N,NA,NA,NA,NA,NA,NA,NA,NA,NA,Y,4,0,1,2,A,-,09,21804,A,N,A,C,A,A,H,-,A,D,0,NA,NA,NA,NA,Y,NA,A,01,0,0,1,0,0,0,0,0,0,-,-,NA,NA,LOS ANGELES,BELLFLOWER,-118.12000274658205,33.88936996459961
8603894,2018,2018-05-08,1900,2018-03-16,2500,625498,1331,5,5,5,1908,0,0,0,NA,0,133T2,WOODRUFF AV,ARTHURDALE ST,0,NA,Y,A,-,N,NA,NA,NA,NA,NA,NA,NA,NA,NA,N,4,0,1,2,A,-,09,21801,A,M,A,C,A,A,H,-,A,D,0,NA,NA,NA,NA,Y,Y,A,01,0,0,1,0,0,0,0,0,0,-,-,NA,NA,LOS ANGELES,BELLFLOWER,-118.1168975830078,33.90642166137695
8603898,2018,2018-05-08,1900,2018-03-28,0802,622431,1365,3,5,5,1952,0,0,0,NA,0,136B,ROSECRANS AV,DOWNEY AV,130,E,N,A,-,N,NA,NA,NA,NA,NA,NA,NA,NA,NA,N,4,0,1,2,A,-,05,21650,1,N,A,G,A,A,-,-,A,-,0,NA,Y,NA,NA,Y,NA,L,04,0,0,1,0,0,0,1,0,0,-,-,33.90359878540039,-118.15059661865234,LOS ANGELES,PARAMOUNT,-118.15113067626952,33.90367126464844
8603902,2018,2018-05-08,1942,2018-03-12,0005,42498,0625,1,5,7,1942,0,0,0,F,0,6A79,HIGHLAND AV,FRANKLIN AV,20,N,N,A,-,N,NA,NA,NA,NA,NA,NA,NA,NA,NA,N,4,0,1,2,A,-,07,21658,A,N,B,C,A,A,-,-,B,A,0,NA,NA,NA,NA,Y,NA,A,01,0,0,1,0,0,0,0,0,0,-,-,NA,NA,LOS ANGELES,LOS ANGELES,-118.33827972412108,34.10418701171875
8603906,2018,2018-05-08,1942,2018-03-06,1600,42392,1458,2,5,7,1942,0,0,0,N,0,14A58,SLAUSON AV,BRADDOCK DR,600,S,N,A,-,N,NA,NA,NA,NA,NA,NA,NA,NA,NA,N,4,0,1,2,A,-,11,21954,A,F,G,B,D,A,H,-,B,A,0,Y,NA,NA,NA,Y,NA,N,60,0,0,1,0,1,0,0,0,0,-,-,NA,NA,LOS ANGELES,LOS ANGELES,-118.41002655029295,33.99562454223633
8603970,2018,2018-05-09,1942,2018-04-07,1420,40452,1445,6,5,7,1942,0,0,0,N,0,14TL52,S CENTINELLA AV,VENICE BL,300,N,N,A,-,N,NA,NA,NA,NA,NA,NA,NA,NA,NA,Y,4,0,1,3,A,-,08,22107,NA,N,D,C,A,A,H,-,A,D,0,NA,NA,NA,NA,Y,NA,A,01,0,0,1,0,0,0,0,0,0,-,-,NA,NA,LOS ANGELES,LOS ANGELES,-118.4341278076172,34.00444412231445
8603974,2018,2018-05-09,1942,2018-04-06,1250,39228,1458,5,5,7,1942,0,0,0,N,0,14J1,CULVER BL,BERRYMAN AV,0,NA,Y,A,-,N,NA,NA,NA,NA,NA,NA,NA,NA,NA,N,4,0,2,2,A,-,09,21801,A,N,D,C,A,A,H,-,A,D,0,NA,NA,NA,NA,Y,NA,A,07,0,0,2,0,0,0,0,0,0,-,-,NA,NA,LOS ANGELES,LOS ANGELES,-118.41380310058594,34.00033950805664
8604010,2018,2018-05-07,1953,2018-04-04,1927,5033,PASAD,3,5,6,1953,0,0,0,NA,0,005,LOS ROBLES AV,CORSON ST,0,NA,Y,A,-,N,NA,NA,NA,NA,NA,NA,NA,NA,NA,N,3,0,2,2,A,-,12,21453,A,N,B,C,A,A,H,-,C,A,0,NA,NA,NA,NA,Y,NA,A,01,0,2,0,0,0,0,0,0,0,-,-,NA,NA,LOS ANGELES,PASADENA,-118.14144897460938,34.151241302490234
8604018,2018,2018-05-07,1953,2018-04-05,1414,3398,1953,4,5,6,1953,0,0,0,NA,0,005,CORDOVA ST,HUDSON AV,0,NA,Y,A,-,N,NA,NA,NA,NA,NA,NA,NA,NA,NA,Y,3,0,1,2,A,-,12,21453,A,N,D,C,A,A,H,-,A,A,0,NA,NA,NA,NA,Y,NA,-,-,0,1,0,0,0,0,0,0,0,-,-,NA,NA,LOS ANGELES,PASADENA,-118.13382720947266,34.142539978027344
8604025,2018,2018-08-07,1976,2018-03-26,1610,384,NA,1,5,5,1976,0,0,0,NA,0,003,WHITTIER BL,OCEAN VIEW AV,225,W,N,A,-,Y,LA,7,72,-,-,2.79,H,-,S,Y,4,0,1,2,A,-,03,22350,NA,N,C,C,A,A,H,-,A,D,0,NA,NA,NA,NA,Y,NA,A,07,0,0,1,0,0,0,0,0,0,-,-,NA,NA,LOS ANGELES,WHITTIER,-118.02035522460938,33.956050872802734
8604029,2018,2018-08-07,1976,2018-03-26,0126,890,NA,1,5,5,1976,0,0,0,NA,0,NA,SANTA GERTRUDES AV,WHITTIER BL,45,S,N,A,-,Y,LA,7,72,-,-,0.97,I,6,S,N,3,0,1,1,A,-,01,23152,A,N,H,A,A,A,H,-,C,A,0,NA,NA,NA,NA,Y,Y,D,22,0,1,0,0,0,0,0,0,0,-,-,NA,NA,LOS ANGELES,WHITTIER,-117.99233245849608,33.94390869140625
8604033,2018,2018-08-07,1976,2018-03-03,0147,442,NA,6,5,5,1976,0,0,0,NA,0,004,WHITTIER BL,COLIMA RD,0,NA,Y,A,-,Y,LA,7,72,-,-,1.853,I,5,S,Y,4,0,1,2,D,-,00,NA,NA,N,D,C,A,A,H,-,C,A,0,NA,NA,NA,NA,Y,NA,-,-,0,0,1,0,0,0,0,0,0,-,-,NA,NA,LOS ANGELES,WHITTIER,-118.00656127929688,33.9487419128418
8604082,2018,2018-08-21,1941,2018-04-18,2302,5572,NA,3,5,7,1941,0,0,0,NA,0,012,PACIFIC COAST HWY,ANAHEIM ST,350,S,N,A,-,Y,LA,7,1,-,-,2.68,H,-,N,Y,3,0,1,3,A,-,03,22350,NA,N,C,C,A,A,D,-,C,A,0,NA,NA,NA,NA,Y,NA,A,01,0,1,0,0,0,0,0,0,0,-,-,NA,NA,LOS ANGELES,LONG BEACH,-118.13165283203124,33.782005310058594
8604086,2018,2018-08-21,1941,2018-04-18,0940,11112,NA,3,5,7,1941,0,0,0,NA,0,011,PACIFIC COAST HWY,CHERRY AV,12,W,N,A,-,Y,LA,7,1,-,-,5,H,-,N,N,4,0,1,2,A,-,08,22107,NA,N,C,C,A,A,H,-,A,D,0,NA,NA,Y,NA,Y,NA,A,NA,0,0,1,0,0,0,0,0,1,-,-,NA,NA,LOS ANGELES,LONG BEACH,-118.1674346923828,33.7899169921875
8604088,2018,2018-08-16,1942,2018-04-14,2230,39062,0442,6,5,7,1942,0,0,0,D,0,4A15,N MISSION RD,MARENGO ST,375,S,N,A,-,Y,LA,7,5,-,-,18.693,R,3,S,N,3,0,1,2,A,-,12,21453,A,F,H,G,A,A,H,-,C,A,0,NA,Y,NA,NA,Y,NA,L,04,0,1,0,0,0,0,1,0,0,-,-,NA,NA,LOS ANGELES,LOS ANGELES,-118.21456909179688,34.058719635009766
8604090,2018,2018-08-21,1941,2018-04-03,1944,6321,NA,2,5,7,1941,0,0,0,NA,0,NA,HARBOR AV,PACIFIC COAST HWY,15,N,N,A,-,Y,LA,7,1,-,-,7.491,I,6,N,N,4,0,1,2,A,-,03,22350,A,N,C,C,A,A,H,-,C,A,0,NA,NA,NA,NA,Y,NA,-,NA,0,0,1,0,0,0,0,0,0,-,-,NA,NA,LOS ANGELES,LONG BEACH,-118.21051788330078,33.7899055480957
8604094,2018,2018-08-21,1941,2018-04-04,2155,6066,NA,3,5,7,1941,0,0,0,NA,0,012,PACIFIC COAST HWY,7TH,33,N,N,A,-,Y,LA,7,1,-,-,1.98,H,-,S,Y,4,0,1,2,A,-,03,22350,NA,N,C,C,A,A,H,-,C,A,0,NA,NA,NA,NA,Y,NA,A,NA,0,0,1,0,0,0,0,0,0,-,-,NA,NA,LOS ANGELES,LONG BEACH,-118.12289428710938,33.77533721923828
8604098,2018,2018-07-27,1900,2018-04-01,0224,515591,0542,7,5,3,1921,0,0,0,NA,0,58T1EM,HIGHLAND AV,CENTRAL AV,0,NA,Y,A,-,N,NA,NA,NA,NA,NA,NA,NA,NA,NA,Y,4,0,1,2,D,-,00,NA,NA,N,B,C,A,A,H,-,C,A,0,NA,NA,NA,NA,Y,NA,-,-,0,0,1,0,0,0,0,0,0,-,-,34.135990142822266,-117.96662139892578,LOS ANGELES,DUARTE,-117.96662139892578,34.136051177978516
8604099,2018,2018-08-21,1956,2018-04-16,2107,1348,08,1,5,5,1956,0,0,0,NA,0,001,RT 1,AVENUE F,0,NA,Y,A,-,Y,LA,7,1,-,-,18.411,I,5,S,Y,3,0,3,2,A,-,08,22107,NA,N,-,C,A,A,H,-,C,A,0,NA,NA,NA,NA,Y,NA,A,08,0,1,2,0,0,0,0,0,0,-,-,NA,NA,LOS ANGELES,REDONDO BEACH,-118.38542938232422,33.82253646850586
8604102,2018,2018-07-27,1900,2018-04-14,1108,536381,0521,6,5,4,1971,0,0,0,NA,0,52T1AM,ROSEMEAD BL,LONGDEN AV,122,S,N,A,-,N,NA,NA,NA,NA,NA,NA,NA,NA,NA,N,4,0,1,2,A,-,21,22106,NA,N,C,C,A,A,H,-,A,A,0,NA,NA,NA,NA,Y,NA,I,20,0,0,1,0,0,0,0,0,0,-,-,34.113128662109375,-118.07363128662108,LOS ANGELES,TEMPLE CITY,-118.07373046875,34.113224029541016
8604107,2018,2018-08-08,1942,2018-03-13,2243,40730,0479,2,5,7,1942,0,0,0,D,0,4A97,CALZONA ST,7TH ST,252,S,N,A,-,Y,LA,7,5,-,-,15.118,R,2,N,Y,2,0,3,1,A,-,01,23152,A,N,E,I,A,A,H,-,C,A,0,NA,NA,NA,NA,Y,Y,A,01,2,1,0,0,0,0,0,0,0,-,-,NA,NA,LOS ANGELES,LOS ANGELES,-118.19493103027344,34.020938873291016
8604110,2018,2019-01-17,1942,2018-04-20,1250,38326,1524,5,5,7,1942,0,0,0,O,0,15A33,VICTORY BL,RT 170,0,NA,Y,A,-,Y,LA,7,170,-,R,17.062,R,1,N,N,4,0,1,2,A,-,09,21802,A,F,H,G,A,A,H,-,A,A,0,NA,Y,NA,NA,Y,NA,-,99,0,0,1,0,0,0,1,0,0,-,NF,NA,NA,LOS ANGELES,LOS ANGELES,-118.39977264404295,34.18428039550781
8604111,2018,2018-08-10,1942,2018-03-12,1010,37613,1474,1,5,7,1942,0,0,0,N,0,14A73,LINCOLN BL,83RD ST,0,NA,Y,A,-,Y,LA,7,1,-,-,29.371,I,5,N,Y,3,0,2,2,A,-,09,21801,A,N,D,C,A,A,H,-,A,A,0,NA,NA,NA,NA,Y,NA,A,07,0,2,0,0,0,0,0,0,0,-,-,NA,NA,LOS ANGELES,LOS ANGELES,-118.42171478271484,33.9627685546875
8604114,2018,2018-07-30,1900,2018-04-08,1224,457374,1418,7,5,1,1932,0,0,0,NA,0,141T3,ARENTH AV,NOGALES ST,15,W,N,B,-,N,NA,NA,NA,NA,NA,NA,NA,NA,NA,N,4,0,1,2,A,-,08,22100,A,N,D,G,A,A,H,-,A,A,0,NA,Y,NA,NA,Y,NA,A,01,0,0,1,0,0,0,1,0,0,-,-,34.00123977661133,-117.88807678222656,LOS ANGELES,INDUSTRY,-117.8879165649414,34.001243591308594
8604116,2018,2018-07-30,1942,2018-04-12,1750,41739,1273,4,5,7,1942,0,0,0,L,0,12X18,W MANCHESTER BL,WILTON PL,0,NA,Y,A,-,N,NA,NA,NA,NA,NA,NA,NA,NA,NA,Y,3,0,3,2,A,-,09,21801,A,N,B,C,A,A,H,-,A,D,0,NA,NA,NA,NA,Y,NA,A,01,0,1,2,0,0,0,0,0,0,-,-,NA,NA,LOS ANGELES,LOS ANGELES,-118.3150634765625,33.9599494934082
8604118,2018,2018-07-27,1942,2018-04-15,1210,42973,1307,7,5,7,1942,0,0,0,M,0,13A27,OLYMPIC BL,KOHLER ST,50,W,N,A,-,N,NA,NA,NA,NA,NA,NA,NA,NA,NA,N,4,0,1,2,A,-,09,21804,A,N,H,A,A,A,H,-,A,D,0,NA,NA,Y,NA,Y,NA,A,01,0,0,1,0,0,0,0,0,1,-,-,NA,NA,LOS ANGELES,LOS ANGELES,-118.2460708618164,34.03363037109375
8604119,2018,2019-02-22,1900,2018-03-25,2320,538995,2603,7,5,6,1950,0,0,0,NA,0,263T1,PEAR BLOSSOM HWY,25TH ST E,911,E,N,A,-,Y,NA,NA,NA,NA,NA,NA,NA,NA,NA,Y,1,1,5,3,A,-,08,22107,NA,N,A,C,A,A,H,-,D,D,0,NA,NA,NA,NA,Y,NA,A,01,0,0,5,0,0,0,0,0,0,-,-,34.539730072021484,-118.0805435180664,LOS ANGELES,PALMDALE,-118.08049774169922,34.539772033691406
8604122,2018,2018-07-30,1942,2018-04-16,1030,42973,1367,1,5,7,1942,0,0,0,M,0,13A63,48TH PL,COMPTON AV,200,E,N,A,-,N,NA,NA,NA,NA,NA,NA,NA,NA,NA,N,4,0,1,2,A,-,09,21804,A,N,D,C,A,A,H,-,A,D,0,NA,NA,NA,NA,Y,Y,A,01,0,0,1,0,0,0,0,0,0,-,-,NA,NA,LOS ANGELES,LOS ANGELES,-118.24712371826172,33.999351501464844
8604124,2018,2018-07-30,1900,2018-04-09,1530,257417,1334,1,5,5,1908,0,0,0,NA,0,133T1,RT 19,DUNBAR ST,20,N,N,A,-,N,NA,NA,19,NA,NA,NA,NA,NA,NA,N,3,0,1,2,A,-,10,21950,A,N,G,B,D,A,H,-,A,D,0,Y,NA,NA,NA,Y,NA,A,01,0,1,0,0,1,0,0,0,0,-,-,33.88758087158203,-118.14267730712892,LOS ANGELES,BELLFLOWER,-118.14259338378906,33.88758087158203
8604128,2018,2018-07-30,1900,2018-04-22,1100,602250,1321,7,5,5,1935,0,0,0,NA,0,132T1,LAKEWOOD BL,HARDWICK ST,0,NA,Y,A,-,N,NA,NA,NA,NA,NA,NA,NA,NA,NA,Y,4,0,1,2,A,-,12,21453,A,N,A,C,A,A,H,-,A,A,0,NA,NA,NA,NA,Y,NA,A,07,0,0,1,0,0,0,0,0,0,-,-,NA,NA,LOS ANGELES,LAKEWOOD,-118.1426239013672,33.85044860839844
8604136,2018,2018-07-30,1900,2018-04-24,1700,602250,1320,2,5,5,1935,0,0,0,NA,0,132T1,LAKEWOOD BL,SOUTH ST,15,N,N,A,-,N,NA,NA,NA,NA,NA,NA,NA,NA,NA,N,4,0,1,1,C,-,18,NA,NA,N,E,I,A,A,H,-,A,A,0,NA,NA,NA,NA,Y,NA,-,-,0,0,1,0,0,0,0,0,0,-,-,33.513790130615234,-118.83290100097656,LOS ANGELES,LAKEWOOD,-118.14259338378906,33.86029052734375
8604140,2018,2018-07-30,1900,2018-04-25,1145,274533,1334,3,5,5,1908,0,0,0,NA,0,1334,RT 19,FLOWER ST,156,S,N,A,-,N,NA,NA,19,NA,NA,NA,NA,NA,NA,Y,4,0,2,2,A,-,03,22350,NA,N,C,C,A,A,H,-,A,A,0,NA,NA,NA,NA,Y,NA,A,07,0,0,2,0,0,0,0,0,0,-,-,33.88154983520508,-118.14259338378906,LOS ANGELES,BELLFLOWER,-118.1425552368164,33.88154983520508
8604144,2018,2018-07-27,1942,2018-04-22,0025,42133,1902,7,5,7,1942,0,0,0,NA,0,19A6,POLK ST,POLK ST 14300,0,NA,-,A,-,N,NA,NA,NA,NA,NA,NA,NA,NA,NA,Y,4,0,3,4,A,-,08,22107,NA,N,B,C,A,A,H,-,D,D,0,NA,NA,NA,NA,Y,NA,A,07,0,0,3,0,0,0,0,0,0,-,-,NA,NA,LOS ANGELES,LOS ANGELES,NA,NA
8604146,2018,2019-01-17,1942,2018-04-13,1507,24917,LOSAN,5,5,7,1942,0,0,0,NA,0,10A39,ROSCOE,ENCINO,60,S,N,A,-,N,NA,NA,NA,NA,NA,NA,NA,NA,NA,Y,4,0,1,2,A,-,12,22450,NA,F,D,C,A,A,H,-,A,A,0,NA,NA,NA,NA,Y,NA,-,99,0,0,1,0,0,0,0,0,0,-,-,NA,NA,LOS ANGELES,LOS ANGELES,-118.51480865478516,34.22106170654297
8604150,2018,2018-08-20,1942,2018-04-21,2125,36336,1019,6,5,7,1942,0,0,0,J,0,10A39,SAN DIEGO FRWY,HASKELL AV,0,NA,Y,A,-,Y,LA,7,405,-,-,41.662,R,4,S,N,4,0,1,2,A,-,12,21453,A,N,D,C,A,A,H,-,C,A,0,NA,NA,NA,NA,Y,NA,A,01,0,0,1,0,0,0,0,0,0,SF,-,NA,NA,LOS ANGELES,LOS ANGELES,-118.474365234375,34.190792083740234
8604152,2017,2018-06-13,1900,2017-11-08,0735,457374,1410,3,5,1,1932,0,0,0,NA,0,141T3,PELISSIER PL,RT 605,105,N,N,A,-,N,NA,NA,NA,NA,NA,NA,NA,NA,NA,Y,3,0,1,2,A,-,00,21754,A,N,D,C,A,A,H,-,A,D,0,NA,NA,Y,NA,Y,NA,C,02,0,1,0,0,0,0,0,0,1,-,-,34.02757,-118.03514,LOS ANGELES,INDUSTRY,-118.03514,34.02757
8604156,2018,2018-08-08,1942,2018-01-26,2155,39062,0411,5,5,7,1942,0,0,0,D,0,4A15,N BROADWAY,AVENUE 20,120,E,N,A,-,Y,LA,7,5,-,-,19.453,R,4,S,Y,3,0,1,2,A,-,09,21801,A,N,D,C,A,A,H,-,C,A,0,NA,NA,NA,NA,Y,NA,A,01,0,1,0,0,0,0,0,0,0,-,-,NA,NA,LOS ANGELES,LOS ANGELES,-118.21742248535156,34.06940841674805
8604169,2018,2018-08-16,1925,2018-04-12,0730,18890,207,4,5,6,1925,0,0,0,NA,0,001,WESTERN AV,LAKE ST,300,N,N,A,-,Y,LA,7,5,-,-,27.713,R,4,S,N,4,0,1,2,A,-,03,22350,NA,N,C,C,A,A,H,-,A,D,0,NA,NA,NA,NA,Y,NA,A,07,0,0,1,0,0,0,0,0,0,-,-,NA,NA,LOS ANGELES,GLENDALE,-118.29495239257813,34.16324996948242
8604170,2018,2018-06-20,1942,2018-01-18,0755,30380,0412,4,5,7,1942,0,0,0,D,0,4A3,N AVENUE 23,PASADENA AV,0,NA,Y,A,-,N,NA,NA,NA,NA,NA,NA,NA,NA,NA,N,3,0,3,2,A,-,09,21802,A,N,D,C,A,A,H,-,A,A,0,NA,NA,NA,NA,Y,NA,A,01,0,2,1,0,0,0,0,0,0,-,-,NA,NA,LOS ANGELES,LOS ANGELES,-118.21772003173828,34.075721740722656
8604171,2018,2018-07-30,1931,2018-04-12,2231,5322,1931,4,5,5,1931,0,0,0,NA,0,001,SLAUSON AV,SANTA FE AV,0,NA,Y,A,-,N,NA,NA,NA,NA,NA,NA,NA,NA,NA,Y,4,0,1,3,A,-,03,22350,NA,N,C,C,A,A,H,-,C,A,0,NA,NA,NA,NA,Y,NA,A,01,0,0,1,0,0,0,0,0,0,-,-,NA,NA,LOS ANGELES,HUNTINGTON PARK,-118.23032379150392,33.98920822143555
8604234,2018,2018-07-30,1942,2018-04-22,0450,42919,0782,7,5,7,1942,0,0,0,G,0,7EL1,VENICE BL,LA CIENEGA BL,0,NA,Y,A,-,N,NA,NA,NA,NA,NA,NA,NA,NA,NA,Y,3,0,1,2,A,-,01,23152,A,N,D,C,A,A,H,-,C,A,0,NA,NA,NA,NA,Y,Y,A,01,0,1,0,0,0,0,0,0,0,-,-,NA,NA,LOS ANGELES,LOS ANGELES,-118.37789154052734,34.03517150878906
8604251,2018,2018-05-08,1942,2018-03-27,1555,38503,1208,2,5,7,1942,0,0,0,L,0,25TL22,47TH ST,HOOVER ST,0,NA,Y,A,-,N,NA,NA,NA,NA,NA,NA,NA,NA,NA,N,3,0,1,2,A,-,09,21804,A,N,D,C,A,A,H,-,A,A,0,NA,NA,NA,NA,Y,NA,A,01,0,1,0,0,0,0,0,0,0,-,-,NA,NA,LOS ANGELES,LOS ANGELES,-118.28714752197266,34.0006103515625
8604324,2018,2018-11-06,1942,2018-04-16,1753,40921,1205,1,5,7,1942,0,0,0,L,0,12X52,51ST ST,BUDLONG AV,0,NA,Y,A,-,N,NA,NA,NA,NA,NA,NA,NA,NA,NA,Y,4,0,2,2,-,-,-,NA,NA,N,B,C,A,A,H,-,A,D,0,NA,NA,NA,NA,Y,NA,-,-,0,0,2,0,0,0,0,0,0,-,-,NA,NA,LOS ANGELES,LOS ANGELES,-118.2958984375,33.996849060058594
8604326,2018,2018-05-08,1965,2018-04-23,1800,3158,0B1F,1,5,5,1965,0,0,0,NA,0,B001,MAIN ST,PACIFIC ST,15,S,N,A,-,N,NA,NA,NA,NA,NA,NA,NA,NA,NA,N,3,0,1,2,A,-,10,21950,A,N,G,B,B,A,H,-,A,A,0,Y,NA,NA,NA,Y,NA,A,01,0,1,0,0,1,0,0,0,0,-,-,36.99686050415039,-121.01068878173828,LOS ANGELES,SANTA MONICA,-118.4873504638672,34.00559997558594
8604327,2018,2018-05-07,1909,2018-04-20,1545,568,1909,5,5,4,1909,0,0,0,NA,0,SOUTH,CLARA ST,EASTERN AV,188,W,N,A,-,N,NA,NA,NA,NA,NA,NA,NA,NA,NA,Y,4,0,1,2,A,-,08,22107,NA,N,D,C,A,A,H,-,A,D,0,NA,NA,NA,NA,Y,NA,A,01,0,0,1,0,0,0,0,0,0,-,-,NA,NA,LOS ANGELES,BELL GARDENS,-118.1660614013672,33.9632453918457
8604328,2018,2018-05-07,1942,2018-04-12,0820,31674,1259,4,5,7,1942,0,0,0,L,0,25MQ14,SAN PEDRO ST,73RD ST,50,S,N,A,-,N,NA,NA,NA,NA,NA,NA,NA,NA,NA,N,4,0,3,3,A,-,03,22350,NA,N,C,C,A,A,H,-,A,D,0,NA,NA,NA,NA,Y,NA,A,01,0,0,3,0,0,0,0,0,0,-,-,NA,NA,LOS ANGELES,LOS ANGELES,-118.26956939697266,33.97371292114258
8604332,2018,2018-05-07,1942,2018-04-21,0730,38633,1249,6,5,7,1942,0,0,0,L,0,25MQ15,GAGE AV,FIGUEROA ST,120,E,N,A,-,N,NA,NA,NA,NA,NA,NA,NA,NA,NA,Y,4,0,1,2,A,-,21,22106,NA,F,C,C,A,A,H,-,A,A,0,NA,NA,NA,NA,Y,NA,-,99,0,0,1,0,0,0,0,0,0,-,-,NA,NA,LOS ANGELES,LOS ANGELES,-118.2822723388672,33.98237991333008
8604336,2018,2018-05-07,1942,2018-04-14,1515,32620,1243,6,5,7,1942,0,0,0,L,0,12A39W,WESTERN AV,GAGE AV,0,NA,Y,A,-,N,NA,NA,NA,NA,NA,NA,NA,NA,NA,N,4,0,2,3,A,-,03,22350,NA,F,C,C,A,A,H,-,A,A,0,NA,NA,NA,NA,Y,Y,-,99,0,0,2,0,0,0,0,0,0,-,-,NA,NA,LOS ANGELES,LOS ANGELES,-118.30896759033205,33.98236083984375
8604339,2018,2018-05-07,1909,2018-04-25,1542,560,1909,3,5,4,1909,0,0,0,NA,0,SOUTH,GARFIELD AV,EDISON  POLE #1933313E,7,N,N,A,-,N,NA,NA,NA,NA,NA,NA,NA,NA,NA,Y,4,0,1,2,A,-,03,22350,NA,N,C,C,A,A,H,-,A,D,0,NA,NA,NA,NA,Y,NA,A,01,0,0,1,0,0,0,0,0,0,-,-,NA,NA,LOS ANGELES,BELL GARDENS,NA,NA
8604340,2018,2018-05-07,1942,2018-04-21,1930,41844,1231,6,5,7,1942,0,0,0,L,0,12A31,58TH PL,ALVISO AV,0,NA,Y,A,-,N,NA,NA,NA,NA,NA,NA,NA,NA,NA,Y,4,0,2,2,A,-,09,21802,A,N,D,C,A,A,H,-,B,A,0,NA,NA,NA,NA,Y,NA,A,01,0,0,2,0,0,0,0,0,0,-,-,NA,NA,LOS ANGELES,LOS ANGELES,-118.34398651123048,33.98802185058594
8604343,2018,2018-05-07,1909,2018-04-20,1810,586,1909,5,5,4,1909,0,0,0,NA,0,001,EASTERN AV,JABONERIA RD,100,S,N,A,-,N,NA,NA,NA,NA,NA,NA,NA,NA,NA,N,4,0,1,2,B,-,22,NA,NA,N,D,G,A,A,H,-,A,D,0,NA,Y,NA,NA,Y,NA,L,04,0,0,1,0,0,0,1,0,0,-,-,NA,NA,LOS ANGELES,BELL GARDENS,-118.16537475585938,33.95958709716797
8604344,2018,2018-05-07,1942,2018-04-21,1000,38633,1203,6,5,7,1942,0,0,0,L,0,25MQ15,VERNON AV,WESTERN AV,0,NA,Y,A,-,N,NA,NA,NA,NA,NA,NA,NA,NA,NA,N,4,0,1,2,A,-,09,21801,A,N,D,C,A,A,H,-,A,A,0,NA,NA,NA,NA,Y,NA,A,01,0,0,1,0,0,0,0,0,0,-,-,NA,NA,LOS ANGELES,LOS ANGELES,-118.30892944335938,34.003719329833984