CASE_ID,ACCIDENT_YEAR,PROC_DATE,JURIS,COLLISION_DATE,COLLISION_TIME,OFFICER_ID,REPORTING_DISTRICT,DAY_OF_WEEK,CHP_SHIFT,POPULATION,CNTY_CITY_LOC,SPECIAL_COND,BEAT_TYPE,CHP_BEAT_TYPE,CITY_DIVISION_LAPD,CHP_BEAT_CLASS,BEAT_NUMBER,PRIMARY_RD,SECONDARY_RD,DISTANCE,DIRECTION,INTERSECTION,WEATHER_1,WEATHER_2,STATE_HWY_IND,CALTRANS_COUNTY,CALTRANS_DISTRICT,STATE_ROUTE,ROUTE_SUFFIX,POSTMILE_PREFIX,POSTMILE,LOCATION_TYPE,RAMP_INTERSECTION,SIDE_OF_HWY,TOW_AWAY,COLLISION_SEVERITY,NUMBER_KILLED,NUMBER_INJURED,PARTY_COUNT,PRIMARY_COLL_FACTOR,PCF_CODE_OF_VIOL,PCF_VIOL_CATEGORY,PCF_VIOLATION,PCF_VIOL_SUBSECTION,HIT_AND_RUN,TYPE_OF_COLLISION,MVIW,PED_ACTION,ROAD_SURFACE,ROAD_COND_1,ROAD_COND_2,LIGHTING,CONTROL_DEVICE,CHP_ROAD_TYPE,PEDESTRIAN_ACCIDENT,BICYCLE_ACCIDENT,MOTORCYCLE_ACCIDENT,TRUCK_ACCIDENT,NOT_PRIVATE_PROPERTY,ALCOHOL_INVOLVED,STWD_VEHTYPE_AT_FAULT,CHP_VEHTYPE_AT_FAULT,COUNT_SEVERE_INJ,COUNT_VISIBLE_INJ,COUNT_COMPLAINT_PAIN,COUNT_PED_KILLED,COUNT_PED_INJURED,COUNT_BICYCLIST_KILLED,COUNT_BICYCLIST_INJURED,COUNT_MC_KILLED,COUNT_MC_INJURED,PRIMARY_RAMP,SECONDARY_RAMP,LATITUDE,LONGITUDE,COUNTY,CITY,POINT_X,POINT_Y
8606024,2018,2018-05-15,1942,2018-04-23,2005,40730,0159,1,5,7,1942,0,0,0,A,0,1A29,7TH ST,DECATUR ST,37,W,N,A,-,N,NA,NA,NA,NA,NA,NA,NA,NA,NA,N,3,0,1,2,A,-,11,21954,A,F,G,B,D,A,H,-,C,A,0,Y,NA,NA,NA,Y,NA,N,60,0,1,0,0,1,0,0,0,0,-,-,NA,NA,LOS ANGELES,LOS ANGELES,-118.23516845703124,34.034759521484375
8606027,2018,2018-05-16,1942,2018-04-14,1525,41021,LOSAN,6,5,7,1942,0,0,0,NA,0,1256,VERMONT AV,76TH ST,20,S,N,A,-,N,NA,NA,NA,NA,NA,NA,NA,NA,NA,N,4,0,1,2,A,-,12,22450,A,F,C,G,A,A,H,-,A,D,0,NA,Y,NA,NA,Y,NA,L,04,0,0,1,0,0,0,1,0,0,-,-,NA,NA,LOS ANGELES,LOS ANGELES,-118.291579,33.970974
8606028,2018,2018-05-15,1942,2018-04-03,1530,40099,0171,2,5,7,1942,0,0,0,A,0,1A61,W OLYMPIC BL,FRANCISCO ST,15,E,N,A,-,N,NA,NA,NA,NA,NA,NA,NA,NA,NA,N,3,0,1,2,A,-,06,21755,A,N,D,G,A,A,H,-,A,D,0,NA,Y,NA,NA,Y,NA,A,01,0,1,0,0,0,0,1,0,0,-,-,NA,NA,LOS ANGELES,LOS ANGELES,-118.26571655273438,34.0454216003418
8606031,2018,2018-05-24,1942,2018-04-07,1515,42434,1253,6,5,7,1942,0,0,0,L,0,12X8,78TH ST,GRAMERCY PL,0,NA,Y,A,-,N,NA,NA,NA,NA,NA,NA,NA,NA,NA,Y,2,0,5,3,A,-,03,22350,NA,N,D,C,A,A,H,-,A,D,0,NA,NA,NA,NA,Y,NA,A,01,2,3,0,0,0,0,0,0,0,-,-,NA,NA,LOS ANGELES,LOS ANGELES,-118.31339263916016,33.96908187866211
8606032,2018,2018-05-15,1942,2018-04-25,1745,39730,0376,3,5,7,1942,0,0,0,C,0,3A18,WESTERN AV,KING BL,100,S,N,A,-,N,NA,NA,NA,NA,NA,NA,NA,NA,NA,N,3,0,1,2,A,-,21,22106,NA,N,C,B,F,A,H,-,A,D,0,Y,NA,NA,NA,Y,NA,A,01,0,1,0,0,1,0,0,0,0,-,-,NA,NA,LOS ANGELES,LOS ANGELES,-118.308935,34.010559
8606035,2018,2018-05-16,1942,2018-04-21,0010,36309,1268,6,5,7,1942,0,0,0,L,0,12A67,MANCHESTER AV,SAN PEDRO ST,150,W,N,A,-,N,NA,NA,NA,NA,NA,NA,NA,NA,NA,Y,4,0,1,2,A,-,03,22350,NA,N,B,E,A,A,H,-,C,D,0,NA,NA,NA,NA,Y,NA,A,01,0,0,1,0,0,0,0,0,0,-,-,NA,NA,LOS ANGELES,LOS ANGELES,-118.2699966430664,33.96010971069336
8606036,2018,2018-05-15,1942,2018-04-19,0850,38633,0355,4,5,7,1942,0,0,0,C,0,MQ15,ARLINGTON AV,EXPOSITION BL,100,N,N,A,-,N,NA,NA,NA,NA,NA,NA,NA,NA,NA,Y,4,0,1,2,A,-,08,22107,NA,F,H,J,A,A,H,-,A,A,0,NA,NA,NA,NA,Y,NA,-,99,0,0,1,0,0,0,0,0,0,-,-,NA,NA,LOS ANGELES,LOS ANGELES,-118.3176727294922,34.019134521484375
8606039,2018,2018-05-16,1942,2018-04-21,1100,42559,1269,6,5,7,1942,0,0,0,L,0,12L90,STANFORD,82ND ST,15,S,N,A,-,N,NA,NA,NA,NA,NA,NA,NA,NA,NA,N,3,0,1,2,A,-,03,22350,NA,F,B,C,A,A,H,-,A,D,0,NA,NA,NA,NA,Y,NA,-,99,0,1,0,0,0,0,0,0,0,-,-,NA,NA,LOS ANGELES,LOS ANGELES,-118.26297760009766,33.964630126953125
8606040,2018,2018-05-15,1942,2018-04-10,0620,42665,0396,2,5,7,1942,0,0,0,C,0,3A99,HOOVER ST,41ST ST,20,S,N,A,-,N,NA,NA,NA,NA,NA,NA,NA,NA,NA,N,4,0,2,3,A,-,03,22350,NA,F,-,C,A,-,H,-,B,D,0,NA,NA,NA,NA,Y,Y,-,99,0,0,2,0,0,0,0,0,0,-,-,NA,NA,LOS ANGELES,LOS ANGELES,-118.2872314453125,34.009586334228516
8606043,2018,2018-05-16,1942,2018-04-13,1530,42222,1215,5,5,7,1942,0,0,0,L,0,12X66,VERMONT AV,57TH ST,100,N,N,A,-,N,NA,NA,NA,NA,NA,NA,NA,NA,NA,Y,4,0,2,1,A,-,03,22350,NA,N,A,I,A,A,H,-,A,D,0,NA,NA,NA,NA,Y,NA,A,01,0,0,2,0,0,0,0,0,0,-,-,NA,NA,LOS ANGELES,LOS ANGELES,-118.291487,33.990747
8606044,2018,2018-05-15,1942,2018-04-24,2210,37548,0315,2,5,7,1942,0,0,0,C,0,3A18,ARLINGTON,ADAMS,0,NA,Y,A,-,N,NA,NA,NA,NA,NA,NA,NA,NA,NA,N,4,0,1,2,A,-,09,21801,A,F,-,C,A,A,-,-,C,A,0,NA,NA,NA,NA,Y,NA,A,01,0,0,1,0,0,0,0,0,0,-,-,NA,NA,LOS ANGELES,LOS ANGELES,-118.31768035888672,34.03263854980469
8606047,2018,2018-05-16,1942,2018-04-30,0700,41536,1243,1,5,7,1942,0,0,0,L,0,12A45,W 65TH ST,S GRAMERCY PL,0,NA,Y,A,-,N,NA,NA,NA,NA,NA,NA,NA,NA,NA,Y,4,0,2,2,A,-,09,21802,A,N,D,C,A,A,H,-,A,A,0,NA,NA,NA,NA,Y,NA,A,01,0,0,2,0,0,0,0,0,0,-,-,NA,NA,LOS ANGELES,LOS ANGELES,-118.31336212158205,33.9805908203125
8606048,2018,2018-05-15,1942,2018-04-27,0050,41844,0321,5,5,7,1942,0,0,0,C,0,25T45,LA BREA AV,ESPOSITION BL,45,S,N,A,-,N,NA,NA,NA,NA,NA,NA,NA,NA,NA,Y,4,0,1,2,A,-,01,23152,A,N,C,E,A,A,H,-,C,A,0,NA,NA,NA,NA,Y,Y,A,01,0,0,1,0,0,0,0,0,0,-,-,NA,NA,LOS ANGELES,LOS ANGELES,-118.355166,34.024799
8606051,2018,2018-05-16,1942,2018-04-23,1825,42427,1203,1,5,7,1942,0,0,0,L,0,12X8,S GRAMERCY PL,W 48TH ST,2,S,N,A,-,N,NA,NA,NA,NA,NA,NA,NA,NA,NA,Y,4,0,1,2,A,-,08,22100,A,N,B,C,A,A,H,-,A,A,0,NA,NA,NA,NA,Y,NA,A,01,0,0,1,0,0,0,0,0,0,-,-,NA,NA,LOS ANGELES,LOS ANGELES,-118.31382751464844,34.00003433227539
8606055,2018,2018-05-16,1942,2018-04-26,0735,42665,1205,4,5,7,1942,0,0,0,L,0,12A3,NORMANDIE AV,S 48TH ST,21,NA,N,A,-,N,NA,NA,NA,NA,NA,NA,NA,NA,NA,N,4,0,1,2,A,-,11,21954,A,N,D,B,D,A,H,-,A,D,0,Y,NA,NA,NA,Y,NA,N,60,0,0,1,0,1,0,0,0,0,-,-,NA,NA,LOS ANGELES,LOS ANGELES,-118.30019378662108,34.00008010864258
8606059,2018,2018-05-16,1942,2018-04-25,0750,41924,1218,3,5,7,1942,0,0,0,L,0,12A15,52ND PL,FIGUEROA ST,0,NA,Y,A,-,N,NA,NA,NA,NA,NA,NA,NA,NA,NA,N,3,0,2,3,A,-,09,21802,A,N,D,C,A,A,H,-,A,A,0,NA,NA,NA,NA,Y,NA,A,01,0,1,1,0,0,0,0,0,0,-,-,NA,NA,LOS ANGELES,LOS ANGELES,-118.28269958496094,33.99501037597656
8606063,2018,2018-10-30,1942,2018-04-22,0230,43092,SOUTH,7,5,7,1942,0,0,0,NA,0,18A1,STANFORD AV,E 105TH ST,90,N,N,A,-,N,NA,NA,NA,NA,NA,NA,NA,NA,NA,N,4,0,1,2,A,-,03,22350,NA,F,F,C,A,A,H,-,C,A,0,NA,NA,NA,NA,Y,NA,A,01,0,0,1,0,0,0,0,0,0,-,-,NA,NA,LOS ANGELES,LOS ANGELES,-118.26300048828124,33.941246032714844
8606067,2018,2019-03-14,1942,2018-04-11,2035,41844,1822,3,5,7,1942,0,0,0,R,0,25T27,CENTURY BL,BROADWAY,231,E,N,A,-,N,NA,NA,NA,NA,NA,NA,NA,NA,NA,Y,1,1,0,2,A,-,03,22350,NA,N,D,C,A,A,H,-,C,D,0,NA,NA,Y,NA,Y,Y,C,02,0,0,0,0,0,0,0,1,0,-,-,NA,NA,LOS ANGELES,LOS ANGELES,-118.27762603759766,33.94554901123047
8606071,2018,2018-05-17,1942,2018-04-19,1325,36911,1231,4,5,7,1942,0,0,0,L,0,12A31,ANGELES VISTA BL,W SLAUSON AV,0,NA,Y,A,-,N,NA,NA,NA,NA,NA,NA,NA,NA,NA,Y,4,0,1,2,A,-,09,21801,A,F,D,C,A,A,H,-,A,A,0,NA,NA,NA,NA,Y,NA,A,01,0,0,1,0,0,0,0,0,0,-,-,NA,NA,LOS ANGELES,LOS ANGELES,-118.3517837524414,33.988868713378906
8606074,2018,2018-05-11,1963,2018-04-10,1959,00349,103,2,5,3,1963,0,0,0,NA,0,001,LOS ROBLES AV,MT ROBLES PL,201,S,N,A,-,N,NA,NA,NA,NA,NA,NA,NA,NA,NA,Y,3,0,2,2,A,-,03,22350,NA,N,C,C,A,A,H,-,C,A,0,NA,NA,NA,NA,Y,NA,A,01,0,1,1,0,0,0,0,0,0,-,-,NA,NA,LOS ANGELES,SAN MARINO,NA,NA
8606075,2018,2018-05-17,1942,2018-04-18,0830,42962,1205,3,5,7,1942,0,0,0,L,0,12A57,VERMONT AV,51ST PL,0,NA,Y,A,-,N,NA,NA,NA,NA,NA,NA,NA,NA,NA,Y,4,0,1,2,A,-,12,22450,A,F,D,C,A,A,H,-,A,A,0,NA,NA,NA,NA,Y,NA,-,99,0,0,1,0,0,0,0,0,0,-,-,NA,NA,LOS ANGELES,LOS ANGELES,-118.2915267944336,33.9959716796875
8606078,2018,2018-05-11,1963,2018-04-26,1434,00349,237,4,5,3,1963,0,0,0,NA,0,TWO,HUNTINGTON DR,SAN MARINO AV,34,W,N,A,-,N,NA,NA,NA,NA,NA,NA,NA,NA,NA,Y,4,0,1,2,A,-,06,21755,A,N,B,C,A,A,H,-,A,A,0,NA,NA,Y,NA,Y,NA,C,02,0,0,1,0,0,0,0,0,1,-,-,NA,NA,LOS ANGELES,SAN MARINO,-118.10647583007813,34.12189483642578
8606079,2018,2018-05-24,1942,2018-04-17,1515,42689,1256,2,5,7,1942,0,0,0,L,0,12A73,FLOWER ST,W 73RD ST,0,NA,Y,A,-,N,NA,NA,NA,NA,NA,NA,NA,NA,NA,N,4,0,1,2,C,-,18,NA,NA,F,G,B,E,A,H,-,A,D,0,Y,NA,NA,NA,Y,NA,-,-,0,0,1,0,1,0,0,0,0,-,-,NA,NA,LOS ANGELES,LOS ANGELES,-118.28131103515624,33.973670959472656
8606080,2018,2018-05-15,1942,2018-04-24,1700,36615,3028,2,5,7,1942,0,0,0,NA,0,3XL94,S FIGUEROA ST,W 28TH ST,50,N,N,A,-,N,NA,NA,NA,NA,NA,NA,NA,NA,NA,N,4,0,1,2,A,-,03,22350,NA,F,G,B,E,A,H,-,A,A,0,Y,NA,NA,NA,Y,NA,-,99,0,0,1,0,1,0,0,0,0,-,-,NA,NA,LOS ANGELES,LOS ANGELES,-118.27728271484376,34.02621078491211
8606090,2018,2018-05-14,1942,2018-02-18,1740,33950,0236,7,5,7,1942,0,0,0,B,0,2A56,S WESTLAKE AV,3RD ST,5,S,N,A,-,N,NA,NA,NA,NA,NA,NA,NA,NA,NA,N,4,0,1,2,A,-,09,21802,A,N,D,G,A,A,H,-,B,D,0,NA,Y,NA,NA,Y,NA,A,01,0,0,1,0,0,0,1,0,0,-,-,NA,NA,LOS ANGELES,LOS ANGELES,-118.27146911621094,34.06243896484375
8606094,2018,2018-05-14,1942,2018-02-16,0730,38050,0241,5,5,7,1942,0,0,0,B,0,2A45,S LA FAYETTE PARK PL,6TH ST,560,N,N,A,-,N,NA,NA,NA,NA,NA,NA,NA,NA,NA,N,3,0,1,2,A,-,11,21955,NA,N,G,B,D,A,H,-,A,D,0,Y,NA,NA,NA,Y,NA,N,60,0,1,0,0,1,0,0,0,0,-,-,NA,NA,LOS ANGELES,LOS ANGELES,-118.28223419189452,34.06455612182617
8606102,2018,2018-05-14,1942,2018-02-19,1630,40099,0265,1,5,7,1942,0,0,0,B,0,2A75,S ALVARADO ST,W 7TH ST,0,NA,Y,A,-,N,NA,NA,NA,NA,NA,NA,NA,NA,NA,Y,4,0,1,3,A,-,12,21453,A,N,D,C,F,A,H,-,A,A,0,Y,NA,NA,NA,Y,NA,A,07,0,0,1,0,0,0,0,0,0,-,-,NA,NA,LOS ANGELES,LOS ANGELES,-118.2768096923828,34.056480407714844
8606104,2018,2019-03-25,1942,2018-01-25,1115,34332,0215,4,5,7,1942,0,0,0,B,0,2A5,W TEMPLE ST,RENO ST,122,W,N,B,-,N,NA,NA,NA,NA,NA,NA,NA,NA,NA,Y,3,0,1,2,A,-,03,22350,NA,M,C,C,A,A,H,-,A,A,0,NA,NA,NA,NA,Y,NA,-,99,0,1,0,0,0,0,0,0,0,-,-,NA,NA,LOS ANGELES,LOS ANGELES,-118.27971649169922,34.07463836669922
8606106,2018,2018-05-14,1953,2018-03-29,0932,7724,LAPD,4,5,6,1953,0,0,0,NA,0,003,COLORADO BL,WILSON AV,0,NA,Y,A,-,N,NA,NA,NA,NA,NA,NA,NA,NA,NA,Y,4,0,1,2,A,-,12,21453,A,N,D,C,A,A,H,-,A,A,0,NA,NA,NA,NA,Y,NA,A,01,0,0,1,0,0,0,0,0,0,-,-,NA,NA,LOS ANGELES,PASADENA,-118.12806701660156,34.145938873291016
8606111,2018,2018-10-29,1928,2018-05-02,0719,353,526,3,5,5,1928,0,0,0,NA,0,501,GALE AV,116TH ST,0,NA,Y,A,-,N,NA,NA,NA,NA,NA,NA,NA,NA,NA,Y,4,0,1,1,A,-,03,22350,NA,N,E,I,A,A,H,-,A,A,0,NA,NA,NA,NA,Y,NA,A,01,0,0,1,0,0,0,0,0,0,-,-,NA,NA,LOS ANGELES,HAWTHORNE,-118.36019897460938,33.92911911010742
8606114,2018,2018-05-14,1942,2018-03-24,2353,37928,1215,6,5,7,1942,0,0,0,L,0,12A93,SLAUSON AV,VERMONT AV,40,W,N,A,-,N,NA,NA,NA,NA,NA,NA,NA,NA,NA,Y,2,0,1,1,A,-,03,22350,NA,N,E,I,A,A,H,-,C,D,0,NA,NA,NA,NA,Y,NA,A,01,1,0,0,0,0,0,0,0,0,-,-,NA,NA,LOS ANGELES,LOS ANGELES,-118.29160308837892,33.98912811279297
8606118,2018,2018-05-14,1942,2018-03-09,0130,41808,1245,5,5,7,1942,0,0,0,L,0,12A45,FLORENCE AV,VERMONT AV,0,NA,Y,A,-,N,NA,NA,NA,NA,NA,NA,NA,NA,NA,Y,3,0,1,2,A,-,09,21801,A,N,D,C,A,A,H,-,C,A,0,NA,NA,NA,NA,Y,NA,A,01,0,1,0,0,0,0,0,0,0,-,-,NA,NA,LOS ANGELES,LOS ANGELES,-118.29174041748048,33.97462844848633
8606122,2018,2018-05-14,1942,2018-03-09,1350,40275,0109,5,5,7,1942,0,0,0,A,0,1A1,ELYSIAN PARK DR,PARK ROW DR,50,S,N,A,-,N,NA,NA,NA,NA,NA,NA,NA,NA,NA,Y,2,0,4,1,A,-,03,22350,NA,F,E,I,A,A,H,-,A,D,0,NA,NA,NA,NA,Y,NA,A,01,1,2,1,0,0,0,0,0,0,-,-,NA,NA,LOS ANGELES,LOS ANGELES,NA,NA
8606123,2018,2018-05-21,1951,2018-05-03,0925,746,NA,4,5,3,1951,0,0,0,NA,0,001,VIA FERNANDEZ,VIA VISALIA,0,NA,Y,A,-,N,NA,NA,NA,NA,NA,NA,NA,NA,NA,N,3,0,1,2,A,-,10,21950,A,F,G,B,B,A,H,-,A,A,0,Y,NA,NA,NA,Y,Y,A,01,0,1,0,0,1,0,0,0,0,-,-,NA,NA,LOS ANGELES,PALOS VERDES EST,-118.39483642578124,33.7883415222168
8606126,2018,2018-05-14,1942,2018-03-15,1230,37398,0124,4,5,7,1942,0,0,0,A,0,1A1,LOS ANGELES ST,2ND ST,0,NA,Y,A,-,N,NA,NA,NA,NA,NA,NA,NA,NA,NA,N,3,0,1,2,A,-,12,21453,A,F,H,G,A,A,H,-,A,A,0,NA,Y,NA,NA,Y,NA,-,-,0,1,0,0,0,0,1,0,0,-,-,NA,NA,LOS ANGELES,LOS ANGELES,-118.24337,34.05026
8606130,2018,2018-05-14,1942,2018-03-31,1845,36460,0182,6,5,7,1942,0,0,0,A,0,1A61,S HOPE ST,OLYMPIC BL,85,S,N,A,-,N,NA,NA,NA,NA,NA,NA,NA,NA,NA,Y,3,0,2,3,A,-,01,23152,A,F,C,C,A,A,H,-,A,D,0,NA,NA,NA,NA,Y,Y,A,01,0,1,1,0,0,0,0,0,0,-,-,NA,NA,LOS ANGELES,LOS ANGELES,-118.26186370849608,34.04354476928711
8606134,2018,2018-05-14,1942,2018-03-28,1615,39759,0195,3,5,7,1942,0,0,0,A,0,1A85,EAST 15TH ST,S LOS ANGELES ST,0,NA,Y,A,-,N,NA,NA,NA,NA,NA,NA,NA,NA,NA,N,4,0,6,3,A,-,09,21802,A,N,D,C,A,A,H,-,A,A,0,NA,NA,NA,NA,Y,NA,A,01,0,0,6,0,0,0,0,0,0,-,-,NA,NA,LOS ANGELES,LOS ANGELES,-118.26097869873048,34.033729553222656
8606139,2018,2018-05-14,1942,2018-05-01,1910,41125,1994,2,5,7,1942,0,0,0,NA,0,19A93,ROSCOE BL,WILLIS AV,0,NA,Y,A,-,N,NA,NA,NA,NA,NA,NA,NA,NA,NA,Y,3,0,1,2,A,-,01,23152,E,M,D,C,A,A,H,-,A,A,0,NA,NA,NA,NA,Y,NA,A,01,0,1,0,0,0,0,0,0,0,-,-,NA,NA,LOS ANGELES,LOS ANGELES,-118.45532989501952,34.22148895263672
8606204,2018,2018-05-17,1942,2018-05-02,1255,41419,1672,3,5,7,1942,0,0,0,P,0,16A77,N SAN FERNANDO RD,LANKERSHIM,1077,E,N,A,-,N,NA,NA,NA,NA,NA,NA,NA,NA,NA,Y,4,0,2,4,A,-,08,22107,NA,F,B,C,A,-,H,-,A,D,0,NA,NA,NA,NA,Y,NA,-,99,0,0,2,0,0,0,0,0,0,-,-,NA,NA,LOS ANGELES,LOS ANGELES,-118.38546752929688,34.231475830078125
8606228,2018,2018-05-18,1942,2018-04-25,1005,36253,2146,3,5,7,1942,0,0,0,NA,0,21SL1,ETON AV,SHERMAN WAY,0,NA,Y,A,-,N,NA,NA,NA,NA,NA,NA,NA,NA,NA,N,4,0,1,2,A,-,05,21650,1,N,D,G,A,A,H,-,A,-,0,NA,Y,NA,NA,Y,NA,L,04,0,0,1,0,0,0,1,0,0,-,-,NA,NA,LOS ANGELES,LOS ANGELES,-118.5954818725586,34.201080322265625
8606232,2018,2018-05-18,1942,2018-04-22,1916,42491,2147,7,5,7,1942,0,0,0,NA,0,21X44,DE SOTO AV,SHERMAN WAY,0,NA,Y,A,-,N,NA,NA,NA,NA,NA,NA,NA,NA,NA,Y,4,0,1,2,A,-,10,21950,A,N,H,G,A,A,H,-,A,A,0,NA,Y,NA,Y,Y,NA,F,26,0,0,1,0,0,0,1,0,0,-,-,NA,NA,LOS ANGELES,LOS ANGELES,-118.58844757080078,34.20111846923828
8606236,2018,2018-05-18,1942,2018-04-28,0725,42029,2134,6,5,7,1942,0,0,0,NA,0,21A1,TOPANGA CANYON BL,SATICOY ST,23,N,N,A,-,N,NA,NA,NA,NA,NA,NA,NA,NA,NA,Y,4,0,2,2,A,-,08,22107,NA,N,B,C,A,A,H,-,A,A,0,NA,NA,NA,NA,Y,NA,A,01,0,0,2,0,0,0,0,0,0,-,-,NA,NA,LOS ANGELES,LOS ANGELES,-118.60597229003906,34.2083740234375
8606240,2018,2018-05-23,1942,2018-04-23,0730,34467,2118,1,5,7,1942,0,0,0,NA,0,21A29,WINNETKA AV,ROSCOE BL,0,NA,Y,A,-,N,NA,NA,NA,NA,NA,NA,NA,NA,NA,N,3,0,2,2,D,-,00,NA,NA,N,D,C,A,A,H,-,A,A,0,NA,NA,NA,NA,Y,NA,-,-,0,1,1,0,0,0,0,0,0,-,-,NA,NA,LOS ANGELES,LOS ANGELES,-118.57105255126952,34.22024917602539
8606241,2018,2018-05-21,1942,2018-04-26,0835,42319,0363,4,5,7,1942,0,0,0,C,0,3A63,JEFFERSON BL,HOLDREGE AV,110,E,N,A,-,N,NA,NA,NA,NA,NA,NA,NA,NA,NA,N,4,0,1,2,A,-,04,21703,NA,N,C,C,A,A,H,-,A,A,0,NA,NA,NA,NA,Y,NA,A,01,0,0,1,0,0,0,0,0,0,-,-,NA,NA,LOS ANGELES,LOS ANGELES,-118.3781280517578,34.021209716796875
8606245,2018,2018-05-14,1942,2018-04-24,2230,42595,0332,2,5,7,1942,0,0,0,C,0,3XL92,HILLCREST DR,ESPOSITION BL,0,NA,Y,A,-,N,NA,NA,NA,NA,NA,NA,NA,NA,NA,Y,4,0,1,1,A,-,03,22350,A,N,E,I,A,A,H,-,C,A,0,NA,NA,NA,NA,Y,NA,A,01,0,0,1,0,0,0,0,0,0,-,-,NA,NA,LOS ANGELES,LOS ANGELES,-118.342875,34.023783
8606249,2018,2018-05-14,1942,2018-04-25,1115,43180,0397,3,5,7,1942,0,0,0,C,0,3A19,VERNON AV,VERMONT AV,150,E,N,A,-,N,NA,NA,NA,NA,NA,NA,NA,NA,NA,N,4,0,1,2,A,-,03,22350,NA,N,C,C,A,A,H,-,A,D,0,NA,NA,NA,NA,Y,NA,-,-,0,0,1,0,0,0,0,0,0,-,-,NA,NA,LOS ANGELES,LOS ANGELES,-118.29107666015624,34.00368881225586
8606253,2018,2018-05-14,1942,2018-04-26,1435,41290,0374,4,5,7,1942,0,0,0,C,0,3E5,ARLINGTON AV,RODEO RD,0,NA,Y,A,-,N,NA,NA,NA,NA,NA,NA,NA,NA,NA,Y,4,0,3,4,A,-,09,21801,NA,N,D,C,A,A,H,-,A,A,0,NA,NA,NA,NA,Y,NA,A,01,0,0,3,0,0,0,0,0,0,-,-,NA,NA,LOS ANGELES,LOS ANGELES,-118.31819152832033,34.01826858520508
8606266,2018,2018-05-15,1942,2018-04-26,1325,40353,1035,4,5,7,1942,0,0,0,J,0,10A21,VICTORY BL,LINDLEY AV,0,NA,Y,A,-,N,NA,NA,NA,NA,NA,NA,NA,NA,NA,N,3,0,1,2,A,-,09,21804,A,F,D,G,A,A,H,-,A,A,0,NA,Y,NA,NA,Y,NA,L,04,0,1,0,0,0,0,1,0,0,-,-,NA,NA,LOS ANGELES,LOS ANGELES,-118.52728271484376,34.18661117553711
8606270,2018,2018-05-23,1942,2018-04-28,1703,42460,1039,6,5,7,1942,0,0,0,J,0,10A39,VANOWEN ST,WOODLEY AV,0,NA,Y,A,-,N,NA,NA,NA,NA,NA,NA,NA,NA,NA,N,3,0,1,2,A,-,08,22107,NA,F,B,C,A,A,H,-,A,A,0,NA,NA,NA,NA,Y,NA,-,99,0,1,0,0,0,0,0,0,0,-,-,NA,NA,LOS ANGELES,LOS ANGELES,-118.48365783691406,34.19390869140625
8606295,2018,2018-06-13,1942,2018-04-17,0920,43225,NA,2,5,7,1942,0,0,0,NA,0,13A85,75TH ST,MAIN ST,50,E,N,A,-,N,NA,NA,NA,NA,NA,NA,NA,NA,NA,N,4,0,1,4,A,-,09,21804,A,N,D,C,A,A,H,-,A,D,0,NA,NA,NA,NA,Y,NA,A,08,0,0,1,0,0,0,0,0,0,-,-,NA,NA,LOS ANGELES,LOS ANGELES,-118.27376556396484,33.97214126586914
8606341,2018,2018-05-16,1948,2018-03-17,0129,356,1948,6,5,5,1948,0,0,0,NA,0,023,SOUTH GARFIELD AV,ROCA WY,0,NA,Y,B,C,N,NA,NA,NA,NA,NA,NA,NA,NA,NA,Y,2,0,1,1,D,-,00,NA,NA,N,E,I,A,B,H,-,C,A,0,NA,NA,NA,NA,Y,Y,-,-,1,0,0,0,0,0,0,0,0,-,-,NA,NA,LOS ANGELES,MONTEREY PARK,-118.12825012207033,34.04930877685547
8606350,2018,2018-05-16,1942,2018-05-05,2245,42608,1864,6,5,7,1942,0,0,0,R,0,18A63,S CENTRAL AV,E 120TH ST,0,NA,Y,A,-,N,NA,NA,NA,NA,NA,NA,NA,NA,NA,Y,4,0,1,2,A,-,09,21801,A,N,D,C,A,A,H,-,C,A,0,NA,NA,NA,NA,Y,NA,A,01,0,0,1,0,0,0,0,0,0,-,-,NA,NA,LOS ANGELES,LOS ANGELES,-118.25435638427734,33.923728942871094
8606353,2018,2018-05-18,1948,2018-03-13,1633,374,1948,2,5,5,1948,0,0,0,NA,0,002,W HELLMAN AV,N YNEZ AV,0,NA,Y,C,-,N,NA,NA,NA,NA,NA,NA,NA,NA,NA,N,4,0,1,2,A,-,09,21800,A,N,D,C,A,B,H,-,A,A,0,NA,NA,NA,NA,Y,NA,-,-,0,0,1,0,0,0,0,0,0,-,-,NA,NA,LOS ANGELES,MONTEREY PARK,-118.12918853759766,34.06975173950195
8606357,2018,2018-05-16,1948,2018-03-19,2136,418,1948,1,5,5,1948,0,0,0,NA,0,002,GARFIELD AV,EMERSON AV,7,S,N,A,-,N,NA,NA,NA,NA,NA,NA,NA,NA,NA,N,4,0,1,3,A,-,09,21801,A,N,A,C,A,A,H,-,C,A,0,NA,NA,NA,NA,Y,NA,-,NA,0,0,1,0,0,0,0,0,0,-,-,NA,NA,LOS ANGELES,MONTEREY PARK,-118.12287902832033,34.06611251831055