CASE_ID,ACCIDENT_YEAR,PROC_DATE,JURIS,COLLISION_DATE,COLLISION_TIME,OFFICER_ID,REPORTING_DISTRICT,DAY_OF_WEEK,CHP_SHIFT,POPULATION,CNTY_CITY_LOC,SPECIAL_COND,BEAT_TYPE,CHP_BEAT_TYPE,CITY_DIVISION_LAPD,CHP_BEAT_CLASS,BEAT_NUMBER,PRIMARY_RD,SECONDARY_RD,DISTANCE,DIRECTION,INTERSECTION,WEATHER_1,WEATHER_2,STATE_HWY_IND,CALTRANS_COUNTY,CALTRANS_DISTRICT,STATE_ROUTE,ROUTE_SUFFIX,POSTMILE_PREFIX,POSTMILE,LOCATION_TYPE,RAMP_INTERSECTION,SIDE_OF_HWY,TOW_AWAY,COLLISION_SEVERITY,NUMBER_KILLED,NUMBER_INJURED,PARTY_COUNT,PRIMARY_COLL_FACTOR,PCF_CODE_OF_VIOL,PCF_VIOL_CATEGORY,PCF_VIOLATION,PCF_VIOL_SUBSECTION,HIT_AND_RUN,TYPE_OF_COLLISION,MVIW,PED_ACTION,ROAD_SURFACE,ROAD_COND_1,ROAD_COND_2,LIGHTING,CONTROL_DEVICE,CHP_ROAD_TYPE,PEDESTRIAN_ACCIDENT,BICYCLE_ACCIDENT,MOTORCYCLE_ACCIDENT,TRUCK_ACCIDENT,NOT_PRIVATE_PROPERTY,ALCOHOL_INVOLVED,STWD_VEHTYPE_AT_FAULT,CHP_VEHTYPE_AT_FAULT,COUNT_SEVERE_INJ,COUNT_VISIBLE_INJ,COUNT_COMPLAINT_PAIN,COUNT_PED_KILLED,COUNT_PED_INJURED,COUNT_BICYCLIST_KILLED,COUNT_BICYCLIST_INJURED,COUNT_MC_KILLED,COUNT_MC_INJURED,PRIMARY_RAMP,SECONDARY_RAMP,LATITUDE,LONGITUDE,COUNTY,CITY,POINT_X,POINT_Y
8608546,2018,2018-04-27,1965,2018-04-07,1114,3816,0B3F,6,5,5,1965,0,0,0,NA,0,B003,CLOVERFIELD BL,26TH ST,0,NA,Y,A,-,N,NA,NA,NA,NA,NA,NA,NA,NA,NA,N,4,0,1,2,A,-,08,22107,NA,N,B,C,A,A,H,-,A,D,0,NA,NA,NA,NA,Y,NA,A,01,0,0,1,0,0,0,0,0,0,-,-,NA,NA,LOS ANGELES,SANTA MONICA,-118.47064971923828,34.025699615478516
8608548,2018,2018-05-02,1942,2018-03-25,1250,43252,396,7,5,7,1942,0,0,0,NA,0,3A99,MENLO AV,41ST ST,0,NA,Y,A,-,N,NA,NA,NA,NA,NA,NA,NA,NA,NA,Y,4,0,2,2,A,-,12,22450,A,F,D,C,A,A,-,-,A,-,0,NA,NA,NA,NA,Y,Y,A,08,0,0,2,0,0,0,0,0,0,-,-,NA,NA,LOS ANGELES,LOS ANGELES,-118.29000091552734,34.009159088134766
8608550,2018,2018-04-27,1900,2018-04-14,2357,531403,1617,6,5,5,1977,0,0,0,NA,0,167T1,DEL AMO BL,FIGUEROA ST,10,W,N,A,-,N,NA,NA,NA,NA,NA,NA,NA,NA,NA,Y,3,0,1,2,A,-,12,21453,A,N,D,C,A,A,H,-,C,A,0,NA,NA,NA,NA,Y,NA,A,01,0,1,0,0,0,0,0,0,0,-,-,NA,NA,LOS ANGELES,CARSON,-118.2844009399414,33.84624099731445
8608554,2018,2018-04-27,1900,2018-04-11,1230,609643,1626,3,5,5,1977,0,0,0,NA,0,168T,223RD ST,TESORO CAMPUS DR,0,NA,Y,A,-,N,NA,NA,NA,NA,NA,NA,NA,NA,NA,Y,4,0,1,2,A,-,06,21750,NA,N,B,C,A,A,H,-,A,A,0,NA,NA,NA,NA,Y,NA,A,01,0,0,1,0,0,0,0,0,0,-,-,NA,NA,LOS ANGELES,CARSON,-118.233159,33.82428
8608590,2018,2018-05-09,1942,2018-04-15,1055,42665,0398,7,5,7,1942,0,0,0,C,0,3A99,HOOVER ST,43RD PL,0,NA,Y,A,-,N,NA,NA,NA,NA,NA,NA,NA,NA,NA,Y,2,0,3,4,A,-,09,21801,A,N,D,C,A,A,H,-,A,D,0,NA,NA,NA,NA,Y,NA,A,01,2,0,1,0,0,0,0,0,0,-,-,NA,NA,LOS ANGELES,LOS ANGELES,-118.28717041015624,34.00461196899414
8608595,2018,2018-05-07,1942,2018-03-08,1700,36847,706,4,5,7,1942,0,0,0,NA,0,7A47,LA BREA AV,WILLOUGHBY AV,0,NA,Y,A,-,N,NA,NA,NA,NA,NA,NA,NA,NA,NA,N,4,0,1,2,A,-,08,22100,A,N,D,C,A,A,-,-,A,A,0,NA,NA,NA,NA,Y,NA,A,01,0,0,1,0,0,0,0,0,0,-,-,NA,NA,LOS ANGELES,LOS ANGELES,-118.34406280517578,34.087100982666016
8608599,2018,2018-05-10,1942,2018-04-23,1430,39655,0745,1,5,7,1942,0,0,0,G,0,7A33,WILSHIRE BL,LA BREA AV,105,E,N,A,-,N,NA,NA,NA,NA,NA,NA,NA,NA,NA,Y,4,0,1,2,A,-,03,22350,NA,F,C,C,A,A,D,-,A,A,0,NA,NA,NA,Y,Y,NA,F,26,0,0,1,0,0,0,0,0,0,-,-,NA,NA,LOS ANGELES,LOS ANGELES,-118.3437042236328,34.062191009521484
8608615,2018,2018-05-09,1942,2018-04-04,1500,42451,0859,3,5,7,1942,0,0,0,H,0,20TL56,PICO BL,HOLT AV,92,E,N,A,-,N,NA,NA,NA,NA,NA,NA,NA,NA,NA,N,4,0,1,2,A,-,08,22107,NA,N,D,C,A,A,H,-,A,D,0,NA,NA,NA,NA,Y,NA,A,01,0,0,1,0,0,0,0,0,0,-,-,NA,NA,LOS ANGELES,LOS ANGELES,-118.37821197509766,34.053733825683594
8608619,2018,2018-05-10,1942,2018-04-23,2055,36504,1488,1,5,7,1942,0,0,0,N,0,14A67,OSAGE AV,MANCHESTER AV,95,N,N,B,-,N,NA,NA,NA,NA,NA,NA,NA,NA,NA,Y,4,0,1,2,A,-,09,21804,A,F,D,C,A,A,H,-,C,D,0,NA,NA,NA,NA,Y,NA,-,99,0,0,1,0,0,0,0,0,0,-,-,NA,NA,LOS ANGELES,LOS ANGELES,-118.37881469726564,33.96015167236328
8608620,2018,2018-05-07,1900,2018-03-21,2030,609958,0263,3,5,4,1917,0,0,0,NA,0,26T P,CECELIA ST,ATLANTIC AV,0,NA,Y,A,-,N,NA,NA,NA,NA,NA,NA,NA,NA,NA,N,4,0,1,2,A,-,10,21950,A,N,G,G,A,A,H,-,C,A,0,NA,Y,NA,Y,Y,NA,F,25,0,0,1,0,0,0,1,0,0,-,-,NA,NA,LOS ANGELES,CUDAHY,-118.18518829345705,33.95895004272461
8608623,2018,2018-05-07,1942,2018-03-31,1825,25495,1465,6,5,7,1942,0,0,0,N,0,14A49,JEFFERSON BL,CENTINELA AV,85,E,N,A,-,N,NA,NA,NA,NA,NA,NA,NA,NA,NA,N,4,0,2,2,A,-,03,22350,NA,N,C,C,A,A,H,-,A,D,0,NA,NA,NA,NA,Y,NA,A,01,0,0,2,0,0,0,0,0,0,-,-,NA,NA,LOS ANGELES,LOS ANGELES,-118.40892791748048,33.98145294189453
8608627,2018,2018-05-10,1942,2018-04-10,1750,43068,0497,2,5,7,1942,0,0,0,D,0,4A72,OLYMPIC BL,DACOTAH,1,E,N,A,-,N,NA,NA,NA,NA,NA,NA,NA,NA,NA,Y,3,0,2,2,C,-,18,NA,NA,N,C,C,A,A,H,-,A,A,0,NA,NA,NA,NA,Y,NA,-,-,0,2,0,0,0,0,0,0,0,-,-,NA,NA,LOS ANGELES,LOS ANGELES,-118.21221923828124,34.020938873291016
8608631,2018,2018-05-17,1942,2018-04-14,1335,33485,0489,6,5,7,1942,0,0,0,D,0,0497,SOTO ST,OLYMPIC BL,0,NA,Y,A,-,N,NA,NA,NA,NA,NA,NA,NA,NA,NA,N,4,0,1,2,A,-,03,22350,NA,N,B,C,A,A,H,-,A,D,0,NA,NA,NA,NA,Y,NA,A,01,0,0,1,0,0,0,0,0,0,-,-,NA,NA,LOS ANGELES,LOS ANGELES,-118.2198486328125,34.024269104003906
8608635,2018,2018-05-08,1942,2018-02-05,0755,38357,NA,1,5,7,1942,0,0,0,NA,0,NA,EAST 4TH ST,CONCORD ST,200,E,N,A,-,N,NA,NA,NA,NA,NA,NA,NA,NA,NA,Y,4,0,1,3,A,-,03,22350,NA,N,C,C,A,A,H,-,A,D,0,NA,NA,NA,NA,Y,NA,A,07,0,0,1,0,0,0,0,0,0,-,-,NA,NA,LOS ANGELES,LOS ANGELES,-118.19810485839844,34.034507751464844
8608641,2018,2018-05-02,1942,2018-04-03,1633,38037,1871,2,5,7,1942,0,0,0,R,0,18X36,VERMONT AV,140TH ST,150,S,N,A,-,N,NA,NA,NA,NA,NA,NA,NA,NA,NA,Y,4,0,3,3,A,-,03,22350,NA,N,C,C,A,A,H,-,A,D,0,NA,NA,NA,NA,Y,NA,A,08,0,0,3,0,0,0,0,0,0,-,-,NA,NA,LOS ANGELES,LOS ANGELES,-118.291611,33.904307
8608643,2018,2018-05-02,1942,2018-04-18,0810,30107,1717,3,5,7,1942,0,0,0,Q,0,17A49,INDES ST,GOTHIC AV,18,W,N,A,-,N,NA,NA,NA,NA,NA,NA,NA,NA,NA,N,4,0,3,2,A,-,05,21650,NA,M,A,C,A,A,H,-,A,D,0,NA,NA,NA,NA,Y,NA,A,01,0,0,3,0,0,0,0,0,0,-,-,NA,NA,LOS ANGELES,LOS ANGELES,-118.489129,34.275533
8608644,2018,2018-05-03,1942,2018-04-16,0850,30989,1961,1,5,7,1942,0,0,0,NA,0,19A61,NORDHOFF ST,SEPULVEDA BL,110,E,N,A,-,N,NA,NA,NA,NA,NA,NA,NA,NA,NA,Y,4,0,3,2,A,-,08,22107,NA,N,B,C,A,A,H,-,A,D,0,NA,NA,NA,NA,Y,NA,A,01,0,0,3,0,0,0,0,0,0,-,-,NA,NA,LOS ANGELES,LOS ANGELES,-118.46734619140624,34.235530853271484
8608647,2018,2018-05-02,1942,2018-04-15,1745,40533,2169,7,5,7,1942,0,0,0,NA,0,21A2W5,CORBIN AV,CORBIN AV 6035,0,NA,N,A,-,N,NA,NA,NA,NA,NA,NA,NA,NA,NA,N,4,0,1,2,A,-,06,21750,NA,N,B,C,A,A,H,-,A,D,0,NA,NA,Y,NA,Y,NA,A,01,0,0,1,0,0,0,0,0,1,-,-,NA,NA,LOS ANGELES,LOS ANGELES,-118.562246,34.180357
8608648,2018,2018-05-03,1942,2018-04-16,0815,31931,1791,1,5,7,1942,0,0,0,Q,0,17A81,PARTHENIA ST,WINNETKA AV,0,NA,Y,A,-,N,NA,NA,NA,NA,NA,NA,NA,NA,NA,Y,3,0,1,2,A,-,12,21453,A,N,D,C,A,A,H,-,A,A,0,NA,NA,NA,NA,Y,NA,A,01,0,1,0,0,0,0,0,0,0,-,-,NA,NA,LOS ANGELES,LOS ANGELES,-118.57105255126952,34.22822189331055
8608651,2018,2018-05-02,1942,2018-04-12,0015,43084,2187,4,5,7,1942,0,0,0,NA,0,21A56,PERALTA AV,CLARENDON AV,20,S,N,A,-,N,NA,NA,NA,NA,NA,NA,NA,NA,NA,N,4,0,1,3,A,-,03,22350,NA,N,A,E,A,-,H,-,C,D,0,NA,NA,Y,NA,Y,NA,A,01,0,0,1,0,0,0,0,0,0,-,-,NA,NA,LOS ANGELES,LOS ANGELES,NA,NA
8608652,2018,2018-05-02,1942,2018-04-16,1800,32372,1781,1,5,7,1942,0,0,0,Q,0,17A81,NORDHOFF ST,LURLINE AV,474,E,N,A,-,N,NA,NA,NA,NA,NA,NA,NA,NA,NA,N,4,0,1,1,A,-,03,22350,NA,N,E,I,A,A,H,-,A,A,0,NA,NA,NA,NA,Y,NA,A,01,0,0,1,0,0,0,0,0,0,-,-,NA,NA,LOS ANGELES,LOS ANGELES,-118.58271026611328,34.23521423339844
8608655,2018,2018-05-02,1942,2018-04-15,0430,41474,2183,7,5,7,1942,0,0,0,NA,0,021,MULLHOLLAND HWY,SAN FELICIANO DR,280,W,N,A,-,N,NA,NA,NA,NA,NA,NA,NA,NA,NA,Y,4,0,1,1,A,-,01,23152,A,N,F,A,A,A,-,-,-,D,0,NA,NA,Y,NA,Y,Y,C,06,0,0,1,0,0,0,0,0,1,-,-,NA,NA,LOS ANGELES,LOS ANGELES,-118.61529541015624,34.1497917175293
8608656,2018,2018-05-03,1942,2018-04-08,2225,3889,NA,7,5,7,1942,0,0,0,NA,0,16X24,FOOTHILL BL,APPERSON ST,0,NA,Y,A,-,N,NA,NA,NA,NA,NA,NA,NA,NA,NA,Y,4,0,3,2,A,-,09,21801,A,N,B,C,A,A,H,-,C,A,0,NA,NA,Y,NA,Y,NA,C,02,0,0,3,0,0,0,0,0,3,-,-,NA,NA,LOS ANGELES,LOS ANGELES,-118.29949188232422,34.25598907470703
8608658,2018,2018-04-30,1942,2018-04-11,2340,42804,0393,3,5,7,1942,0,0,0,C,0,3A73,MARTIN LUTHER KING JR BL,SUTRO BL,57,E,N,A,-,N,NA,NA,NA,NA,NA,NA,NA,NA,NA,Y,2,0,2,1,A,-,03,22350,NA,N,E,I,A,A,H,-,C,A,0,NA,NA,NA,NA,Y,NA,A,01,2,0,0,0,0,0,0,0,0,-,-,NA,NA,LOS ANGELES,LOS ANGELES,-118.32299041748048,34.0108528137207
8608659,2018,2018-05-02,1942,2018-04-13,1240,38353,2145,5,5,7,1942,0,0,0,NA,0,21A29,SHOUP AV,KITTRIDGE ST,0,NA,Y,A,-,N,NA,NA,NA,NA,NA,NA,NA,NA,NA,Y,4,0,2,2,A,-,03,22350,NA,N,C,C,A,A,H,-,A,D,0,NA,NA,NA,NA,Y,NA,A,01,0,0,2,0,0,0,0,0,0,-,-,NA,NA,LOS ANGELES,LOS ANGELES,-118.61461639404295,34.191490173339844
8608660,2018,2018-05-02,1942,2018-04-13,1315,41852,1681,5,5,7,1942,0,0,0,P,0,16A37,WICKS PL,ARLETA,200,E,N,A,-,N,NA,NA,NA,NA,NA,NA,NA,NA,NA,N,4,0,1,2,A,-,10,21954,B,F,G,B,D,A,H,-,A,A,0,Y,NA,NA,NA,Y,NA,-,99,0,0,1,0,1,0,0,0,0,-,-,NA,NA,LOS ANGELES,LOS ANGELES,-118.40663146972656,34.224544525146484
8608662,2018,2018-04-30,1942,2018-04-12,2130,41844,0328,4,5,7,1942,0,0,0,C,0,3A19,W 30TH ST,UNIVERSITY AV,0,NA,Y,A,-,N,NA,NA,NA,NA,NA,NA,NA,NA,NA,N,4,0,1,2,A,-,12,22450,A,N,G,B,B,A,H,-,C,A,0,Y,NA,NA,NA,Y,NA,A,01,0,0,1,0,1,0,0,0,0,-,-,NA,NA,LOS ANGELES,LOS ANGELES,-118.28172302246094,34.02669143676758
8608663,2018,2018-05-02,1942,2018-04-13,1227,37680,RD214,5,5,7,1942,0,0,0,NA,0,21S62W,FALLBROOK AV,SYLVAN ST,6,W,N,A,G,N,NA,NA,NA,NA,NA,NA,NA,NA,NA,N,3,0,3,2,A,-,09,21801,A,N,D,C,A,A,H,-,A,A,0,NA,NA,NA,NA,Y,NA,A,01,0,1,2,0,0,0,0,0,0,-,-,NA,NA,LOS ANGELES,LOS ANGELES,-118.62336730957033,34.18461990356445
8608664,2018,2018-05-02,1942,2018-04-09,1600,38766,1668,1,5,7,1942,0,0,0,P,0,16A59,FOOTHILL BL,DAY ST,5,W,N,A,-,N,NA,NA,NA,NA,NA,NA,NA,NA,NA,N,2,0,1,2,A,-,10,21950,A,F,G,B,D,A,H,-,A,D,0,Y,NA,NA,NA,Y,Y,-,99,1,0,0,0,1,0,0,0,0,-,-,NA,NA,LOS ANGELES,LOS ANGELES,-118.29795074462892,34.25455093383789
8608666,2018,2018-05-02,1942,2018-04-16,0830,41924,0308,1,5,7,1942,0,0,0,C,0,3A19,WEST WASHINGTON BL,TOBERMAN ST,0,NA,Y,A,-,N,NA,NA,NA,NA,NA,NA,NA,NA,NA,Y,4,0,1,2,A,-,03,22350,NA,N,C,C,A,A,H,-,A,D,0,NA,NA,NA,NA,Y,NA,A,01,0,0,1,0,0,0,0,0,0,-,-,NA,NA,LOS ANGELES,LOS ANGELES,-118.27945709228516,34.03763961791992
8608667,2018,2018-05-02,1942,2018-04-13,1815,38196,2118,5,5,7,1942,0,0,0,NA,0,21A5,ROSCOE BL,MASON AV,15,W,N,A,-,N,NA,NA,NA,NA,NA,NA,NA,NA,NA,Y,4,0,2,2,A,-,09,21801,A,N,B,-,A,A,H,-,A,A,0,NA,NA,NA,NA,Y,NA,A,01,0,0,2,0,0,0,0,0,0,-,-,NA,NA,LOS ANGELES,LOS ANGELES,-118.57982635498048,34.220088958740234
8608668,2018,2018-05-03,1942,2018-04-16,1520,26319,1538,1,5,7,1942,0,0,0,O,0,15A39,EMELITA ST,TUJUNGA AV,0,NA,Y,A,-,N,NA,NA,NA,NA,NA,NA,NA,NA,NA,Y,4,0,2,2,A,-,09,21802,A,N,D,C,A,A,H,-,A,A,0,NA,NA,NA,NA,Y,NA,A,07,0,0,2,0,0,0,0,0,0,-,-,NA,NA,LOS ANGELES,LOS ANGELES,-118.37904357910156,34.176700592041016
8608670,2018,2018-04-30,1942,2018-04-12,1925,40105,0374,4,5,7,1942,0,0,0,C,0,257L27,W MARTIN LUTHER KING BL,ROXTON AV,220,W,N,A,-,N,NA,NA,NA,NA,NA,NA,NA,NA,NA,Y,4,0,2,2,A,-,03,22350,NA,F,C,C,A,A,H,-,C,D,0,NA,NA,NA,NA,Y,NA,A,01,0,0,2,0,0,0,0,0,0,-,-,NA,NA,LOS ANGELES,LOS ANGELES,-118.3221435546875,34.010658264160156
8608671,2018,2018-05-02,1942,2018-04-18,1425,42251,2162,3,5,7,1942,0,0,0,NA,0,21A73,FALLBROOK AV,OXNARD ST,0,NA,Y,A,-,N,NA,NA,NA,NA,NA,NA,NA,NA,NA,Y,3,0,2,2,A,-,06,21755,A,N,D,C,A,A,H,-,A,A,0,NA,NA,NA,NA,Y,NA,A,07,0,2,0,0,0,0,0,0,0,-,-,NA,NA,LOS ANGELES,LOS ANGELES,-118.62335205078124,34.1792106628418
8608672,2018,2018-05-03,1942,2018-04-12,1815,42344,1557,4,5,7,1942,0,0,0,O,0,15A67,CLEON AV,CAMARILLO ST,145,N,N,A,-,N,NA,NA,NA,NA,NA,NA,NA,NA,NA,N,4,0,1,2,A,-,09,21804,A,N,D,C,A,A,H,-,A,D,0,NA,NA,NA,NA,Y,NA,A,07,0,0,1,0,0,0,0,0,0,-,-,NA,NA,LOS ANGELES,LOS ANGELES,-118.36806488037108,34.15804672241211
8608674,2018,2018-04-30,1942,2018-04-03,1250,38037,1824,2,5,7,1942,0,0,0,R,0,18X36,95TH ST,MCKINLEY AV,0,NA,Y,A,-,N,NA,NA,NA,NA,NA,NA,NA,NA,NA,Y,4,0,1,2,A,-,12,22450,A,F,D,C,A,A,H,-,A,A,0,NA,NA,NA,NA,Y,NA,-,99,0,0,1,0,0,0,0,0,0,-,-,NA,NA,LOS ANGELES,LOS ANGELES,-118.26084136962892,33.95022964477539
8608675,2018,2018-05-02,1942,2018-04-16,1400,43216,2175,1,5,7,1942,0,0,0,NA,0,21A1,SHOUP AV,BURBANK BL,0,NA,Y,A,-,N,NA,NA,NA,NA,NA,NA,NA,NA,NA,Y,3,0,1,2,A,-,12,21453,A,N,D,C,A,A,H,-,A,A,0,NA,NA,NA,NA,Y,NA,A,01,0,1,0,0,0,0,0,0,0,-,-,NA,NA,LOS ANGELES,LOS ANGELES,-118.6145477294922,34.171958923339844
8608676,2018,2018-05-03,1942,2018-04-17,2055,36336,1583,2,5,7,1942,0,0,0,O,0,15A85,W VENTURA BL,COLFAX AV,500,W,N,A,-,N,NA,NA,NA,NA,NA,NA,NA,NA,NA,N,3,0,2,2,A,-,09,21804,A,N,D,C,A,A,H,-,C,D,0,NA,NA,NA,NA,Y,NA,A,01,0,1,1,0,0,0,0,0,0,-,-,NA,NA,LOS ANGELES,LOS ANGELES,-118.3891830444336,34.141937255859375
8608678,2018,2018-05-02,1942,2018-04-16,0930,42665,1251,1,5,7,1942,0,0,0,L,0,12A51,FLORENCE AV,CRENSHAW BL,145,E,N,A,-,N,NA,NA,NA,NA,NA,NA,NA,NA,NA,N,3,0,3,2,A,-,08,22107,NA,N,-,C,A,-,H,-,A,D,0,NA,NA,NA,NA,Y,NA,A,01,0,1,2,0,0,0,0,0,0,-,-,NA,NA,LOS ANGELES,LOS ANGELES,-118.33041381835938,33.97454071044922
8608679,2018,2018-05-02,1942,2018-04-17,2020,43143,2157,2,5,7,1942,0,0,0,NA,0,21A97,DE SOTO AV,VANOWEN ST,310,N,N,A,-,N,NA,NA,NA,NA,NA,NA,NA,NA,NA,N,3,0,2,2,A,-,11,21954,A,N,G,B,D,A,H,-,C,D,0,Y,NA,NA,NA,Y,Y,N,60,0,1,1,0,1,0,0,0,0,-,-,NA,NA,LOS ANGELES,LOS ANGELES,-118.58841705322266,34.19464111328125
8608680,2018,2018-05-03,1942,2018-04-17,1440,34427,1535,2,5,7,1942,0,0,0,O,0,15A39,LANKERSHIM BL,EMELITA ST,47,N,N,A,-,N,NA,NA,NA,NA,NA,NA,NA,NA,NA,Y,4,0,2,2,A,-,04,21703,NA,N,C,C,A,A,H,-,A,A,0,NA,NA,NA,NA,Y,NA,A,08,0,0,2,0,0,0,0,0,0,-,-,NA,NA,LOS ANGELES,LOS ANGELES,-118.38182067871094,34.17678451538086
8608682,2018,2018-04-30,1942,2018-04-16,1240,35393,1258,1,5,7,1942,0,0,0,L,0,12A57,E 73RD ST,MAIN ST,600,E,N,A,-,N,NA,NA,NA,NA,NA,NA,NA,NA,NA,N,3,0,1,2,A,-,03,22350,NA,F,C,G,A,A,H,-,A,D,0,NA,Y,NA,NA,Y,NA,-,99,0,1,0,0,0,0,1,0,0,-,-,NA,NA,LOS ANGELES,LOS ANGELES,-118.27195739746094,33.973846435546875
8608683,2018,2018-05-02,1942,2018-04-18,2220,38613,1503,3,5,7,1942,0,0,0,O,0,15A3,LAUREL CANYON BL,VANOWEN ST,166,S,N,A,-,N,NA,NA,NA,NA,NA,NA,NA,NA,NA,Y,4,0,1,4,A,-,09,21801,A,F,D,C,A,A,H,-,C,D,0,NA,NA,NA,NA,Y,NA,A,01,0,0,1,0,0,0,0,0,0,-,-,NA,NA,LOS ANGELES,LOS ANGELES,-118.39652252197266,34.1934928894043
8608684,2018,2018-05-03,1942,2018-04-17,0820,30452,1021,2,5,7,1942,0,0,0,J,0,10A21,SHIRLEY AV,SHERMAN WY,0,NA,Y,A,-,N,NA,NA,NA,NA,NA,NA,NA,NA,NA,N,4,0,3,2,A,-,09,21802,A,N,D,C,A,A,H,-,A,A,0,NA,NA,NA,NA,Y,NA,A,01,0,0,3,0,0,0,0,0,0,-,-,NA,NA,LOS ANGELES,LOS ANGELES,-118.55786895751952,34.2011604309082
8608686,2018,2018-05-02,1942,2018-04-16,0715,42665,1205,1,5,7,1942,0,0,0,L,0,12A3,DENKER AV,51ST ST,0,NA,Y,A,-,N,NA,NA,NA,NA,NA,NA,NA,NA,NA,Y,4,0,1,2,A,-,12,22450,A,N,D,G,A,A,H,-,A,A,0,NA,Y,NA,NA,Y,NA,L,04,0,0,1,0,0,0,1,0,0,-,-,NA,NA,LOS ANGELES,LOS ANGELES,-118.30457305908205,33.99686813354492
8608687,2018,2018-05-02,1942,2018-04-18,1155,40777,0974,3,5,7,1942,0,0,0,I,0,NA,VAN NUYS BL S,KLING ST,0,NA,Y,A,-,N,NA,NA,NA,NA,NA,NA,NA,NA,NA,Y,4,0,2,3,A,-,04,21703,NA,N,C,C,A,A,H,-,A,A,0,NA,NA,NA,NA,Y,NA,A,01,0,0,2,0,0,0,0,0,0,-,-,NA,NA,LOS ANGELES,LOS ANGELES,-118.44867706298828,34.156028747558594
8608688,2018,2018-05-03,1942,2018-04-17,2000,36733,1015,2,5,7,1942,0,0,0,J,0,10A3,SATICOY ST,LINDLEY AV,0,NA,Y,A,-,N,NA,NA,NA,NA,NA,NA,NA,NA,NA,Y,4,0,1,2,A,-,12,21453,A,N,D,C,A,A,H,-,C,A,0,NA,NA,NA,NA,Y,NA,A,01,0,0,1,0,0,0,0,0,0,-,-,NA,NA,LOS ANGELES,LOS ANGELES,-118.52734375,34.20840072631836
8608690,2018,2018-05-02,1942,2018-04-11,1605,38503,1258,3,5,7,1942,0,0,0,L,0,25T22,MAIN ST,78TH ST,12,N,N,A,-,N,NA,NA,NA,NA,NA,NA,NA,NA,NA,N,2,0,1,2,A,-,10,21950,A,N,G,B,B,A,H,-,A,-,0,Y,NA,NA,NA,Y,NA,A,07,1,0,0,0,1,0,0,0,0,-,-,NA,NA,LOS ANGELES,LOS ANGELES,-118.27391052246094,33.968902587890625
8608691,2018,2018-05-02,1942,2018-04-17,1240,40777,1083,2,5,7,1942,0,0,0,J,0,10A83,VANALDEN AV,SHENANGO DR,0,NA,N,A,-,N,NA,NA,NA,NA,NA,NA,NA,NA,NA,N,3,0,1,2,A,-,09,21804,A,N,D,C,A,A,H,-,A,A,0,NA,NA,NA,NA,Y,NA,M,96,0,1,0,0,0,0,0,0,0,-,-,NA,NA,LOS ANGELES,LOS ANGELES,-118.55635833740234,34.14519119262695
8608692,2018,2018-05-03,1942,2018-04-16,1720,40737,0926,1,5,7,1942,0,0,0,I,0,9A23,VANOWEN ST,MATILIJA AV,0,NA,Y,A,-,N,NA,NA,NA,NA,NA,NA,NA,NA,NA,Y,3,0,4,5,A,-,09,21804,A,N,D,C,A,A,H,-,A,D,0,NA,NA,NA,NA,Y,NA,A,01,0,2,2,0,0,0,0,0,0,-,-,NA,NA,LOS ANGELES,LOS ANGELES,-118.43345642089844,34.193939208984375
8608694,2018,2018-05-02,1942,2018-04-01,2315,37146,1834,7,5,7,1942,0,0,0,R,0,25T21,108TH ST,CENTRAL AV,2,E,N,A,-,N,NA,NA,NA,NA,NA,NA,NA,NA,NA,Y,3,0,1,1,A,-,03,22350,NA,N,E,I,A,A,H,-,C,A,0,NA,NA,NA,NA,Y,NA,A,01,0,1,0,0,0,0,0,0,0,-,-,NA,NA,LOS ANGELES,LOS ANGELES,-118.25418853759766,33.93825912475586
8608695,2018,2018-05-02,1942,2018-04-18,1145,41316,1063,3,5,7,1942,0,0,0,J,0,10A83,VENTURA BL,AMIGO AV,10,W,N,A,-,N,NA,NA,NA,NA,NA,NA,NA,NA,NA,N,4,0,1,2,A,-,10,21950,A,N,G,B,B,A,H,-,A,D,0,Y,NA,NA,NA,Y,NA,A,01,0,0,1,0,1,0,0,0,0,-,-,NA,NA,LOS ANGELES,LOS ANGELES,-118.53866577148438,34.169822692871094
8608696,2018,2018-05-03,1942,2018-04-14,2050,43061,0937,6,5,7,1942,0,0,0,I,0,9A63,WOODMAN AV,VICTORY BL,0,NA,Y,A,-,N,NA,NA,NA,NA,NA,NA,NA,NA,NA,Y,3,0,2,2,A,-,07,21658,A,N,D,C,A,A,H,-,C,A,0,NA,NA,Y,NA,Y,NA,A,01,0,2,0,0,0,0,0,0,2,-,-,NA,NA,LOS ANGELES,LOS ANGELES,-118.43125915527344,34.18667984008789
8608699,2018,2018-05-04,1942,2018-04-09,2010,39410,1047,1,5,7,1942,0,0,0,J,0,10A17,HATTERAS ST,ALDEA AV,0,NA,Y,A,-,N,NA,NA,NA,NA,NA,NA,NA,NA,NA,N,3,0,2,2,A,-,12,22450,A,N,D,C,A,A,H,-,C,A,0,NA,NA,NA,NA,Y,NA,A,01,0,1,1,0,0,0,0,0,0,-,-,NA,NA,LOS ANGELES,LOS ANGELES,-118.50760650634766,34.17631149291992
8608700,2018,2018-05-03,1942,2018-04-16,0750,30989,0929,1,5,7,1942,0,0,0,I,0,9A19,VICTORY BL,VARNA AV,140,E,N,A,-,N,NA,NA,NA,NA,NA,NA,NA,NA,NA,Y,4,0,2,2,A,-,09,21804,A,N,D,C,A,A,H,-,A,D,0,NA,NA,NA,NA,Y,NA,A,01,0,0,2,0,0,0,0,0,0,-,-,NA,NA,LOS ANGELES,LOS ANGELES,-118.4242706298828,34.186676025390625