CASE_ID,ACCIDENT_YEAR,PROC_DATE,JURIS,COLLISION_DATE,COLLISION_TIME,OFFICER_ID,REPORTING_DISTRICT,DAY_OF_WEEK,CHP_SHIFT,POPULATION,CNTY_CITY_LOC,SPECIAL_COND,BEAT_TYPE,CHP_BEAT_TYPE,CITY_DIVISION_LAPD,CHP_BEAT_CLASS,BEAT_NUMBER,PRIMARY_RD,SECONDARY_RD,DISTANCE,DIRECTION,INTERSECTION,WEATHER_1,WEATHER_2,STATE_HWY_IND,CALTRANS_COUNTY,CALTRANS_DISTRICT,STATE_ROUTE,ROUTE_SUFFIX,POSTMILE_PREFIX,POSTMILE,LOCATION_TYPE,RAMP_INTERSECTION,SIDE_OF_HWY,TOW_AWAY,COLLISION_SEVERITY,NUMBER_KILLED,NUMBER_INJURED,PARTY_COUNT,PRIMARY_COLL_FACTOR,PCF_CODE_OF_VIOL,PCF_VIOL_CATEGORY,PCF_VIOLATION,PCF_VIOL_SUBSECTION,HIT_AND_RUN,TYPE_OF_COLLISION,MVIW,PED_ACTION,ROAD_SURFACE,ROAD_COND_1,ROAD_COND_2,LIGHTING,CONTROL_DEVICE,CHP_ROAD_TYPE,PEDESTRIAN_ACCIDENT,BICYCLE_ACCIDENT,MOTORCYCLE_ACCIDENT,TRUCK_ACCIDENT,NOT_PRIVATE_PROPERTY,ALCOHOL_INVOLVED,STWD_VEHTYPE_AT_FAULT,CHP_VEHTYPE_AT_FAULT,COUNT_SEVERE_INJ,COUNT_VISIBLE_INJ,COUNT_COMPLAINT_PAIN,COUNT_PED_KILLED,COUNT_PED_INJURED,COUNT_BICYCLIST_KILLED,COUNT_BICYCLIST_INJURED,COUNT_MC_KILLED,COUNT_MC_INJURED,PRIMARY_RAMP,SECONDARY_RAMP,LATITUDE,LONGITUDE,COUNTY,CITY,POINT_X,POINT_Y
8608955,2018,2018-05-03,1942,2018-03-22,1205,34458,1352,4,5,7,1942,0,0,0,M,0,13A61,VERNON AV,SAN PEDRO ST,100,E,N,C,-,N,NA,NA,NA,NA,NA,NA,NA,NA,NA,Y,4,0,2,3,A,-,03,22350,NA,N,C,C,A,B,H,-,A,A,0,NA,NA,Y,NA,Y,NA,C,03,0,0,2,0,0,0,0,0,0,-,-,NA,NA,LOS ANGELES,LOS ANGELES,-118.2693099975586,34.00385284423828
8608959,2018,2018-05-10,1942,2018-04-16,1600,42516,1375,1,5,7,1942,0,0,0,M,0,13X28,HOOPER AV,55TH ST,0,NA,Y,A,-,N,NA,NA,NA,NA,NA,NA,NA,NA,NA,Y,3,0,2,2,D,-,00,NA,NA,N,A,C,A,A,H,-,A,A,0,NA,NA,NA,NA,Y,NA,-,-,0,1,1,0,0,0,0,0,0,-,-,NA,NA,LOS ANGELES,LOS ANGELES,-118.25212860107422,33.99300003051758
8608962,2018,2018-05-04,1942,2018-04-16,1400,42879,0842,1,5,7,1942,0,0,0,H,0,8A29,SANTA MONICA BL,WESTGATE AV,0,NA,Y,A,-,N,NA,NA,NA,NA,NA,NA,NA,NA,NA,Y,4,0,1,2,A,-,09,21801,A,N,D,C,A,A,H,-,A,A,0,NA,NA,NA,NA,Y,NA,A,08,0,0,1,0,0,0,0,0,0,-,-,NA,NA,LOS ANGELES,LOS ANGELES,-118.45922088623048,34.0423583984375
8608963,2018,2018-05-15,1942,2018-04-02,1710,40289,1162,1,5,7,1942,0,0,0,K,0,11A51,HOLLYWOOD BL,HILLHURST AV,250,W,N,A,-,N,NA,NA,NA,NA,NA,NA,NA,NA,NA,N,4,0,1,2,A,-,11,21954,A,F,G,B,E,A,H,-,A,D,0,Y,NA,NA,NA,Y,NA,N,60,0,0,1,0,1,0,0,0,0,-,-,NA,NA,LOS ANGELES,LOS ANGELES,-118.28807067871094,34.098812103271484
8608964,2018,2018-05-10,1942,2018-04-14,1730,43203,LAPD,6,5,7,1942,0,0,0,NA,0,11A86,ACADEMY RD,STADIUM WY,290,E,N,A,-,N,NA,NA,NA,NA,NA,NA,NA,NA,NA,N,4,0,2,2,A,-,04,21703,NA,N,C,C,A,A,H,-,A,D,0,NA,NA,NA,NA,Y,NA,A,07,0,0,2,0,0,0,0,0,0,-,-,NA,NA,LOS ANGELES,LOS ANGELES,-118.24727630615234,34.080345153808594
8608965,2018,2018-05-09,1942,2018-04-12,1700,32142,1824,4,5,7,1942,0,0,0,R,0,18A34,AVALON BL,98TH ST,3,S,N,A,-,N,NA,NA,NA,NA,NA,NA,NA,NA,NA,Y,4,0,2,3,A,-,03,22350,NA,F,C,C,A,A,H,-,A,D,0,NA,NA,NA,NA,Y,Y,A,01,0,0,2,0,0,0,0,0,0,-,-,NA,NA,LOS ANGELES,LOS ANGELES,-118.26516723632813,33.94743347167969
8608966,2018,2018-05-04,1942,2018-04-09,1915,40157,0833,1,5,7,1942,0,0,0,H,0,20T59,ASHTON AV,VETERAN AV,0,NA,Y,A,-,N,NA,NA,NA,NA,NA,NA,NA,NA,NA,N,4,0,2,2,A,-,09,21802,A,N,D,C,A,A,H,-,B,D,0,NA,NA,NA,NA,Y,NA,A,01,0,0,2,0,0,0,0,0,0,-,-,NA,NA,LOS ANGELES,LOS ANGELES,-118.44701385498048,34.056861877441406
8608967,2018,2018-05-15,1942,2018-04-17,1705,42853,04,2,5,7,1942,0,0,0,D,0,4A58,BROADWAY,AVE 20,0,NA,Y,A,-,N,NA,NA,NA,NA,NA,NA,NA,NA,NA,N,3,0,1,2,A,-,09,21801,A,N,B,B,A,A,H,-,A,A,0,NA,Y,NA,NA,Y,NA,A,01,0,1,0,0,0,0,1,0,0,-,-,NA,NA,LOS ANGELES,LOS ANGELES,-118.22015380859376,34.07263946533203
8608968,2018,2018-05-10,1942,2018-04-14,1020,39299,1341,6,5,7,1942,0,0,0,M,0,13A43,MARTIN LUTHER KING JR BL,BROADWAY,0,NA,Y,A,-,N,NA,NA,NA,NA,NA,NA,NA,NA,NA,Y,4,0,2,2,A,-,09,21801,A,N,D,C,A,A,H,-,A,A,0,NA,NA,NA,NA,Y,NA,A,01,0,0,2,0,0,0,0,0,0,-,-,NA,NA,LOS ANGELES,LOS ANGELES,-118.27886199951172,34.0111083984375
8608969,2018,2018-05-14,1942,2018-04-13,1945,42817,2185,5,5,7,1942,0,0,0,NA,0,21A1,VENTURA BL,TOPANGA CYN,0,NA,Y,A,-,N,NA,NA,NA,NA,NA,NA,NA,NA,NA,Y,2,0,1,2,A,-,08,22107,NA,N,D,C,A,A,H,-,C,D,0,NA,NA,Y,NA,Y,NA,-,NA,1,0,0,0,0,0,0,0,1,-,-,NA,NA,LOS ANGELES,LOS ANGELES,-118.6059112548828,34.16851043701172
8608970,2018,2018-05-04,1942,2018-04-06,1555,40315,0849,5,5,7,1942,0,0,0,H,0,8A59,OLYMPIC BL,SHERBOURNE DR,0,NA,Y,A,-,N,NA,NA,NA,NA,NA,NA,NA,NA,NA,Y,4,0,1,2,A,-,09,21802,A,N,D,C,A,A,H,-,A,A,0,NA,NA,NA,NA,Y,NA,A,01,0,0,1,0,0,0,0,0,0,-,-,NA,NA,LOS ANGELES,LOS ANGELES,-118.37934112548828,34.05936050415039
8608972,2018,2018-05-10,1942,2018-04-13,1145,42574,1327,5,5,7,1942,0,0,0,M,0,13A9,21ST,HOOPER AV,20,W,N,A,-,N,NA,NA,NA,NA,NA,NA,NA,NA,NA,N,4,0,1,2,A,-,21,22106,NA,N,B,C,A,A,H,-,A,-,0,NA,NA,NA,NA,Y,NA,A,01,0,0,1,0,0,0,0,0,0,-,-,NA,NA,LOS ANGELES,LOS ANGELES,-118.2474365234375,34.01972961425781
8608973,2018,2018-05-09,1942,2018-04-16,1045,41151,4216,1,5,7,1942,0,0,0,NA,0,16A77,SAN FERNANDO RD,FILMORE AV,15,W,N,A,-,N,NA,NA,NA,NA,NA,NA,NA,NA,NA,N,3,0,2,2,A,-,09,21801,A,N,A,C,A,A,H,-,A,D,0,NA,NA,NA,NA,Y,NA,-,NA,0,1,1,0,0,0,0,0,0,-,-,NA,NA,LOS ANGELES,LOS ANGELES,-118.42529296875,34.269100189208984
8608974,2018,2018-05-04,1942,2018-04-12,0720,26281,0889,4,5,7,1942,0,0,0,H,0,8A59,ROBERTSON BL,18TH ST,0,NA,Y,A,-,N,NA,NA,NA,NA,NA,NA,NA,NA,NA,N,4,0,1,2,A,-,03,22350,NA,N,A,C,A,A,H,-,A,A,0,NA,NA,NA,NA,Y,NA,A,01,0,0,1,0,0,0,0,0,0,-,-,NA,NA,LOS ANGELES,LOS ANGELES,-118.38609313964844,34.046810150146484
8608975,2018,2018-05-15,1942,2018-04-18,0920,42957,4A59,3,5,7,1942,0,0,0,NA,0,423,JOHNSTON ST,NORTH MAIN ST,0,NA,Y,A,-,N,NA,NA,NA,NA,NA,NA,NA,NA,NA,N,4,0,1,2,A,-,03,22350,NA,N,C,C,A,A,H,-,A,D,0,NA,NA,NA,NA,Y,NA,-,NA,0,0,1,0,0,0,0,0,0,-,-,NA,NA,LOS ANGELES,LOS ANGELES,-118.2102508544922,34.0660400390625
8608976,2018,2018-05-10,1942,2018-04-12,2145,42736,4201,4,5,7,1942,0,0,0,NA,0,1303,SAN PEDRO,11TH ST,10,N,N,A,G,N,NA,NA,NA,NA,NA,NA,NA,NA,NA,N,3,0,2,2,A,-,07,21658,A,N,B,C,A,A,H,-,C,D,0,NA,NA,NA,NA,Y,NA,A,07,0,1,1,0,0,0,0,0,0,-,-,NA,NA,LOS ANGELES,LOS ANGELES,-118.25218200683594,34.035282135009766
8608978,2018,2018-05-04,1942,2018-04-10,0750,38282,0885,2,5,7,1942,0,0,0,H,0,8A95,OVERLAND AV,COVENTRY ST,26,S,N,A,-,N,NA,NA,NA,NA,NA,NA,NA,NA,NA,N,4,0,1,2,A,-,10,21954,B,N,G,B,E,A,H,-,A,A,0,Y,NA,NA,NA,Y,NA,A,01,0,0,1,0,1,0,0,0,0,-,-,NA,NA,LOS ANGELES,LOS ANGELES,-118.41999816894533,34.035579681396484
8608979,2018,2018-05-15,1942,2018-04-16,1330,42830,0421,1,5,7,1942,0,0,0,D,0,4A15,DALY ST,MANITOU AV,0,NA,Y,A,-,N,NA,NA,NA,NA,NA,NA,NA,NA,NA,Y,4,0,1,2,A,-,08,22107,NA,N,A,C,A,A,H,-,A,A,0,NA,NA,NA,NA,Y,NA,-,NA,0,0,1,0,0,0,0,0,0,-,-,NA,NA,LOS ANGELES,LOS ANGELES,-118.2155990600586,34.07184982299805
8608980,2018,2018-05-10,1942,2018-04-11,1520,33523,1172,3,5,7,1942,0,0,0,K,0,2A56,SILVER LAKE BL,SWAN PL,84,N,N,A,-,N,NA,NA,NA,NA,NA,NA,NA,NA,NA,N,4,0,1,2,A,-,05,21650,NA,N,A,E,A,-,H,-,A,D,0,NA,NA,NA,NA,Y,NA,A,01,0,0,1,0,0,0,0,0,0,-,-,NA,NA,LOS ANGELES,LOS ANGELES,-118.26674652099608,34.09101486206055
8608982,2018,2018-05-04,1942,2018-04-04,1215,39835,0835,3,5,7,1942,0,0,0,H,0,8A35,WESTWOOD BL,MISSOURI AV,0,NA,Y,B,-,N,NA,NA,NA,NA,NA,NA,NA,NA,NA,Y,4,0,1,2,A,-,04,21703,NA,N,C,C,A,A,H,-,A,A,0,NA,NA,NA,NA,Y,NA,A,01,0,0,1,0,0,0,0,0,0,-,-,NA,NA,LOS ANGELES,LOS ANGELES,-118.43546295166016,34.048221588134766
8608983,2018,2018-05-15,1942,2018-04-17,0835,30842,0469,2,5,7,1942,0,0,0,D,0,24MQ79,2ND ST,VELASCO ST,5,E,N,A,-,N,NA,NA,NA,NA,NA,NA,NA,NA,NA,N,4,0,1,2,A,-,10,21950,A,N,G,B,B,A,H,-,A,A,0,Y,NA,NA,NA,Y,NA,-,NA,0,0,1,0,1,0,0,0,0,-,-,NA,NA,LOS ANGELES,LOS ANGELES,-118.1941146850586,34.03455352783203
8608984,2018,2018-05-10,1942,2018-04-07,1645,36790,NA,6,5,7,1942,0,0,0,NA,0,NA,SAN FERNANDO RD,ANDRITA ST,0,NA,-,A,-,N,NA,NA,NA,NA,NA,NA,NA,NA,NA,N,4,0,3,2,A,-,09,21804,A,F,D,C,A,A,H,-,A,D,0,NA,NA,NA,NA,Y,NA,A,01,0,0,3,0,0,0,0,0,0,-,-,NA,NA,LOS ANGELES,LOS ANGELES,-118.24720764160156,34.116249084472656
8608986,2018,2018-05-04,1942,2018-04-04,1250,38942,0833,3,5,7,1942,0,0,0,H,0,20TL59,WESTWOOD BL,WILKINS AV,80,S,N,A,-,N,NA,NA,NA,NA,NA,NA,NA,NA,NA,Y,4,0,2,2,A,-,03,22350,NA,N,B,C,A,A,H,-,A,D,0,NA,NA,NA,NA,Y,NA,A,07,0,0,2,0,0,0,0,0,0,-,-,NA,NA,LOS ANGELES,LOS ANGELES,-118.44161224365234,34.05512619018555
8608987,2018,2018-08-17,1942,2018-04-10,1830,43206,0211,2,5,7,1942,0,0,0,B,0,2A17,VERMONT,RT 101,0,NA,Y,A,-,Y,LA,7,101,-,-,4.534,R,4,N,Y,4,0,1,2,A,-,09,21801,A,N,D,C,A,A,H,-,A,A,0,NA,NA,NA,NA,Y,NA,A,01,0,0,1,0,0,0,0,0,0,-,-,NA,NA,LOS ANGELES,LOS ANGELES,-118.2944107055664,34.0815544128418
8608988,2018,2018-05-10,1942,2018-04-13,1955,39449,0765,5,5,7,1942,0,0,0,G,0,7A73,PCH,DALFRED ST,15,E,N,A,-,N,NA,NA,NA,NA,NA,NA,NA,NA,NA,N,2,0,1,2,A,-,10,21950,A,N,G,B,B,A,H,-,C,D,0,Y,NA,NA,NA,Y,NA,A,01,1,0,0,0,1,0,0,0,0,-,-,NA,NA,LOS ANGELES,LOS ANGELES,NA,NA
8608990,2018,2018-05-04,1942,2018-04-05,1425,40690,0848,4,5,7,1942,0,0,0,H,0,8A95,OLYMPIC BL,CENTURY PARK EAST,210,W,N,A,-,N,NA,NA,NA,NA,NA,NA,NA,NA,NA,N,4,0,1,1,A,-,03,22350,NA,N,E,I,A,A,H,-,A,D,0,NA,NA,NA,NA,Y,NA,A,01,0,0,1,0,0,0,0,0,0,-,-,NA,NA,LOS ANGELES,LOS ANGELES,-118.41249084472656,34.05809783935547
8608992,2018,2018-05-10,1942,2018-04-07,1420,41054,0724,6,5,7,1942,0,0,0,G,0,7A33,S TERMAINE AV,W OLYMPIC BL,0,NA,Y,A,-,N,NA,NA,NA,NA,NA,NA,NA,NA,NA,Y,3,0,4,2,A,-,09,21802,A,N,D,C,A,A,H,-,A,A,0,NA,NA,NA,NA,Y,NA,A,01,0,3,1,0,0,0,0,0,0,-,-,NA,NA,LOS ANGELES,LOS ANGELES,-118.33731079101564,34.057029724121094
8608994,2018,2018-05-04,1969,2018-04-07,1430,10156,TRAFF,6,5,5,1969,0,0,0,NA,0,002,SOUTHERN AV,ELIZABETH AV,0,NA,Y,A,-,N,NA,NA,NA,NA,NA,NA,NA,NA,NA,N,4,0,1,3,A,-,03,22350,NA,N,C,C,A,A,H,-,A,A,0,NA,NA,NA,NA,Y,NA,A,01,0,0,1,0,0,0,0,0,0,-,-,NA,NA,LOS ANGELES,SOUTH GATE,-118.20913696289064,33.95137023925781
8608996,2018,2018-05-10,1942,2018-04-11,1155,41376,0706,3,5,7,1942,0,0,0,G,0,6TL2,HIGHLAND AV,MELROSE AV,0,NA,Y,A,-,N,NA,NA,NA,NA,NA,NA,NA,NA,NA,Y,3,0,2,2,A,-,09,21801,A,N,D,C,A,A,H,-,A,A,0,NA,NA,NA,NA,Y,NA,A,01,0,2,0,0,0,0,0,0,0,-,-,NA,NA,LOS ANGELES,LOS ANGELES,-118.3385772705078,34.08346939086914
8608998,2018,2018-05-04,1969,2018-04-06,0652,10209,PATRO,5,5,5,1969,0,0,0,NA,0,004,ATLANTIC AV,AZARIA AV,0,NA,Y,B,-,N,NA,NA,NA,NA,NA,NA,NA,NA,NA,N,4,0,1,2,A,-,09,21801,A,N,D,C,A,A,H,-,A,A,0,NA,NA,Y,NA,Y,NA,A,07,0,0,1,0,0,0,0,0,1,-,-,NA,NA,LOS ANGELES,SOUTH GATE,NA,NA
8609000,2018,2018-05-10,1942,2018-04-14,1250,39930,0745,6,5,7,1942,0,0,0,G,0,7A33,RIDGELEY DR,OLYMPIC BL,0,NA,Y,A,-,N,NA,NA,NA,NA,NA,NA,NA,NA,NA,Y,3,0,1,2,A,-,09,21802,A,N,D,C,A,A,H,-,A,A,0,NA,NA,NA,NA,Y,NA,A,01,0,1,0,0,0,0,0,0,0,-,-,NA,NA,LOS ANGELES,LOS ANGELES,-118.35250091552734,34.05738067626953
8609002,2018,2018-05-04,1969,2018-04-07,1443,10209,PATRO,6,5,5,1969,0,0,0,NA,0,004,SOUTHERN AV,KAUFFMAN AV,0,NA,Y,B,-,N,NA,NA,NA,NA,NA,NA,NA,NA,NA,N,4,0,2,2,A,-,09,21802,A,N,D,C,A,A,H,-,A,A,0,NA,NA,NA,NA,Y,NA,A,07,0,0,2,0,0,0,0,0,0,-,-,NA,NA,LOS ANGELES,SOUTH GATE,-118.18948364257813,33.94926834106445
8609004,2018,2018-05-10,1942,2018-04-13,1325,31465,0749,5,5,7,1942,0,0,0,G,0,7A47,WILSHIRE BL,CRENSHAW BL,0,NA,Y,A,-,N,NA,NA,NA,NA,NA,NA,NA,NA,NA,Y,3,0,2,2,A,-,09,21801,A,N,D,C,A,A,H,-,A,A,0,NA,NA,NA,NA,Y,NA,A,01,0,2,0,0,0,0,0,0,0,-,-,NA,NA,LOS ANGELES,LOS ANGELES,-118.31916046142578,34.061729431152344
8609005,2018,2018-05-09,1906,2018-04-02,1627,4405,NA,1,5,5,1906,0,0,0,NA,0,001,BALDWIN PARK BL,FRANCISQUITO AV,73,N,N,A,-,N,NA,NA,NA,NA,NA,NA,NA,NA,NA,Y,2,0,1,2,A,-,09,21804,A,N,D,C,A,A,H,-,B,D,0,NA,NA,NA,NA,Y,NA,A,08,1,0,0,0,0,0,0,0,0,-,-,NA,NA,LOS ANGELES,BALDWIN PARK,-117.97775268554688,34.07149887084961
8609006,2018,2018-05-04,1969,2018-04-01,1239,10218,PATRO,7,5,5,1969,0,0,0,NA,0,003,TWEEDY BL,ALEXANDER AV,0,NA,Y,A,-,N,NA,NA,NA,NA,NA,NA,NA,NA,NA,Y,4,0,1,2,A,-,-,NA,NA,N,H,J,A,A,H,-,A,A,0,NA,NA,Y,NA,Y,NA,-,-,0,0,1,0,0,0,0,0,1,-,-,NA,NA,LOS ANGELES,SOUTH GATE,-118.19454956054688,33.94300079345703
8609008,2018,2018-05-10,1942,2018-04-04,0850,40899,0752,3,5,7,1942,0,0,0,G,0,7A53,PICO BL,STEARNS DR,0,NA,Y,A,-,N,NA,NA,NA,NA,NA,NA,NA,NA,NA,N,4,0,1,2,A,-,09,21801,A,N,D,C,A,A,H,-,A,D,0,NA,NA,Y,NA,Y,NA,A,01,0,0,1,0,0,0,0,0,1,-,-,NA,NA,LOS ANGELES,LOS ANGELES,-118.37113189697266,34.05236053466797
8609009,2018,2018-05-07,1942,2018-04-09,0655,26281,0815,1,5,7,1942,0,0,0,H,0,8A29,SEPULVEDA BL,CASHMERE ST,30,N,N,A,-,N,NA,NA,NA,NA,NA,NA,NA,NA,NA,Y,3,0,1,2,B,-,22,NA,NA,N,C,E,A,A,H,-,A,D,0,NA,NA,NA,NA,Y,NA,A,07,0,1,0,0,0,0,0,0,0,-,-,NA,NA,LOS ANGELES,LOS ANGELES,-118.46028900146484,34.0662956237793
8609010,2018,2018-05-04,1969,2018-04-13,0857,10050,NA,5,5,5,1969,0,0,0,NA,0,NA,FIRESTONE BL,ATLANTIC AV,0,NA,Y,A,-,N,NA,NA,NA,NA,NA,NA,NA,NA,NA,Y,4,0,1,2,A,-,08,22107,NA,N,D,C,A,A,H,-,A,D,0,NA,NA,Y,NA,Y,NA,A,07,0,0,1,0,0,0,0,0,1,-,-,NA,NA,LOS ANGELES,SOUTH GATE,-118.1833038330078,33.95201873779297
8609011,2018,2018-05-15,1942,2018-04-19,1410,43015,1372,4,5,7,1942,0,0,0,M,0,13A9,AVALON BL,SLAUSON AV,10,S,N,A,-,N,NA,NA,NA,NA,NA,NA,NA,NA,NA,N,4,0,2,2,A,-,09,21804,A,N,B,C,A,A,H,-,A,D,0,NA,NA,NA,NA,Y,NA,A,01,0,0,2,0,0,0,0,0,0,-,-,NA,NA,LOS ANGELES,LOS ANGELES,-118.26521301269533,33.98922348022461
8609012,2018,2018-05-10,1942,2018-04-06,0200,42611,0738,5,5,7,1942,0,0,0,G,0,7A1,3RD ST,HIGHLAND AV,0,NA,Y,A,-,N,NA,NA,NA,NA,NA,NA,NA,NA,NA,Y,4,0,2,2,A,-,12,21453,A,N,D,C,A,A,H,-,C,A,0,NA,NA,NA,NA,Y,NA,A,01,0,0,2,0,0,0,0,0,0,-,-,NA,NA,LOS ANGELES,LOS ANGELES,-118.33863830566406,34.06890869140625
8609013,2018,2018-05-09,1942,2018-04-12,1930,42801,0835,4,5,7,1942,0,0,0,H,0,8A1,LA GRANGE,SEPULVEDA BL,30,E,N,A,-,N,NA,NA,NA,NA,NA,NA,NA,NA,NA,NA,3,0,2,2,A,-,03,22350,NA,N,D,C,A,A,H,-,A,A,0,NA,NA,NA,NA,Y,NA,A,01,0,1,1,0,0,0,0,0,0,-,-,NA,NA,LOS ANGELES,LOS ANGELES,-118.4402313232422,34.04303741455078
8609015,2018,2018-05-15,1942,2018-04-19,0800,33471,1342,4,5,7,1942,0,0,0,M,0,13Q23,MARTIN LUTHER KING BL,WOODLAWN AV,0,NA,Y,C,-,N,NA,NA,NA,NA,NA,NA,NA,NA,NA,NA,4,0,1,2,A,-,09,21801,A,N,A,C,A,B,H,-,A,A,0,NA,NA,NA,NA,Y,NA,A,08,0,0,1,0,0,0,0,0,0,-,-,NA,NA,LOS ANGELES,LOS ANGELES,-118.2728271484375,34.01115036010742
8609016,2018,2018-05-10,1942,2018-04-04,2230,37888,0721,3,5,7,1942,0,0,0,G,0,7A53,3RD ST,HAMEL DR,120,E,N,A,-,N,NA,NA,NA,NA,NA,NA,NA,NA,NA,Y,4,0,1,2,A,-,02,22400,A,N,B,C,A,A,H,-,C,D,0,NA,NA,NA,NA,Y,NA,A,01,0,0,1,0,0,0,0,0,0,-,-,NA,NA,LOS ANGELES,LOS ANGELES,-118.38127136230467,34.073604583740234
8609017,2018,2018-05-07,1942,2018-04-09,1815,42277,0824,1,5,7,1942,0,0,0,H,0,8A29,SUNSET BL,CHAUTAUQUA BL,10,E,N,A,-,N,NA,NA,NA,NA,NA,NA,NA,NA,NA,Y,3,0,1,2,A,-,09,21801,A,N,H,C,A,A,H,-,A,A,0,NA,NA,Y,NA,Y,NA,A,01,0,1,0,0,0,0,0,0,1,-,-,NA,NA,LOS ANGELES,LOS ANGELES,-118.51816558837892,34.04137420654297
8609019,2018,2018-05-15,1942,2018-04-12,1550,42723,1394,4,5,7,1942,0,0,0,M,0,13A93,EAST 67TH ST,MAIN ST,300,E,N,A,-,N,NA,NA,NA,NA,NA,NA,NA,NA,NA,N,3,0,1,2,A,-,03,22350,NA,F,C,G,A,A,H,-,A,D,0,NA,Y,NA,NA,Y,Y,-,99,0,1,0,0,0,0,1,0,0,-,-,NA,NA,LOS ANGELES,LOS ANGELES,-118.27294921875,33.97877883911133
8609020,2018,2018-05-10,1942,2018-04-10,0001,40157,0749,2,5,7,1942,0,0,0,G,0,20T59,WILSHIRE BL,ROSSMORE AV,0,NA,Y,A,-,N,NA,NA,NA,NA,NA,NA,NA,NA,NA,N,4,0,2,2,A,-,08,22100,B,N,D,C,A,A,H,-,C,A,0,NA,NA,NA,NA,Y,NA,A,01,0,0,2,0,0,0,0,0,0,-,-,NA,NA,LOS ANGELES,LOS ANGELES,-118.32765197753906,34.06190872192383
8609021,2018,2018-05-09,1942,2018-04-08,2125,39081,0851,7,5,7,1942,0,0,0,H,0,8A53,OHIO AV,BUNDY DR,8,W,N,A,-,N,NA,NA,NA,NA,NA,NA,NA,NA,NA,N,4,0,1,2,A,-,12,21453,A,N,B,G,A,A,H,-,C,A,0,NA,Y,NA,NA,Y,NA,L,04,0,0,1,0,0,0,1,0,0,-,-,NA,NA,LOS ANGELES,LOS ANGELES,-118.46290588378906,34.04015350341797
8609024,2018,2018-05-10,1942,2018-04-12,0850,26281,0784,4,5,7,1942,0,0,0,G,0,7A73,LA BREA AV,23RD ST,72,N,N,A,-,N,NA,NA,NA,NA,NA,NA,NA,NA,NA,Y,4,0,2,2,A,-,09,21801,A,N,A,C,A,A,H,-,A,D,0,NA,NA,NA,NA,Y,NA,A,07,0,0,2,0,0,0,0,0,0,-,-,NA,NA,LOS ANGELES,LOS ANGELES,-118.34943389892578,34.03603744506836
8609025,2018,2018-05-09,1942,2018-04-06,1736,42416,0833,5,5,7,1942,0,0,0,H,0,8A29,OHIO AV,WESTWOOD BL,0,NA,Y,A,-,N,NA,NA,NA,NA,NA,NA,NA,NA,NA,N,4,0,1,2,A,-,08,22107,NA,N,A,C,A,A,H,-,A,A,0,NA,NA,NA,NA,Y,NA,A,01,0,0,1,0,0,0,0,0,0,-,-,NA,NA,LOS ANGELES,LOS ANGELES,-118.44072723388672,34.054100036621094
8609027,2018,2018-05-15,1942,2018-04-16,1655,39299,1363,1,5,7,1942,0,0,0,M,0,13A63,AVALON BL,49TH ST,0,NA,Y,A,-,N,NA,NA,NA,NA,NA,NA,NA,NA,NA,N,3,0,1,2,A,-,09,21801,A,N,D,C,A,A,H,-,A,A,0,NA,NA,Y,NA,Y,NA,A,01,0,1,0,0,0,0,0,0,1,-,-,NA,NA,LOS ANGELES,LOS ANGELES,-118.26524353027344,33.998809814453125
8609028,2018,2018-05-10,1942,2018-04-12,1145,39930,0711,4,5,7,1942,0,0,0,G,0,7A1,BEVERLY BL,LAUREL AV,65,E,N,A,-,N,NA,NA,NA,NA,NA,NA,NA,NA,NA,N,4,0,2,2,A,-,04,21703,NA,N,C,C,A,A,H,-,A,D,0,NA,NA,NA,NA,Y,NA,A,01,0,0,2,0,0,0,0,0,0,-,-,NA,NA,LOS ANGELES,LOS ANGELES,-118.36456298828124,34.07609558105469
8609029,2018,2018-05-09,1942,2018-04-14,1410,42942,0853,6,5,7,1942,0,0,0,H,0,8A12,SANTA MONICA BL,BUTLER AV,70,E,N,A,-,N,NA,NA,NA,NA,NA,NA,NA,NA,NA,N,4,0,2,2,A,-,04,21703,NA,N,C,C,A,A,H,-,A,A,0,NA,NA,NA,NA,Y,NA,A,07,0,0,2,0,0,0,0,0,0,-,-,NA,NA,LOS ANGELES,LOS ANGELES,-118.4516830444336,34.045555114746094
8609032,2018,2018-05-10,1942,2018-04-05,1450,31572,0736,4,5,7,1942,0,0,0,G,0,7T23,W 3RD ST,ARDEN BL,0,E,N,A,-,N,NA,NA,NA,NA,NA,NA,NA,NA,NA,Y,4,0,2,2,A,-,04,21703,NA,N,C,C,A,A,H,-,A,A,0,NA,NA,NA,NA,Y,NA,A,01,0,0,2,0,0,0,0,0,0,-,-,NA,NA,LOS ANGELES,LOS ANGELES,-118.32598114013672,34.0689582824707
8609033,2018,2018-05-07,1942,2018-04-08,2235,42582,0841,7,5,7,1942,0,0,0,H,0,8A53,BROCKTON AV,TEXAS AV,39,N,N,A,-,N,NA,NA,NA,NA,NA,NA,NA,NA,NA,N,4,0,1,2,A,-,03,22350,NA,N,C,C,A,A,H,-,C,A,0,NA,NA,NA,NA,Y,NA,A,01,0,0,1,0,0,0,0,0,0,-,-,NA,NA,LOS ANGELES,LOS ANGELES,-118.46385955810548,34.04439926147461
8609035,2018,2018-05-15,1942,2018-04-10,1400,43231,1128,2,5,7,1942,0,0,0,K,0,11A17,AVENUE 64,RUBY ST,0,NA,Y,A,-,N,NA,NA,NA,NA,NA,NA,NA,NA,NA,Y,4,0,3,2,A,-,12,22450,A,N,D,C,A,A,H,-,A,D,0,NA,NA,NA,NA,Y,NA,A,07,0,0,3,0,0,0,0,0,0,-,-,NA,NA,LOS ANGELES,LOS ANGELES,-118.18038177490234,34.11629867553711