CASE_ID,ACCIDENT_YEAR,PROC_DATE,JURIS,COLLISION_DATE,COLLISION_TIME,OFFICER_ID,REPORTING_DISTRICT,DAY_OF_WEEK,CHP_SHIFT,POPULATION,CNTY_CITY_LOC,SPECIAL_COND,BEAT_TYPE,CHP_BEAT_TYPE,CITY_DIVISION_LAPD,CHP_BEAT_CLASS,BEAT_NUMBER,PRIMARY_RD,SECONDARY_RD,DISTANCE,DIRECTION,INTERSECTION,WEATHER_1,WEATHER_2,STATE_HWY_IND,CALTRANS_COUNTY,CALTRANS_DISTRICT,STATE_ROUTE,ROUTE_SUFFIX,POSTMILE_PREFIX,POSTMILE,LOCATION_TYPE,RAMP_INTERSECTION,SIDE_OF_HWY,TOW_AWAY,COLLISION_SEVERITY,NUMBER_KILLED,NUMBER_INJURED,PARTY_COUNT,PRIMARY_COLL_FACTOR,PCF_CODE_OF_VIOL,PCF_VIOL_CATEGORY,PCF_VIOLATION,PCF_VIOL_SUBSECTION,HIT_AND_RUN,TYPE_OF_COLLISION,MVIW,PED_ACTION,ROAD_SURFACE,ROAD_COND_1,ROAD_COND_2,LIGHTING,CONTROL_DEVICE,CHP_ROAD_TYPE,PEDESTRIAN_ACCIDENT,BICYCLE_ACCIDENT,MOTORCYCLE_ACCIDENT,TRUCK_ACCIDENT,NOT_PRIVATE_PROPERTY,ALCOHOL_INVOLVED,STWD_VEHTYPE_AT_FAULT,CHP_VEHTYPE_AT_FAULT,COUNT_SEVERE_INJ,COUNT_VISIBLE_INJ,COUNT_COMPLAINT_PAIN,COUNT_PED_KILLED,COUNT_PED_INJURED,COUNT_BICYCLIST_KILLED,COUNT_BICYCLIST_INJURED,COUNT_MC_KILLED,COUNT_MC_INJURED,PRIMARY_RAMP,SECONDARY_RAMP,LATITUDE,LONGITUDE,COUNTY,CITY,POINT_X,POINT_Y
8610285,2018,2018-05-03,1942,2018-04-20,0945,38996,1685,5,5,7,1942,0,0,0,P,0,16A81,TUXFORD ST,N GOLDEN STATE FWY,0,NA,Y,A,-,N,NA,NA,NA,NA,NA,NA,NA,NA,NA,N,4,0,1,2,A,-,10,21950,A,F,G,B,B,A,H,-,A,A,0,Y,NA,NA,NA,Y,NA,-,99,0,0,1,0,1,0,0,0,0,-,-,NA,NA,LOS ANGELES,LOS ANGELES,NA,NA
8610286,2018,2018-05-04,1900,2018-04-23,0708,540658,1127,1,5,6,1992,0,0,0,NA,0,112T2,LANCASTER BL,32ND ST WEST,4,W,N,A,-,N,NA,NA,NA,NA,NA,NA,NA,NA,NA,N,3,0,1,2,A,-,09,21802,A,N,D,G,A,A,H,-,B,A,0,NA,Y,NA,NA,Y,NA,A,01,0,1,0,0,0,0,1,0,0,-,-,NA,NA,LOS ANGELES,LANCASTER,-118.18827056884766,34.69668960571289
8610289,2018,2018-05-07,1942,2018-04-22,1750,33514,2130,7,5,7,1942,0,0,0,NA,0,21XL98,SHOUP AV,ROSCOE BL,29,N,N,A,-,N,NA,NA,NA,NA,NA,NA,NA,NA,NA,Y,3,0,1,2,A,-,01,23153,A,N,D,C,A,A,H,-,A,A,0,NA,NA,NA,NA,Y,Y,-,NA,0,1,0,0,0,0,0,0,0,-,-,NA,NA,LOS ANGELES,LOS ANGELES,-118.61470794677734,34.21958923339844
8610293,2018,2018-05-03,1942,2018-04-14,1805,36904,1099,6,5,7,1942,0,0,0,J,0,10X88,N SEPULVEDA BL,VALLEY MEADOW RD,250,N,N,A,-,N,NA,NA,NA,NA,NA,NA,NA,NA,NA,NA,4,0,1,2,A,-,03,22350,NA,F,B,C,A,A,H,-,A,A,0,NA,NA,NA,NA,Y,NA,-,99,0,0,1,0,0,0,0,0,0,-,-,NA,NA,LOS ANGELES,LOS ANGELES,-118.47888946533205,34.1385498046875
8610297,2018,2018-05-03,1942,2018-04-21,1530,40141,0963,6,5,7,1942,0,0,0,I,0,9A63,MAGNOLIA BL,CEDROS AV,240,W,N,A,-,N,NA,NA,NA,NA,NA,NA,NA,NA,NA,Y,3,0,3,2,A,-,08,22102,NA,N,D,C,A,A,H,-,A,D,0,NA,NA,NA,NA,Y,NA,A,01,0,1,2,0,0,0,0,0,0,-,-,NA,NA,LOS ANGELES,LOS ANGELES,-118.45386505126952,34.164859771728516
8610301,2018,2018-05-03,1942,2018-04-19,0645,40398,0964,4,5,7,1942,0,0,0,I,0,9A63,WOODMAN AV,HUSTON ST,50,N,N,C,-,N,NA,NA,NA,NA,NA,NA,NA,NA,NA,Y,2,0,4,4,A,-,05,21650,NA,N,A,C,A,B,H,-,A,D,0,NA,NA,NA,NA,Y,NA,A,01,1,0,3,0,0,0,0,0,0,-,-,NA,NA,LOS ANGELES,LOS ANGELES,-118.43124389648438,34.1595573425293
8610305,2018,2018-05-03,1942,2018-04-14,2115,42051,0923,6,5,7,1942,0,0,0,I,0,9A23,VAN NUYS BL,HAMLIN ST,10,S,N,A,-,N,NA,NA,NA,NA,NA,NA,NA,NA,NA,N,3,0,1,2,A,-,11,21453,D,N,G,B,B,A,H,-,C,A,0,Y,NA,NA,NA,Y,NA,N,60,0,1,0,0,1,0,0,0,0,-,-,NA,NA,LOS ANGELES,LOS ANGELES,-118.44873809814452,34.18863296508789
8610309,2018,2018-05-03,1942,2018-04-19,0915,40398,1089,4,5,7,1942,0,0,0,J,0,10A99,VENTURA BL,DENSMORE AV,275,E,N,A,-,N,NA,NA,NA,NA,NA,NA,NA,NA,NA,N,4,0,2,2,A,-,09,21801,A,N,D,C,A,A,H,-,A,A,0,NA,NA,NA,NA,Y,NA,A,07,0,0,2,0,0,0,0,0,0,-,-,NA,NA,LOS ANGELES,LOS ANGELES,-118.47662353515624,34.1553840637207
8610313,2018,2018-05-03,1942,2018-04-20,1115,42051,1041,5,5,7,1942,0,0,0,J,0,10A83,HATTERAS ST,WILBUR AV,0,NA,Y,A,-,N,NA,NA,NA,NA,NA,NA,NA,NA,NA,Y,3,0,2,2,A,-,12,21453,A,N,D,C,A,A,H,-,A,A,0,NA,NA,NA,NA,Y,NA,A,01,0,1,1,0,0,0,0,0,0,-,-,NA,NA,LOS ANGELES,LOS ANGELES,-118.5447235107422,34.177120208740234
8610316,2018,2018-11-06,1900,2018-04-11,0755,532572,0454,3,5,6,1949,0,0,0,NA,0,43T1,FOSTER RD,BEN NEVIS AV,180,W,N,A,-,N,NA,NA,NA,NA,NA,NA,NA,NA,NA,N,4,0,1,2,A,-,09,21804,A,N,D,C,A,A,H,-,A,D,0,NA,NA,NA,NA,Y,NA,A,01,0,0,1,0,0,0,0,0,0,-,-,NA,NA,LOS ANGELES,NORWALK,-118.05821990966795,33.90958023071289
8610317,2018,2018-05-03,1942,2018-04-21,1130,32372,1012,6,5,7,1942,0,0,0,J,0,10A3,SHERMAN WY,AMIGO AV,0,NA,Y,A,-,N,NA,NA,NA,NA,NA,NA,NA,NA,NA,N,4,0,1,2,A,-,09,21801,A,N,D,C,A,A,H,-,A,A,0,NA,NA,NA,NA,Y,NA,A,01,0,0,1,0,0,0,0,0,0,-,-,NA,NA,LOS ANGELES,LOS ANGELES,-118.53862762451172,34.20117950439453
8610320,2018,2019-05-02,1942,2018-04-06,2040,43220,0599,5,5,7,1942,0,0,0,E,0,5A1,NAVY WY,SEASIDE AV,1000,S,N,A,-,N,NA,NA,NA,NA,NA,NA,NA,NA,NA,Y,1,1,0,1,A,-,07,21658,A,N,A,I,A,A,B,H,C,D,0,NA,NA,NA,NA,Y,Y,A,01,0,0,0,0,0,0,0,0,0,-,-,NA,NA,LOS ANGELES,LOS ANGELES,-118.25057220458984,33.75141525268555
8610324,2018,2018-05-14,1942,2018-04-20,1415,41316,1008,5,5,7,1942,0,0,0,J,0,10A39,HAYVENHURST AV,SHERMAN WY,20,N,N,A,-,N,NA,NA,NA,NA,NA,NA,NA,NA,NA,Y,4,0,1,3,A,-,12,21453,A,N,D,C,A,A,H,-,A,A,0,NA,NA,NA,NA,Y,NA,-,-,0,0,1,0,0,0,0,0,0,-,-,NA,NA,LOS ANGELES,LOS ANGELES,-118.4924087524414,34.20128631591797
8610328,2018,2018-05-14,1942,2018-04-15,1535,42998,LA100,7,5,7,1942,0,0,0,NA,0,10A3,TAMPA AV,STRATHERN ST,0,NA,Y,A,-,N,NA,NA,NA,NA,NA,NA,NA,NA,NA,N,3,0,1,2,A,-,10,21950,A,N,A,B,B,A,H,-,A,A,0,Y,NA,NA,NA,Y,NA,A,07,0,1,0,0,1,0,0,0,0,-,-,NA,NA,LOS ANGELES,LOS ANGELES,-118.55352020263672,34.215641021728516
8610332,2018,2018-05-14,1942,2018-04-13,2315,41758,NA,5,5,7,1942,0,0,0,NA,0,10X18,LINDLEY,GAULT,0,NA,Y,A,-,N,NA,NA,NA,NA,NA,NA,NA,NA,NA,N,4,0,1,2,A,-,08,22107,NA,N,A,C,A,A,H,-,C,A,0,NA,NA,NA,NA,Y,NA,-,-,0,0,1,0,0,0,0,0,0,-,-,NA,NA,LOS ANGELES,LOS ANGELES,-118.5272979736328,34.199310302734375
8610336,2018,2018-05-08,1942,2018-04-12,2145,38743,1027,4,5,7,1942,0,0,0,J,0,17A23,SHERMAN WY,BALBOA BL,200,W,N,A,-,N,NA,NA,NA,NA,NA,NA,NA,NA,NA,Y,3,0,1,2,A,-,09,21804,NA,F,D,C,A,A,H,-,C,D,0,NA,NA,NA,NA,Y,Y,-,99,0,1,0,0,0,0,0,0,0,-,-,NA,NA,LOS ANGELES,LOS ANGELES,-118.50177764892578,34.201229095458984
8610340,2018,2018-05-08,1942,2018-04-19,1500,40141,1566,4,5,7,1942,0,0,0,O,0,15A67,VINELAND AV,RIVERSIDE DR,40,S,N,A,-,N,NA,NA,NA,NA,NA,NA,NA,NA,NA,N,4,0,1,3,A,-,03,22350,NA,F,C,C,A,A,H,-,A,D,0,NA,NA,NA,NA,Y,NA,-,99,0,0,1,0,0,0,0,0,0,-,-,NA,NA,LOS ANGELES,LOS ANGELES,-118.37033081054688,34.15230178833008
8610344,2018,2018-05-08,1942,2018-04-19,1815,41125,NA,4,5,7,1942,0,0,0,NA,0,NA,VENTURA BL,WOODLEY AV,5,W,N,A,-,N,NA,NA,NA,NA,NA,NA,NA,NA,NA,N,4,0,1,2,A,-,10,21950,A,F,G,B,B,A,H,-,A,A,0,Y,NA,NA,NA,Y,NA,-,99,0,0,1,0,1,0,0,0,0,-,-,NA,NA,LOS ANGELES,LOS ANGELES,-118.48367309570313,34.1563606262207
8610345,2018,2018-05-24,1942,2018-04-18,1910,41948,1548,3,5,7,1942,0,0,0,O,0,15A3,VINELAND AV,CHANDLER BL,0,NA,Y,A,-,N,NA,NA,NA,NA,NA,NA,NA,NA,NA,N,4,0,1,1,C,-,18,NA,NA,N,A,I,A,A,H,-,A,A,0,NA,NA,Y,NA,Y,NA,-,-,0,0,1,0,0,0,0,0,1,-,-,NA,NA,LOS ANGELES,LOS ANGELES,-118.37042999267578,34.16809844970703
8610365,2018,2018-05-24,1942,2018-04-23,1240,42344,1523,1,5,7,1942,0,0,0,O,0,15A33,COLDWATER CANYON AV,SYLVAN ST,80,N,N,A,-,N,NA,NA,NA,NA,NA,NA,NA,NA,NA,N,3,0,1,4,A,-,05,21651,B,F,B,C,A,A,H,-,A,A,0,NA,NA,NA,NA,Y,NA,-,99,0,1,0,0,0,0,0,0,0,-,-,NA,NA,LOS ANGELES,LOS ANGELES,-118.4137954711914,34.185089111328125
8610401,2018,2018-05-16,1953,2018-04-13,1255,0044,1953,5,5,6,1953,0,0,0,NA,0,005,HUDSON AV,GREEN ST,177,S,N,A,-,N,NA,NA,NA,NA,NA,NA,NA,NA,NA,Y,3,0,1,2,A,-,08,22107,NA,N,F,C,A,A,A,-,A,D,0,NA,NA,NA,NA,Y,NA,D,22,0,1,0,0,0,0,0,0,0,-,-,NA,NA,LOS ANGELES,PASADENA,-118.13384246826172,34.144065856933594
8610425,2018,2018-05-07,1965,2018-04-07,1125,2606,0B4E,6,5,5,1965,0,0,0,NA,0,B004,CALIFORNIA AV,12TH ST,34,W,N,A,-,N,NA,NA,NA,NA,NA,NA,NA,NA,NA,Y,3,0,1,1,A,-,03,22350,NA,N,E,I,A,A,H,-,A,D,0,NA,NA,NA,NA,Y,NA,D,22,0,1,0,0,0,0,0,0,0,-,-,37.01789093017578,-121.0155029296875,LOS ANGELES,SANTA MONICA,-118.49246978759766,34.026573181152344
8610433,2018,2018-05-07,1965,2018-04-23,1521,3553,0B3B,1,5,5,1965,0,0,0,NA,0,B003,SANTA MONICA BL,17TH ST,165,W,N,A,-,N,NA,NA,NA,NA,NA,NA,NA,NA,NA,Y,3,0,1,2,A,-,01,23152,NA,F,D,C,A,A,H,-,A,A,0,NA,NA,NA,Y,Y,NA,F,26,0,1,0,0,0,0,0,0,0,-,-,NA,NA,LOS ANGELES,SANTA MONICA,-118.48326110839844,34.026058197021484
8610483,2018,2018-05-17,1900,2018-04-13,0655,600726,0466,5,5,4,1936,0,0,0,NA,0,46T1D,FIRESTONE BL,VALLEY VIEW AV,25,E,N,A,-,N,NA,NA,NA,NA,NA,NA,NA,NA,NA,Y,4,0,1,2,A,-,05,21650,NA,N,B,C,A,A,D,-,A,A,0,NA,NA,NA,Y,Y,NA,G,25,0,0,1,0,0,0,0,0,0,-,-,NA,NA,LOS ANGELES,LA MIRADA,-118.02888488769533,33.88576126098633
8610550,2018,2018-05-15,1900,2018-04-11,0700,523432,2318,3,5,5,1919,0,0,0,NA,0,230T/D,CARMENITA RD,ALONDRA BL,610,S,N,A,-,N,NA,NA,NA,NA,NA,NA,NA,NA,NA,Y,4,0,1,1,A,-,08,22107,NA,N,E,I,A,A,H,-,A,D,0,NA,NA,NA,NA,Y,NA,D,22,0,0,1,0,0,0,0,0,0,-,-,NA,NA,LOS ANGELES,CERRITOS,-118.04660034179688,33.886146545410156
8610556,2017,2018-05-11,1922,2017-12-06,1532,687,3,3,5,6,1922,0,0,0,NA,0,NA,TYLER AV,SCHMIDT RD,0,S,N,A,-,N,NA,NA,NA,NA,NA,NA,NA,NA,NA,N,3,0,1,2,A,-,05,21650,1,N,B,G,A,A,H,-,A,A,0,NA,Y,NA,NA,Y,NA,L,04,0,1,0,0,0,0,1,0,0,-,-,34.05733,-118.03568,LOS ANGELES,EL MONTE,-118.03565008,34.05731001
8610558,2018,2018-05-11,1900,2018-04-10,1137,523432,2318,2,5,5,1919,0,0,0,NA,0,230TD,ARTESIA BL,NORWALK BL,0,NA,Y,A,-,N,NA,NA,NA,NA,NA,NA,NA,NA,NA,Y,3,0,2,2,A,-,12,21453,A,N,A,C,A,A,H,-,A,A,0,NA,NA,NA,NA,Y,NA,A,07,0,1,1,0,0,0,0,0,0,-,-,NA,NA,LOS ANGELES,CERRITOS,-118.07257843017578,33.8731803894043
8610560,2017,2018-05-09,1922,2017-04-25,2110,640,NA,2,5,6,1922,0,0,0,NA,0,004,DURFEE AV,ELLIOTT AV,0,NA,Y,A,-,N,NA,NA,NA,NA,NA,NA,NA,NA,NA,N,4,0,1,2,A,-,03,22350,NA,N,C,C,A,A,H,-,C,A,0,NA,NA,NA,NA,Y,NA,A,01,0,0,1,0,0,0,0,0,0,-,-,NA,NA,LOS ANGELES,EL MONTE,-118.02052008,34.05337008
8610561,2018,2018-05-09,1906,2018-04-22,1531,4424,NA,7,5,5,1906,0,0,0,NA,0,004,PALM AV,CRICKETT LN,21,W,N,A,-,N,NA,NA,NA,NA,NA,NA,NA,NA,NA,N,2,0,1,2,A,-,11,21956,A,N,D,B,D,A,H,-,A,D,0,Y,NA,NA,NA,Y,NA,N,60,1,0,0,0,1,0,0,0,0,-,-,NA,NA,LOS ANGELES,BALDWIN PARK,-117.96126556396484,34.08858871459961
8610571,2018,2018-05-22,1953,2018-04-10,1601,9610,1953,2,5,6,1953,0,0,0,NA,0,003,GREEN ST,HOLLISTON AV,0,NA,Y,A,-,N,NA,NA,NA,NA,NA,NA,NA,NA,NA,Y,3,0,1,2,A,-,09,21804,A,N,D,C,A,A,H,-,A,A,0,NA,NA,NA,NA,Y,NA,A,07,0,1,0,0,0,0,0,0,0,-,-,NA,NA,LOS ANGELES,PASADENA,-118.12287139892578,34.14461135864258
8610574,2018,2018-05-21,1900,2018-04-12,2349,517839,1511,4,5,5,1954,0,0,0,NA,0,151T3,MANNING ST,BEVERLY BL,0,NA,Y,A,-,N,NA,NA,NA,NA,NA,NA,NA,NA,NA,Y,4,0,1,2,A,-,00,20002,A,F,D,C,A,A,H,-,C,A,0,NA,NA,NA,NA,Y,Y,A,01,0,0,1,0,0,0,0,0,0,-,-,34.00730895996094,-118.07089996337892,LOS ANGELES,PICO RIVERA,-118.07090759277344,34.007389068603516
8610582,2018,2018-05-22,1942,2018-04-21,1120,41731,1371,6,5,7,1942,0,0,0,M,0,14XL3,SLAUSON,BROADWAY,0,NA,Y,A,-,N,NA,NA,NA,NA,NA,NA,NA,NA,NA,Y,4,0,2,2,A,-,09,21801,A,N,D,C,A,A,H,-,A,A,0,NA,NA,NA,NA,Y,NA,A,07,0,0,2,0,0,0,0,0,0,-,-,NA,NA,LOS ANGELES,LOS ANGELES,-118.2782974243164,33.98918151855469
8610583,2018,2018-05-22,1953,2018-04-09,1703,9610,1953,1,5,6,1953,0,0,0,NA,0,003,CALIFORNIA BL,LANDOR LN,0,NA,Y,A,-,N,NA,NA,NA,NA,NA,NA,NA,NA,NA,N,4,0,1,2,A,-,06,21755,A,N,D,C,A,A,H,-,A,D,0,NA,NA,Y,NA,Y,NA,C,02,0,0,1,0,0,0,0,0,1,-,-,NA,NA,LOS ANGELES,PASADENA,-118.11469268798828,34.13587951660156
8610588,2018,2018-05-30,1906,2018-04-28,1427,2899,NA,6,5,5,1906,0,0,0,NA,0,003,VINELAND AV,CHEVALIER AV,6,S,N,A,-,N,NA,NA,NA,NA,NA,NA,NA,NA,NA,Y,4,0,1,3,A,-,12,22450,A,M,-,C,A,A,H,-,A,A,0,NA,NA,NA,NA,Y,NA,-,-,0,0,1,0,0,0,0,0,0,-,-,NA,NA,LOS ANGELES,BALDWIN PARK,-117.95644378662108,34.08338928222656
8610621,2018,2018-05-09,1965,2018-04-14,2055,3553,0B1H,6,5,5,1965,0,0,0,NA,0,B001,4TH ST,OLYMPIC DR,0,NA,Y,A,-,N,NA,NA,NA,NA,NA,NA,NA,NA,NA,N,4,0,1,2,A,-,03,22350,NA,F,C,C,A,A,H,-,C,A,0,NA,NA,NA,NA,Y,NA,A,01,0,0,1,0,0,0,0,0,0,-,-,NA,NA,LOS ANGELES,SANTA MONICA,-118.49002838134766,34.01205062866211
8610625,2018,2018-05-09,1953,2018-04-03,1604,7939,1953,2,5,6,1953,0,0,0,NA,0,002,WASHINGTON BL,LINCOLN AV,175,E,N,A,-,N,NA,NA,NA,NA,NA,NA,NA,NA,NA,N,4,0,1,2,A,-,17,22517,NA,N,B,G,A,A,H,-,A,D,0,NA,Y,NA,NA,Y,NA,A,01,0,0,1,0,0,0,1,0,0,-,-,NA,NA,LOS ANGELES,PASADENA,-118.15901947021484,34.169715881347656
8610633,2018,2018-05-09,1953,2018-04-03,1140,1001,1953,2,5,6,1953,0,0,0,NA,0,003,ALLEN AV,WASHINGTON BL,30,N,N,A,-,N,NA,NA,NA,NA,NA,NA,NA,NA,NA,N,4,0,1,2,A,-,03,22350,NA,N,C,C,A,A,H,-,A,A,0,NA,NA,NA,NA,Y,NA,-,NA,0,0,1,0,0,0,0,0,0,-,-,NA,NA,LOS ANGELES,PASADENA,-118.11302185058594,34.16922378540039
8610637,2018,2018-05-09,1953,2018-04-01,0209,1314,PASAD,7,5,6,1953,0,0,0,NA,0,002,LOS ROBLES AV,MAPLE ST,0,NA,Y,A,-,N,NA,NA,NA,NA,NA,NA,NA,NA,NA,Y,3,0,1,3,A,-,03,22350,NA,N,-,E,A,A,H,-,C,A,0,NA,NA,NA,NA,Y,NA,A,01,0,1,0,0,0,0,0,0,0,-,-,NA,NA,LOS ANGELES,PASADENA,-118.1414794921875,34.15235900878906
8610642,2018,2018-05-07,1942,2018-03-10,1404,42786,1252,6,5,7,1942,0,0,0,L,0,12A67,67TH ST,VAN NESS,42,E,N,B,C,N,NA,NA,NA,NA,NA,NA,NA,NA,NA,Y,4,0,2,2,A,-,03,22350,NA,N,A,C,A,B,H,-,A,A,0,NA,NA,NA,NA,Y,NA,A,01,0,0,2,0,0,0,0,0,0,-,-,NA,NA,LOS ANGELES,LOS ANGELES,-118.3176040649414,33.97819137573242
8610644,2018,2018-05-09,1953,2018-04-11,1023,7653,PASAD,3,5,6,1953,0,0,0,NA,0,005,GREEN ST,ARROYO PKWY,0,NA,Y,A,-,N,NA,NA,NA,NA,NA,NA,NA,NA,NA,Y,4,0,2,2,A,-,12,21453,A,N,D,C,A,A,H,-,A,A,0,NA,NA,NA,NA,Y,NA,A,07,0,0,2,0,0,0,0,0,0,-,-,NA,NA,LOS ANGELES,PASADENA,-118.14749908447266,34.144500732421875
8610648,2018,2018-05-09,1953,2018-04-11,0706,9296,NA,3,5,6,1953,0,0,0,NA,0,NA,WILSON AV,UNION ST,250,S,N,A,-,N,NA,NA,NA,NA,NA,NA,NA,NA,NA,Y,4,0,1,2,A,-,09,21804,A,N,D,C,A,A,H,-,A,A,0,NA,NA,NA,NA,Y,NA,A,01,0,0,1,0,0,0,0,0,0,-,-,NA,NA,LOS ANGELES,PASADENA,-118.12806701660156,34.147396087646484
8610652,2018,2018-05-09,1953,2018-04-10,1547,9296,NA,2,5,6,1953,0,0,0,NA,0,NA,SIERRA MADRE BL,PALOMA ST,0,NA,Y,A,-,N,NA,NA,NA,NA,NA,NA,NA,NA,NA,Y,4,0,1,2,A,-,09,21801,A,N,D,C,A,A,H,-,A,A,0,NA,NA,NA,NA,Y,NA,A,08,0,0,1,0,0,0,0,0,0,-,-,NA,NA,LOS ANGELES,PASADENA,-118.09407806396484,34.15937042236328
8610656,2018,2018-05-09,1953,2018-04-09,0615,7724,LA CO,1,5,6,1953,0,0,0,NA,0,002,FAIR OAKS AV,MOUNTAIN ST,0,NA,Y,A,-,N,NA,NA,NA,NA,NA,NA,NA,NA,NA,Y,3,0,2,2,A,-,12,21453,A,M,D,C,A,A,H,-,A,A,0,NA,NA,NA,NA,Y,NA,A,07,0,1,1,0,0,0,0,0,0,-,-,NA,NA,LOS ANGELES,PASADENA,-118.1506118774414,34.161460876464844
8610660,2018,2018-05-15,1953,2018-04-08,2054,5202,1953,7,5,6,1953,0,0,0,NA,0,002,MAPLE ST,LAKE AV,20,E,N,A,-,N,NA,NA,NA,NA,NA,NA,NA,NA,NA,N,4,0,1,2,A,-,03,22350,NA,N,C,C,A,A,H,-,B,A,0,NA,NA,NA,NA,Y,NA,A,01,0,0,1,0,0,0,0,0,0,-,-,NA,NA,LOS ANGELES,PASADENA,-118.13229370117188,34.15232849121094
8610664,2018,2018-05-09,1953,2018-04-14,1704,5202,1953,6,5,6,1953,0,0,0,NA,0,002,EL SERENO AV,HOWARD ST,200,N,N,A,-,N,NA,NA,NA,NA,NA,NA,NA,NA,NA,N,4,0,1,2,A,-,09,21804,A,N,G,G,A,A,H,-,A,D,0,NA,Y,NA,NA,Y,NA,L,04,0,0,1,0,0,0,1,0,0,-,-,NA,NA,LOS ANGELES,PASADENA,-118.1522216796875,34.17319869995117
8610668,2018,2018-05-09,1953,2018-04-14,1216,2367,1953,6,5,6,1953,0,0,0,NA,0,001,COLORADO BL,ORANGE GROVE BL,250,E,N,A,-,N,NA,NA,NA,NA,NA,NA,NA,NA,NA,Y,3,0,1,2,A,-,09,21801,A,N,D,C,A,A,H,-,A,D,0,NA,NA,NA,NA,Y,NA,A,01,0,1,0,0,0,0,0,0,0,-,-,NA,NA,LOS ANGELES,PASADENA,-118.1598663330078,34.1457405090332
8610669,2018,2018-05-08,1929,2018-04-24,1607,206,1929,2,5,3,1929,0,0,0,NA,0,1L2D,HERMOSA AV,19TH ST,54,N,N,B,-,N,NA,NA,NA,NA,NA,NA,NA,NA,NA,Y,4,0,1,3,A,-,03,22350,NA,N,C,E,A,A,H,-,A,D,0,NA,NA,NA,NA,Y,NA,A,01,0,0,1,0,0,0,0,0,0,-,-,NA,NA,LOS ANGELES,HERMOSA BEACH,-118.40196228027344,33.867374420166016
8610672,2018,2018-05-09,1953,2018-04-13,0629,5202,1953,5,5,6,1953,0,0,0,NA,0,002,LAKE AV,CLAREMONT ST,10,S,N,A,-,N,NA,NA,NA,NA,NA,NA,NA,NA,NA,N,4,0,2,2,A,-,03,22350,NA,N,C,C,A,A,H,-,A,A,0,NA,NA,NA,NA,Y,NA,A,01,0,0,2,0,0,0,0,0,0,-,-,NA,NA,LOS ANGELES,PASADENA,-118.1323471069336,34.1668815612793
8610678,2018,2018-05-07,1900,2018-03-28,1440,532044,1264,3,5,3,1991,0,0,0,NA,0,121T1,DESCANSO DR,LEYCROSS DR,0,NA,Y,A,-,N,NA,NA,NA,NA,NA,NA,NA,NA,NA,Y,4,0,2,2,A,-,09,21801,A,N,D,C,A,A,H,-,A,D,0,NA,NA,NA,NA,Y,NA,A,01,0,0,2,0,0,0,0,0,0,-,-,34.204811096191406,-118.21159362792967,LOS ANGELES,LA CANADA-FLINTRIDGE,-118.21160888671876,34.2047004699707
8610682,2018,2018-05-07,1900,2018-03-10,1535,531480,1264,6,5,3,1991,0,0,0,NA,0,121T1,FOOTHILL BL,CHEVY CHASE DR,0,NA,Y,C,-,N,NA,NA,NA,NA,NA,NA,NA,NA,NA,N,4,0,1,2,A,-,08,22107,NA,N,B,C,A,B,H,-,B,A,0,NA,NA,NA,NA,Y,NA,A,01,0,0,1,0,0,0,0,0,0,-,-,34.204750061035156,-118.20095825195313,LOS ANGELES,LA CANADA-FLINTRIDGE,-118.20110321044922,34.20486068725586
8610684,2018,2018-05-09,1942,2018-04-21,2200,41461,0129,6,5,7,1942,0,0,0,A,0,1A41,TEMPLE ST,VIGNES ST,0,NA,Y,A,-,N,NA,NA,NA,NA,NA,NA,NA,NA,NA,N,4,0,1,2,A,-,21,22106,NA,F,C,C,A,A,H,-,C,A,0,NA,NA,NA,NA,Y,NA,-,99,0,0,1,0,0,0,0,0,0,-,-,NA,NA,LOS ANGELES,LOS ANGELES,-118.23358917236328,34.05023193359375
8610685,2018,2018-07-27,1900,2018-04-10,1255,552015,0451,2,5,6,1949,0,0,0,NA,0,45T1AM,HOXIE AV,IMPERIAL HWY,300,N,N,A,-,N,NA,NA,NA,NA,NA,NA,NA,NA,NA,NA,4,0,2,2,A,-,21,22106,NA,N,H,C,A,A,H,-,A,D,0,NA,NA,NA,Y,Y,NA,F,25,0,0,2,0,0,0,0,0,0,-,-,NA,NA,LOS ANGELES,NORWALK,-118.10366821289064,33.91797637939453
8610686,2018,2018-05-07,1900,2018-03-01,1450,480772,1264,4,5,3,1991,0,0,0,NA,0,121T1,OAKGROVE DR,BERSHIRE PL,0,NA,Y,A,-,N,NA,NA,NA,NA,NA,NA,NA,NA,NA,Y,4,0,1,2,A,-,09,21801,A,N,B,C,A,A,H,-,A,A,0,NA,NA,NA,NA,Y,NA,A,07,0,0,1,0,0,0,0,0,0,-,-,34.18960189819336,-118.17839813232422,LOS ANGELES,LA CANADA-FLINTRIDGE,-118.17839813232422,34.18920135498047
8610688,2018,2018-05-09,1942,2018-04-21,1340,43042,11,6,5,7,1942,0,0,0,K,0,11A71,SUNSET BL,VIRGIL AV,24,E,N,A,-,N,NA,NA,NA,NA,NA,NA,NA,NA,NA,N,4,0,1,3,A,-,03,22350,NA,F,C,C,A,A,H,-,A,D,0,NA,NA,NA,NA,Y,NA,-,NA,0,0,1,0,0,0,0,0,0,-,-,NA,NA,LOS ANGELES,LOS ANGELES,-118.2873306274414,34.0981330871582