CASE_ID,ACCIDENT_YEAR,PROC_DATE,JURIS,COLLISION_DATE,COLLISION_TIME,OFFICER_ID,REPORTING_DISTRICT,DAY_OF_WEEK,CHP_SHIFT,POPULATION,CNTY_CITY_LOC,SPECIAL_COND,BEAT_TYPE,CHP_BEAT_TYPE,CITY_DIVISION_LAPD,CHP_BEAT_CLASS,BEAT_NUMBER,PRIMARY_RD,SECONDARY_RD,DISTANCE,DIRECTION,INTERSECTION,WEATHER_1,WEATHER_2,STATE_HWY_IND,CALTRANS_COUNTY,CALTRANS_DISTRICT,STATE_ROUTE,ROUTE_SUFFIX,POSTMILE_PREFIX,POSTMILE,LOCATION_TYPE,RAMP_INTERSECTION,SIDE_OF_HWY,TOW_AWAY,COLLISION_SEVERITY,NUMBER_KILLED,NUMBER_INJURED,PARTY_COUNT,PRIMARY_COLL_FACTOR,PCF_CODE_OF_VIOL,PCF_VIOL_CATEGORY,PCF_VIOLATION,PCF_VIOL_SUBSECTION,HIT_AND_RUN,TYPE_OF_COLLISION,MVIW,PED_ACTION,ROAD_SURFACE,ROAD_COND_1,ROAD_COND_2,LIGHTING,CONTROL_DEVICE,CHP_ROAD_TYPE,PEDESTRIAN_ACCIDENT,BICYCLE_ACCIDENT,MOTORCYCLE_ACCIDENT,TRUCK_ACCIDENT,NOT_PRIVATE_PROPERTY,ALCOHOL_INVOLVED,STWD_VEHTYPE_AT_FAULT,CHP_VEHTYPE_AT_FAULT,COUNT_SEVERE_INJ,COUNT_VISIBLE_INJ,COUNT_COMPLAINT_PAIN,COUNT_PED_KILLED,COUNT_PED_INJURED,COUNT_BICYCLIST_KILLED,COUNT_BICYCLIST_INJURED,COUNT_MC_KILLED,COUNT_MC_INJURED,PRIMARY_RAMP,SECONDARY_RAMP,LATITUDE,LONGITUDE,COUNTY,CITY,POINT_X,POINT_Y
8611782,2018,2018-04-24,1900,2018-02-19,1320,609278,1368,1,5,5,1952,0,0,0,NA,0,136F1,SOMERSET BL,PARAMOUNT BL,0,NA,Y,A,-,N,NA,NA,NA,NA,NA,NA,NA,NA,NA,N,4,0,1,2,A,-,10,21950,A,M,-,B,B,A,H,-,A,A,0,Y,NA,NA,NA,Y,Y,A,07,0,0,1,0,1,0,0,0,0,-,-,NA,NA,LOS ANGELES,PARAMOUNT,-118.1602020263672,33.896480560302734
8611784,2018,2018-04-25,1942,2018-04-11,1645,42438,0952,3,5,7,1942,0,0,0,I,0,9X14,MAGNOLIA BL,SEPULVEDA BL,0,NA,Y,A,-,N,NA,NA,NA,NA,NA,NA,NA,NA,NA,Y,4,0,1,2,A,-,03,22350,NA,F,C,C,A,A,H,-,A,D,0,NA,NA,NA,NA,Y,NA,A,01,0,0,1,0,0,0,0,0,0,-,-,NA,NA,LOS ANGELES,LOS ANGELES,-118.46614837646484,34.164859771728516
8611785,2018,2018-04-25,1900,2018-03-16,1205,532457,1336,5,5,5,1908,0,0,0,NA,0,132T1D,BEVERLY ST,WOODRUFF AV,6,W,N,A,-,N,NA,NA,NA,NA,NA,NA,NA,NA,NA,N,3,0,1,2,A,-,10,21950,A,N,G,B,B,A,H,-,A,A,0,Y,NA,NA,NA,Y,NA,N,60,0,1,0,0,1,0,0,0,0,-,-,33.875701904296875,-118.11740112304688,LOS ANGELES,BELLFLOWER,-118.1173095703125,33.875728607177734
8611786,2018,2018-04-24,1900,2018-02-08,1630,609278,1369,4,5,5,1952,0,0,0,NA,0,1360,ALONDRA BL,DOWNEY BL,400,E,N,A,-,N,NA,NA,NA,NA,NA,NA,NA,NA,NA,N,4,0,1,2,A,-,08,22103,NA,N,B,C,A,A,H,-,A,D,0,NA,NA,NA,NA,Y,NA,A,01,0,0,1,0,0,0,0,0,0,-,-,NA,NA,LOS ANGELES,PARAMOUNT,-118.150146484375,33.88928985595703
8611788,2018,2018-05-03,1942,2018-04-04,1430,36298,1924,3,5,7,1942,0,0,0,NA,0,19X4,POLK ST,TELFAIR AV,200,E,N,A,-,N,NA,NA,NA,NA,NA,NA,NA,NA,NA,Y,3,0,1,2,A,-,01,23152,A,N,B,E,A,-,G,-,A,D,0,NA,NA,NA,NA,Y,Y,-,NA,0,1,0,0,0,0,0,0,0,-,-,NA,NA,LOS ANGELES,LOS ANGELES,-118.46198272705078,34.29669189453125
8611792,2018,2018-04-25,1942,2018-04-09,0445,41175,1008,1,5,7,1942,0,0,0,J,0,10A39,HAYVENHURST AV,SHERMAN WY,0,NA,Y,A,-,N,NA,NA,NA,NA,NA,NA,NA,NA,NA,Y,2,0,1,2,A,-,12,21453,A,F,D,C,A,A,H,-,C,A,0,NA,NA,NA,NA,Y,NA,A,01,1,0,0,0,0,0,0,0,0,-,-,NA,NA,LOS ANGELES,LOS ANGELES,-118.4924087524414,34.201229095458984
8611793,2018,2018-05-01,1942,2018-03-27,1730,36865,0501,2,5,7,1942,0,0,0,E,0,5A15,WESTERN AV,186TH ST,0,NA,Y,A,-,N,NA,NA,NA,NA,NA,NA,NA,NA,NA,Y,3,0,2,2,A,-,09,21802,A,N,D,C,A,A,H,-,A,D,0,NA,NA,NA,NA,Y,NA,A,01,0,1,1,0,0,0,0,0,0,-,-,NA,NA,LOS ANGELES,LOS ANGELES,-118.30915,33.86198
8611796,2018,2018-08-16,1942,2018-04-10,1340,40602,0513,2,5,7,1942,0,0,0,E,0,5A1,PACIFIC COAST HWY,FRAMPTON AV,50,E,N,A,-,Y,LA,7,1,-,-,12.65,H,-,N,N,4,0,2,3,A,-,04,21703,NA,N,C,C,A,A,H,-,A,D,0,NA,NA,NA,NA,Y,NA,A,01,0,0,2,0,0,0,0,0,0,-,-,NA,NA,LOS ANGELES,LOS ANGELES,-118.29973602294922,33.78953170776367
8611797,2018,2018-04-25,1900,2018-03-14,0825,602250,1348,3,5,3,1903,0,0,0,NA,0,134A,GRIDLEY AV,ABANA ST,0,NA,Y,A,-,N,NA,NA,NA,NA,NA,NA,NA,NA,NA,Y,4,0,1,2,A,-,09,21801,A,N,A,C,A,A,H,-,A,D,0,NA,NA,NA,NA,Y,NA,A,01,0,0,1,0,0,0,0,0,0,-,-,NA,NA,LOS ANGELES,ARTESIA,-118.09100341796876,33.87382888793945
8611800,2018,2018-08-16,1942,2018-04-10,1800,43073,0813,2,5,7,1942,0,0,0,H,0,5A12,PACIFIC COAST HWY,FIGUEROA ST,0,NA,Y,A,-,Y,LA,7,1,-,-,11.54,H,-,N,N,4,0,1,2,A,-,04,21703,NA,N,C,C,A,A,H,-,A,A,0,NA,NA,NA,NA,Y,Y,A,01,0,0,1,0,0,0,0,0,0,-,-,NA,NA,LOS ANGELES,LOS ANGELES,-118.28092956542967,33.79051208496094
8611801,2018,2018-04-25,1942,2018-03-28,1800,40926,5A29,3,5,7,1942,0,0,0,NA,0,5X66,ANAHEIM ST,SANFORD AV,0,NA,Y,A,-,N,NA,NA,NA,NA,NA,NA,NA,NA,NA,N,3,0,2,3,A,-,09,21801,A,N,D,C,A,A,H,-,A,D,0,NA,NA,NA,NA,Y,NA,-,NA,0,1,1,0,0,0,0,0,0,-,-,NA,NA,LOS ANGELES,LOS ANGELES,-118.25074005126952,33.780609130859375
8611804,2018,2018-04-24,1942,2018-04-06,0140,39493,1555,5,5,7,1942,0,0,0,O,0,15A39,LANKERSHIM BL,HORTENSE ST,0,NA,Y,A,-,N,NA,NA,NA,NA,NA,NA,NA,NA,NA,Y,4,0,1,2,A,-,01,23152,A,N,D,C,A,A,H,-,C,A,0,NA,NA,NA,NA,Y,Y,A,01,0,0,1,0,0,0,0,0,0,-,-,NA,NA,LOS ANGELES,LOS ANGELES,-118.36849212646484,34.15476989746094
8611805,2018,2018-04-25,1942,2018-03-31,1140,37944,0521,6,5,7,1942,0,0,0,E,0,5A55,PALOS VERDES DR N,ROLLING HILLS WY,300,E,N,A,-,N,NA,NA,NA,NA,NA,NA,NA,NA,NA,Y,3,0,3,3,A,-,03,22350,NA,N,C,C,A,A,H,-,A,D,0,NA,NA,NA,NA,Y,NA,A,01,0,1,2,0,0,0,0,0,0,-,-,NA,NA,LOS ANGELES,LOS ANGELES,-118.34302520751952,33.775901794433594
8611808,2018,2018-08-16,1942,2018-04-09,1010,38633,0514,1,5,7,1942,0,0,0,E,0,25MQ15,PACIFIC COAST HWY,FIGUEROA ST,500,W,N,A,-,Y,LA,7,1,-,-,11.65,H,-,N,Y,3,0,1,2,A,-,03,22350,NA,N,D,C,A,A,H,-,A,A,0,NA,NA,Y,NA,Y,NA,C,02,0,1,0,0,0,0,0,0,1,-,-,NA,NA,LOS ANGELES,LOS ANGELES,-118.2828369140625,33.79072952270508
8611809,2018,2018-04-25,1942,2018-03-28,1700,38616,525,3,5,7,1942,0,0,0,NA,0,5A25,LAGOON AV,W E ST,0,NA,Y,A,-,N,NA,NA,NA,NA,NA,NA,NA,NA,NA,Y,4,0,1,2,A,-,12,22450,A,N,D,C,A,A,H,-,A,A,0,NA,NA,NA,NA,Y,NA,A,01,0,0,1,0,0,0,0,0,0,-,-,NA,NA,LOS ANGELES,LOS ANGELES,-118.26734161376952,33.775360107421875
8611813,2018,2018-04-25,1942,2018-03-29,0155,41921,0517,4,5,7,1942,0,0,0,E,0,5A15,EUBANK AV,GRANT ST,0,NA,Y,A,-,N,NA,NA,NA,NA,NA,NA,NA,NA,NA,N,4,0,2,4,A,-,03,22350,NA,N,A,E,A,A,H,-,C,D,0,NA,NA,NA,NA,Y,NA,A,01,0,0,2,0,0,0,0,0,0,-,-,NA,NA,LOS ANGELES,LOS ANGELES,-118.25530242919922,33.784088134765625
8611816,2018,2018-04-24,1942,2018-04-07,2015,42442,1037,6,5,7,1942,0,0,0,J,0,10A21,VANOWEN ST,ALDEA AV,0,NA,Y,A,-,N,NA,NA,NA,NA,NA,NA,NA,NA,NA,Y,3,0,2,2,A,-,01,23152,A,N,C,C,A,A,H,-,C,D,0,NA,NA,NA,NA,Y,Y,A,01,0,1,1,0,0,0,0,0,0,-,-,NA,NA,LOS ANGELES,LOS ANGELES,-118.50836181640624,34.19388961791992
8611817,2018,2018-08-10,1942,2018-03-29,1740,42536,0516,4,5,7,1942,0,0,0,E,0,5A12,PACIFIC COAST HWY,ISLAND AV,0,NA,Y,A,-,Y,LA,7,1,-,-,10.744,I,5,S,Y,4,0,1,2,A,-,09,21801,A,N,D,C,A,A,H,-,A,A,0,NA,NA,NA,NA,Y,NA,A,01,0,0,1,0,0,0,0,0,0,-,-,NA,NA,LOS ANGELES,LOS ANGELES,-118.26700592041016,33.79091262817383
8611820,2018,2018-08-16,1942,2018-04-10,0630,43157,0514,2,5,7,1942,0,0,0,E,0,5A17,WILMINGTON BL,PACIFIC COAST HWY,0,NA,Y,A,-,Y,LA,7,1,-,-,11.208,I,5,S,Y,4,0,1,2,A,-,09,21801,A,N,A,C,A,A,H,-,A,A,0,NA,NA,NA,NA,Y,NA,A,01,0,0,1,0,0,0,0,0,0,-,-,NA,NA,LOS ANGELES,LOS ANGELES,-118.27509307861328,33.79048538208008
8611821,2018,2018-04-25,1942,2018-03-29,1900,42675,0587,4,5,7,1942,0,0,0,E,0,5A85,PACIFIC AV,34TH ST,50,S,N,A,-,N,NA,NA,NA,NA,NA,NA,NA,NA,NA,N,4,0,1,2,A,-,08,22103,NA,N,B,C,A,A,H,-,C,D,0,NA,NA,NA,NA,Y,NA,A,01,0,0,1,0,0,0,0,0,0,-,-,NA,NA,LOS ANGELES,LOS ANGELES,-118.28794097900392,33.71321105957031
8611824,2018,2018-04-24,1900,2018-04-02,1823,489533,0455,1,5,6,1949,0,0,0,NA,0,48T1,ALONDRA BL,MAIDSTONE AV,0,NA,Y,A,-,N,NA,NA,NA,NA,NA,NA,NA,NA,NA,N,3,0,1,2,A,-,12,21453,A,N,D,G,A,A,H,-,A,A,0,NA,Y,NA,NA,Y,NA,L,04,0,1,0,0,0,0,1,0,0,-,-,NA,NA,LOS ANGELES,NORWALK,-118.08688354492188,33.88766860961914
8611825,2018,2018-04-25,1900,2018-03-16,1507,606654,0455,5,5,6,1949,0,0,0,NA,0,43K2,EXCELSIOR DR,LEIBACHER AV,15,E,N,B,C,N,NA,NA,NA,NA,NA,NA,NA,NA,NA,Y,4,0,1,3,A,-,03,22350,NA,N,C,B,B,B,H,-,A,D,0,Y,NA,NA,NA,Y,NA,A,01,0,0,1,0,1,0,0,0,0,-,-,NA,NA,LOS ANGELES,NORWALK,-118.10297393798828,33.89513397216797
8611828,2018,2018-05-01,1942,2018-04-03,2000,40426,0532,2,5,7,1942,0,0,0,E,0,5A24,WILMINGTON BL,L ST,0,NA,Y,A,-,N,NA,NA,NA,NA,NA,NA,NA,NA,NA,N,3,0,1,2,A,-,17,24250,NA,N,A,C,A,A,H,-,C,A,0,NA,NA,NA,NA,Y,NA,A,01,0,1,0,0,0,0,0,0,0,-,-,NA,NA,LOS ANGELES,LOS ANGELES,-118.27475738525392,33.78641891479492
8611829,2018,2018-04-25,1900,2018-03-14,1800,606773,0455,3,5,6,1949,0,0,0,NA,0,45T1,ROSECRANS AV,DUMONT ST,540,N,N,A,-,N,NA,NA,NA,NA,NA,NA,NA,NA,NA,Y,4,0,2,3,A,-,09,21804,A,N,A,C,A,A,H,-,B,A,0,NA,NA,NA,NA,Y,NA,A,01,0,0,2,0,0,0,0,0,0,-,-,NA,NA,LOS ANGELES,NORWALK,-118.10228729248048,33.90190124511719
8611832,2018,2018-04-24,1942,2018-04-02,0815,39292,513,1,5,7,1942,0,0,0,NA,0,5A25,NORMANDIE AV,253RD ST,15,N,N,A,-,N,NA,NA,NA,NA,NA,NA,NA,NA,NA,N,3,0,1,2,A,-,05,21650,1,N,A,G,A,A,H,-,A,A,0,NA,Y,NA,NA,Y,NA,L,04,0,1,0,0,0,0,1,0,0,-,-,NA,NA,LOS ANGELES,LOS ANGELES,-118.29749298095705,33.794769287109375
8611836,2018,2018-04-24,1900,2018-04-03,1328,548793,0466,2,5,4,1936,0,0,0,NA,0,46T2,DESMAN RD,KNOTT AV,16,W,N,A,-,N,NA,NA,NA,NA,NA,NA,NA,NA,NA,Y,3,0,2,2,A,-,03,22350,A,N,C,C,A,A,H,-,A,A,0,NA,NA,NA,NA,Y,NA,A,01,0,1,1,0,0,0,0,0,0,-,-,NA,NA,LOS ANGELES,LA MIRADA,-118.0115203857422,33.881587982177734
8611840,2018,2018-04-24,1900,2018-04-01,1649,489533,0454,7,5,6,1949,0,0,0,NA,0,45T1,FIRESTONE BL,PADDISON AV,170,W,N,A,-,N,NA,NA,NA,NA,NA,NA,NA,NA,NA,Y,4,0,1,2,A,-,08,22107,NA,N,D,C,A,A,H,-,A,D,0,NA,NA,NA,NA,Y,NA,A,07,0,0,1,0,0,0,0,0,0,-,-,NA,NA,LOS ANGELES,NORWALK,-118.07927703857422,33.91130065917969
8611852,2018,2018-04-24,1900,2018-01-15,0630,625429,1333,1,5,5,1908,0,0,0,NA,0,133,SOMERSET BL,WOODRUFF PL,0,NA,Y,A,-,N,NA,NA,NA,NA,NA,NA,NA,NA,NA,Y,4,0,2,2,A,-,09,21802,A,N,D,C,A,A,-,-,B,D,0,NA,NA,NA,NA,Y,NA,A,01,0,0,2,0,0,0,0,0,0,-,-,NA,NA,LOS ANGELES,BELLFLOWER,-118.11752319335938,33.89664840698242
8611886,2017,2018-04-25,1942,2017-10-24,0830,37110,NA,2,5,7,1942,0,0,0,NA,0,1239,FIGUEROA,60TH ST,0,NA,Y,A,-,N,NA,NA,NA,NA,NA,NA,NA,NA,NA,Y,4,0,1,2,A,-,09,21801,A,N,D,C,A,A,H,-,A,D,0,NA,NA,NA,NA,Y,NA,A,01,0,0,1,0,0,0,0,0,0,-,-,NA,NA,LOS ANGELES,LOS ANGELES,-118.28270001,33.98508007
8611898,2017,2018-04-25,1942,2017-10-22,1739,37865,1207,7,5,7,1942,0,0,0,L,0,12X52,VERNON AV,WESLEY AV,50,W,N,A,-,N,NA,NA,NA,NA,NA,NA,NA,NA,NA,N,4,0,1,2,A,-,04,21703,NA,N,C,C,A,A,H,-,A,D,0,NA,NA,NA,NA,Y,NA,A,01,0,0,1,0,0,0,0,0,0,-,-,NA,NA,LOS ANGELES,LOS ANGELES,-118.28799464,34.00370862
8611906,2017,2018-04-25,1942,2017-10-21,1915,36031,1267,6,5,7,1942,0,0,0,L,0,12A67,82ND ST,HOOVER ST,21,W,N,A,-,N,NA,NA,NA,NA,NA,NA,NA,NA,NA,N,4,0,1,2,A,-,05,21650,NA,F,B,C,A,A,H,-,C,D,0,NA,NA,NA,NA,Y,NA,-,-,0,0,1,0,0,0,0,0,0,-,-,NA,NA,LOS ANGELES,LOS ANGELES,-118.28717912,33.96427
8611956,2018,2019-01-17,1942,2018-04-05,2010,33909,1777,4,5,7,1942,0,0,0,Q,0,017,HAYVENHURST AV,DEARBORN ST,0,NA,N,A,-,N,NA,NA,NA,NA,NA,NA,NA,NA,NA,N,3,0,1,3,A,-,03,22350,NA,F,B,E,E,A,H,-,C,D,0,Y,NA,NA,NA,Y,NA,-,99,0,1,0,0,1,0,0,0,0,-,-,NA,NA,LOS ANGELES,LOS ANGELES,-118.49378967285156,34.237518310546875
8612025,2018,2018-04-27,1942,2018-04-07,2055,41844,1802,6,5,7,1942,0,0,0,R,0,18A1,FIGUEROA ST,88TH ST,0,NA,Y,A,-,N,NA,NA,NA,NA,NA,NA,NA,NA,NA,N,3,0,1,2,A,-,10,21950,A,N,G,B,B,A,H,-,C,D,0,Y,NA,NA,NA,Y,NA,D,22,0,1,0,0,1,0,0,0,0,-,-,NA,NA,LOS ANGELES,LOS ANGELES,-118.28272247314452,33.95737075805664
8612029,2018,2018-04-27,1942,2018-04-08,0025,43155,1325,7,5,7,1942,0,0,0,M,0,13A75,27TH ST,CENTRAL,300,E,N,A,-,N,NA,NA,NA,NA,NA,NA,NA,NA,NA,Y,4,0,2,4,A,-,03,22350,NA,N,C,C,A,A,H,-,C,A,0,NA,NA,NA,NA,Y,Y,A,01,0,0,2,0,0,0,0,0,0,-,-,NA,NA,LOS ANGELES,LOS ANGELES,-118.25449371337892,34.01736831665039
8612033,2018,2018-04-27,1942,2018-04-09,1615,43015,1362,1,5,7,1942,0,0,0,M,0,13A75,47TH PL,WALL ST,0,NA,Y,A,-,N,NA,NA,NA,NA,NA,NA,NA,NA,NA,N,4,0,2,2,A,-,03,22350,A,N,D,C,A,A,H,-,A,A,0,NA,NA,NA,NA,Y,NA,A,07,0,0,2,0,0,0,0,0,0,-,-,NA,NA,LOS ANGELES,LOS ANGELES,-118.27179718017578,34.00014877319336
8612045,2018,2018-04-27,1942,2018-04-10,1235,41521,0176,2,5,7,1942,0,0,0,A,0,1X32,SAN JULIAN ST,8TH ST,470,N,N,A,-,N,NA,NA,NA,NA,NA,NA,NA,NA,NA,N,4,0,1,2,A,-,11,21954,A,N,G,B,E,A,H,-,A,A,0,Y,NA,NA,NA,Y,NA,N,60,0,0,1,0,1,0,0,0,0,-,-,NA,NA,LOS ANGELES,LOS ANGELES,-118.2485122680664,34.040313720703125
8612049,2018,2018-04-27,1942,2018-04-07,1950,42027,1149,6,5,7,1942,0,0,0,K,0,11A89,MONTE VISTA,NORTH AVENUE 52,100,E,N,A,-,N,NA,NA,NA,NA,NA,NA,NA,NA,NA,Y,3,0,1,3,A,-,03,22350,NA,N,C,E,A,A,H,-,C,A,0,NA,NA,NA,NA,Y,NA,A,01,0,1,0,0,0,0,0,0,0,-,-,NA,NA,LOS ANGELES,LOS ANGELES,-118.2008056640625,34.108638763427734
8612053,2018,2018-05-10,1942,2018-04-05,1410,38137,1377,4,5,7,1942,0,0,0,M,0,13A27,55TH ST,COMPTON AV,3,E,N,A,-,N,NA,NA,NA,NA,NA,NA,NA,NA,NA,N,4,0,1,2,A,-,11,21956,A,N,-,-,-,A,H,-,A,-,0,Y,NA,NA,Y,Y,NA,N,60,0,0,1,0,1,0,0,0,0,-,-,NA,NA,LOS ANGELES,LOS ANGELES,-118.2477569580078,33.99300003051758
8612057,2018,2018-05-08,1942,2018-04-02,0440,42272,1395,1,5,7,1942,0,0,0,M,0,13A93,CENTRAL AV,FLORENCE AV,0,NA,Y,A,-,N,NA,NA,NA,NA,NA,NA,NA,NA,NA,Y,4,0,4,3,A,-,01,23152,A,N,D,C,A,A,H,-,C,A,0,NA,NA,NA,NA,Y,Y,A,08,0,0,4,0,0,0,0,0,0,-,-,NA,NA,LOS ANGELES,LOS ANGELES,-118.25646209716795,33.97475814819336
8612061,2018,2018-04-27,1942,2018-04-04,0905,39299,1383,3,5,7,1942,0,0,0,M,0,13A43,SAN PEDRO ST,SLAUSON AV,435,S,N,B,-,N,NA,NA,NA,NA,NA,NA,NA,NA,NA,Y,3,0,2,2,A,-,08,22103,NA,N,D,C,A,A,H,-,A,D,0,NA,NA,NA,NA,Y,NA,A,07,0,1,1,0,0,0,0,0,0,-,-,NA,NA,LOS ANGELES,LOS ANGELES,-118.26956939697266,33.9881706237793
8612062,2018,2018-04-27,1942,2018-04-09,0810,30842,0171,1,5,7,1942,0,0,0,A,0,24MQ79,JAMES M WOOD,GEORGIA ST,0,NA,Y,A,-,N,NA,NA,NA,NA,NA,NA,NA,NA,NA,Y,3,0,1,3,A,-,12,21453,A,N,D,C,A,A,H,-,A,A,0,NA,NA,Y,NA,Y,NA,D,22,0,1,0,0,0,0,0,0,1,-,-,NA,NA,LOS ANGELES,LOS ANGELES,-118.26571655273438,34.047481536865234
8612066,2018,2018-04-27,1942,2018-04-03,1340,43211,0456,2,5,7,1942,0,0,0,D,0,4A53,FICKETT ST,FAIRMONT,0,NA,Y,A,-,N,NA,NA,NA,NA,NA,NA,NA,NA,NA,N,4,0,1,2,A,-,06,21754,NA,N,D,G,A,A,H,-,A,D,0,NA,Y,NA,NA,Y,NA,L,04,0,0,1,0,0,0,1,0,0,-,-,NA,NA,LOS ANGELES,LOS ANGELES,-118.20250701904295,34.05120849609375
8612074,2018,2018-05-16,1942,2018-04-08,1135,41461,0195,7,5,7,1942,0,0,0,A,0,1A29W2,BROADWAY,PICO BL,0,NA,Y,A,-,N,NA,NA,NA,NA,NA,NA,NA,NA,NA,Y,4,0,1,2,A,-,12,21453,A,N,D,C,A,A,H,-,A,A,0,NA,NA,NA,NA,Y,NA,A,07,0,0,1,0,0,0,0,0,0,-,-,NA,NA,LOS ANGELES,LOS ANGELES,-118.26114654541016,34.037109375
8612123,2018,2018-05-21,1942,2018-03-31,1830,42803,0237,6,5,7,1942,0,0,0,B,0,2A17,BEAUDRY AV,2ND ST,0,NA,N,A,-,N,NA,NA,NA,NA,NA,NA,NA,NA,NA,N,4,0,4,2,A,-,12,21453,A,N,D,C,A,A,H,-,B,A,0,NA,NA,NA,NA,Y,NA,A,01,0,0,4,0,0,0,0,0,0,-,-,NA,NA,LOS ANGELES,LOS ANGELES,-118.25531005859376,34.05794143676758
8612125,2018,2018-04-26,1942,2018-04-03,0800,40932,0275,2,5,7,1942,0,0,0,B,0,2A75,S BURLINGTON AV,W OLYMPIC BL,5,N,N,B,-,N,NA,NA,NA,NA,NA,NA,NA,NA,NA,N,4,0,1,2,A,-,03,22350,NA,M,C,C,A,A,H,-,A,A,0,NA,NA,NA,NA,Y,Y,-,99,0,0,1,0,0,0,0,0,0,-,-,NA,NA,LOS ANGELES,LOS ANGELES,-118.27653503417967,34.05025100708008
8612131,2018,2018-04-26,1942,2018-03-30,1715,34426,0469,5,5,7,1942,0,0,0,D,0,4A59,4TH ST,LORENA ST,0,NA,Y,A,-,N,NA,NA,NA,NA,NA,NA,NA,NA,NA,N,3,0,3,2,A,-,09,21802,A,N,A,C,A,A,H,-,A,A,0,NA,NA,NA,NA,Y,Y,A,01,0,1,2,0,0,0,0,0,0,-,-,NA,NA,LOS ANGELES,LOS ANGELES,-118.19705200195313,34.03403091430664
8612135,2018,2018-04-26,1942,2018-03-31,1822,43244,0249,6,5,7,1942,0,0,0,B,0,2A45,4TH ST,BEAUDRY AV,0,NA,N,A,-,N,NA,NA,NA,NA,NA,NA,NA,NA,NA,Y,4,0,1,2,D,-,00,NA,NA,N,B,C,A,A,H,-,B,A,0,NA,NA,NA,NA,Y,NA,-,-,0,0,1,0,0,0,0,0,0,-,-,NA,NA,LOS ANGELES,LOS ANGELES,-118.25750732421876,34.05559158325195
8612139,2018,2018-04-26,1942,2018-03-21,1730,42202,1183,3,5,7,1942,0,0,0,K,0,11A72W,ECHO PARK AV,LUCRETIA AV,336,S,N,A,-,N,NA,NA,NA,NA,NA,NA,NA,NA,NA,Y,4,0,1,2,A,-,03,22350,NA,N,B,C,A,A,H,-,A,A,0,NA,NA,NA,NA,Y,NA,A,01,0,0,1,0,0,0,0,0,0,-,-,NA,NA,LOS ANGELES,LOS ANGELES,-118.2545166015625,34.08252716064453
8612143,2018,2018-05-07,1942,2018-03-24,1010,40579,0219,6,5,7,1942,0,0,0,B,0,2A91,SUNSET BL,MARION AV,0,NA,Y,A,-,N,NA,NA,NA,NA,NA,NA,NA,NA,NA,N,4,0,1,1,A,-,03,22350,NA,N,H,J,A,A,H,-,A,A,0,NA,NA,Y,NA,Y,NA,C,02,0,0,1,0,0,0,0,0,1,-,-,NA,NA,LOS ANGELES,LOS ANGELES,-118.25021362304688,34.068199157714844
8612163,2018,2018-04-26,1942,2018-04-13,1830,42539,0139,5,5,7,1942,0,0,0,A,0,1X38,4TH ST,4TH PL,28,E,N,A,-,N,NA,NA,NA,NA,NA,NA,NA,NA,NA,N,4,0,2,2,A,-,08,22102,NA,N,D,C,A,A,H,-,A,A,0,NA,NA,NA,NA,Y,NA,A,01,0,0,2,0,0,0,0,0,0,-,-,NA,NA,LOS ANGELES,LOS ANGELES,-118.2456283569336,34.04692840576172
8612164,2018,2018-04-26,1942,2018-04-08,1110,35769,0195,7,5,7,1942,0,0,0,A,0,1A1,17TH ST,LOS ANGELES ST,0,NA,Y,A,-,N,NA,NA,NA,NA,NA,NA,NA,NA,NA,Y,4,0,1,2,A,-,12,21453,A,N,D,C,A,A,H,-,A,A,0,NA,NA,NA,NA,Y,NA,A,01,0,0,1,0,0,0,0,0,0,-,-,NA,NA,LOS ANGELES,LOS ANGELES,-118.26210021972656,34.032310485839844
8612167,2018,2018-04-26,1942,2018-04-11,1140,43109,0143,3,5,7,1942,0,0,0,A,0,1A29,BROADWAY,4TH ST,0,NA,N,A,-,N,NA,NA,NA,NA,NA,NA,NA,NA,NA,N,4,0,1,2,A,-,07,21658,A,N,B,C,A,A,H,-,A,A,0,NA,NA,NA,NA,Y,NA,A,01,0,0,1,0,0,0,0,0,0,-,-,NA,NA,LOS ANGELES,LOS ANGELES,-118.24939,34.04952
8612168,2018,2018-04-26,1942,2018-04-09,1620,43159,0151,1,5,7,1942,0,0,0,A,0,1A41,WILSHIRE ST,FRANCISCO ST,0,NA,Y,A,-,N,NA,NA,NA,NA,NA,NA,NA,NA,NA,N,4,0,1,2,A,-,09,21804,A,N,D,G,A,A,H,-,B,A,0,NA,Y,NA,NA,Y,NA,L,04,0,0,1,0,0,0,1,0,0,-,-,NA,NA,LOS ANGELES,LOS ANGELES,-118.26048278808594,34.05086898803711
8612171,2018,2018-04-26,1942,2018-04-03,0710,43114,1847,2,5,7,1942,0,0,0,R,0,13A27,MORGAN AV,41ST ST,300,N,N,A,-,N,NA,NA,NA,NA,NA,NA,NA,NA,NA,N,4,0,3,2,A,-,08,22103,NA,N,D,C,A,A,H,-,A,D,0,NA,NA,NA,NA,Y,NA,A,01,0,0,3,0,0,0,0,0,0,-,-,NA,NA,LOS ANGELES,LOS ANGELES,-118.2453155517578,34.0091667175293