CASE_ID,ACCIDENT_YEAR,PROC_DATE,JURIS,COLLISION_DATE,COLLISION_TIME,OFFICER_ID,REPORTING_DISTRICT,DAY_OF_WEEK,CHP_SHIFT,POPULATION,CNTY_CITY_LOC,SPECIAL_COND,BEAT_TYPE,CHP_BEAT_TYPE,CITY_DIVISION_LAPD,CHP_BEAT_CLASS,BEAT_NUMBER,PRIMARY_RD,SECONDARY_RD,DISTANCE,DIRECTION,INTERSECTION,WEATHER_1,WEATHER_2,STATE_HWY_IND,CALTRANS_COUNTY,CALTRANS_DISTRICT,STATE_ROUTE,ROUTE_SUFFIX,POSTMILE_PREFIX,POSTMILE,LOCATION_TYPE,RAMP_INTERSECTION,SIDE_OF_HWY,TOW_AWAY,COLLISION_SEVERITY,NUMBER_KILLED,NUMBER_INJURED,PARTY_COUNT,PRIMARY_COLL_FACTOR,PCF_CODE_OF_VIOL,PCF_VIOL_CATEGORY,PCF_VIOLATION,PCF_VIOL_SUBSECTION,HIT_AND_RUN,TYPE_OF_COLLISION,MVIW,PED_ACTION,ROAD_SURFACE,ROAD_COND_1,ROAD_COND_2,LIGHTING,CONTROL_DEVICE,CHP_ROAD_TYPE,PEDESTRIAN_ACCIDENT,BICYCLE_ACCIDENT,MOTORCYCLE_ACCIDENT,TRUCK_ACCIDENT,NOT_PRIVATE_PROPERTY,ALCOHOL_INVOLVED,STWD_VEHTYPE_AT_FAULT,CHP_VEHTYPE_AT_FAULT,COUNT_SEVERE_INJ,COUNT_VISIBLE_INJ,COUNT_COMPLAINT_PAIN,COUNT_PED_KILLED,COUNT_PED_INJURED,COUNT_BICYCLIST_KILLED,COUNT_BICYCLIST_INJURED,COUNT_MC_KILLED,COUNT_MC_INJURED,PRIMARY_RAMP,SECONDARY_RAMP,LATITUDE,LONGITUDE,COUNTY,CITY,POINT_X,POINT_Y
8616083,2018,2018-05-17,1941,2018-04-13,2045,5690,NA,5,5,7,1941,0,0,0,NA,0,NA,ROOSEVELT ST,ELM AV,0,NA,Y,A,-,N,NA,NA,NA,NA,NA,NA,NA,NA,NA,NA,4,0,1,2,A,-,12,22450,NA,N,D,C,A,A,H,-,C,D,0,NA,NA,NA,NA,Y,NA,A,NA,0,0,1,0,0,0,0,0,0,-,-,NA,NA,LOS ANGELES,LONG BEACH,-118.18798065185548,33.82896041870117
8616085,2018,2018-05-17,1942,2018-03-10,1650,40099,0295,6,5,7,1942,0,0,0,B,0,2A92,W VENICE BL,BONNIE BRAE ST,2,E,N,C,-,N,NA,NA,NA,NA,NA,NA,NA,NA,NA,Y,4,0,1,2,A,-,09,21802,A,N,D,C,A,B,H,-,A,A,0,NA,NA,NA,NA,Y,NA,A,01,0,0,1,0,0,0,0,0,0,-,-,NA,NA,LOS ANGELES,LOS ANGELES,-118.28199768066406,34.04283905029297
8616087,2018,2018-05-17,1941,2018-04-16,1901,10996,NA,1,5,7,1941,0,0,0,NA,0,NA,4TH ST,CERRITOS AV,42,W,N,A,-,N,NA,NA,NA,NA,NA,NA,NA,NA,NA,N,4,0,1,2,A,-,22,23123,5,N,C,C,A,A,H,-,A,D,0,NA,NA,NA,NA,Y,NA,A,NA,0,0,1,0,0,0,0,0,0,-,-,NA,NA,LOS ANGELES,LONG BEACH,-118.1781768798828,33.7717399597168
8616088,2018,2018-05-16,1967,2018-04-28,1150,128,NA,6,5,2,1967,0,0,0,NA,0,NORTH,27TH ST,RAYMOND AV,5,E,N,A,-,N,NA,NA,NA,NA,NA,NA,NA,NA,NA,Y,3,0,1,1,A,-,08,22107,NA,N,E,I,A,A,H,-,A,A,0,NA,NA,NA,NA,Y,NA,A,07,0,1,0,0,0,0,0,0,0,-,-,NA,NA,LOS ANGELES,SIGNAL HILL,-118.1643524169922,33.80622100830078
8616089,2018,2018-05-17,1942,2018-03-15,1445,40099,0218,4,5,7,1942,0,0,0,B,0,2A39,W TEMPLE ST,PATTON ST,15,E,N,A,-,N,NA,NA,NA,NA,NA,NA,NA,NA,NA,N,4,0,2,2,A,-,04,21703,NA,N,C,C,A,A,H,-,A,D,0,NA,NA,NA,NA,Y,NA,A,07,0,0,2,0,0,0,0,0,0,-,-,NA,NA,LOS ANGELES,LOS ANGELES,-118.25771331787108,34.06749725341797
8616091,2018,2018-05-17,1941,2018-04-15,1303,10685,NA,7,5,7,1941,0,0,0,NA,0,NA,TRAFFIC CIR,LOS COYOTES DIAGONAL,0,NA,Y,A,-,N,NA,NA,NA,NA,NA,NA,NA,NA,NA,N,3,0,2,2,A,-,07,21658,A,N,B,C,A,A,H,-,A,D,0,NA,NA,Y,NA,Y,NA,A,NA,0,2,0,0,0,0,0,0,2,-,-,NA,NA,LOS ANGELES,LONG BEACH,-118.141954,33.790197
8616093,2018,2018-05-17,1942,2018-03-14,1640,40643,0218,3,5,7,1942,0,0,0,B,0,2A39,ECHO PARK AV,LAGUNA AV,15,S,N,A,-,N,NA,NA,NA,NA,NA,NA,NA,NA,NA,N,3,0,1,2,A,-,10,21950,A,N,G,B,B,A,H,-,A,A,0,Y,NA,NA,NA,Y,NA,A,01,0,1,0,0,1,0,0,0,0,-,-,NA,NA,LOS ANGELES,LOS ANGELES,-118.25972747802734,34.07267761230469
8616095,2018,2018-05-21,1941,2018-04-14,1647,11133,NA,6,5,7,1941,0,0,0,NA,0,NA,PARK AV,4TH ST,0,NA,Y,A,-,N,NA,NA,NA,NA,NA,NA,NA,NA,NA,Y,3,0,1,2,A,-,12,21453,A,N,C,C,A,A,H,-,A,A,0,NA,NA,NA,NA,Y,NA,A,NA,0,1,0,0,0,0,0,0,0,-,-,NA,NA,LOS ANGELES,LONG BEACH,-118.13720703125,33.771690368652344
8616097,2018,2018-05-17,1942,2018-03-13,1635,40289,0249,2,5,7,1942,0,0,0,B,0,2A69,LUCAS AV,W 3RD ST,110,N,N,A,-,N,NA,NA,NA,NA,NA,NA,NA,NA,NA,Y,4,0,1,2,A,-,03,22350,NA,N,C,C,A,B,H,-,A,D,0,NA,NA,NA,NA,Y,NA,A,01,0,0,1,0,0,0,0,0,0,-,-,NA,NA,LOS ANGELES,LOS ANGELES,-118.26145935058594,34.058570861816406
8616099,2018,2018-05-17,1941,2018-04-14,1831,10777,NA,6,5,7,1941,0,0,0,NA,0,NA,3RD ST,SOLANA CT,45,W,N,A,-,N,NA,NA,NA,NA,NA,NA,NA,NA,NA,N,2,0,1,3,A,-,03,22350,NA,N,G,B,E,A,H,-,A,D,0,Y,NA,NA,NA,Y,NA,-,-,1,0,0,0,1,0,0,0,0,-,-,NA,NA,LOS ANGELES,LONG BEACH,-118.19316864013672,33.77048873901367
8616101,2018,2018-05-17,1942,2018-03-14,0640,40164,0271,3,5,7,1942,0,0,0,B,0,24TL41,CARONDELET ST,JAMES M WOOD BL,0,NA,Y,B,-,N,NA,NA,NA,NA,NA,NA,NA,NA,NA,Y,4,0,1,2,A,-,09,21802,A,N,D,C,A,A,H,-,A,A,0,NA,NA,NA,NA,Y,NA,A,01,0,0,1,0,0,0,0,0,0,-,-,NA,NA,LOS ANGELES,LOS ANGELES,-118.28304,34.05531
8616103,2018,2018-05-21,1941,2018-04-14,0802,11091,NA,6,5,7,1941,0,0,0,NA,0,NA,ATLANTIC AV,HARDING ST,0,NA,Y,A,-,N,NA,NA,NA,NA,NA,NA,NA,NA,NA,Y,3,0,1,2,D,-,00,NA,NA,N,A,C,A,A,H,-,A,B,0,NA,NA,NA,NA,Y,NA,-,-,0,1,0,0,0,0,0,0,0,-,-,NA,NA,LOS ANGELES,LONG BEACH,-118.18551635742188,33.867279052734375
8616104,2018,2018-05-16,1967,2018-04-26,1453,128,NA,4,5,2,1967,0,0,0,NA,0,SOUTH,21ST,DAWSON AV,110,W,N,A,-,N,NA,NA,NA,NA,NA,NA,NA,NA,NA,Y,4,0,2,2,A,-,09,21804,B,N,D,C,A,A,H,-,A,D,0,NA,NA,NA,NA,Y,NA,A,01,0,0,2,0,0,0,0,0,0,-,-,NA,NA,LOS ANGELES,SIGNAL HILL,-118.16587829589844,33.7952995300293
8616105,2018,2018-05-17,1942,2018-03-01,0835,39395,0203,4,5,7,1942,0,0,0,B,0,2A1,MELROSE AV,N VIRGIL AV,0,NA,Y,A,-,N,NA,NA,NA,NA,NA,NA,NA,NA,NA,N,4,0,2,3,A,-,12,21453,A,N,D,C,A,A,H,-,A,A,0,NA,NA,NA,NA,Y,NA,A,01,0,0,2,0,0,0,0,0,0,-,-,NA,NA,LOS ANGELES,LOS ANGELES,-118.28682708740234,34.08359146118164
8616107,2018,2018-05-17,1941,2018-04-13,1135,5129,NA,5,5,7,1941,0,0,0,NA,0,NA,LAKEWOOD BL,STEARNS ST,200,S,N,A,-,N,NA,NA,NA,NA,NA,NA,NA,NA,NA,Y,4,0,1,2,A,-,17,21652,NA,N,H,C,A,A,H,-,A,A,0,NA,NA,Y,NA,Y,NA,C,NA,0,0,1,0,0,0,0,0,1,-,-,NA,NA,LOS ANGELES,LONG BEACH,-118.1435089111328,33.79608154296875
8616109,2018,2018-05-17,1942,2018-03-04,1155,34332,0235,7,5,7,1942,0,0,0,B,0,2A17,ALVARADO ST,COURT ST,0,NA,Y,A,-,N,NA,NA,NA,NA,NA,NA,NA,NA,NA,Y,3,0,2,2,A,-,01,23152,A,N,D,C,A,A,H,-,A,A,0,NA,NA,NA,NA,Y,Y,A,01,0,2,0,0,0,0,0,0,0,-,-,NA,NA,LOS ANGELES,LOS ANGELES,-118.26869201660156,34.069271087646484
8616111,2018,2018-05-17,1941,2018-04-11,1820,6067,NA,3,5,7,1941,0,0,0,NA,0,NA,LAKEWOOD BL,S CARSON ST,40,S,N,A,-,N,NA,NA,NA,NA,NA,NA,NA,NA,NA,Y,4,0,1,2,B,-,22,NA,NA,N,C,C,A,A,H,-,A,A,0,NA,NA,NA,NA,Y,NA,D,NA,0,0,1,0,0,0,0,0,0,-,-,NA,NA,LOS ANGELES,LONG BEACH,-118.14263916015624,33.83230209350586
8616113,2018,2018-05-17,1942,2018-03-06,0920,37398,0219,2,5,7,1942,0,0,0,B,0,2A39,PICO BL,BURLINGTON AV,70,E,N,A,-,N,NA,NA,NA,NA,NA,NA,NA,NA,NA,N,4,0,1,2,A,-,08,22107,NA,N,B,D,A,A,H,-,A,D,0,NA,NA,NA,NA,Y,NA,A,08,0,0,1,0,0,0,0,0,0,-,-,NA,NA,LOS ANGELES,LOS ANGELES,-118.27873992919922,34.04545974731445
8616115,2018,2018-05-17,1941,2018-04-28,1128,10916,NA,6,5,7,1941,0,0,0,NA,0,NA,ATLANTIC AV,BROADWAY,0,NA,Y,A,-,N,NA,NA,NA,NA,NA,NA,NA,NA,NA,Y,3,0,1,2,A,-,12,21453,A,N,D,C,A,A,H,-,A,A,0,NA,NA,NA,NA,Y,NA,A,NA,0,1,0,0,0,0,0,0,0,-,-,NA,NA,LOS ANGELES,LONG BEACH,-118.18504333496094,33.7692985534668
8616117,2018,2018-05-17,1942,2018-03-02,1450,34426,0257,5,5,7,1942,0,0,0,B,0,2A69,WILSHIRE BL,LUCAS AV,280,W,N,C,-,N,NA,NA,NA,NA,NA,NA,NA,NA,NA,N,4,0,2,3,A,-,09,21804,A,N,D,C,A,B,H,-,A,D,0,NA,NA,NA,NA,Y,NA,A,01,0,0,2,0,0,0,0,0,0,-,-,NA,NA,LOS ANGELES,LOS ANGELES,-118.26570129394533,34.053375244140625
8616121,2018,2018-05-17,1942,2018-03-10,1140,32973,0279,6,5,7,1942,0,0,0,B,0,2A92,W OLYMPIC BL,BLAINE ST,40,W,N,B,C,N,NA,NA,NA,NA,NA,NA,NA,NA,NA,N,4,0,1,2,A,-,07,21658,A,N,B,C,A,B,H,-,A,D,0,NA,NA,NA,NA,Y,NA,A,01,0,0,1,0,0,0,0,0,0,-,-,NA,NA,LOS ANGELES,LOS ANGELES,-118.27017211914064,34.0473747253418
8616125,2018,2018-05-17,1942,2018-03-12,2035,36814,0231,1,5,7,1942,0,0,0,B,0,2A12,BEVERLY BL,N RENO ST,0,NA,Y,B,-,N,NA,NA,NA,NA,NA,NA,NA,NA,NA,N,4,0,2,2,A,-,03,22350,NA,N,C,C,A,A,H,-,C,A,0,NA,NA,NA,NA,Y,NA,A,01,0,0,2,0,0,0,0,0,0,-,-,NA,NA,LOS ANGELES,LOS ANGELES,-118.28128814697266,34.07141876220703
8616129,2018,2018-05-17,1942,2018-03-12,1005,34332,0271,1,5,7,1942,0,0,0,B,0,2A75,OLYMPIC BL,PARK VIEW ST,0,NA,Y,A,-,N,NA,NA,NA,NA,NA,NA,NA,NA,NA,Y,3,0,2,2,A,-,09,21801,A,N,D,C,A,A,H,-,A,A,0,NA,NA,NA,NA,Y,NA,A,07,0,1,1,0,0,0,0,0,0,-,-,NA,NA,LOS ANGELES,LOS ANGELES,-118.28357696533205,34.0523796081543
8616133,2018,2018-05-17,1942,2018-03-08,1440,40643,0247,4,5,7,1942,0,0,0,B,0,2A47,3RD ST,UNION PL,80,W,N,A,-,N,NA,NA,NA,NA,NA,NA,NA,NA,NA,N,3,0,1,2,A,-,09,21804,A,N,H,G,A,A,H,-,A,A,0,NA,Y,NA,NA,Y,NA,A,07,0,1,0,0,0,0,1,0,0,-,-,NA,NA,LOS ANGELES,LOS ANGELES,-118.26746368408205,34.060699462890625
8616137,2018,2018-05-17,1942,2018-03-12,0945,31324,0246,1,5,7,1942,0,0,0,B,0,2A56,S ALVARADO ST,W MARYLAND ST,0,NA,Y,A,-,N,NA,NA,NA,NA,NA,NA,NA,NA,NA,Y,4,0,1,2,A,-,08,22107,NA,N,D,C,A,A,H,-,A,A,0,NA,NA,NA,NA,Y,NA,A,01,0,0,1,0,0,0,0,0,0,-,-,NA,NA,LOS ANGELES,LOS ANGELES,-118.27374267578124,34.06129837036133
8616141,2018,2018-05-17,1942,2018-03-10,1150,39072,0292,6,5,7,1942,0,0,0,B,0,2A91,WASHINGTON BL,UNION AV,0,NA,Y,C,-,N,NA,NA,NA,NA,NA,NA,NA,NA,NA,N,4,0,1,2,A,-,05,21650,1,N,A,G,A,B,H,-,C,A,0,NA,Y,NA,NA,Y,NA,L,04,0,0,1,0,0,0,1,0,0,-,-,NA,NA,LOS ANGELES,LOS ANGELES,-118.28115844726564,34.038509368896484
8616145,2018,2018-05-17,1942,2018-03-08,1555,40099,0218,4,5,7,1942,0,0,0,B,0,2A39,ECHO PARK AV,BELLEVUE AV,25,N,N,A,-,N,NA,NA,NA,NA,NA,NA,NA,NA,NA,Y,4,0,2,2,A,-,08,22103,NA,N,D,C,A,A,H,-,A,D,0,NA,NA,NA,NA,Y,NA,A,01,0,0,2,0,0,0,0,0,0,-,-,NA,NA,LOS ANGELES,LOS ANGELES,-118.25957489013672,34.06989669799805
8616149,2018,2018-05-17,1942,2018-03-07,0825,38357,0295,3,5,7,1942,0,0,0,B,0,2A91,14TH ST,UNION AV,10,E,N,A,-,N,NA,NA,NA,NA,NA,NA,NA,NA,NA,N,4,0,1,2,A,-,10,21950,A,N,G,B,B,A,H,-,A,D,0,Y,NA,NA,NA,Y,NA,A,01,0,0,1,0,1,0,0,0,0,-,-,NA,NA,LOS ANGELES,LOS ANGELES,-118.27790832519533,34.04301452636719
8616150,2018,2018-05-16,1941,2018-04-14,2217,10952,NA,6,5,7,1941,0,0,0,NA,0,NA,OCEANA CT,ORIZABA AV,0,NA,Y,A,-,N,NA,NA,NA,NA,NA,NA,NA,NA,NA,N,3,0,1,2,A,-,11,21955,NA,M,G,B,D,A,H,-,C,A,0,Y,NA,NA,NA,Y,NA,N,NA,0,1,0,0,1,0,0,0,0,-,-,NA,NA,LOS ANGELES,LONG BEACH,-118.15792846679688,33.762088775634766
8616152,2018,2018-05-17,1941,2018-04-15,1250,11116,NA,7,5,7,1941,0,0,0,NA,0,NA,ANAHEIM ST,ROSE AV,0,NA,Y,A,-,N,NA,NA,NA,NA,NA,NA,NA,NA,NA,Y,4,0,1,2,A,-,09,21804,A,N,D,C,A,A,H,-,A,D,0,NA,NA,NA,NA,Y,NA,A,NA,0,0,1,0,0,0,0,0,0,-,-,NA,NA,LOS ANGELES,LONG BEACH,-118.16986083984376,33.78261184692383
8616153,2018,2018-05-17,1942,2018-03-07,2145,39062,0217,3,5,7,1942,0,0,0,B,0,2A17,GLENDALE BL,MONTROSE ST,0,NA,Y,A,-,N,NA,NA,NA,NA,NA,NA,NA,NA,NA,N,3,0,1,2,A,-,11,21954,A,N,G,B,D,A,H,-,C,D,0,Y,NA,NA,NA,Y,NA,N,60,0,1,0,0,1,0,0,0,0,-,-,NA,NA,LOS ANGELES,LOS ANGELES,-118.26162719726564,34.0753288269043
8616157,2018,2018-05-17,1942,2018-03-07,0915,38233,0216,3,5,7,1942,0,0,0,B,0,2A17,TEMPLE ST,ALVARADO ST,0,NA,Y,A,-,N,NA,NA,NA,NA,NA,NA,NA,NA,NA,Y,4,0,1,4,A,-,04,21703,NA,N,C,C,A,A,H,-,A,A,0,NA,NA,NA,NA,Y,NA,A,01,0,0,1,0,0,0,0,0,0,-,-,NA,NA,LOS ANGELES,LOS ANGELES,-118.26805114746094,34.07027053833008
8616241,2018,2018-06-06,1947,2018-04-09,1808,1414,NA,1,5,5,1947,0,0,0,NA,0,00C,W AVENIDA DE LA MERCED,MAREK DR,373,E,N,A,-,N,NA,NA,NA,NA,NA,NA,NA,NA,NA,Y,4,0,1,2,A,-,08,22107,NA,N,B,E,A,-,H,-,A,D,0,NA,NA,Y,NA,Y,NA,D,22,0,0,1,0,0,0,0,0,0,-,-,34.02275848388672,-118.10002136230467,LOS ANGELES,MONTEBELLO,-118.10124206542967,34.0226936340332
8616247,2018,2018-05-29,1942,2018-03-26,1000,32996,1341,1,5,7,1942,0,0,0,M,0,13A41,JEFFERSON BL,HILL ST,0,NA,Y,A,-,N,NA,NA,NA,NA,NA,NA,NA,NA,NA,Y,4,0,3,2,A,-,12,21453,A,N,D,C,A,A,H,-,A,A,0,NA,NA,NA,NA,Y,NA,A,01,0,0,3,0,0,0,0,0,0,-,-,NA,NA,LOS ANGELES,LOS ANGELES,-118.27490997314452,34.01966857910156
8616255,2018,2018-05-18,1942,2018-03-23,1035,34458,1189,5,5,7,1942,0,0,0,K,0,11A89,SAN FERNANDO RD,FIGUEROA ST,0,NA,Y,A,-,N,NA,NA,NA,NA,NA,NA,NA,NA,NA,N,4,0,1,2,A,-,03,22350,NA,N,C,C,A,A,H,-,A,A,0,NA,NA,NA,NA,Y,NA,D,22,0,0,1,0,0,0,0,0,0,-,-,NA,NA,LOS ANGELES,LOS ANGELES,-118.22579193115234,34.081539154052734
8616259,2018,2018-05-18,1942,2018-03-19,0740,38233,1322,1,5,7,1942,0,0,0,M,0,13A13,ADAMS BL,TRINITY ST,0,NA,Y,A,-,N,NA,NA,NA,NA,NA,NA,NA,NA,NA,Y,4,0,2,2,A,-,09,21802,B,N,D,C,A,A,H,-,A,A,0,NA,NA,NA,NA,Y,NA,A,01,0,0,2,0,0,0,0,0,0,-,-,NA,NA,LOS ANGELES,LOS ANGELES,-118.26326751708984,34.02244186401367
8616263,2018,2018-05-23,1942,2018-03-23,0658,38357,1313,5,5,7,1942,0,0,0,M,0,13A13,SAN PEDRO ST,16TH ST,0,NA,Y,A,-,N,NA,NA,NA,NA,NA,NA,NA,NA,NA,Y,4,0,2,2,A,-,12,21453,A,N,D,C,A,B,H,-,A,D,0,NA,NA,NA,NA,Y,NA,-,-,0,0,2,0,0,0,0,0,0,-,-,NA,NA,LOS ANGELES,LOS ANGELES,-118.25595092773438,34.029869079589844
8616269,2018,2018-05-22,1947,2018-04-16,1455,1403,NA,1,5,5,1947,0,0,0,NA,0,00D,WEST WASHINGTON BL,S 4TH ST,0,NA,Y,A,-,N,NA,NA,NA,NA,NA,NA,NA,NA,NA,Y,4,0,2,2,A,-,09,21801,A,N,D,C,A,A,H,-,A,D,0,NA,NA,NA,NA,Y,NA,A,08,0,0,2,0,0,0,0,0,0,-,-,33.9923210144043,-118.11254119873048,LOS ANGELES,MONTEBELLO,-118.11273956298828,33.992431640625
8616275,2018,2018-05-18,1942,2018-03-16,1410,37952,1309,5,5,7,1942,0,0,0,M,0,13A9,S SANTA FE AV,E 8TH ST,0,NA,Y,B,-,N,NA,NA,NA,NA,NA,NA,NA,NA,NA,Y,3,0,2,2,A,-,09,21801,A,N,D,C,A,A,H,-,A,A,0,NA,NA,NA,NA,Y,NA,A,01,0,1,1,0,0,0,0,0,0,-,-,NA,NA,LOS ANGELES,LOS ANGELES,-118.2299575805664,34.02962112426758
8616277,2018,2018-05-22,1947,2018-04-25,1126,1402,NA,3,5,5,1947,0,0,0,NA,0,00A,WEST BEVERLY BL,GARFIELD AV,0,NA,Y,A,-,N,NA,NA,NA,NA,NA,NA,NA,NA,NA,Y,4,0,1,2,A,-,09,21801,A,N,A,C,A,A,A,H,A,A,0,NA,NA,NA,NA,Y,NA,D,22,0,0,1,0,0,0,0,0,0,-,-,34.02246856689453,-118.13400268554688,LOS ANGELES,MONTEBELLO,-118.134033203125,34.02239990234375
8616281,2018,2018-05-22,1947,2018-04-27,1243,1419,NA,5,5,5,1947,0,0,0,NA,0,00B,W LINCOLN AV,N 18TH ST,0,NA,Y,A,-,N,NA,NA,NA,NA,NA,NA,NA,NA,NA,NA,4,0,1,2,A,-,12,22450,A,N,D,C,A,A,H,-,A,A,0,NA,NA,NA,NA,Y,NA,A,01,0,0,1,0,0,0,0,0,0,-,-,34.2335090637207,-118.11810302734376,LOS ANGELES,MONTEBELLO,-118.11708068847656,34.02328109741211
8616285,2018,2018-05-22,1947,2018-04-16,0709,1319,NA,1,5,5,1947,0,0,0,NA,0,00E,W WASHINGTON,VAIL AV,525,E,N,A,-,N,NA,NA,NA,NA,NA,NA,NA,NA,NA,Y,4,0,1,2,A,-,03,22350,NA,N,C,C,A,A,H,-,A,D,0,NA,NA,NA,NA,Y,NA,D,22,0,0,1,0,0,0,0,0,0,-,-,33.9971809387207,-118.12442779541016,LOS ANGELES,MONTEBELLO,-118.12528228759766,33.997554779052734
8616289,2018,2018-06-04,1947,2018-04-17,1346,EDWARDS,NA,2,5,5,1947,0,0,0,NA,0,00F,W ARRYO DR,N ASTRA DR,0,NA,Y,A,-,N,NA,NA,NA,NA,NA,NA,NA,NA,NA,N,4,0,1,2,B,-,22,NA,NA,N,H,C,A,A,H,-,A,D,0,NA,NA,NA,Y,Y,NA,F,76,0,0,1,0,0,0,0,0,0,-,-,NA,NA,LOS ANGELES,MONTEBELLO,-118.09520721435548,34.04343032836914
8616291,2018,2018-05-21,1942,2018-04-25,1250,43108,1139,3,5,7,1942,0,0,0,K,0,11A25,ARROYO GLEN,FIGUEROA,0,NA,Y,A,-,N,NA,NA,NA,NA,NA,NA,NA,NA,NA,N,3,0,1,2,A,-,10,21950,A,N,A,A,B,A,H,-,A,D,0,Y,NA,NA,NA,Y,NA,D,22,0,1,0,0,0,0,0,0,0,-,-,NA,NA,LOS ANGELES,LOS ANGELES,-118.18620300292967,34.1136589050293
8616295,2018,2018-05-21,1942,2018-04-29,0100,42008,1116,7,5,7,1942,0,0,0,K,0,11A71,EL PASO DR,AVENUE 50,0,NA,Y,A,-,N,NA,NA,NA,NA,NA,NA,NA,NA,NA,N,4,0,1,2,A,-,10,21950,A,N,G,B,B,A,H,-,C,A,0,Y,NA,NA,NA,Y,NA,D,22,0,0,1,0,1,0,0,0,0,-,-,NA,NA,LOS ANGELES,LOS ANGELES,-118.2079620361328,34.11309051513672
8616309,2018,2018-05-25,1901,2018-03-29,1611,180,16,4,5,5,1901,0,0,0,NA,0,004,VALLEY BL,GRAND VIEW DR,147,W,N,A,-,N,NA,NA,NA,NA,NA,NA,NA,NA,NA,Y,4,0,2,4,A,-,06,21755,NA,N,C,C,A,A,H,-,A,A,0,NA,NA,NA,NA,Y,NA,A,08,0,0,2,0,0,0,0,0,0,-,-,NA,NA,LOS ANGELES,ALHAMBRA,-118.15542602539064,34.07664489746094
8616313,2018,2018-05-25,1901,2018-03-31,1158,654,23,6,5,5,1901,0,0,0,NA,0,003,HUNTINGTON DR,GRAND AV,0,NA,Y,A,-,N,NA,NA,NA,NA,NA,NA,NA,NA,NA,N,4,0,2,2,A,-,03,22350,NA,N,C,C,A,A,H,-,A,A,0,NA,NA,NA,NA,Y,NA,D,22,0,0,2,0,0,0,0,0,0,-,-,NA,NA,LOS ANGELES,ALHAMBRA,-118.15605926513672,34.096500396728516
8616317,2018,2018-05-22,1901,2018-04-04,1213,180,28,3,5,5,1901,0,0,0,NA,0,003,MAIN ST,MARENGO AV,122,E,N,A,-,N,NA,NA,NA,NA,NA,NA,NA,NA,NA,Y,4,0,1,4,A,-,08,22107,NA,N,C,E,A,A,H,-,A,A,0,NA,NA,NA,NA,Y,NA,A,01,0,0,1,0,0,0,0,0,0,-,-,NA,NA,LOS ANGELES,ALHAMBRA,-118.14161682128906,34.09151840209961
8616322,2018,2018-05-18,1942,2018-03-28,1905,40325,1107,3,5,7,1942,0,0,0,K,0,11A25,WIOTA ST,HEPNER AV,0,NA,Y,A,-,N,NA,NA,NA,NA,NA,NA,NA,NA,NA,N,3,0,1,2,A,-,03,22350,NA,N,D,E,A,A,H,-,D,A,0,NA,NA,Y,NA,Y,NA,C,02,0,1,0,0,0,0,0,0,1,-,-,NA,NA,LOS ANGELES,LOS ANGELES,-118.1933135986328,34.13228988647461
8616323,2018,2018-05-17,1942,2018-03-23,1025,38357,0245,5,5,7,1942,0,0,0,B,0,2A45,PARK VIEW ST,N 7TH ST,261,S,N,A,-,N,NA,NA,NA,NA,NA,NA,NA,NA,NA,N,4,0,1,2,A,-,11,21956,A,N,G,B,E,A,H,-,A,D,0,Y,NA,NA,NA,Y,NA,N,60,0,0,1,0,1,0,0,0,0,-,-,NA,NA,LOS ANGELES,LOS ANGELES,-118.280517578125,34.05812072753906
8616324,2018,2018-05-21,1942,2018-04-01,1950,39586,0251,7,5,7,1942,0,0,0,B,0,2A45,6TH ST,BENTON WY,10,E,N,A,-,N,NA,NA,NA,NA,NA,NA,NA,NA,NA,N,3,0,1,2,A,-,10,21950,A,N,G,B,B,A,H,-,C,A,0,Y,NA,NA,NA,Y,NA,A,01,0,1,0,0,1,0,0,0,0,-,-,NA,NA,LOS ANGELES,LOS ANGELES,-118.28211975097656,34.062767028808594
8616326,2018,2018-05-18,1942,2018-03-22,0335,25115,1177,4,5,7,1942,0,0,0,K,0,11A89,W AV 28,IDELL ST,0,NA,Y,C,-,N,NA,NA,NA,NA,NA,NA,NA,NA,NA,Y,4,0,1,1,A,-,03,22350,NA,N,E,J,A,B,H,-,C,D,0,NA,NA,NA,NA,Y,NA,A,01,0,0,1,0,0,0,0,0,0,-,-,NA,NA,LOS ANGELES,LOS ANGELES,-118.22361755371094,34.086971282958984
8616327,2018,2018-05-17,1942,2018-03-22,2220,40730,0266,4,5,7,1942,0,0,0,B,0,2A75,BURLINGTON AV,8TH ST,0,NA,Y,C,-,N,NA,NA,NA,NA,NA,NA,NA,NA,NA,N,3,0,1,2,A,-,10,21950,A,N,G,B,B,B,H,-,C,A,0,Y,NA,NA,NA,Y,Y,A,07,0,1,0,0,1,0,0,0,0,-,-,NA,NA,LOS ANGELES,LOS ANGELES,-118.27451324462892,34.05337905883789
8616328,2018,2018-05-21,1942,2018-04-02,2047,31476,0221,1,5,7,1942,0,0,0,B,0,2A1,BEVERLY BL,EDGEMONT AV,35,E,N,A,-,N,NA,NA,NA,NA,NA,NA,NA,NA,NA,N,4,0,4,3,A,-,07,21658,A,N,B,C,A,A,H,-,C,A,0,NA,NA,NA,NA,Y,Y,A,01,0,0,4,0,0,0,0,0,0,-,-,NA,NA,LOS ANGELES,LOS ANGELES,-118.29739379882813,34.07630157470703