CASE_ID,ACCIDENT_YEAR,PROC_DATE,JURIS,COLLISION_DATE,COLLISION_TIME,OFFICER_ID,REPORTING_DISTRICT,DAY_OF_WEEK,CHP_SHIFT,POPULATION,CNTY_CITY_LOC,SPECIAL_COND,BEAT_TYPE,CHP_BEAT_TYPE,CITY_DIVISION_LAPD,CHP_BEAT_CLASS,BEAT_NUMBER,PRIMARY_RD,SECONDARY_RD,DISTANCE,DIRECTION,INTERSECTION,WEATHER_1,WEATHER_2,STATE_HWY_IND,CALTRANS_COUNTY,CALTRANS_DISTRICT,STATE_ROUTE,ROUTE_SUFFIX,POSTMILE_PREFIX,POSTMILE,LOCATION_TYPE,RAMP_INTERSECTION,SIDE_OF_HWY,TOW_AWAY,COLLISION_SEVERITY,NUMBER_KILLED,NUMBER_INJURED,PARTY_COUNT,PRIMARY_COLL_FACTOR,PCF_CODE_OF_VIOL,PCF_VIOL_CATEGORY,PCF_VIOLATION,PCF_VIOL_SUBSECTION,HIT_AND_RUN,TYPE_OF_COLLISION,MVIW,PED_ACTION,ROAD_SURFACE,ROAD_COND_1,ROAD_COND_2,LIGHTING,CONTROL_DEVICE,CHP_ROAD_TYPE,PEDESTRIAN_ACCIDENT,BICYCLE_ACCIDENT,MOTORCYCLE_ACCIDENT,TRUCK_ACCIDENT,NOT_PRIVATE_PROPERTY,ALCOHOL_INVOLVED,STWD_VEHTYPE_AT_FAULT,CHP_VEHTYPE_AT_FAULT,COUNT_SEVERE_INJ,COUNT_VISIBLE_INJ,COUNT_COMPLAINT_PAIN,COUNT_PED_KILLED,COUNT_PED_INJURED,COUNT_BICYCLIST_KILLED,COUNT_BICYCLIST_INJURED,COUNT_MC_KILLED,COUNT_MC_INJURED,PRIMARY_RAMP,SECONDARY_RAMP,LATITUDE,LONGITUDE,COUNTY,CITY,POINT_X,POINT_Y
8617961,2018,2018-05-24,1902,2018-05-06,1812,640,23,7,5,5,1902,0,0,0,NA,0,002,6TH AV,CAMINO GROVE AV,378,S,N,A,-,N,NA,NA,NA,NA,NA,NA,NA,NA,NA,N,3,0,1,2,A,-,11,21950,B,N,G,B,D,A,H,-,A,D,0,Y,NA,NA,NA,Y,NA,N,60,0,1,0,0,1,0,0,0,0,-,-,NA,NA,LOS ANGELES,ARCADIA,-118.01869964599608,34.124454498291016
8617965,2018,2018-05-24,1900,2018-05-09,1420,519502,0560,3,5,3,1968,0,0,0,NA,0,55T1,CHICO AV,RUSH ST,1130,N,N,A,-,N,NA,NA,NA,NA,NA,NA,NA,NA,NA,Y,4,0,2,2,A,-,09,21804,A,N,D,C,A,A,H,-,A,D,0,NA,NA,NA,NA,Y,NA,A,01,0,0,2,0,0,0,0,0,0,-,-,34.055030822753906,-118.05995941162108,LOS ANGELES,SOUTH EL MONTE,-118.05998992919922,34.054927825927734
8617969,2018,2018-05-24,1900,2018-05-05,2155,524507,0531,6,5,5,1959,0,0,0,NA,0,53T1,MARSHALL ST,ROSEMEAD BL,416,E,N,A,-,N,NA,NA,NA,NA,NA,NA,NA,NA,NA,Y,4,0,1,2,A,-,09,21804,A,N,D,C,A,A,H,-,C,D,0,NA,NA,NA,NA,Y,NA,A,08,0,0,1,0,0,0,0,0,0,-,-,34.0755615234375,-118.07151794433594,LOS ANGELES,ROSEMEAD,-118.07177734375,34.07563018798828
8617973,2018,2018-05-24,1900,2018-05-02,1340,526292,0560,3,5,3,1968,0,0,0,NA,0,55T1,GARVEY AV,BRUIN AV,13,E,N,A,-,N,NA,NA,NA,NA,NA,NA,NA,NA,NA,N,3,0,1,2,A,-,05,21650,1,N,A,G,A,A,H,-,A,A,0,NA,Y,NA,NA,Y,NA,L,04,0,1,0,0,0,0,1,0,0,-,-,34.062599182128906,-118.06437683105467,LOS ANGELES,SOUTH EL MONTE,-118.06434631347656,34.06272888183594
8617977,2018,2018-05-24,1900,2018-05-08,1552,546256,0530,2,5,5,1959,0,0,0,NA,0,53T1,VALLEY BL,MUSCATEL AV,0,NA,Y,A,-,N,NA,NA,NA,NA,NA,NA,NA,NA,NA,N,3,0,1,2,A,-,17,21451,A,N,G,B,B,A,H,-,A,A,0,Y,NA,NA,NA,Y,NA,A,01,0,1,0,0,1,0,0,0,0,-,-,34.080650329589844,-118.07755279541016,LOS ANGELES,ROSEMEAD,-118.07762145996094,34.08068084716797
8617981,2018,2018-05-24,1900,2018-05-03,1535,546256,0532,4,5,5,1959,0,0,0,NA,0,53T1,HELLMAN AV,ISABEL AV,139,E,N,A,-,N,NA,NA,NA,NA,NA,NA,NA,NA,NA,Y,3,0,2,2,A,-,09,21804,A,N,D,C,A,A,H,-,A,D,0,NA,NA,NA,NA,Y,NA,A,01,0,1,1,0,0,0,0,0,0,-,-,34.069908142089844,-118.10191345214844,LOS ANGELES,ROSEMEAD,-118.1019287109375,34.06985855102539
8617985,2018,2018-05-24,1900,2018-05-04,2040,600799,0535,5,5,5,1959,0,0,0,NA,0,53H,WALNUT GROVE AV,VILLAGE LN,32,S,N,A,-,N,NA,NA,NA,NA,NA,NA,NA,NA,NA,N,3,0,1,2,A,-,08,22102,NA,M,C,C,A,A,H,-,C,D,0,NA,NA,NA,NA,Y,NA,A,01,0,1,0,0,0,0,0,0,0,-,-,34.04216003417969,-118.08181762695313,LOS ANGELES,ROSEMEAD,-118.0818328857422,34.042152404785156
8617989,2018,2018-05-24,1900,2018-05-07,2328,519541,0524,1,5,4,1971,0,0,0,NA,0,55T1,EL MONTE AV,FREER ST,0,NA,Y,A,-,N,NA,NA,NA,NA,NA,NA,NA,NA,NA,Y,3,0,1,2,A,-,01,23152,A,N,C,C,A,A,H,-,C,A,0,NA,NA,NA,NA,Y,Y,A,01,0,1,0,0,0,0,0,0,0,-,-,NA,NA,LOS ANGELES,TEMPLE CITY,-118.03678131103516,34.09939193725586
8617993,2018,2018-05-24,1900,2018-05-02,0730,526282,0560,3,5,3,1968,0,0,0,NA,0,55T1,EDWARDS AV,SCHMIDT RD,235,N,N,A,-,N,NA,NA,NA,NA,NA,NA,NA,NA,NA,Y,4,0,1,2,A,-,09,21804,A,N,D,C,A,A,H,-,A,D,0,NA,NA,NA,NA,Y,NA,A,01,0,0,1,0,0,0,0,0,0,-,-,34.05746841430664,-118.04914855957033,LOS ANGELES,SOUTH EL MONTE,-118.04910278320313,34.056915283203125
8617997,2018,2018-05-24,1900,2018-05-11,1214,529472,0532,5,5,5,1959,0,0,0,NA,0,53T1,FALLING LEAF AV,FERN AV,640,S,N,B,-,N,NA,NA,NA,NA,NA,NA,NA,NA,NA,N,4,0,1,2,A,-,21,22106,NA,N,G,B,E,A,H,-,A,D,0,Y,NA,NA,NA,Y,NA,A,01,0,0,1,0,1,0,0,0,0,-,-,34.05718994140625,-118.09346771240234,LOS ANGELES,ROSEMEAD,-118.09351348876952,34.057273864746094
8618004,2018,2018-05-23,1900,2018-05-09,1830,526901,0560,3,5,3,1968,0,0,0,NA,0,53T1,ROSEMEAD BL,GARVEY AV,0,NA,Y,A,-,N,NA,NA,164,NA,NA,NA,NA,NA,NA,N,3,0,1,2,A,-,12,21453,A,N,D,G,A,A,H,-,A,A,0,NA,Y,NA,NA,Y,NA,L,04,0,1,0,0,0,0,1,0,0,-,-,34.06275939941406,-118.0653076171875,LOS ANGELES,SOUTH EL MONTE,-118.06533050537108,34.062747955322266
8618010,2018,2018-05-30,1955,2018-05-02,1833,41149,048,3,5,6,1955,0,0,0,NA,0,001,WISCONSIN ST,CHESTER PL,138,S,N,A,-,N,NA,NA,NA,NA,NA,NA,NA,NA,NA,Y,3,0,1,5,A,-,01,23152,A,N,B,E,A,A,H,-,A,D,0,NA,NA,NA,NA,Y,Y,A,01,0,1,0,0,0,0,0,0,0,-,-,NA,NA,LOS ANGELES,POMONA,-117.75643157958984,34.06562042236328
8618021,2018,2018-06-06,1965,2018-05-15,1120,3693,0B1K,2,5,5,1965,0,0,0,NA,0,B001,4TH ST,BROADWAY,83,N,N,A,-,N,NA,NA,NA,NA,NA,NA,NA,NA,NA,N,4,0,1,2,A,-,03,22350,NA,N,C,C,A,A,H,-,A,A,0,NA,NA,NA,NA,Y,NA,I,11,0,0,1,0,0,0,0,0,0,-,-,NA,NA,LOS ANGELES,SANTA MONICA,-118.49381256103516,34.01524353027344
8618022,2018,2018-05-30,1955,2018-05-14,1109,41872,87,1,5,6,1955,0,0,0,NA,0,004,TOWNE AV,OLIVE ST,0,NA,Y,A,-,N,NA,NA,NA,NA,NA,NA,NA,NA,NA,Y,4,0,1,2,A,-,12,21453,A,N,D,C,A,A,H,-,A,A,0,NA,NA,NA,NA,Y,NA,D,22,0,0,1,0,0,0,0,0,0,-,-,NA,NA,LOS ANGELES,POMONA,-117.74041748046876,34.02986145019531
8618024,2018,2018-05-23,1942,2018-05-14,2340,41977,0396,1,5,7,1942,0,0,0,C,0,3A99,W MARTIN LUTHER KING BL,W HOOVER ST,100,W,N,A,-,N,NA,NA,NA,NA,NA,NA,NA,NA,NA,Y,3,0,3,2,A,-,01,23152,A,N,C,C,A,A,H,-,C,A,0,NA,NA,NA,NA,Y,Y,A,01,0,1,2,0,0,0,0,0,0,-,-,NA,NA,LOS ANGELES,LOS ANGELES,-118.28758239746094,34.01106262207031
8618028,2018,2018-05-23,1942,2018-05-10,2115,36589,0563,4,5,7,1942,0,0,0,E,0,5A58,GAFFEY ST,12TH ST,0,NA,Y,A,-,N,NA,NA,NA,NA,NA,NA,NA,NA,NA,N,3,0,1,2,A,-,01,23152,A,N,G,B,B,A,H,-,C,A,0,Y,NA,NA,NA,Y,Y,A,01,0,1,0,0,1,0,0,0,0,-,-,NA,NA,LOS ANGELES,LOS ANGELES,-118.29237365722656,33.73332977294922
8618048,2018,2018-05-23,1929,2018-05-12,1823,201,1929,6,5,3,1929,0,0,0,NA,0,001,CYPRESS AV,8TH ST,100,N,N,A,-,N,NA,NA,NA,NA,NA,NA,NA,NA,NA,N,2,0,1,2,A,-,11,21956,A,N,G,B,-,A,H,-,A,D,0,Y,NA,NA,NA,Y,NA,N,60,1,0,0,0,1,0,0,0,0,-,-,NA,NA,LOS ANGELES,HERMOSA BEACH,-118.39578247070313,33.86014938354492
8618049,2018,2018-06-05,1955,2018-05-03,1825,42415,97,4,5,6,1955,0,0,0,NA,0,004,MISSION BL,RESERVOIR ST,0,NA,Y,A,-,N,NA,NA,NA,NA,NA,NA,NA,NA,NA,Y,3,0,2,2,A,-,09,21801,A,N,D,C,A,A,H,-,A,A,0,NA,NA,NA,Y,Y,NA,G,25,0,2,0,0,0,0,0,0,0,-,-,NA,NA,LOS ANGELES,POMONA,-117.73261260986328,34.0555419921875
8618082,2018,2018-05-30,1900,2018-05-02,1800,475320,1365,3,5,5,1952,0,0,0,NA,0,136TP,ANDERSON ST,HOWE ST,45,S,N,A,-,N,NA,NA,NA,NA,NA,NA,NA,NA,NA,N,4,0,2,2,D,-,00,NA,NA,N,D,C,A,A,H,-,A,D,0,NA,NA,NA,NA,Y,NA,-,-,0,0,2,0,0,0,0,0,0,-,-,NA,NA,LOS ANGELES,PARAMOUNT,-118.15586853027344,33.9072151184082
8618086,2018,2018-07-30,1900,2018-05-03,0945,526288,1335,4,5,5,1908,0,0,0,NA,0,133T2,LAKEWOOD BL,ARTESIA BL,35,S,N,A,-,N,NA,NA,19,NA,NA,NA,NA,NA,NA,Y,4,0,1,5,A,-,09,21453,B,N,B,C,A,A,H,-,A,A,0,NA,NA,NA,NA,Y,NA,A,01,0,0,1,0,0,0,0,0,0,-,-,33.87464141845703,-118.14272308349608,LOS ANGELES,BELLFLOWER,-118.14269256591795,33.87464141845703
8618095,2018,2018-05-29,1900,2018-03-23,1400,547820,1361,5,5,5,1952,0,0,0,NA,0,136T1,SOMERSET RANCH RD SOUTH,PARAMOUNT BL,300,W,N,A,-,N,NA,NA,NA,NA,NA,NA,NA,NA,NA,N,4,0,1,2,A,-,03,22350,NA,N,C,C,A,A,H,-,A,D,0,NA,NA,NA,NA,Y,NA,A,01,0,0,1,0,0,0,0,0,0,-,-,33.91114044189453,-118.16455841064452,LOS ANGELES,PARAMOUNT,-118.1611557006836,33.91120147705078
8618102,2018,2018-05-30,1900,2018-04-05,0530,623020,1362,4,5,5,1952,0,0,0,NA,0,136T1,DOWNEY AV,GARDENDALE ST,0,NA,Y,A,-,N,NA,NA,NA,NA,NA,NA,NA,NA,NA,Y,3,0,2,4,A,-,12,21453,A,N,H,C,A,A,H,-,A,A,0,NA,NA,NA,NA,Y,NA,A,01,0,2,0,0,0,0,0,0,0,-,-,33.91490173339844,-118.15139770507813,LOS ANGELES,PARAMOUNT,-118.15174865722656,33.91489028930664
8618123,2018,2018-05-30,1900,2018-04-26,1420,602219,1352,4,5,3,1927,0,0,0,NA,0,134A,NORWALK BL,215TH ST,0,NA,Y,A,-,N,NA,NA,NA,NA,NA,NA,NA,NA,NA,Y,4,0,1,2,A,-,09,21801,A,N,D,C,A,A,H,-,A,D,0,NA,NA,NA,NA,Y,NA,A,01,0,0,1,0,0,0,0,0,0,-,-,NA,NA,LOS ANGELES,HAWAIIAN GARDENS,-118.07203674316406,33.834190368652344
8618139,2018,2018-05-30,1900,2018-05-03,1559,602246,1320,4,5,5,1935,0,0,0,NA,0,132T1,HARDWICK ST,LAKEWOOD BL,100,W,N,A,-,N,NA,NA,NA,NA,NA,NA,NA,NA,NA,Y,4,0,1,2,A,-,09,21804,A,N,D,C,A,A,H,-,A,D,0,NA,NA,NA,NA,Y,NA,D,22,0,0,1,0,0,0,0,0,0,-,-,33.85047149658203,-118.14250183105467,LOS ANGELES,LAKEWOOD,-118.14295196533205,33.8504524230957
8618140,2018,2018-05-30,1900,2018-05-15,1330,508822,1368,2,5,5,1952,0,0,0,NA,0,136B,ALONDRA BL,PARAMOUNT BL,0,NA,Y,A,-,N,NA,NA,NA,NA,NA,NA,NA,NA,NA,Y,4,0,2,3,A,-,04,21703,NA,N,C,C,A,A,H,-,A,D,0,NA,NA,NA,NA,Y,NA,A,01,0,0,2,0,0,0,0,0,0,-,-,NA,NA,LOS ANGELES,PARAMOUNT,-118.16014862060548,33.889251708984375
8618202,2018,2018-06-26,1900,2018-05-01,1220,460166,1363,2,5,5,1952,0,0,0,NA,0,136B,ROSECRANS AV,ORANGE AV,300,W,N,B,-,N,NA,NA,NA,NA,NA,NA,NA,NA,NA,Y,4,0,2,2,A,-,09,21801,A,N,D,D,A,A,-,-,A,D,0,NA,NA,NA,NA,Y,NA,A,01,0,0,2,0,0,0,0,0,0,-,-,33.54130172729492,-118.10430145263672,LOS ANGELES,PARAMOUNT,-118.17855834960938,33.90361022949219
8618243,2018,2018-06-20,1955,2018-05-02,1146,40590,97,3,5,6,1955,0,0,0,NA,0,004,RESERVOIR ST,MISSION BL,50,S,N,A,-,N,NA,NA,NA,NA,NA,NA,NA,NA,NA,N,4,0,1,2,A,-,03,22350,NA,N,C,C,A,A,H,-,A,A,0,NA,NA,NA,NA,Y,NA,A,01,0,0,1,0,0,0,0,0,0,-,-,NA,NA,LOS ANGELES,POMONA,-117.73260498046876,34.05540466308594
8618357,2018,2018-05-30,1900,2018-05-09,2205,526057,1349,3,5,3,1903,0,0,0,NA,0,134A,SOUTH ST,PIONEER BL,0,NA,Y,A,-,N,NA,NA,NA,NA,NA,NA,NA,NA,NA,N,3,0,1,2,A,-,05,21650,1,M,A,G,A,A,H,-,C,A,0,NA,Y,NA,NA,Y,NA,L,04,0,1,0,0,0,0,1,0,0,-,-,NA,NA,LOS ANGELES,ARTESIA,-118.08213043212892,33.85847091674805
8618361,2018,2018-05-30,1900,2018-05-05,2045,523489,1369,6,5,5,1952,0,0,0,NA,0,133E,ALONDRA BL,LAKEWOOD BL,5,W,N,A,-,N,NA,NA,NA,NA,NA,NA,NA,NA,NA,N,4,0,1,2,A,-,04,21703,NA,M,C,C,A,A,H,-,C,A,0,NA,NA,NA,NA,Y,NA,-,NA,0,0,1,0,0,0,0,0,0,-,-,NA,NA,LOS ANGELES,PARAMOUNT,-118.1427764892578,33.88932800292969
8618365,2018,2018-05-30,1900,2018-05-05,1750,609678,1333,6,5,5,1908,0,0,0,NA,0,133T2,ROSECRANS AV,WOODRUFF AV,45,W,N,A,-,N,NA,NA,NA,NA,NA,NA,NA,NA,NA,Y,3,0,2,3,A,-,04,21703,NA,F,C,C,A,A,H,-,A,A,0,NA,NA,NA,NA,Y,NA,-,99,0,1,1,0,0,0,0,0,0,-,-,33.90201187133789,-118.11702728271484,LOS ANGELES,BELLFLOWER,-118.11682891845705,33.90203094482422
8618367,2017,2018-06-05,1942,2017-10-09,1200,42759,NA,1,5,7,1942,0,0,0,NA,0,NA,WEST BL,FLORENCE AV,0,NA,Y,A,-,N,NA,NA,NA,NA,NA,NA,NA,NA,NA,Y,4,0,1,2,A,-,03,22350,NA,N,C,-,A,A,H,-,A,A,0,NA,NA,NA,NA,Y,NA,A,01,0,0,1,0,0,0,0,0,0,-,-,NA,NA,LOS ANGELES,LOS ANGELES,-118.33521004,33.97449004
8618369,2018,2018-05-30,1900,2018-05-06,2100,610417,1369,7,5,5,1908,0,0,0,NA,0,133T2,LAKEWOOD BL,ALONDRA BL,15,N,N,A,-,N,NA,NA,19,NA,NA,NA,NA,NA,NA,Y,4,0,1,2,A,-,01,23153,A,N,C,C,A,A,H,-,C,A,0,NA,NA,NA,NA,Y,Y,A,01,0,0,1,0,0,0,0,0,0,-,-,33.889381408691406,-118.1427764892578,LOS ANGELES,BELLFLOWER,-118.1427764892578,33.889381408691406
8618373,2018,2018-05-30,1900,2018-05-07,1828,623020,1332,1,5,5,1908,0,0,0,NA,0,133T2,ROSECRANS AV,CERRITOS AV,123,E,N,A,-,N,NA,NA,NA,NA,NA,NA,NA,NA,NA,Y,4,0,2,2,A,-,09,21804,A,N,D,C,A,A,H,-,A,D,0,NA,NA,NA,NA,Y,Y,A,07,0,0,2,0,0,0,0,0,0,-,-,33.90399932861328,-118.13559722900392,LOS ANGELES,BELLFLOWER,-118.13542938232422,33.904052734375
8618377,2018,2018-05-30,1900,2018-05-08,0833,610045,1363,2,5,5,1952,0,0,0,NA,0,133T2,SOMERSET BL,EL CAMINO AV,0,NA,Y,A,-,N,NA,NA,NA,NA,NA,NA,NA,NA,NA,Y,4,0,1,2,A,-,12,21453,A,N,D,C,A,A,H,-,A,A,0,NA,NA,NA,NA,Y,NA,A,01,0,0,1,0,0,0,0,0,0,-,-,NA,NA,LOS ANGELES,PARAMOUNT,-118.17970275878906,33.896331787109375
8618379,2018,2018-05-31,1955,2018-05-05,1412,42440,58,6,5,6,1955,0,0,0,NA,0,001,MISSION BL,APPIAN WY,0,NA,Y,A,-,N,NA,NA,NA,NA,NA,NA,NA,NA,NA,Y,4,0,1,3,A,-,09,21801,A,N,D,C,A,A,H,-,A,A,0,NA,NA,NA,NA,Y,Y,A,01,0,0,1,0,0,0,0,0,0,-,-,NA,NA,LOS ANGELES,POMONA,-117.79593658447266,34.04576110839844
8618381,2018,2018-05-30,1900,2018-05-09,1640,620747,1334,3,5,5,1908,0,0,0,NA,0,133T1,ALONDA BL,BLAINE AV,80,E,N,A,-,N,NA,NA,NA,NA,NA,NA,NA,NA,NA,Y,4,0,1,2,A,-,09,21804,A,N,D,C,A,A,H,-,A,D,0,NA,NA,NA,NA,Y,NA,A,01,0,0,1,0,0,0,0,0,0,-,-,33.889339447021484,-118.1260223388672,LOS ANGELES,BELLFLOWER,-118.12613677978516,33.889347076416016
8618383,2018,2018-05-29,1955,2018-05-10,0606,40437,92,4,5,6,1955,0,0,0,NA,0,004,RESERVOIR ST,GRAND AV,316,N,N,A,-,N,NA,NA,NA,NA,NA,NA,NA,NA,NA,Y,4,0,1,2,A,-,09,21804,A,N,D,C,A,A,H,-,A,D,0,NA,NA,NA,NA,Y,NA,A,01,0,0,1,0,0,0,0,0,0,-,-,NA,NA,LOS ANGELES,POMONA,-117.7323760986328,34.04911422729492
8618385,2018,2018-05-30,1900,2018-05-03,0050,407852,1327,4,5,5,1935,0,0,0,NA,0,132T1,CENTRALIA ST,ALBURTIS AV,480,W,N,A,-,N,NA,NA,NA,NA,NA,NA,NA,NA,NA,Y,3,0,2,4,A,-,01,23152,A,N,C,C,A,A,H,-,C,D,0,NA,NA,NA,NA,Y,Y,A,01,0,2,0,0,0,0,0,0,0,-,-,NA,NA,LOS ANGELES,LAKEWOOD,-118.0857162475586,33.838687896728516
8618387,2018,2018-05-29,1955,2018-05-09,1539,41971,15,3,5,6,1955,0,0,0,NA,0,003,HOLT AV,MILLS AV,20,W,N,A,-,N,NA,NA,NA,NA,NA,NA,NA,NA,NA,N,4,0,2,3,A,-,04,21703,NA,N,C,C,A,A,H,-,A,A,0,NA,NA,NA,NA,Y,NA,A,01,0,0,2,0,0,0,0,0,0,-,-,NA,NA,LOS ANGELES,POMONA,-117.71783,34.063101
8618389,2018,2018-05-30,1900,2018-05-04,0600,618671,1329,5,5,5,1935,0,0,0,NA,0,132B3,DEL AMO BL,GRAYWOOD AV,0,NA,Y,A,-,N,NA,NA,NA,NA,NA,NA,NA,NA,NA,Y,4,0,2,2,A,-,12,21453,A,N,D,C,A,A,H,-,A,A,0,NA,NA,NA,NA,Y,Y,A,01,0,0,2,0,0,0,0,0,0,-,-,NA,NA,LOS ANGELES,LAKEWOOD,-118.1382293701172,33.84716033935547
8618391,2018,2018-05-29,1955,2018-05-11,1655,42440,60,5,5,6,1955,0,0,0,NA,0,001,VALLEY BL,TEMPLE AV,1230,W,N,B,-,N,NA,NA,NA,NA,NA,NA,NA,NA,NA,Y,4,0,3,2,A,-,09,21801,A,N,D,C,A,A,H,-,A,A,0,NA,NA,NA,NA,Y,NA,A,01,0,0,3,0,0,0,0,0,0,-,-,NA,NA,LOS ANGELES,POMONA,-117.81458282470705,34.04560852050781
8618393,2018,2018-05-30,1900,2018-05-01,1530,602250,1321,2,5,5,1935,0,0,0,NA,0,132T1,CLARK AV,MICHELSON ST,5,N,N,A,-,N,NA,NA,NA,NA,NA,NA,NA,NA,NA,N,3,0,1,2,A,-,10,21950,A,N,G,B,B,A,H,-,A,D,0,Y,NA,NA,NA,Y,NA,A,07,0,1,0,0,1,0,0,0,0,-,-,NA,NA,LOS ANGELES,LAKEWOOD,-118.13375854492188,33.857364654541016
8618397,2018,2018-05-30,1900,2018-04-22,1053,538525,1335,7,5,5,1908,0,0,0,NA,0,133T1,LAKEWOOD BL,ROSE ST,125,S,N,A,-,N,NA,NA,NA,NA,NA,NA,NA,NA,NA,NA,4,0,1,3,A,-,03,22350,NA,N,C,C,A,A,H,-,A,D,0,NA,NA,NA,NA,Y,NA,A,01,0,0,1,0,0,0,0,0,0,-,-,NA,NA,LOS ANGELES,BELLFLOWER,-118.14263153076172,33.869232177734375
8618403,2018,2018-05-29,1965,2018-05-06,1650,3764,0B3G,7,5,5,1965,0,0,0,NA,0,B003,26TH ST,BROADWAY,225,N,N,A,-,N,NA,NA,NA,NA,NA,NA,NA,NA,NA,Y,3,0,1,4,A,-,08,22107,NA,N,A,E,A,A,H,-,A,A,0,NA,NA,NA,NA,Y,NA,A,08,0,1,0,0,0,0,0,0,0,-,-,37.02315139770508,-120.99504852294922,LOS ANGELES,SANTA MONICA,-118.4732666015625,34.032405853271484
8618404,2018,2018-05-30,1965,2018-05-02,1055,3693,0B3D,3,5,5,1965,0,0,0,NA,0,B003,PICO BL,18TH ST,120,E,N,A,-,N,NA,NA,NA,NA,NA,NA,NA,NA,NA,N,4,0,2,3,A,-,03,22350,NA,N,C,C,A,A,H,-,A,A,0,NA,NA,NA,NA,Y,NA,A,07,0,0,2,0,0,0,0,0,0,-,-,NA,NA,LOS ANGELES,SANTA MONICA,-118.4713134765625,34.01850509643555
8618407,2018,2018-05-29,1965,2018-05-15,1912,3555,0B2C,2,5,5,1965,0,0,0,NA,0,B002,PICO BL,17TH ST,126,W,N,A,-,N,NA,NA,NA,NA,NA,NA,NA,NA,NA,Y,4,0,1,2,A,-,09,21804,A,N,D,C,A,A,H,-,A,D,0,NA,NA,NA,NA,Y,NA,A,01,0,0,1,0,0,0,0,0,0,-,-,37.00891876220703,-120.99533081054688,LOS ANGELES,SANTA MONICA,-118.4731216430664,34.01753616333008
8618411,2018,2018-05-29,1965,2018-05-11,1528,3943,0B4A,5,5,5,1965,0,0,0,NA,0,B004,26TH ST,CARLYLE AV,100,S,N,B,-,N,NA,NA,NA,NA,NA,NA,NA,NA,NA,Y,4,0,1,3,A,-,03,22350,NA,N,C,C,A,A,H,-,A,A,0,NA,NA,NA,NA,Y,NA,A,01,0,0,1,0,0,0,0,0,0,-,-,37.03704833984375,-121.01158905029295,LOS ANGELES,SANTA MONICA,-118.48869323730467,34.04560470581055
8618412,2018,2018-05-30,1900,2018-05-01,0330,407852,1320,2,5,5,1935,0,0,0,NA,0,132T1,CHERRY AV,DENMEAD ST,50,S,N,A,-,N,NA,NA,NA,NA,NA,NA,NA,NA,NA,Y,3,0,1,2,A,-,08,22107,NA,N,B,C,A,A,H,-,C,D,0,NA,NA,NA,NA,Y,NA,A,01,0,1,0,0,0,0,0,0,0,-,-,NA,NA,LOS ANGELES,LAKEWOOD,-118.16764831542967,33.850807189941406
8618415,2018,2018-05-29,1965,2018-05-10,1710,3338,0B2D,4,5,5,1965,0,0,0,NA,0,B002,OCEAN PARK BL,28TH ST,0,NA,Y,A,-,N,NA,NA,NA,NA,NA,NA,NA,NA,NA,N,4,0,1,2,A,-,10,21950,A,N,G,B,B,A,H,-,B,A,0,Y,NA,NA,NA,Y,NA,A,01,0,0,1,0,1,0,0,0,0,-,-,37.00994873046875,-120.97779083251952,LOS ANGELES,SANTA MONICA,-118.45594024658205,34.01884841918945
8618416,2018,2018-05-30,1900,2018-05-16,2315,407852,1328,3,5,5,1935,0,0,0,NA,0,132T1,PIONEER BL,CENTRALIA ST,0,NA,Y,A,-,N,NA,NA,NA,NA,NA,NA,NA,NA,NA,Y,4,0,2,2,A,-,09,21801,A,N,D,C,A,A,H,-,C,A,0,NA,NA,NA,NA,Y,NA,A,01,0,0,2,0,0,0,0,0,0,-,-,NA,NA,LOS ANGELES,LAKEWOOD,-118.08197021484376,33.83871078491211
8618419,2018,2018-05-29,1965,2018-05-08,1340,3764,0B3A,2,5,5,1965,0,0,0,NA,0,B003,WILSHIRE BL,BERKELEY ST,10,E,N,A,-,N,NA,NA,NA,NA,NA,NA,NA,NA,NA,N,3,0,1,2,A,-,09,21801,A,N,D,C,A,A,H,-,A,A,0,NA,NA,Y,NA,Y,NA,A,07,0,1,0,0,0,0,0,0,1,-,-,37.03091812133789,-120.99501800537108,LOS ANGELES,SANTA MONICA,-118.47280883789064,34.039737701416016
8618420,2018,2018-05-30,1900,2018-05-10,1545,475320,1368,4,5,5,1952,0,0,0,NA,0,136TP,MADISON ST,ORIZABA AV,0,NA,Y,A,-,N,NA,NA,NA,NA,NA,NA,NA,NA,NA,N,3,0,1,2,A,-,09,21802,A,N,D,C,A,A,H,-,-,A,0,NA,NA,NA,NA,Y,NA,A,07,0,1,0,0,0,0,0,0,0,-,-,33.53340148925781,-118.09266662597656,LOS ANGELES,PARAMOUNT,-118.15744018554688,33.891090393066406