CASE_ID,ACCIDENT_YEAR,PROC_DATE,JURIS,COLLISION_DATE,COLLISION_TIME,OFFICER_ID,REPORTING_DISTRICT,DAY_OF_WEEK,CHP_SHIFT,POPULATION,CNTY_CITY_LOC,SPECIAL_COND,BEAT_TYPE,CHP_BEAT_TYPE,CITY_DIVISION_LAPD,CHP_BEAT_CLASS,BEAT_NUMBER,PRIMARY_RD,SECONDARY_RD,DISTANCE,DIRECTION,INTERSECTION,WEATHER_1,WEATHER_2,STATE_HWY_IND,CALTRANS_COUNTY,CALTRANS_DISTRICT,STATE_ROUTE,ROUTE_SUFFIX,POSTMILE_PREFIX,POSTMILE,LOCATION_TYPE,RAMP_INTERSECTION,SIDE_OF_HWY,TOW_AWAY,COLLISION_SEVERITY,NUMBER_KILLED,NUMBER_INJURED,PARTY_COUNT,PRIMARY_COLL_FACTOR,PCF_CODE_OF_VIOL,PCF_VIOL_CATEGORY,PCF_VIOLATION,PCF_VIOL_SUBSECTION,HIT_AND_RUN,TYPE_OF_COLLISION,MVIW,PED_ACTION,ROAD_SURFACE,ROAD_COND_1,ROAD_COND_2,LIGHTING,CONTROL_DEVICE,CHP_ROAD_TYPE,PEDESTRIAN_ACCIDENT,BICYCLE_ACCIDENT,MOTORCYCLE_ACCIDENT,TRUCK_ACCIDENT,NOT_PRIVATE_PROPERTY,ALCOHOL_INVOLVED,STWD_VEHTYPE_AT_FAULT,CHP_VEHTYPE_AT_FAULT,COUNT_SEVERE_INJ,COUNT_VISIBLE_INJ,COUNT_COMPLAINT_PAIN,COUNT_PED_KILLED,COUNT_PED_INJURED,COUNT_BICYCLIST_KILLED,COUNT_BICYCLIST_INJURED,COUNT_MC_KILLED,COUNT_MC_INJURED,PRIMARY_RAMP,SECONDARY_RAMP,LATITUDE,LONGITUDE,COUNTY,CITY,POINT_X,POINT_Y
8622933,2018,2018-05-31,1941,2018-04-18,2015,11133,NA,3,5,7,1941,0,0,0,NA,0,NA,7TH ST,TEMPLE AV,0,NA,Y,A,-,N,NA,NA,NA,NA,NA,NA,NA,NA,NA,Y,4,0,2,2,A,-,12,21453,A,N,B,C,A,A,H,-,C,A,0,NA,NA,NA,NA,Y,NA,A,NA,0,0,2,0,0,0,0,0,0,-,-,NA,NA,LOS ANGELES,LONG BEACH,-118.1589584350586,33.77534866333008
8622937,2018,2018-05-30,1941,2018-04-17,1423,5612,NA,2,5,7,1941,0,0,0,NA,0,NA,7500 E SPRING,SPRING,0,NA,Y,A,-,N,NA,NA,NA,NA,NA,NA,NA,NA,NA,Y,3,0,1,1,B,-,22,NA,NA,N,E,I,A,A,H,-,A,D,0,NA,NA,NA,NA,Y,NA,A,NA,0,1,0,0,0,0,0,0,0,-,-,NA,NA,LOS ANGELES,LONG BEACH,-118.19172668457033,33.811649322509766
8622938,2018,2018-05-31,1941,2018-04-27,1404,11097,NA,5,5,7,1941,0,0,0,NA,0,NA,10TH ST,GAVIOTA AV,0,NA,Y,A,-,N,NA,NA,NA,NA,NA,NA,NA,NA,NA,Y,2,0,2,2,A,-,09,21804,A,N,D,C,A,A,H,-,A,D,0,NA,NA,NA,NA,Y,NA,A,NA,1,0,1,0,0,0,0,0,0,-,-,NA,NA,LOS ANGELES,LONG BEACH,-118.17093658447266,33.77894973754883
8622941,2018,2018-05-31,1941,2018-04-13,1825,11020,NA,5,5,7,1941,0,0,0,NA,0,NA,SOUTH ST,PARAMOUNT AV,215,W,N,A,-,N,NA,NA,NA,NA,NA,NA,NA,NA,NA,Y,2,0,1,4,A,-,03,22350,NA,N,C,B,E,A,H,-,A,D,0,Y,NA,NA,NA,Y,NA,A,NA,1,0,0,0,1,0,0,0,0,-,-,NA,NA,LOS ANGELES,LONG BEACH,-118.16060638427734,33.86017990112305
8622942,2018,2018-05-31,1941,2018-04-22,1035,11112,NA,7,5,7,1941,0,0,0,NA,0,NA,ANAHEIM ST,LOCUST AV,0,NA,Y,A,-,N,NA,NA,NA,NA,NA,NA,NA,NA,NA,N,4,0,1,2,A,-,03,22350,NA,N,C,C,A,A,H,-,A,A,0,NA,NA,NA,NA,Y,NA,A,NA,0,0,1,0,0,0,0,0,0,-,-,NA,NA,LOS ANGELES,LONG BEACH,-118.19152069091795,33.78260040283203
8622945,2018,2018-05-31,1941,2018-04-21,1215,11004,NA,6,5,7,1941,0,0,0,NA,0,NA,SPRING ST,WEST PALO VERDE,127,W,N,A,-,N,NA,NA,NA,NA,NA,NA,NA,NA,NA,Y,4,0,1,2,A,-,03,22350,NA,N,C,C,A,A,H,-,A,A,0,NA,NA,NA,NA,Y,NA,A,NA,0,0,1,0,0,0,0,0,0,-,-,NA,NA,LOS ANGELES,LONG BEACH,-118.10830688476564,33.810550689697266
8622946,2018,2018-05-31,1941,2018-04-21,1415,11108,NA,6,5,7,1941,0,0,0,NA,0,NA,PACIFIC AV,3RD ST,0,NA,Y,A,-,N,NA,NA,NA,NA,NA,NA,NA,NA,NA,Y,4,0,5,2,A,-,12,21453,A,N,D,C,A,A,H,-,A,A,0,NA,NA,NA,NA,Y,NA,A,NA,0,0,5,0,0,0,0,0,0,-,-,NA,NA,LOS ANGELES,LONG BEACH,-118.19371795654295,33.77050018310547
8622950,2018,2018-05-31,1941,2018-04-20,2055,11202,NA,5,5,7,1941,0,0,0,NA,0,NA,LONG BEACH BL,8TH ST,50,N,N,A,-,N,NA,NA,NA,NA,NA,NA,NA,NA,NA,N,3,0,1,2,D,-,00,NA,NA,N,B,G,A,A,H,-,C,A,0,NA,Y,NA,NA,Y,NA,-,-,0,1,0,0,0,0,1,0,0,-,-,NA,NA,LOS ANGELES,LONG BEACH,-118.18949127197266,33.77668762207031
8622954,2018,2018-05-31,1941,2018-04-21,0407,10912,NA,6,5,7,1941,0,0,0,NA,0,NA,BROADWAY,ATLANTIC AV,0,NA,Y,A,-,N,NA,NA,NA,NA,NA,NA,NA,NA,NA,Y,4,0,1,2,A,-,03,22350,NA,N,C,C,A,A,H,-,C,A,0,NA,NA,NA,NA,Y,NA,A,NA,0,0,1,0,0,0,0,0,0,-,-,NA,NA,LOS ANGELES,LONG BEACH,-118.18504333496094,33.7692985534668
8622957,2018,2018-05-30,1941,2018-04-17,1800,5243,NA,2,5,7,1941,0,0,0,NA,0,NA,BIXBY,ORANGE,0,NA,Y,A,-,N,NA,NA,NA,NA,NA,NA,NA,NA,NA,Y,4,0,2,3,A,-,03,22350,NA,N,-,C,A,A,H,-,A,A,0,NA,NA,NA,NA,Y,NA,A,NA,0,0,2,0,0,0,0,0,0,-,-,NA,NA,LOS ANGELES,LONG BEACH,-118.17633056640624,33.826690673828125
8622958,2018,2018-05-31,1941,2018-04-22,1829,5606,NA,7,5,7,1941,0,0,0,NA,0,NA,LOS COYOTES DIAGONAL,OUTER TRAFFIC CIR,0,NA,Y,A,-,N,NA,NA,NA,NA,NA,NA,NA,NA,NA,Y,4,0,1,2,B,-,22,NA,NA,N,D,C,A,A,H,-,A,A,0,NA,NA,NA,NA,Y,NA,A,NA,0,0,1,0,0,0,0,0,0,-,-,NA,NA,LOS ANGELES,LONG BEACH,-118.14102172851564,33.791019439697266
8622962,2018,2018-05-29,1905,2018-04-14,1131,1161,123,6,5,4,1905,0,0,0,NA,0,003,EAST 1ST ST,NORTH PASADENA AV,0,NA,Y,A,-,N,NA,NA,NA,NA,NA,NA,NA,NA,NA,Y,4,0,1,2,A,-,09,21801,A,N,D,C,A,A,H,-,A,A,0,NA,NA,NA,NA,Y,NA,A,07,0,0,1,0,0,0,0,0,0,-,-,NA,NA,LOS ANGELES,AZUSA,-117.9025421142578,34.12158966064453
8622966,2018,2018-05-30,1905,2018-04-17,1530,1142,431,2,5,4,1905,0,0,0,NA,0,001,WEST ARROW HWY,AZUSA AV,600,W,N,A,-,N,NA,NA,NA,NA,NA,NA,NA,NA,NA,Y,3,0,4,2,A,-,09,21804,A,N,A,C,A,A,H,-,A,A,0,NA,NA,NA,NA,Y,NA,A,01,0,2,2,0,0,0,0,0,0,-,-,NA,NA,LOS ANGELES,AZUSA,-117.9097137451172,34.106834411621094
8622970,2018,2018-05-29,1905,2018-04-25,2140,1153,231,3,5,4,1905,0,0,0,NA,0,001,SOUTH AZUSA AV,ROLAND ST,14,N,N,A,-,N,NA,NA,NA,NA,NA,NA,NA,NA,NA,Y,3,0,2,2,A,-,09,21801,A,N,D,C,A,A,H,-,C,A,0,NA,NA,NA,NA,Y,Y,A,01,0,1,1,0,0,0,0,0,0,-,-,37.115699768066406,-117.90772247314452,LOS ANGELES,AZUSA,-117.90770721435548,34.11609649658203
8622978,2018,2018-05-29,1942,2018-04-26,1130,31465,0765,4,5,7,1942,0,0,0,G,0,7A47,PICO BL,LA BREA AV,75,E,N,A,-,N,NA,NA,NA,NA,NA,NA,NA,NA,NA,N,4,0,1,2,A,-,09,21804,A,N,D,C,A,A,H,-,A,D,0,NA,NA,NA,NA,Y,NA,A,01,0,0,1,0,0,0,0,0,0,-,-,NA,NA,LOS ANGELES,LOS ANGELES,-118.34441375732422,34.047916412353516
8622982,2018,2018-05-29,1905,2018-04-22,1821,2019,141,7,5,4,1905,0,0,0,NA,0,001,SOUTH AZUSA AV,AZUSA LN,300,N,N,A,-,N,NA,NA,NA,NA,NA,NA,NA,NA,NA,Y,4,0,3,3,A,-,01,23153,A,F,C,C,A,A,H,-,A,D,0,NA,NA,NA,NA,Y,Y,A,01,0,0,3,0,0,0,0,0,0,-,-,NA,NA,LOS ANGELES,AZUSA,-117.90756988525392,34.1192626953125
8623015,2018,2018-05-29,1905,2018-04-28,0139,1165,134,6,5,4,1905,0,0,0,NA,0,001,SOUTH VERNON AV,PARAMOUNT BL,0,NA,Y,A,-,N,NA,NA,NA,NA,NA,NA,NA,NA,NA,Y,3,0,2,2,A,-,12,22450,A,N,D,C,A,A,H,-,C,A,0,NA,NA,NA,NA,Y,NA,A,01,0,1,1,0,0,0,0,0,0,-,-,34.117919921875,-117.91619873046876,LOS ANGELES,AZUSA,-117.91635894775392,34.1180305480957
8623019,2018,2018-05-30,1905,2018-04-05,2220,1137,111,4,5,4,1905,0,0,0,NA,0,002,NORTH AZUSA AV,1ST ST,323,N,N,A,-,N,NA,NA,NA,NA,NA,NA,NA,NA,NA,Y,3,0,2,1,A,-,01,23153,A,N,E,I,A,A,H,-,C,A,0,NA,NA,NA,NA,Y,Y,A,01,0,2,0,0,0,0,0,0,0,-,-,NA,NA,LOS ANGELES,AZUSA,-117.9076919555664,34.12208938598633
8623023,2018,2018-05-29,1905,2018-04-30,1018,1157,414,1,5,4,1905,0,0,0,NA,0,002,NORTH VERNON AV,8TH ST,0,NA,Y,A,-,N,NA,NA,NA,NA,NA,NA,NA,NA,NA,Y,3,0,2,2,A,-,01,23152,A,N,D,C,A,A,H,-,C,D,0,NA,NA,NA,NA,Y,Y,A,01,0,2,0,0,0,0,0,0,0,-,-,34.13605880737305,-117.91618347167967,LOS ANGELES,AZUSA,-117.91616821289064,34.136070251464844
8623027,2018,2018-05-29,1905,2018-04-29,1634,1078,124,7,5,4,1905,0,0,0,NA,0,003,ROCKVALE AV,BASELINE RD,60,N,N,B,-,N,NA,NA,NA,NA,NA,NA,NA,NA,NA,Y,3,0,1,1,A,-,03,22350,NA,F,E,I,A,A,H,-,A,D,0,NA,NA,NA,NA,Y,NA,A,01,0,1,0,0,0,0,0,0,0,-,-,34.121280670166016,-117.89630126953124,LOS ANGELES,AZUSA,-117.89631652832033,34.1217155456543
8623035,2018,2018-05-29,1905,2018-04-30,0653,1108,123,1,5,4,1905,0,0,0,NA,0,003,EAST 1ST ST,ROCKVALE AV,234,W,N,B,-,N,NA,NA,NA,NA,NA,NA,NA,NA,NA,Y,4,0,1,2,A,-,03,22350,NA,N,C,C,A,B,H,-,A,D,0,NA,NA,NA,NA,Y,NA,A,01,0,0,1,0,0,0,0,0,0,-,-,NA,NA,LOS ANGELES,AZUSA,-117.897102,34.121552
8623039,2018,2018-05-29,1905,2018-04-13,1119,2019,423,5,5,4,1905,0,0,0,NA,0,002,FOOTHILL BL,CERRITOS AV,0,NA,Y,A,-,N,NA,NA,NA,NA,NA,NA,NA,NA,NA,Y,4,0,1,2,A,-,01,23153,E,N,D,C,A,A,H,-,A,A,0,NA,NA,NA,NA,Y,NA,A,01,0,0,1,0,0,0,0,0,0,-,-,34.13344955444336,-117.90001678466795,LOS ANGELES,AZUSA,-117.90003204345705,34.13356018066406
8623087,2018,2018-05-31,1955,2018-04-25,2055,42226,30,3,5,6,1955,0,0,0,NA,0,002,FOOTHILL BL,SUMNER AV,30,W,N,A,-,N,NA,NA,NA,NA,NA,NA,NA,NA,NA,N,2,0,1,2,A,-,11,21954,A,N,G,B,D,A,H,-,C,A,0,Y,NA,NA,NA,Y,NA,N,60,1,0,0,0,1,0,0,0,0,-,-,NA,NA,LOS ANGELES,POMONA,-117.74221801757813,34.107112884521484
8623091,2018,2018-05-31,1900,2018-04-23,0845,525145,1510,1,5,5,1954,0,0,0,NA,0,151T1,PARAMOUNT BL,OLYMPIC BL,23,N,N,A,-,N,NA,NA,NA,NA,NA,NA,NA,NA,NA,Y,4,0,3,2,A,-,09,21802,A,N,D,C,A,A,H,-,A,D,0,NA,NA,NA,NA,Y,NA,A,01,0,0,3,0,0,0,0,0,0,-,-,NA,NA,LOS ANGELES,PICO RIVERA,-118.086669921875,34.00679016113281
8623095,2018,2018-05-31,1900,2018-04-20,2350,529571,1516,5,5,5,1954,0,0,0,NA,0,151T2,SLAUSON AV,PARAMOUNT BL,20,N,N,A,-,N,NA,NA,NA,NA,NA,NA,NA,NA,NA,N,2,0,1,2,A,-,12,21453,A,N,D,C,A,-,H,-,C,A,0,NA,NA,NA,NA,Y,NA,A,01,1,0,0,0,0,0,0,0,0,-,-,33.968589782714844,-118.09203338623048,LOS ANGELES,PICO RIVERA,-118.1130599975586,33.97343063354492
8623098,2018,2018-05-30,1928,2018-04-17,1041,324,526,2,5,5,1928,0,0,0,NA,0,501,HAWTHORNE BL,118TH ST,170,S,N,A,-,N,NA,NA,NA,NA,NA,NA,NA,NA,NA,Y,3,0,1,1,A,-,08,22107,NA,N,A,I,A,A,H,-,A,A,0,NA,NA,NA,NA,Y,NA,A,01,0,1,0,0,0,0,0,0,0,-,-,33.9273796081543,-118.3525390625,LOS ANGELES,HAWTHORNE,-118.35270690917967,33.92685317993164
8623099,2018,2018-05-31,1900,2018-04-18,1021,507891,1516,3,5,5,1954,0,0,0,NA,0,151T4,SLAUSON AV,BLUFF RD,150,E,N,A,-,N,NA,NA,NA,NA,NA,NA,NA,NA,NA,Y,3,0,1,2,A,-,03,22350,NA,N,C,C,A,A,H,-,A,D,0,NA,NA,Y,NA,Y,NA,C,02,0,1,0,0,0,0,0,0,1,-,-,NA,NA,LOS ANGELES,PICO RIVERA,-118.11979675292967,33.97551727294922
8623125,2018,2018-05-31,1905,2018-03-24,0008,1164,336,6,5,4,1905,0,0,0,NA,0,001,S MIRA LOMA DR,W GLADSTONE ST,0,NA,Y,A,-,N,NA,NA,NA,NA,NA,NA,NA,NA,NA,Y,2,0,1,1,A,-,03,22350,NA,N,E,I,A,A,H,-,C,A,0,NA,NA,Y,NA,Y,NA,C,02,1,0,0,0,0,0,0,0,1,-,-,34.11431884765625,-117.924072265625,LOS ANGELES,AZUSA,-117.92404174804688,34.11429977416992
8623129,2018,2018-05-31,1905,2018-03-29,1600,1166,622,4,5,4,1905,0,0,0,NA,0,002,SIERRA MADRE AV,DALTON AV,0,NA,Y,A,-,N,NA,NA,NA,NA,NA,NA,NA,NA,NA,N,4,0,1,2,A,-,03,22350,NA,N,C,C,A,A,H,-,A,A,0,NA,NA,NA,NA,Y,NA,A,01,0,0,1,0,0,0,0,0,0,-,-,34.146728515625,-117.90522003173828,LOS ANGELES,AZUSA,-117.90519714355467,34.1467399597168
8623133,2018,2018-05-31,1973,2018-03-02,0800,623,1973,5,5,1,1973,0,0,0,NA,0,0A2,SOTO ST,BANDINI BL,409,S,N,C,-,N,NA,NA,NA,NA,NA,NA,NA,NA,NA,N,4,0,1,3,A,-,03,22350,NA,N,C,C,A,B,H,-,A,A,0,NA,NA,NA,NA,Y,NA,A,08,0,0,1,0,0,0,0,0,0,-,-,NA,NA,LOS ANGELES,VERNON,-118.219731,34.007775
8623137,2018,2018-05-31,1973,2018-03-01,2043,529,1973,4,5,1,1973,0,0,0,NA,0,003,DOWNEY RD,FRUITLAND AV,0,NA,Y,A,-,N,NA,NA,NA,NA,NA,NA,NA,NA,NA,Y,4,0,1,2,A,-,08,22107,NA,F,B,C,A,A,H,-,C,A,0,NA,NA,NA,NA,Y,NA,A,01,0,0,1,0,0,0,0,0,0,-,-,NA,NA,LOS ANGELES,VERNON,-118.20468139648438,33.99665832519531
8623142,2018,2018-05-31,1900,2018-03-18,1240,526055,1321,7,5,5,1935,0,0,0,NA,0,132T1,BELLFLOWER BL,DEL AMO BL,0,NA,Y,A,-,N,NA,NA,NA,NA,NA,NA,NA,NA,NA,N,4,0,1,2,A,-,09,21801,A,N,A,C,A,A,H,-,A,A,0,NA,NA,NA,NA,Y,NA,A,01,0,0,1,0,0,0,0,0,0,-,-,NA,NA,LOS ANGELES,LAKEWOOD,-118.12515258789064,33.847110748291016
8623161,2017,2018-06-05,1916,2017-10-29,1211,2591,W6M2,7,5,4,1916,0,0,0,NA,0,WEST,LARK ELLEN AV,EDNA PL,30,S,N,A,-,N,NA,NA,NA,NA,NA,NA,NA,NA,NA,Y,4,0,1,3,A,-,03,22350,NA,N,C,C,A,A,H,-,A,D,0,NA,NA,NA,NA,Y,NA,D,22,0,0,1,0,0,0,0,0,0,-,-,NA,NA,LOS ANGELES,COVINA,-117.91643,34.09255
8623162,2018,2018-06-20,1941,2018-03-26,0912,10999,NA,1,5,7,1941,0,0,0,NA,0,NA,MARKET ST,CHERRY AV,0,NA,Y,A,-,N,NA,NA,NA,NA,NA,NA,NA,NA,NA,N,4,0,1,2,A,-,12,21453,A,N,D,G,A,A,H,-,A,A,0,NA,Y,NA,NA,Y,NA,-,NA,0,0,1,0,0,0,1,0,0,-,-,NA,NA,LOS ANGELES,LONG BEACH,-118.16776275634766,33.854408264160156
8623165,2017,2018-06-05,1916,2017-11-08,1259,2378,W39C1,3,5,4,1916,0,0,0,NA,0,WEST,CITRUS AV,BENBOW ST,141,N,N,A,-,N,NA,NA,NA,NA,NA,NA,NA,NA,NA,N,3,0,1,2,A,-,05,21202,A,N,D,G,A,A,H,-,A,D,0,NA,Y,NA,NA,Y,NA,L,04,0,1,0,0,0,0,1,0,0,-,-,34.09769,-117.89009,LOS ANGELES,COVINA,-117.89021,34.09749654
8623174,2018,2018-05-30,1900,2018-03-29,1945,616049,1328,4,5,5,1935,0,0,0,NA,0,132D,BLOOMFIELD AV,LEMMING ST,0,NA,Y,A,-,N,NA,NA,NA,NA,NA,NA,NA,NA,NA,N,2,0,1,2,D,-,00,NA,NA,N,G,B,B,A,H,-,C,D,0,Y,NA,NA,NA,Y,NA,-,-,1,0,0,0,1,0,0,0,0,-,-,33.84120178222656,-118.06340026855467,LOS ANGELES,LAKEWOOD,-118.06346893310548,33.841209411621094
8623178,2018,2018-05-30,1900,2018-03-22,1237,525145,1518,4,5,5,1954,0,0,0,NA,0,151T1,TELEGRAPH RD,CHANEY AV,329,E,N,C,-,N,NA,NA,NA,NA,NA,NA,NA,NA,NA,N,2,0,4,2,A,-,03,22350,A,N,C,E,A,B,H,-,A,D,0,NA,NA,NA,NA,Y,NA,A,01,1,0,3,0,0,0,0,0,0,-,-,33.95692825317383,-118.10397338867188,LOS ANGELES,PICO RIVERA,-118.10369110107422,33.95657730102539
8623191,2018,2018-05-31,1942,2018-02-10,0300,35476,0767,6,5,7,1942,0,0,0,G,0,7A53,BRONSON AV,PICO BL,0,NA,Y,A,-,N,NA,NA,NA,NA,NA,NA,NA,NA,NA,N,4,0,1,4,A,-,05,21460,NA,F,D,C,A,A,H,-,C,A,0,NA,NA,NA,NA,Y,NA,-,99,0,0,1,0,0,0,0,0,0,-,-,NA,NA,LOS ANGELES,LOS ANGELES,-118.32553100585938,34.04772186279297
8623220,2018,2018-06-08,1942,2018-05-11,1245,37059,0182,5,5,7,1942,0,0,0,A,0,1A61,HOPE ST,12TH ST,16,N,N,A,-,N,NA,NA,NA,NA,NA,NA,NA,NA,NA,N,2,0,1,2,A,-,10,21950,A,N,G,B,B,A,H,-,A,A,0,Y,NA,NA,Y,Y,NA,F,26,1,0,0,0,1,0,0,0,0,-,-,NA,NA,LOS ANGELES,LOS ANGELES,-118.26433563232422,34.040855407714844
8623231,2018,2018-06-04,1916,2018-01-30,1136,2235,W15C1,2,5,4,1916,0,0,0,NA,0,00W,NORTH AZUSA AV,COVINA BL,623,S,N,A,-,N,NA,NA,NA,NA,NA,NA,NA,NA,NA,Y,4,0,1,2,A,-,08,22100,A,N,H,A,A,A,H,-,A,D,0,NA,NA,NA,NA,Y,NA,-,NA,0,0,1,0,0,0,0,0,0,-,-,34.09775161743164,-117.90654754638672,LOS ANGELES,COVINA,-117.90768432617188,34.09769058227539
8623236,2018,2018-06-06,1900,2018-05-15,0745,489417,2617,2,5,6,1950,0,0,0,NA,0,261T1,AVENUE M-8,50TH ST WEST,0,NA,Y,A,-,N,NA,NA,NA,NA,NA,NA,NA,NA,NA,Y,4,0,1,2,A,-,03,22350,NA,N,C,C,A,A,H,-,A,A,0,NA,NA,NA,NA,Y,NA,D,22,0,0,1,0,0,0,0,0,0,-,-,34.63819122314453,-118.22766876220705,LOS ANGELES,PALMDALE,-118.21863,34.6382
8623248,2018,2018-06-08,1942,2018-05-09,1240,35769,0119,3,5,7,1942,0,0,0,A,0,1A35,VIGNES ST,RAMIREZ ST,27,N,N,A,-,N,NA,NA,NA,NA,NA,NA,NA,NA,NA,N,3,0,1,2,A,-,10,21950,NA,N,-,B,B,A,H,-,A,A,0,Y,NA,NA,NA,Y,NA,I,20,0,1,0,0,1,0,0,0,0,-,-,NA,NA,LOS ANGELES,LOS ANGELES,-118.23221588134766,34.055152893066406
8623252,2018,2018-06-11,1942,2018-05-04,1110,38357,0192,5,5,7,1942,0,0,0,A,0,24TL27,FLOWER ST,PICO BL,520,S,N,A,-,N,NA,NA,NA,NA,NA,NA,NA,NA,NA,N,4,0,4,2,A,-,09,21453,C,N,D,F,A,A,H,-,A,D,0,NA,NA,NA,NA,Y,NA,D,22,0,0,4,0,0,0,0,0,0,-,-,NA,NA,LOS ANGELES,LOS ANGELES,-118.26771545410156,34.03881072998047
8623256,2018,2018-06-08,1942,2018-05-09,1325,43016,0162,3,5,7,1942,0,0,0,A,0,4A56,W 7TH ST,S FIGUEROA ST,0,NA,Y,A,-,N,NA,NA,NA,NA,NA,NA,NA,NA,NA,N,4,0,2,2,A,-,11,21456,B,N,G,B,B,A,H,-,A,A,0,Y,NA,NA,NA,Y,NA,-,-,0,0,2,0,0,0,0,0,0,-,-,NA,NA,LOS ANGELES,LOS ANGELES,-118.25991058349608,34.04941940307617
8623272,2018,2018-06-05,1942,2018-04-26,0710,39010,1151,4,5,7,1942,0,0,0,K,0,11A51,SUNSET BL,VERMONT AV,0,NA,Y,A,-,N,NA,NA,NA,NA,NA,NA,NA,NA,NA,Y,3,0,2,3,A,-,09,21801,A,N,D,C,A,A,H,-,A,A,0,NA,NA,NA,NA,Y,NA,A,01,0,1,1,0,0,0,0,0,0,-,-,NA,NA,LOS ANGELES,LOS ANGELES,-118.2917709350586,34.098148345947266
8623295,2018,2018-06-15,1900,2018-04-30,0853,600608,0451,1,5,6,1949,0,0,0,NA,0,43T1,FIRESTONE BL,STUDEBAKER RD,200,E,N,A,-,N,NA,NA,NA,NA,NA,NA,NA,NA,NA,NA,3,0,2,2,A,-,04,21703,NA,N,C,C,A,A,H,-,A,D,0,NA,NA,NA,Y,Y,NA,A,01,0,2,0,0,0,0,0,0,0,-,-,NA,NA,LOS ANGELES,NORWALK,-118.09877014160156,33.92190170288086
8623321,2018,2018-06-13,1900,2018-05-04,1140,522518,0562,5,5,3,1968,0,0,0,NA,0,55AM,DURFEE AV,RUSH ST,5,S,N,A,-,N,NA,NA,NA,NA,NA,NA,NA,NA,NA,N,3,0,1,3,A,-,12,21453,A,N,D,C,A,A,H,-,A,A,0,NA,NA,NA,NA,Y,NA,D,22,0,1,0,0,0,0,0,0,0,-,-,34.045650482177734,-118.0298309326172,LOS ANGELES,SOUTH EL MONTE,-118.02991485595705,34.045711517333984
8623339,2018,2018-06-07,1942,2018-05-05,2010,42008,1179,6,5,7,1942,0,0,0,K,0,11A89,CARLOTA BL,AVENUE 37,0,NA,Y,A,-,N,NA,NA,NA,NA,NA,NA,NA,NA,NA,N,4,0,2,2,A,-,01,23152,A,N,A,C,A,A,H,-,C,A,0,NA,NA,NA,NA,Y,Y,D,22,0,0,2,0,0,0,0,0,0,-,-,NA,NA,LOS ANGELES,LOS ANGELES,-118.20987701416016,34.08810043334961
8623346,2018,2018-06-12,1925,2018-05-10,1512,21092,108,4,5,6,1925,0,0,0,NA,0,005,BOSTON AV,FOOTHILL BL,0,NA,Y,A,-,N,NA,NA,NA,NA,NA,NA,NA,NA,NA,Y,3,0,2,5,A,-,12,21453,A,N,D,C,A,A,H,-,A,A,0,NA,NA,NA,NA,Y,NA,A,01,0,2,0,0,0,0,0,0,0,-,-,NA,NA,LOS ANGELES,GLENDALE,-118.26175689697266,34.23768997192383
8623352,2018,2018-06-06,1942,2018-05-19,1630,42171,0138,6,5,7,1942,0,0,0,A,0,1A29,S CENTRAL AV,4TH ST,0,NA,Y,A,-,N,NA,NA,NA,NA,NA,NA,NA,NA,NA,N,4,0,1,2,A,-,12,21453,A,N,A,G,A,A,H,-,A,A,0,NA,Y,NA,NA,Y,NA,L,04,0,0,1,0,0,0,1,0,0,-,-,NA,NA,LOS ANGELES,LOS ANGELES,-118.23970794677734,34.043800354003906
8623355,2018,2019-01-18,1922,2018-04-08,1211,687,NA,7,5,6,1922,0,0,0,NA,0,001,LOWER AZUSA RD,PECK RD,255,W,N,A,-,N,NA,NA,NA,NA,NA,NA,NA,NA,NA,Y,1,1,1,2,A,-,07,21658,A,N,C,C,A,A,H,-,A,A,0,NA,NA,NA,Y,Y,NA,A,01,0,1,0,0,0,0,0,0,0,-,-,34.090938568115234,-118.01448059082033,LOS ANGELES,EL MONTE,-118.015380859375,34.091033935546875
8623356,2018,2018-07-09,1942,2018-05-18,1600,41809,192,5,5,7,1942,0,0,0,NA,0,1X18,WASHINGTON BL,HILL ST,36,W,N,A,-,N,NA,NA,NA,NA,NA,NA,NA,NA,NA,N,4,0,1,2,A,-,08,22100,A,N,B,C,A,A,H,-,A,A,0,NA,NA,NA,NA,Y,NA,D,22,0,0,1,0,0,0,0,0,0,-,-,NA,NA,LOS ANGELES,LOS ANGELES,-118.26688385009766,34.03196334838867
8623435,2018,2018-06-13,1922,2018-05-10,0907,594,NA,4,5,6,1922,0,0,0,NA,0,NA,PECK RD,LAMBERT AV,0,NA,Y,A,-,N,NA,NA,NA,NA,NA,NA,NA,NA,NA,N,3,0,1,2,A,-,10,21950,A,N,G,B,B,A,H,-,A,A,0,Y,NA,NA,NA,Y,NA,D,22,0,1,0,0,1,0,0,0,0,-,-,34.08222961425781,-118.01873016357422,LOS ANGELES,EL MONTE,-118.01883697509766,34.08219909667969