CASE_ID,ACCIDENT_YEAR,PROC_DATE,JURIS,COLLISION_DATE,COLLISION_TIME,OFFICER_ID,REPORTING_DISTRICT,DAY_OF_WEEK,CHP_SHIFT,POPULATION,CNTY_CITY_LOC,SPECIAL_COND,BEAT_TYPE,CHP_BEAT_TYPE,CITY_DIVISION_LAPD,CHP_BEAT_CLASS,BEAT_NUMBER,PRIMARY_RD,SECONDARY_RD,DISTANCE,DIRECTION,INTERSECTION,WEATHER_1,WEATHER_2,STATE_HWY_IND,CALTRANS_COUNTY,CALTRANS_DISTRICT,STATE_ROUTE,ROUTE_SUFFIX,POSTMILE_PREFIX,POSTMILE,LOCATION_TYPE,RAMP_INTERSECTION,SIDE_OF_HWY,TOW_AWAY,COLLISION_SEVERITY,NUMBER_KILLED,NUMBER_INJURED,PARTY_COUNT,PRIMARY_COLL_FACTOR,PCF_CODE_OF_VIOL,PCF_VIOL_CATEGORY,PCF_VIOLATION,PCF_VIOL_SUBSECTION,HIT_AND_RUN,TYPE_OF_COLLISION,MVIW,PED_ACTION,ROAD_SURFACE,ROAD_COND_1,ROAD_COND_2,LIGHTING,CONTROL_DEVICE,CHP_ROAD_TYPE,PEDESTRIAN_ACCIDENT,BICYCLE_ACCIDENT,MOTORCYCLE_ACCIDENT,TRUCK_ACCIDENT,NOT_PRIVATE_PROPERTY,ALCOHOL_INVOLVED,STWD_VEHTYPE_AT_FAULT,CHP_VEHTYPE_AT_FAULT,COUNT_SEVERE_INJ,COUNT_VISIBLE_INJ,COUNT_COMPLAINT_PAIN,COUNT_PED_KILLED,COUNT_PED_INJURED,COUNT_BICYCLIST_KILLED,COUNT_BICYCLIST_INJURED,COUNT_MC_KILLED,COUNT_MC_INJURED,PRIMARY_RAMP,SECONDARY_RAMP,LATITUDE,LONGITUDE,COUNTY,CITY,POINT_X,POINT_Y
8625103,2018,2018-05-29,1942,2018-04-26,0925,39010,1352,4,5,7,1942,0,0,0,M,0,13A61,MAIN ST,46TH ST,59,S,N,A,-,N,NA,NA,NA,NA,NA,NA,NA,NA,NA,Y,4,0,1,2,A,-,03,22350,NA,N,C,C,A,A,H,-,A,A,0,NA,NA,NA,NA,Y,NA,A,07,0,0,1,0,0,0,0,0,0,-,-,NA,NA,LOS ANGELES,LOS ANGELES,-118.27399444580078,34.00184631347656
8625107,2018,2018-05-29,1942,2018-04-18,1720,39759,1341,3,5,7,1942,0,0,0,M,0,13A41,E MARTIN LUTHER KING BL,S MAIN ST,0,NA,Y,A,-,N,NA,NA,NA,NA,NA,NA,NA,NA,NA,N,4,0,1,2,A,-,09,21801,A,N,D,C,A,A,H,-,A,A,0,NA,NA,NA,NA,Y,NA,A,01,0,0,1,0,0,0,0,0,0,-,-,NA,NA,LOS ANGELES,LOS ANGELES,-118.27401733398438,34.01115036010742
8625111,2018,2018-05-29,1942,2018-04-18,0925,38502,1362,3,5,7,1942,0,0,0,M,0,13A61,MAIN ST,E 51ST ST,0,NA,Y,A,-,N,NA,NA,NA,NA,NA,NA,NA,NA,NA,N,4,0,1,2,A,-,09,21801,A,N,D,C,A,A,H,-,A,D,0,NA,NA,Y,NA,Y,NA,A,08,0,0,1,0,0,0,0,0,1,-,-,NA,NA,LOS ANGELES,LOS ANGELES,-118.2739715576172,33.996490478515625
8625115,2018,2018-05-29,1942,2018-04-17,0805,38233,1362,2,5,7,1942,0,0,0,M,0,13A61,S MAIN ST,52ND ST,9,W,N,A,-,N,NA,NA,NA,NA,NA,NA,NA,NA,NA,N,4,0,1,2,A,-,00,21952,A,N,H,-,F,A,H,-,A,D,0,Y,Y,NA,NA,Y,NA,L,04,0,0,1,0,1,0,0,0,0,-,-,NA,NA,LOS ANGELES,LOS ANGELES,-118.2739715576172,33.99557113647461
8625119,2018,2018-05-29,1942,2018-04-30,1240,39299,1383,1,5,7,1942,0,0,0,M,0,13A93,BROADWAY,SLAUSON AV,0,NA,Y,A,-,N,NA,NA,NA,NA,NA,NA,NA,NA,NA,Y,4,0,2,3,A,-,12,21453,A,N,D,C,A,A,H,-,A,A,0,NA,NA,NA,NA,Y,NA,A,01,0,0,2,0,0,0,0,0,0,-,-,NA,NA,LOS ANGELES,LOS ANGELES,-118.2782974243164,33.98918151855469
8625124,2017,2018-06-05,1916,2017-12-16,1752,2872,W38C1,6,5,4,1916,0,0,0,NA,0,WEST,COVINA BL,CITRUS AV,0,NA,Y,A,-,N,NA,NA,NA,NA,NA,NA,NA,NA,NA,Y,4,0,1,2,A,-,09,21801,A,N,D,C,A,A,H,-,C,A,0,NA,NA,NA,NA,Y,Y,A,01,0,0,1,0,0,0,0,0,0,-,-,NA,NA,LOS ANGELES,COVINA,-117.89019006,34.09943007
8625147,2018,2018-06-05,1942,2018-03-23,2230,41129,1488,5,5,7,1942,0,0,0,N,0,14A56,AIRPORT BL,98TH ST,31,N,N,A,-,N,NA,NA,NA,NA,NA,NA,NA,NA,NA,N,4,0,1,2,A,-,11,21954,A,N,G,B,D,A,H,-,C,A,0,Y,NA,NA,NA,Y,NA,N,60,0,0,1,0,1,0,0,0,0,-,-,NA,NA,LOS ANGELES,LOS ANGELES,-118.385986328125,33.947425842285156
8625160,2018,2018-06-01,1916,2018-04-18,1448,2378,E48S1,3,5,4,1916,0,0,0,NA,0,EAST,GRAND AV,PUENTE ST,0,NA,Y,A,-,N,NA,NA,NA,NA,NA,NA,NA,NA,NA,Y,4,0,1,2,A,-,09,21801,A,N,D,C,A,A,H,-,A,A,0,NA,NA,NA,NA,Y,NA,A,01,0,0,1,0,0,0,0,0,0,-,-,34.08251190185547,-117.8725814819336,LOS ANGELES,COVINA,-117.87242889404295,34.08250045776367
8625161,2018,2018-06-08,1942,2018-05-10,0740,33458,1685,4,5,7,1942,0,0,0,P,0,16A81,TUXFORD ST,TELFAIR AV,0,NA,Y,A,-,N,NA,NA,NA,NA,NA,NA,NA,NA,NA,Y,3,0,2,3,A,-,09,21801,A,N,D,C,A,A,H,-,A,A,0,NA,NA,NA,Y,Y,NA,A,01,0,1,1,0,0,0,0,0,0,-,-,NA,NA,LOS ANGELES,LOS ANGELES,-118.38453674316406,34.224891662597656
8625163,2018,2018-10-12,1942,2018-05-16,1952,37511,1453,3,5,7,1942,0,0,0,N,0,7T23,PALMS BL,WALGROVE AV,20,W,N,A,-,N,NA,NA,NA,NA,NA,NA,NA,NA,NA,Y,4,0,1,2,A,-,01,23152,A,F,C,C,A,A,H,-,A,A,0,NA,NA,NA,NA,Y,NA,D,22,0,0,1,0,0,0,0,0,0,-,-,NA,NA,LOS ANGELES,LOS ANGELES,-118.4511489868164,34.00339126586914
8625165,2018,2018-05-31,1942,2018-05-04,0845,39217,1685,5,5,7,1942,0,0,0,P,0,16A81,TUXFORD ST,LANKERSHIM BL,218,E,N,A,-,N,NA,NA,NA,NA,NA,NA,NA,NA,NA,Y,4,0,1,2,A,-,09,21804,A,N,D,C,A,A,H,-,A,D,0,NA,NA,NA,NA,Y,NA,D,22,0,0,1,0,0,0,0,0,0,-,-,NA,NA,LOS ANGELES,LOS ANGELES,-118.38729095458984,34.222900390625
8625167,2018,2018-06-06,1942,2018-05-11,1845,41082,2073,5,5,7,1942,0,0,0,NA,0,20A39,VENICE BL,HOBART BL,0,NA,Y,A,-,N,NA,NA,NA,NA,NA,NA,NA,NA,NA,Y,3,0,3,3,A,-,09,21802,A,N,D,C,A,A,H,-,A,A,0,NA,NA,NA,NA,Y,NA,A,01,0,1,2,0,0,0,0,0,0,-,-,NA,NA,LOS ANGELES,LOS ANGELES,-118.30529022216795,34.043609619140625
8625168,2018,2018-06-04,1916,2018-04-27,1029,2378,D26R1,5,5,4,1916,0,0,0,NA,0,DOWNTO,CYPRESS ST,VICEROY AV,18,W,N,A,-,N,NA,NA,NA,NA,NA,NA,NA,NA,NA,N,3,0,2,2,A,-,05,21650,NA,N,B,C,A,A,H,-,A,D,0,NA,NA,NA,NA,Y,NA,A,01,0,2,0,0,0,0,0,0,0,-,-,34.095741271972656,-117.8910903930664,LOS ANGELES,COVINA,-117.89118194580078,34.09574890136719
8625175,2018,2018-06-06,1942,2018-05-10,1740,39844,0774,4,5,7,1942,0,0,0,G,0,7A85,LA BREA AV,PICKFORD ST,0,NA,Y,A,-,N,NA,NA,NA,NA,NA,NA,NA,NA,NA,Y,4,0,1,3,A,-,08,21460,5,F,D,C,A,A,H,-,A,A,0,NA,NA,NA,NA,Y,NA,A,07,0,0,1,0,0,0,0,0,0,-,-,NA,NA,LOS ANGELES,LOS ANGELES,-118.34674835205078,34.042388916015625
8625176,2018,2018-06-01,1916,2018-03-30,1721,2819,D36S1,5,5,4,1916,0,0,0,NA,0,DOWNT,BARRANCA AV,WORKMAN AV,0,NA,Y,A,-,N,NA,NA,NA,NA,NA,NA,NA,NA,NA,N,4,0,1,3,A,-,03,22350,NA,N,C,C,A,A,H,-,A,A,0,NA,NA,NA,NA,Y,NA,D,22,0,0,1,0,0,0,0,0,0,-,-,34.07529067993164,-117.88134765625,LOS ANGELES,COVINA,-117.88128662109376,34.07527160644531
8625188,2018,2018-06-04,1916,2018-02-24,1714,2565,D34M1,6,5,4,1916,0,0,0,NA,0,00E,BARRANCA AV,PUENTE ST,0,NA,Y,A,-,N,NA,NA,NA,NA,NA,NA,NA,NA,NA,Y,4,0,1,2,A,-,09,21801,A,N,D,C,A,A,H,-,B,A,0,NA,NA,NA,NA,Y,NA,A,01,0,0,1,0,0,0,0,0,0,-,-,34.082550048828125,-117.88131713867188,LOS ANGELES,COVINA,-117.88130950927734,34.08256149291992
8625191,2018,2018-06-04,1916,2018-01-14,2104,2226,E45C1,7,5,4,1916,0,0,0,NA,0,EAST,GRAND AV,CYPRESS ST,0,NA,Y,A,-,N,NA,NA,NA,NA,NA,NA,NA,NA,NA,Y,3,0,3,2,A,-,09,21801,A,N,D,C,A,A,H,-,C,A,0,NA,NA,NA,NA,Y,NA,A,01,0,2,1,0,0,0,0,0,0,-,-,NA,NA,LOS ANGELES,COVINA,-117.87265014648438,34.095699310302734
8625195,2018,2018-06-04,1916,2018-01-17,0846,2235,W19C1,3,5,4,1916,0,0,0,NA,0,00W,AZUSA AV,BADILLO,10,S,N,A,-,N,NA,NA,NA,NA,NA,NA,NA,NA,NA,Y,4,0,1,2,A,-,08,22107,NA,N,D,C,A,A,D,-,A,A,0,NA,NA,Y,NA,Y,NA,A,01,0,0,1,0,0,0,0,0,1,-,-,34.08647155761719,-117.9076690673828,LOS ANGELES,COVINA,-117.90785217285156,34.08643341064453
8625196,2018,2018-06-04,1916,2018-02-28,0648,2843,W6M1,3,5,4,1916,0,0,0,NA,0,WEST,SAN BERNARDINO RD,LARK ELLEN AV,98,W,N,A,-,N,NA,NA,NA,NA,NA,NA,NA,NA,NA,Y,3,0,1,2,A,-,03,22350,NA,N,C,C,A,A,H,-,A,A,0,NA,NA,NA,NA,Y,NA,A,01,0,1,0,0,0,0,0,0,0,-,-,34.08842849731445,-117.91658782958984,LOS ANGELES,COVINA,-117.91693115234376,34.088409423828125
8625200,2018,2018-06-01,1916,2018-03-26,1706,2565,E49R1,1,5,4,1916,0,0,0,NA,0,00E,BADILLO ST,GRANDVIEW AV,0,NA,Y,A,-,N,NA,NA,NA,NA,NA,NA,NA,NA,NA,Y,3,0,1,2,A,-,09,21804,A,N,D,C,A,A,H,-,A,A,0,NA,NA,NA,NA,Y,NA,A,01,0,1,0,0,0,0,0,0,0,-,-,34.08612060546875,-117.87702941894533,LOS ANGELES,COVINA,-117.8790283203125,34.08612060546875
8625201,2018,2018-05-30,1942,2018-05-13,1025,41952,0265,7,5,7,1942,0,0,0,B,0,2A75,ALVARADO ST,JAMES M WOOD BL,200,N,N,B,-,N,NA,NA,NA,NA,NA,NA,NA,NA,NA,Y,4,0,1,2,A,-,09,21804,NA,F,D,C,A,A,H,-,A,D,0,NA,NA,NA,NA,Y,NA,A,01,0,0,1,0,0,0,0,0,0,-,-,NA,NA,LOS ANGELES,LOS ANGELES,-118.278483,34.053848
8625205,2018,2018-08-21,1942,2018-05-11,0835,38330,0404,5,5,7,1942,0,0,0,D,0,4A15,AVE 60,RT 110,0,NA,Y,A,-,Y,LA,7,110,-,-,28.841,R,4,N,N,4,0,1,2,A,-,04,21703,NA,F,C,C,A,A,H,-,A,D,0,NA,NA,NA,NA,Y,NA,A,01,0,0,1,0,0,0,0,0,0,-,-,NA,NA,LOS ANGELES,LOS ANGELES,-118.18521881103516,34.10853576660156
8625237,2018,2018-05-30,1942,2018-05-08,1805,37631,1118,2,5,7,1942,0,0,0,K,0,11A42,NORTH FIGUEROA ST,AVENUE 59,0,NA,Y,A,-,N,NA,NA,NA,NA,NA,NA,NA,NA,NA,N,2,0,1,2,A,-,10,21950,A,N,G,B,B,A,H,-,A,A,0,Y,NA,NA,NA,Y,NA,A,01,1,0,0,0,1,0,0,0,0,-,-,NA,NA,LOS ANGELES,LOS ANGELES,-118.19098663330078,34.11048889160156
8625328,2018,2018-06-11,1956,2018-01-26,1612,1301,37,5,5,5,1956,0,0,0,NA,0,003,AVIATION BL,GRANT AV,0,NA,Y,A,-,N,NA,NA,NA,NA,NA,NA,NA,NA,NA,N,4,0,1,2,A,-,10,21950,A,N,D,B,B,A,H,-,A,A,0,Y,NA,NA,NA,Y,NA,A,01,0,0,1,0,1,0,0,0,0,-,-,NA,NA,LOS ANGELES,REDONDO BEACH,-118.38265228271484,33.8691291809082
8625336,2018,2018-06-11,1972,2018-01-13,1743,21303,NA,6,5,6,1972,0,0,0,NA,0,NA,CARSON ST,TALISMAN ST,300,W,N,A,-,N,NA,NA,NA,NA,NA,NA,NA,NA,NA,N,4,0,1,2,A,-,09,21804,A,N,A,G,A,A,H,-,C,D,0,NA,Y,NA,NA,Y,NA,L,NA,0,0,1,0,0,0,1,0,0,-,-,NA,NA,LOS ANGELES,TORRANCE,-118.35802459716795,33.83099365234375
8625340,2018,2018-05-31,1972,2018-01-30,1008,17616,NA,2,5,6,1972,0,0,0,NA,0,NA,WESTERN,186,0,NA,Y,A,-,N,NA,NA,NA,NA,NA,NA,NA,NA,NA,Y,3,0,2,2,A,-,09,21802,A,N,D,C,A,A,H,-,A,D,0,NA,NA,NA,NA,Y,NA,A,NA,0,1,1,0,0,0,0,0,0,-,-,NA,NA,LOS ANGELES,TORRANCE,-118.30915069580078,33.86198043823242
8625344,2018,2018-05-31,1972,2018-01-11,1058,14197,NA,4,5,6,1972,0,0,0,NA,0,NA,SEPULVEDA BL,HICKORY AV,0,NA,Y,A,-,N,NA,NA,NA,NA,NA,NA,NA,NA,NA,N,4,0,1,2,A,-,10,21950,A,N,G,B,B,A,H,-,A,A,0,Y,NA,NA,NA,Y,NA,A,NA,0,0,1,0,1,0,0,0,0,-,-,NA,NA,LOS ANGELES,TORRANCE,-118.3345184326172,33.82310104370117
8625348,2018,2018-05-31,1972,2018-01-12,1020,18263,NA,5,5,6,1972,0,0,0,NA,0,NA,LOMITA,MEDICAL CENTER DR,288,W,N,A,-,N,NA,NA,NA,NA,NA,NA,NA,NA,NA,Y,4,0,1,2,A,-,09,21801,A,N,D,C,A,A,H,-,A,D,0,NA,NA,NA,NA,Y,NA,A,NA,0,0,1,0,0,0,0,0,0,-,-,NA,NA,LOS ANGELES,TORRANCE,-118.34567260742188,33.81346893310547
8625352,2018,2018-05-31,1972,2018-01-17,1606,19086,NA,3,5,6,1972,0,0,0,NA,0,NA,ANZA,CARSON,150,S,N,A,-,N,NA,NA,NA,NA,NA,NA,NA,NA,NA,N,4,0,1,2,A,-,03,22350,NA,N,C,C,A,A,H,-,A,D,0,NA,NA,NA,NA,Y,NA,A,NA,0,0,1,0,0,0,0,0,0,-,-,NA,NA,LOS ANGELES,TORRANCE,-118.36114501953124,33.82990264892578
8625356,2018,2018-05-31,1972,2018-01-19,1757,21205,NA,5,5,6,1972,0,0,0,NA,0,NA,CRENSHAW BL,234 ST,20,N,N,B,-,N,NA,NA,NA,NA,NA,NA,NA,NA,NA,Y,4,0,1,2,A,-,07,21658,A,N,H,A,A,A,H,-,C,A,0,NA,NA,Y,NA,Y,NA,A,NA,0,0,1,0,0,0,0,0,1,-,-,NA,NA,LOS ANGELES,TORRANCE,-118.32807159423828,33.813533782958984
8625360,2018,2018-05-31,1972,2018-01-21,0955,21089,NA,7,5,6,1972,0,0,0,NA,0,NA,HAAS,164TH ST,306,N,N,A,-,N,NA,NA,NA,NA,NA,NA,NA,NA,NA,Y,4,0,2,2,A,-,09,21801,A,N,A,C,A,A,H,-,A,D,0,NA,NA,NA,NA,Y,NA,A,NA,0,0,2,0,0,0,0,0,0,-,-,NA,NA,LOS ANGELES,TORRANCE,-118.31684112548828,33.88277816772461
8625363,2018,2018-05-31,1972,2018-01-24,1250,17616,NA,3,5,6,1972,0,0,0,NA,0,NA,PRAIRIE,182ND,200,N,N,A,-,N,NA,NA,NA,NA,NA,NA,NA,NA,NA,Y,4,0,1,3,A,-,05,21650,NA,N,B,C,A,A,H,-,A,D,0,NA,NA,NA,NA,Y,NA,A,NA,0,0,1,0,0,0,0,0,0,-,-,NA,NA,LOS ANGELES,TORRANCE,-118.34381103515624,33.866127014160156
8625364,2018,2018-05-29,1972,2018-03-28,1802,18450,NA,3,5,6,1972,0,0,0,NA,0,NA,182ND ST,REGINA AV,0,NA,Y,A,-,N,NA,NA,NA,NA,NA,NA,NA,NA,NA,Y,4,0,1,2,A,-,09,21801,A,N,D,C,A,A,H,-,A,D,0,NA,NA,NA,NA,Y,NA,A,NA,0,0,1,0,0,0,0,0,0,-,-,NA,NA,LOS ANGELES,TORRANCE,-118.34925079345705,33.86555862426758
8625367,2018,2018-05-31,1972,2018-01-26,1448,18450,NA,5,5,6,1972,0,0,0,NA,0,NA,ARLINGTON AV,SANTA FE AV,248,N,N,A,-,N,NA,NA,NA,NA,NA,NA,NA,NA,NA,Y,4,0,2,2,A,-,21,22106,NA,N,D,C,A,A,H,-,A,D,0,NA,NA,NA,NA,Y,NA,A,NA,0,0,2,0,0,0,0,0,0,-,-,NA,NA,LOS ANGELES,TORRANCE,-118.31864166259766,33.82234191894531
8625368,2018,2018-05-29,1972,2018-03-29,1327,21302,NA,4,5,6,1972,0,0,0,NA,0,NA,VAN NESS,DOMINGUEZ,0,NA,Y,A,-,N,NA,NA,NA,NA,NA,NA,NA,NA,NA,Y,4,0,1,2,A,-,12,21453,A,N,D,C,A,A,H,-,A,A,0,NA,NA,NA,NA,Y,NA,A,NA,0,0,1,0,0,0,0,0,0,-,-,NA,NA,LOS ANGELES,TORRANCE,-118.31877136230467,33.84103012084961
8625371,2018,2018-05-31,1972,2018-01-26,1827,21205,NA,5,5,6,1972,0,0,0,NA,0,NA,TORRANCE BL,WESTERN AV,0,NA,Y,A,-,N,NA,NA,NA,NA,NA,NA,NA,NA,NA,Y,4,0,2,2,A,-,09,21453,C,N,B,C,A,A,H,-,C,A,0,NA,NA,NA,NA,Y,NA,A,NA,0,0,2,0,0,0,0,0,0,-,-,NA,NA,LOS ANGELES,TORRANCE,-118.30931854248048,33.838279724121094
8625372,2018,2018-05-29,1972,2018-03-10,1501,18750,NA,6,5,6,1972,0,0,0,NA,0,NA,182ND ST,HAWTHORNE BL,250,E,N,C,-,N,NA,NA,NA,NA,NA,NA,NA,NA,NA,N,4,0,1,2,A,-,03,22350,NA,N,C,C,A,B,H,-,A,D,0,NA,NA,NA,NA,Y,NA,A,NA,0,0,1,0,0,0,0,0,0,-,-,NA,NA,LOS ANGELES,TORRANCE,-118.35269927978516,33.86552047729492
8625376,2018,2018-05-29,1972,2018-03-03,2321,20987,NA,6,5,6,1972,0,0,0,NA,0,NA,TORRANCE BL,CRAVENS AV,0,NA,Y,B,-,N,NA,NA,NA,NA,NA,NA,NA,NA,NA,N,4,0,1,2,A,-,09,21802,A,N,A,D,A,A,H,-,C,D,0,NA,NA,NA,NA,Y,NA,-,NA,0,0,1,0,0,0,0,0,0,-,-,NA,NA,LOS ANGELES,TORRANCE,-118.31977081298828,33.83641052246094
8625379,2018,2018-05-30,1907,2018-02-07,0745,193,2,3,5,4,1907,0,0,0,NA,0,NA,PALM AV,FILMORE AV,0,NA,Y,A,-,N,NA,NA,NA,NA,NA,NA,NA,NA,NA,N,3,0,1,2,A,-,10,21950,A,N,G,B,B,A,H,-,A,A,0,Y,NA,NA,NA,Y,NA,A,01,0,1,0,0,1,0,0,0,0,-,-,33.9787483215332,-118.17884063720705,LOS ANGELES,BELL,-118.17887878417967,33.978729248046875
8625387,2018,2018-07-05,1972,2018-02-26,1528,19318,NA,1,5,6,1972,0,0,0,NA,0,NA,REDBEAM AV,DEL AMO BL,300,N,N,A,-,N,NA,NA,NA,NA,NA,NA,NA,NA,NA,Y,4,0,1,2,A,-,08,22107,NA,N,A,E,A,A,H,-,A,D,0,NA,NA,NA,NA,Y,NA,A,NA,0,0,1,0,0,0,0,0,0,-,-,NA,NA,LOS ANGELES,TORRANCE,-118.37512969970705,33.84953689575195
8625388,2018,2018-05-29,1966,2018-04-26,0754,10892,4,4,5,3,1966,0,0,0,NA,0,NA,MOUNTAIN TRL,MONTECITO AV,0,NA,Y,A,-,N,NA,NA,NA,NA,NA,NA,NA,NA,NA,Y,3,0,2,2,A,-,04,21703,NA,N,C,C,A,A,H,-,A,D,0,NA,NA,NA,NA,Y,NA,A,01,0,1,1,0,0,0,0,0,0,-,-,NA,NA,LOS ANGELES,SIERRA MADRE,-118.0481414794922,34.16313171386719
8625391,2018,2018-07-30,1972,2018-02-27,2043,21303,NA,2,5,6,1972,0,0,0,NA,0,NA,ARTESIA,YUKON AV,550,E,N,A,-,N,NA,NA,NA,NA,NA,NA,NA,NA,NA,Y,4,0,1,3,A,-,09,21804,A,N,C,C,A,A,H,-,C,D,0,NA,NA,NA,NA,Y,NA,A,NA,0,0,1,0,0,0,0,0,0,-,-,NA,NA,LOS ANGELES,TORRANCE,-118.3333740234375,33.87289810180664
8625392,2018,2018-05-29,1966,2018-04-23,1644,10831,1,1,5,3,1966,0,0,0,NA,0,NA,LIMA ST,HIGHLAND AV,411,S,N,A,-,N,NA,NA,NA,NA,NA,NA,NA,NA,NA,Y,4,0,1,1,A,-,01,23152,F,N,A,E,A,A,H,-,A,D,0,NA,NA,NA,NA,Y,NA,A,01,0,0,1,0,0,0,0,0,0,-,-,NA,NA,LOS ANGELES,SIERRA MADRE,-118.05982208251952,34.16316223144531
8625395,2018,2018-05-30,1972,2018-02-03,1725,15555,NA,6,5,6,1972,0,0,0,NA,0,NA,DEL AMO BL,MADISON ST,0,NA,Y,A,-,N,NA,NA,NA,NA,NA,NA,NA,NA,NA,Y,4,0,2,2,A,-,09,21802,A,N,D,C,A,A,H,-,B,A,0,NA,NA,NA,NA,Y,NA,A,NA,0,0,2,0,0,0,0,0,0,-,-,NA,NA,LOS ANGELES,TORRANCE,-118.34844970703124,33.84859085083008
8625399,2018,2018-05-30,1972,2018-02-05,0342,19752,NA,1,5,6,1972,0,0,0,NA,0,NA,DEL AMO BL,HAWTHORNE BL,1056,E,N,A,-,N,NA,NA,NA,NA,NA,NA,NA,NA,NA,Y,4,0,1,2,A,-,09,21801,A,N,D,C,A,A,H,-,C,D,0,NA,NA,Y,NA,Y,NA,A,NA,0,0,1,0,0,0,0,0,1,-,-,NA,NA,LOS ANGELES,TORRANCE,-118.35037994384766,33.84857940673828
8625403,2018,2018-05-30,1972,2018-02-05,1222,18059,NA,1,5,6,1972,0,0,0,NA,0,NA,ARTESIA,PRAIRIE,0,NA,Y,A,-,N,NA,NA,NA,NA,NA,NA,NA,NA,NA,N,4,0,2,2,A,-,03,22350,NA,N,C,C,A,A,H,-,A,A,0,NA,NA,NA,NA,Y,NA,A,NA,0,0,2,0,0,0,0,0,0,-,-,NA,NA,LOS ANGELES,TORRANCE,-118.34381866455078,33.872901916503906
8625407,2018,2018-05-30,1972,2018-02-10,1629,18450,NA,6,5,6,1972,0,0,0,NA,0,NA,DEL AMO BL,VAN NESS WY,885,W,N,A,-,N,NA,NA,NA,NA,NA,NA,NA,NA,NA,Y,4,0,1,3,A,-,04,21703,NA,N,C,C,A,A,H,-,A,D,0,NA,NA,NA,NA,Y,NA,A,NA,0,0,1,0,0,0,0,0,0,-,-,NA,NA,LOS ANGELES,TORRANCE,-118.32179260253906,33.846778869628906
8625411,2018,2018-05-30,1972,2018-02-19,1216,18059,NA,1,5,6,1972,0,0,0,NA,0,NA,182ND ST,YUKON,215,W,N,A,-,N,NA,NA,NA,NA,NA,NA,NA,NA,NA,Y,4,0,2,2,A,-,08,22107,NA,N,C,E,A,A,H,-,A,D,0,NA,NA,NA,NA,Y,NA,A,NA,0,0,2,0,0,0,0,0,0,-,-,NA,NA,LOS ANGELES,TORRANCE,-118.33584594726564,33.86557388305664
8625415,2018,2018-05-30,1972,2018-02-20,0743,14629,NA,2,5,6,1972,0,0,0,NA,0,NA,SEPULVEDA,ERIEL,0,NA,Y,A,-,N,NA,NA,NA,NA,NA,NA,NA,NA,NA,Y,4,0,2,3,A,-,09,21801,A,N,D,C,A,A,H,-,A,D,0,NA,NA,NA,NA,Y,NA,D,NA,0,0,2,0,0,0,0,0,0,-,-,NA,NA,LOS ANGELES,TORRANCE,-118.33019256591795,33.82223129272461
8625419,2018,2018-05-30,1972,2018-02-22,0759,14197,NA,4,5,6,1972,0,0,0,NA,0,NA,DEL AMO BL,CRENSHAW BL,0,NA,Y,A,-,N,NA,NA,NA,NA,NA,NA,NA,NA,NA,Y,4,0,1,2,A,-,12,21453,A,N,D,C,A,A,H,-,A,A,0,NA,NA,NA,NA,Y,NA,A,NA,0,0,1,0,0,0,0,0,0,-,-,NA,NA,LOS ANGELES,TORRANCE,-118.32887268066406,33.846988677978516
8625423,2018,2018-05-30,1972,2018-02-22,0954,14197,NA,4,5,6,1972,0,0,0,NA,0,NA,CRENSHAW BL,237TH ST,0,NA,Y,A,-,N,NA,NA,NA,NA,NA,NA,NA,NA,NA,Y,4,0,2,2,A,-,09,21801,A,N,D,C,A,A,H,-,A,A,0,NA,NA,NA,NA,Y,NA,A,NA,0,0,2,0,0,0,0,0,0,-,-,NA,NA,LOS ANGELES,TORRANCE,-118.32801818847656,33.80984878540039
8625435,2018,2018-05-29,1972,2018-03-21,0848,17616,NA,3,5,6,1972,0,0,0,NA,0,NA,CRENSHAW,ARTESIA,300,N,N,B,-,N,NA,NA,NA,NA,NA,NA,NA,NA,NA,N,4,0,1,2,A,-,21,22106,NA,N,C,C,A,A,H,-,A,A,0,NA,NA,NA,NA,Y,NA,A,NA,0,0,1,0,0,0,0,0,0,-,-,NA,NA,LOS ANGELES,TORRANCE,-118.32649993896484,33.873741149902344
8625439,2018,2018-05-29,1972,2018-03-21,1828,19767,NA,3,5,6,1972,0,0,0,NA,0,NA,VAN NESS AV,166TH ST,0,NA,Y,A,-,N,NA,NA,NA,NA,NA,NA,NA,NA,NA,Y,4,0,1,2,A,-,09,21801,A,N,D,C,A,A,H,-,A,A,0,NA,NA,NA,NA,Y,NA,A,NA,0,0,1,0,0,0,0,0,0,-,-,NA,NA,LOS ANGELES,TORRANCE,-118.31786346435548,33.88011932373047
8625456,2018,2018-06-04,1972,2018-03-26,0727,18263,NA,1,5,6,1972,0,0,0,NA,0,NA,WESTERN,DEL AMO,0,NA,Y,A,-,N,NA,NA,NA,NA,NA,NA,NA,NA,NA,Y,4,0,2,3,A,-,09,21801,A,N,D,C,A,A,H,-,A,A,0,NA,NA,NA,NA,Y,NA,A,NA,0,0,2,0,0,0,0,0,0,-,-,NA,NA,LOS ANGELES,TORRANCE,-118.3093032836914,33.846839904785156