CASE_ID,ACCIDENT_YEAR,PROC_DATE,JURIS,COLLISION_DATE,COLLISION_TIME,OFFICER_ID,REPORTING_DISTRICT,DAY_OF_WEEK,CHP_SHIFT,POPULATION,CNTY_CITY_LOC,SPECIAL_COND,BEAT_TYPE,CHP_BEAT_TYPE,CITY_DIVISION_LAPD,CHP_BEAT_CLASS,BEAT_NUMBER,PRIMARY_RD,SECONDARY_RD,DISTANCE,DIRECTION,INTERSECTION,WEATHER_1,WEATHER_2,STATE_HWY_IND,CALTRANS_COUNTY,CALTRANS_DISTRICT,STATE_ROUTE,ROUTE_SUFFIX,POSTMILE_PREFIX,POSTMILE,LOCATION_TYPE,RAMP_INTERSECTION,SIDE_OF_HWY,TOW_AWAY,COLLISION_SEVERITY,NUMBER_KILLED,NUMBER_INJURED,PARTY_COUNT,PRIMARY_COLL_FACTOR,PCF_CODE_OF_VIOL,PCF_VIOL_CATEGORY,PCF_VIOLATION,PCF_VIOL_SUBSECTION,HIT_AND_RUN,TYPE_OF_COLLISION,MVIW,PED_ACTION,ROAD_SURFACE,ROAD_COND_1,ROAD_COND_2,LIGHTING,CONTROL_DEVICE,CHP_ROAD_TYPE,PEDESTRIAN_ACCIDENT,BICYCLE_ACCIDENT,MOTORCYCLE_ACCIDENT,TRUCK_ACCIDENT,NOT_PRIVATE_PROPERTY,ALCOHOL_INVOLVED,STWD_VEHTYPE_AT_FAULT,CHP_VEHTYPE_AT_FAULT,COUNT_SEVERE_INJ,COUNT_VISIBLE_INJ,COUNT_COMPLAINT_PAIN,COUNT_PED_KILLED,COUNT_PED_INJURED,COUNT_BICYCLIST_KILLED,COUNT_BICYCLIST_INJURED,COUNT_MC_KILLED,COUNT_MC_INJURED,PRIMARY_RAMP,SECONDARY_RAMP,LATITUDE,LONGITUDE,COUNTY,CITY,POINT_X,POINT_Y
8625962,2018,2018-06-01,1942,2018-05-06,1355,39292,585,7,5,7,1942,0,0,0,NA,0,5A85,GAFFEY ST,20TH ST,20,S,N,A,-,N,NA,NA,NA,NA,NA,NA,NA,NA,NA,N,4,0,1,2,A,-,03,22350,NA,N,C,C,A,A,H,-,A,D,0,NA,NA,NA,NA,Y,NA,A,01,0,0,1,0,0,0,0,0,0,-,-,NA,NA,LOS ANGELES,LOS ANGELES,-118.29239654541016,33.72599411010742
8625966,2018,2018-06-01,1942,2018-05-16,0945,39022,0849,3,5,7,1942,0,0,0,H,0,8TL35,PICO BL,CORNING ST,100,E,N,A,-,N,NA,NA,NA,NA,NA,NA,NA,NA,NA,N,3,0,1,2,A,-,09,21804,A,F,G,B,F,A,H,-,A,D,0,Y,NA,NA,NA,Y,NA,-,99,0,1,0,0,1,0,0,0,0,-,-,NA,NA,LOS ANGELES,LOS ANGELES,-118.37703704833984,34.053504943847656
8625970,2018,2018-06-01,1942,2018-05-11,0345,39624,0889,5,5,7,1942,0,0,0,H,0,20TL59,S SHERBOURNE DR,CADILLAC AV,110,N,N,A,-,N,NA,NA,NA,NA,NA,NA,NA,NA,NA,Y,4,0,1,3,A,-,03,22350,NA,F,B,E,A,A,H,-,C,D,0,NA,NA,NA,NA,Y,NA,A,01,0,0,1,0,0,0,0,0,0,-,-,NA,NA,LOS ANGELES,LOS ANGELES,-118.38288116455078,34.040122985839844
8625974,2018,2018-06-01,1942,2018-05-14,2210,37575,1494,1,5,7,1942,0,0,0,N,0,7T23,CENTURY BL,AIRPORT BL,200,W,N,B,-,N,NA,NA,NA,NA,NA,NA,NA,NA,NA,N,4,0,2,3,A,-,04,21703,NA,N,C,C,A,A,H,-,C,D,0,NA,NA,NA,NA,Y,NA,A,01,0,0,2,0,0,0,0,0,0,-,-,NA,NA,LOS ANGELES,LOS ANGELES,-118.38671112060548,33.945579528808594
8625978,2018,2018-06-01,1942,2018-05-16,0020,43243,1454,3,5,7,1942,0,0,0,N,0,14A67,MINDANAO WY,GLENCOE AV,0,NA,Y,A,-,N,NA,NA,NA,NA,NA,NA,NA,NA,NA,Y,4,0,1,2,A,-,01,23152,A,N,A,D,A,A,H,-,C,A,0,NA,NA,NA,NA,Y,NA,A,08,0,0,1,0,0,0,0,0,0,-,-,NA,NA,LOS ANGELES,LOS ANGELES,-118.43727111816406,33.985538482666016
8625982,2018,2018-06-01,1942,2018-05-17,0842,38721,1443,4,5,7,1942,0,0,0,N,0,7T23,JEFFERSON BL,PLAYA VISTA DR,450,E,N,A,-,N,NA,NA,NA,NA,NA,NA,NA,NA,NA,N,4,0,1,2,A,-,11,21954,A,F,G,B,D,A,H,-,A,D,0,Y,NA,NA,NA,Y,NA,N,60,0,0,1,0,1,0,0,0,0,-,-,NA,NA,LOS ANGELES,LOS ANGELES,-118.42642974853516,33.97388458251953
8625986,2018,2018-06-01,1942,2018-05-10,0950,43222,2081,4,5,7,1942,0,0,0,NA,0,20A69,WASHINGTON BL,GRAMERCY PL,0,NA,Y,A,-,N,NA,NA,NA,NA,NA,NA,NA,NA,NA,N,4,0,1,2,A,-,09,21801,A,N,A,C,A,A,H,-,A,A,0,NA,NA,NA,NA,Y,NA,A,01,0,0,1,0,0,0,0,0,0,-,-,NA,NA,LOS ANGELES,LOS ANGELES,-118.31331634521484,34.03990936279297
8625990,2018,2018-06-01,1942,2018-05-03,1420,35729,2044,4,5,7,1942,0,0,0,NA,0,20A13,IROLO ST,JAMES M WOOD,175,S,N,A,-,N,NA,NA,NA,NA,NA,NA,NA,NA,NA,N,4,0,1,2,B,-,22,NA,NA,N,H,B,F,A,H,-,A,D,0,Y,Y,NA,NA,Y,NA,L,04,0,0,1,0,1,0,0,0,0,-,-,NA,NA,LOS ANGELES,LOS ANGELES,-118.300897,34.055399
8625993,2018,2018-05-31,1942,2018-05-01,1250,43157,0551,2,5,7,1942,0,0,0,E,0,5A85,WEYMOUTH,WESTERN,30,S,N,A,-,N,NA,NA,NA,NA,NA,NA,NA,NA,NA,Y,4,0,1,2,A,-,12,21453,A,N,A,C,A,A,H,-,A,A,0,NA,NA,NA,NA,Y,NA,A,01,0,0,1,0,0,0,0,0,0,-,-,NA,NA,LOS ANGELES,LOS ANGELES,-118.31021118164064,33.742069244384766
8625994,2018,2018-06-19,1942,2018-05-14,2330,40157,2034,1,5,7,1942,0,0,0,NA,0,20T59,7TH ST,ARDMORE AV,14,E,N,A,-,N,NA,NA,NA,NA,NA,NA,NA,NA,NA,Y,1,1,0,2,A,-,03,22350,NA,N,C,G,A,A,H,-,C,A,0,NA,Y,NA,NA,Y,NA,A,01,0,0,0,0,0,1,0,0,0,-,-,NA,NA,LOS ANGELES,LOS ANGELES,-118.3019561767578,34.059730529785156
8625998,2018,2018-06-05,1942,2018-05-05,0415,41353,2027,6,5,7,1942,0,0,0,NA,0,20A71,6TH ST,MARIPOSA AV,0,NA,Y,A,-,N,NA,NA,NA,NA,NA,NA,NA,NA,NA,Y,4,0,2,2,A,-,12,21453,A,N,D,C,A,A,H,-,C,A,0,NA,NA,Y,NA,Y,NA,A,01,0,0,2,0,0,0,0,0,1,-,-,NA,NA,LOS ANGELES,LOS ANGELES,-118.29917907714844,34.0636100769043
8626003,2018,2018-06-04,1942,2018-05-18,1525,37353,1999,5,5,7,1942,0,0,0,NA,0,19A93,MAMMOTH AV,LANARK ST,0,NA,Y,A,-,N,NA,NA,NA,NA,NA,NA,NA,NA,NA,N,4,0,1,2,A,-,12,22450,A,F,D,C,A,A,H,-,A,A,0,NA,NA,NA,NA,Y,NA,-,99,0,0,1,0,0,0,0,0,0,-,-,NA,NA,LOS ANGELES,LOS ANGELES,-118.43289947509766,34.21889114379883
8626004,2018,2018-06-06,1942,2018-05-17,0745,42565,0943,4,5,7,1942,0,0,0,I,0,9A41,BURBANK BL,VAN NUYS BL,7,W,N,A,-,N,NA,NA,NA,NA,NA,NA,NA,NA,NA,N,4,0,1,2,A,-,10,21950,A,F,G,B,B,A,H,-,A,D,0,Y,NA,NA,NA,Y,Y,-,99,0,0,1,0,1,0,0,0,0,-,-,NA,NA,LOS ANGELES,LOS ANGELES,-118.44876098632813,34.17211151123047
8626007,2018,2018-06-04,1942,2018-05-21,2035,40388,1794,1,5,7,1942,0,0,0,Q,0,17A67,PARTHENIA ST,ETIWANDA AV,345,W,N,B,-,N,NA,NA,NA,NA,NA,NA,NA,NA,NA,Y,4,0,1,3,A,-,03,22350,NA,F,B,C,A,A,H,-,C,A,0,NA,NA,NA,NA,Y,NA,A,01,0,0,1,0,0,0,0,0,0,-,-,NA,NA,LOS ANGELES,LOS ANGELES,-118.53348541259766,34.22868347167969
8626008,2018,2018-06-12,1942,2018-05-18,1526,37353,1999,5,5,7,1942,0,0,0,NA,0,19A93,MAMMOTH AV,LANARK ST,10,N,N,A,-,N,NA,NA,NA,NA,NA,NA,NA,NA,NA,N,4,0,1,2,A,-,21,22106,NA,F,H,C,A,A,H,-,A,A,0,NA,NA,NA,NA,Y,NA,-,99,0,0,1,0,0,0,0,0,0,-,-,NA,NA,LOS ANGELES,LOS ANGELES,-118.43292236328124,34.218910217285156
8626011,2018,2018-06-04,1942,2018-05-22,1455,34634,1743,2,5,7,1942,0,0,0,Q,0,17A35,DEVONSHIRE ST,RESEDA BL,0,NA,Y,B,-,N,NA,NA,NA,NA,NA,NA,NA,NA,NA,N,4,0,1,2,A,-,03,22350,NA,F,C,C,A,A,H,-,A,A,0,NA,NA,NA,NA,Y,NA,-,99,0,0,1,0,0,0,0,0,0,-,-,NA,NA,LOS ANGELES,LOS ANGELES,-118.5360870361328,34.257259368896484
8626012,2018,2018-06-06,1941,2018-05-05,1650,18-26992,NA,6,5,7,1941,0,0,0,NA,0,NA,SPRING ST,KILROY AIRPORT WY,0,NA,Y,B,-,N,NA,NA,NA,NA,NA,NA,NA,NA,NA,Y,2,0,1,1,A,-,07,21658,A,N,E,I,A,A,H,-,A,A,0,NA,NA,NA,NA,Y,NA,-,-,1,0,0,0,0,0,0,0,0,-,-,NA,NA,LOS ANGELES,LONG BEACH,-118.14727783203124,33.81044006347656
8626015,2018,2018-06-04,1942,2018-05-21,1800,38687,1782,1,5,7,1942,0,0,0,Q,0,17A81,TAMPA AV,PARTHENIA ST,0,NA,Y,A,-,N,NA,NA,NA,NA,NA,NA,NA,NA,NA,N,4,0,1,2,A,-,03,22350,NA,F,C,C,A,A,H,-,A,D,0,NA,NA,NA,NA,Y,NA,-,99,0,0,1,0,0,0,0,0,0,-,-,NA,NA,LOS ANGELES,LOS ANGELES,-118.55355072021484,34.22822952270508
8626016,2018,2018-06-06,1941,2018-05-05,1610,10133,NA,6,5,7,1941,0,0,0,NA,0,NA,ARTESIA BL,LONG BEACH BL,0,NA,Y,A,-,N,NA,NA,NA,NA,NA,NA,NA,NA,NA,Y,4,0,2,2,A,-,09,21801,A,N,B,C,A,A,H,-,A,A,0,NA,NA,NA,NA,Y,NA,A,NA,0,0,2,0,0,0,0,0,0,-,-,NA,NA,LOS ANGELES,LONG BEACH,-118.20278930664064,33.874359130859375
8626019,2018,2018-06-04,1942,2018-05-12,1740,40574,2155,6,5,7,1942,0,0,0,NA,0,21A43,VICTORY BL,TOPANGA CANYON BL,0,NA,Y,A,-,N,NA,NA,NA,NA,NA,NA,NA,NA,NA,N,4,0,1,2,A,-,04,21703,NA,F,-,C,A,-,H,-,A,A,0,NA,NA,NA,NA,Y,NA,-,99,0,0,1,0,0,0,0,0,0,-,-,NA,NA,LOS ANGELES,LOS ANGELES,-118.60588836669922,34.186920166015625
8626020,2018,2018-06-06,1941,2018-05-05,2038,11002,NA,6,5,7,1941,0,0,0,NA,0,NA,23RD ST,LIME AV,0,NA,Y,A,-,N,NA,NA,NA,NA,NA,NA,NA,NA,NA,N,3,0,1,2,A,-,11,21954,A,N,G,B,D,A,H,-,C,D,0,Y,NA,NA,NA,Y,NA,N,NA,0,1,0,0,1,0,0,0,0,-,-,NA,NA,LOS ANGELES,LONG BEACH,-118.1839599609375,33.79893112182617
8626024,2018,2018-06-06,1941,2018-05-05,0622,11119,NA,6,5,7,1941,0,0,0,NA,0,NA,DEL AMO BL,OREGON AV,0,NA,Y,A,-,N,NA,NA,NA,NA,NA,NA,NA,NA,NA,Y,4,0,1,2,A,-,09,21802,A,N,-,C,A,A,H,-,A,D,0,NA,NA,NA,NA,Y,NA,A,NA,0,0,1,0,0,0,0,0,0,-,-,NA,NA,LOS ANGELES,LONG BEACH,-118.20024871826172,33.8466911315918
8626027,2018,2018-06-04,1942,2018-05-14,1920,42314,1643,1,5,7,1942,0,0,0,P,0,16A59,EL DORADO AV,GARBER ST,0,NA,Y,A,-,N,NA,NA,NA,NA,NA,NA,NA,NA,NA,N,4,0,1,2,-,-,-,NA,NA,F,B,C,A,A,H,-,D,A,0,NA,NA,NA,NA,Y,NA,-,-,0,0,1,0,0,0,0,0,0,-,-,NA,NA,LOS ANGELES,LOS ANGELES,-118.41673278808594,34.25811004638672
8626028,2018,2018-06-06,1941,2018-05-05,1310,10911,NA,6,5,7,1941,0,0,0,NA,0,NA,CHERRY AV,BIRD WY,0,NA,Y,A,-,N,NA,NA,NA,NA,NA,NA,NA,NA,NA,N,3,0,1,2,A,-,06,21750,NA,N,B,C,A,A,H,-,A,D,0,NA,NA,Y,NA,Y,NA,C,NA,0,1,0,0,0,0,0,0,1,-,-,NA,NA,LOS ANGELES,LONG BEACH,-118.1677017211914,33.76844024658203
8626031,2018,2018-06-04,1942,2018-05-16,0715,26319,1641,3,5,7,1942,0,0,0,P,0,16A23,VAN NUYS BL,LAUREL CANYON BL,0,NA,Y,A,-,N,NA,NA,NA,NA,NA,NA,NA,NA,NA,N,4,0,1,2,A,-,10,21950,A,F,G,B,B,A,H,-,A,A,0,Y,NA,NA,NA,Y,NA,-,99,0,0,1,0,1,0,0,0,0,-,-,NA,NA,LOS ANGELES,LOS ANGELES,-118.43209838867188,34.2587890625
8626032,2018,2018-06-06,1941,2018-05-05,1244,10916,NA,6,5,7,1941,0,0,0,NA,0,NA,4TH ST,HERMOSA AV,0,NA,Y,A,-,N,NA,NA,NA,NA,NA,NA,NA,NA,NA,Y,4,0,1,2,D,-,00,NA,NA,N,B,C,A,A,H,-,A,D,0,NA,NA,NA,NA,Y,NA,-,-,0,0,1,0,0,0,0,0,0,-,-,NA,NA,LOS ANGELES,LONG BEACH,-118.1693115234375,33.77170944213867
8626035,2018,2018-06-04,1942,2018-05-08,1415,43166,1727,2,5,7,1942,0,0,0,Q,0,17A35,VANALDEN AV,NASHVILLE ST,0,NA,Y,A,-,N,NA,NA,NA,NA,NA,NA,NA,NA,NA,N,4,0,1,2,A,-,10,21950,A,F,G,B,B,A,H,-,A,D,0,Y,NA,NA,NA,Y,NA,-,99,0,0,1,0,1,0,0,0,0,-,-,NA,NA,LOS ANGELES,LOS ANGELES,-118.5477294921875,34.26845169067383
8626039,2018,2018-06-04,1942,2018-05-18,0744,42565,1727,5,5,7,1942,0,0,0,Q,0,17A35,CHATSWORTH ST,CREBS AV,17,S,N,B,-,N,NA,NA,NA,NA,NA,NA,NA,NA,NA,Y,3,0,2,2,A,-,01,23152,A,N,D,C,A,A,H,-,A,D,0,NA,NA,Y,NA,Y,NA,C,06,0,1,1,0,0,0,0,0,1,-,-,NA,NA,LOS ANGELES,LOS ANGELES,-118.54122924804688,34.264530181884766
8626043,2018,2018-06-04,1941,2018-05-06,1907,11013,NA,7,5,7,1941,0,0,0,NA,0,NA,19TH ST,OLIVE,8,W,N,A,-,N,NA,NA,NA,NA,NA,NA,NA,NA,NA,Y,4,0,1,2,A,-,12,22450,A,N,D,C,A,A,H,-,A,D,0,NA,NA,NA,NA,Y,NA,A,NA,0,0,1,0,0,0,0,0,0,-,-,NA,NA,LOS ANGELES,LONG BEACH,-118.18289947509766,33.79167938232422
8626047,2018,2018-06-06,1942,2018-05-13,0530,41840,0938,7,5,7,1942,0,0,0,I,0,9A19,WOODMAN AV,OXNARD ST,350,N,N,A,-,N,NA,NA,NA,NA,NA,NA,NA,NA,NA,Y,3,0,1,5,A,-,07,21658,A,F,B,C,A,A,H,-,B,A,0,NA,NA,NA,NA,Y,NA,-,99,0,1,0,0,0,0,0,0,0,-,-,NA,NA,LOS ANGELES,LOS ANGELES,-118.43124389648438,34.18035888671875
8626051,2018,2018-06-06,1942,2018-05-16,2045,40035,1008,3,5,7,1942,0,0,0,J,0,10A99,HAYVENHURST AV,SHERMAN WY,0,NA,Y,A,-,N,NA,NA,NA,NA,NA,NA,NA,NA,NA,Y,4,0,1,2,A,-,09,21801,A,F,D,C,A,A,H,-,C,A,0,NA,NA,NA,NA,Y,NA,-,99,0,0,1,0,0,0,0,0,0,-,-,NA,NA,LOS ANGELES,LOS ANGELES,-118.4924087524414,34.201229095458984
8626055,2018,2018-06-06,1942,2018-05-20,1735,40165,1034,7,5,7,1942,0,0,0,J,0,10A21,RESEDA BL,ERWIN ST,278,N,N,B,-,N,NA,NA,NA,NA,NA,NA,NA,NA,NA,N,3,0,1,2,A,-,11,21956,A,F,G,B,D,A,H,-,A,D,0,Y,NA,NA,NA,Y,NA,N,60,0,1,0,0,1,0,0,0,0,-,-,NA,NA,LOS ANGELES,LOS ANGELES,-118.53603363037108,34.184654235839844
8626059,2018,2018-06-06,1942,2018-05-11,1635,42936,1721,5,5,7,1942,0,0,0,Q,0,17X64,TOPANGA CANYON BL,SANTA SUSANA PASS RD,0,NA,Y,B,-,N,NA,NA,NA,NA,NA,NA,NA,NA,NA,Y,4,0,2,2,A,-,04,21703,NA,N,C,C,A,A,H,-,A,D,0,NA,NA,NA,NA,Y,NA,A,01,0,0,2,0,0,0,0,0,0,-,-,NA,NA,LOS ANGELES,LOS ANGELES,-118.6047821044922,34.272281646728516
8626063,2018,2018-06-06,1942,2018-05-17,2220,39048,1744,4,5,7,1942,0,0,0,Q,0,17A67,LASSEN ST,GARDEN GROVE AV,157,W,N,A,-,N,NA,NA,NA,NA,NA,NA,NA,NA,NA,Y,3,0,2,5,A,-,05,21460,A,N,F,E,A,A,H,-,C,D,0,NA,NA,NA,NA,Y,NA,A,01,0,2,0,0,0,0,0,0,0,-,-,NA,NA,LOS ANGELES,LOS ANGELES,-118.5295181274414,34.25
8626067,2018,2018-06-13,1942,2018-05-10,0600,38743,1758,4,5,7,1942,0,0,0,Q,0,17A435,DEVONSHIRE ST,WOODLEY AV,0,NA,Y,A,-,N,NA,NA,NA,NA,NA,NA,NA,NA,NA,Y,3,0,1,2,A,-,09,21801,A,N,A,C,A,A,H,-,A,A,0,NA,NA,NA,NA,Y,NA,A,07,0,1,0,0,0,0,0,0,0,-,-,NA,NA,LOS ANGELES,LOS ANGELES,-118.4848403930664,34.25741195678711
8626071,2018,2018-06-06,1942,2018-05-06,2215,41368,1728,7,5,7,1942,0,0,0,Q,0,17A81,CHATSWORTH ST,YOLANDA AV,15,W,N,A,-,N,NA,NA,NA,NA,NA,NA,NA,NA,NA,Y,4,0,1,2,A,-,04,21703,NA,N,C,C,A,A,H,-,C,-,0,NA,NA,NA,NA,Y,NA,A,07,0,0,1,0,0,0,0,0,0,-,-,NA,NA,LOS ANGELES,LOS ANGELES,-118.53926849365234,34.264530181884766
8626075,2018,2018-06-06,1942,2018-05-04,1615,26347,1722,5,5,7,1942,0,0,0,Q,0,17X47,DEVONSHIRE ST,TOPANGA CANYON BL,0,E,N,A,-,N,NA,NA,NA,NA,NA,NA,NA,NA,NA,Y,4,0,1,2,A,-,09,21804,A,N,D,C,A,A,H,-,A,D,0,NA,NA,NA,NA,Y,NA,A,07,0,0,1,0,0,0,0,0,0,-,-,NA,NA,LOS ANGELES,LOS ANGELES,-118.60604858398438,34.257198333740234
8626079,2018,2018-06-06,1942,2018-05-10,1715,35433,1767,4,5,7,1942,0,0,0,Q,0,17A67,RESEDA BL,KINZIE ST,15,N,N,A,-,N,NA,NA,NA,NA,NA,NA,NA,NA,NA,N,3,0,2,2,A,-,03,22350,NA,N,C,C,A,A,B,-,A,D,0,NA,NA,NA,NA,Y,NA,A,01,0,2,0,0,0,0,0,0,0,-,-,NA,NA,LOS ANGELES,LOS ANGELES,-118.5360870361328,34.248260498046875
8626225,2018,2018-07-24,1942,2018-05-07,0115,43071,2076,1,5,7,1942,0,0,0,NA,0,20A71,VERMONT AV,PICO BL,0,NA,Y,A,-,N,NA,NA,NA,NA,NA,NA,NA,NA,NA,Y,4,0,2,2,A,-,12,21453,A,N,D,C,A,A,H,-,A,A,0,NA,NA,NA,NA,Y,NA,A,01,0,0,2,0,0,0,0,0,0,-,-,NA,NA,LOS ANGELES,LOS ANGELES,-118.29160308837892,34.04726028442383
8626229,2018,2018-07-24,1942,2018-05-10,1000,42869,2015,4,5,7,1942,0,0,0,NA,0,20A1,VERMONT AV,1ST ST,100,S,N,A,-,N,NA,NA,NA,NA,NA,NA,NA,NA,NA,Y,4,0,2,2,A,-,09,21801,A,N,B,C,A,A,H,-,A,D,0,NA,NA,NA,NA,Y,NA,A,01,0,0,2,0,0,0,0,0,0,-,-,NA,NA,LOS ANGELES,LOS ANGELES,-118.291683,34.072469
8626315,2018,2018-06-27,1941,2018-05-20,2237,10682,NA,7,5,7,1941,0,0,0,NA,0,NA,ORANGE AV,HILL ST,0,NA,Y,A,-,N,NA,NA,NA,NA,NA,NA,NA,NA,NA,Y,4,0,1,2,A,-,12,21453,A,M,D,C,A,A,H,-,C,A,0,NA,NA,NA,NA,Y,Y,A,NA,0,0,1,0,0,0,0,0,0,-,-,NA,NA,LOS ANGELES,LONG BEACH,-118.17656707763672,33.79692077636719
8626322,2018,2018-06-21,1941,2018-04-15,0305,11029,NA,7,5,7,1941,0,0,0,NA,0,NA,7TH ST,NEBRASKA AV,30,E,N,A,-,N,NA,NA,NA,NA,NA,NA,NA,NA,NA,Y,4,0,1,2,A,-,04,21703,NA,N,C,C,A,A,H,-,C,A,0,NA,NA,NA,NA,Y,NA,A,NA,0,0,1,0,0,0,0,0,0,-,-,NA,NA,LOS ANGELES,LONG BEACH,-118.17356872558594,33.77534103393555
8626326,2018,2018-06-25,1941,2018-04-06,1848,10953,NA,5,5,7,1941,0,0,0,NA,0,NA,HILL ST,OBISPO AV,0,NA,Y,-,-,N,NA,NA,NA,NA,NA,NA,NA,NA,NA,N,4,0,1,2,D,-,00,NA,NA,N,D,C,A,A,H,-,A,A,0,NA,NA,NA,NA,Y,NA,-,-,0,0,1,0,0,0,0,0,0,-,-,NA,NA,LOS ANGELES,LONG BEACH,-118.15457916259766,33.797080993652344
8626330,2018,2018-06-21,1941,2018-04-02,1418,6176,NA,1,5,7,1941,0,0,0,NA,0,NA,CARSON ST,POLE #LB1073,4,W,N,A,-,N,NA,NA,NA,NA,NA,NA,NA,NA,NA,Y,3,0,3,1,A,-,03,22350,A,N,E,I,A,A,H,-,A,D,0,NA,NA,NA,NA,Y,NA,A,NA,0,2,1,0,0,0,0,0,0,-,-,NA,NA,LOS ANGELES,LONG BEACH,NA,NA
8626338,2018,2018-06-01,1941,2018-03-02,0817,10045,NA,5,5,7,1941,0,0,0,NA,0,NA,QUINCY AV,3RD ST,309,S,N,C,-,N,NA,NA,NA,NA,NA,NA,NA,NA,NA,Y,4,0,2,2,A,-,03,22350,NA,N,C,C,A,B,H,-,A,D,0,NA,NA,NA,NA,Y,NA,D,NA,0,0,2,0,0,0,0,0,0,-,-,NA,NA,LOS ANGELES,LONG BEACH,-118.139404296875,33.7672119140625
8626342,2018,2018-06-01,1941,2018-03-15,0800,10997,NA,4,5,7,1941,0,0,0,NA,0,NA,HILL ST,CASPIAN AV,0,NA,Y,A,-,N,NA,NA,NA,NA,NA,NA,NA,NA,NA,N,4,0,1,2,A,-,17,22517,NA,N,H,G,A,A,H,-,A,D,0,NA,Y,NA,NA,Y,NA,A,NA,0,0,1,0,0,0,1,0,0,-,-,NA,NA,LOS ANGELES,LONG BEACH,-118.21218872070313,33.7971305847168
8626350,2018,2018-06-01,1942,2018-03-29,0030,42832,2022,4,5,7,1942,0,0,0,NA,0,20A1,WESTERN AV,6TH ST,20,N,N,A,-,N,NA,NA,NA,NA,NA,NA,NA,NA,NA,Y,4,0,2,2,A,-,12,21453,A,N,F,C,A,A,H,-,C,A,0,NA,NA,NA,NA,Y,Y,A,01,0,0,2,0,0,0,0,0,0,-,-,NA,NA,LOS ANGELES,LOS ANGELES,-118.309104,34.063581
8626354,2018,2018-06-01,1942,2018-03-31,1425,42640,0834,6,5,7,1942,0,0,0,H,0,8T26W4,WILSHIRE BL,WESTHOLME AV,270,W,N,A,-,N,NA,NA,NA,NA,NA,NA,NA,NA,NA,Y,3,0,1,2,A,-,08,22107,NA,N,B,C,A,A,H,-,A,A,0,NA,NA,Y,NA,Y,NA,A,01,0,1,0,0,0,0,0,0,1,-,-,NA,NA,LOS ANGELES,LOS ANGELES,-118.43447113037108,34.0611572265625
8626393,2018,2018-06-14,1941,2018-04-10,1500,10909,NA,2,5,7,1941,0,0,0,NA,0,NA,ANAHEIM ST,RAYMOND AV,75,W,N,A,-,N,NA,NA,NA,NA,NA,NA,NA,NA,NA,Y,4,0,1,2,A,-,04,21703,NA,N,C,C,A,A,H,-,A,D,0,NA,NA,NA,NA,Y,NA,A,NA,0,0,1,0,0,0,0,0,0,-,-,NA,NA,LOS ANGELES,LONG BEACH,-118.16468811035156,33.78260040283203
8626397,2018,2018-06-25,1941,2018-04-29,1442,10659,NA,7,5,7,1941,0,0,0,NA,0,NA,14TH ST,OHIO AV,0,NA,Y,A,-,N,NA,NA,NA,NA,NA,NA,NA,NA,NA,N,3,0,1,2,D,-,00,NA,NA,N,B,C,A,A,H,-,A,D,0,NA,NA,Y,NA,Y,NA,-,-,0,1,0,0,0,0,0,0,1,-,-,NA,NA,LOS ANGELES,LONG BEACH,-118.16004943847656,33.784420013427734
8626403,2018,2018-06-05,1942,2018-04-26,1430,43256,0506,4,5,7,1942,0,0,0,E,0,5A1,CARSON ST,HALLDALE AV,0,NA,Y,A,-,N,NA,NA,NA,NA,NA,NA,NA,NA,NA,Y,4,0,2,3,A,-,04,21703,NA,F,B,C,A,A,H,-,A,D,0,NA,NA,NA,NA,Y,NA,-,99,0,0,2,0,0,0,0,0,0,-,-,NA,NA,LOS ANGELES,LOS ANGELES,-118.30165100097656,33.8315315246582
8626407,2018,2018-06-08,1942,2018-04-24,0615,42118,0501,2,5,7,1942,0,0,0,E,0,5A1,182ND ST,HOOVER ST,184,W,N,A,-,N,NA,NA,NA,NA,NA,NA,NA,NA,NA,Y,3,0,1,1,A,-,03,22350,NA,N,E,I,A,A,H,-,A,D,0,NA,NA,NA,NA,Y,NA,H,13,0,1,0,0,0,0,0,0,0,-,-,NA,NA,LOS ANGELES,LOS ANGELES,-118.2863998413086,33.86958694458008
8626478,2018,2018-06-05,1942,2018-04-24,1700,38627,05,2,5,7,1942,0,0,0,E,0,35Q5,WILMINGTON BL,Q ST,0,NA,Y,A,-,N,NA,NA,NA,NA,NA,NA,NA,NA,NA,N,4,0,1,2,A,-,09,21804,A,N,D,G,A,A,H,-,A,A,0,NA,Y,NA,NA,Y,NA,L,04,0,0,1,0,0,0,1,0,0,-,-,NA,NA,LOS ANGELES,LOS ANGELES,-118.27517700195313,33.7947998046875
8626481,2018,2018-06-04,1942,2018-04-27,1925,43260,2019,5,5,7,1942,0,0,0,NA,0,20A16,VERMONT,1ST ST,150,S,N,A,-,N,NA,NA,NA,NA,NA,NA,NA,NA,NA,N,4,0,1,3,A,-,04,21703,NA,N,C,C,A,A,H,-,C,D,0,NA,NA,NA,NA,Y,NA,-,NA,0,0,1,0,0,0,0,0,0,-,-,NA,NA,LOS ANGELES,LOS ANGELES,-118.291683,34.072331
8626483,2018,2018-06-06,1942,2018-05-13,1255,41671,2042,7,5,7,1942,0,0,0,NA,0,20A53,OLYMPIC BL,MANHATTAN PL,0,NA,Y,B,-,N,NA,NA,NA,NA,NA,NA,NA,NA,NA,Y,4,0,2,2,A,-,09,21802,B,N,D,C,A,A,H,-,A,A,0,NA,NA,NA,NA,Y,NA,A,01,0,0,2,0,0,0,0,0,0,-,-,NA,NA,LOS ANGELES,LOS ANGELES,-118.31012725830078,34.052650451660156