CASE_ID,ACCIDENT_YEAR,PROC_DATE,JURIS,COLLISION_DATE,COLLISION_TIME,OFFICER_ID,REPORTING_DISTRICT,DAY_OF_WEEK,CHP_SHIFT,POPULATION,CNTY_CITY_LOC,SPECIAL_COND,BEAT_TYPE,CHP_BEAT_TYPE,CITY_DIVISION_LAPD,CHP_BEAT_CLASS,BEAT_NUMBER,PRIMARY_RD,SECONDARY_RD,DISTANCE,DIRECTION,INTERSECTION,WEATHER_1,WEATHER_2,STATE_HWY_IND,CALTRANS_COUNTY,CALTRANS_DISTRICT,STATE_ROUTE,ROUTE_SUFFIX,POSTMILE_PREFIX,POSTMILE,LOCATION_TYPE,RAMP_INTERSECTION,SIDE_OF_HWY,TOW_AWAY,COLLISION_SEVERITY,NUMBER_KILLED,NUMBER_INJURED,PARTY_COUNT,PRIMARY_COLL_FACTOR,PCF_CODE_OF_VIOL,PCF_VIOL_CATEGORY,PCF_VIOLATION,PCF_VIOL_SUBSECTION,HIT_AND_RUN,TYPE_OF_COLLISION,MVIW,PED_ACTION,ROAD_SURFACE,ROAD_COND_1,ROAD_COND_2,LIGHTING,CONTROL_DEVICE,CHP_ROAD_TYPE,PEDESTRIAN_ACCIDENT,BICYCLE_ACCIDENT,MOTORCYCLE_ACCIDENT,TRUCK_ACCIDENT,NOT_PRIVATE_PROPERTY,ALCOHOL_INVOLVED,STWD_VEHTYPE_AT_FAULT,CHP_VEHTYPE_AT_FAULT,COUNT_SEVERE_INJ,COUNT_VISIBLE_INJ,COUNT_COMPLAINT_PAIN,COUNT_PED_KILLED,COUNT_PED_INJURED,COUNT_BICYCLIST_KILLED,COUNT_BICYCLIST_INJURED,COUNT_MC_KILLED,COUNT_MC_INJURED,PRIMARY_RAMP,SECONDARY_RAMP,LATITUDE,LONGITUDE,COUNTY,CITY,POINT_X,POINT_Y
8630383,2018,2018-06-05,1942,2018-05-06,1110,37398,1125,7,5,7,1942,0,0,0,K,0,11A25,YORK BL,AVE 49,100,N,N,A,-,N,NA,NA,NA,NA,NA,NA,NA,NA,NA,N,4,0,2,2,A,-,03,22350,NA,N,C,D,A,A,H,-,A,D,0,NA,NA,NA,NA,Y,NA,A,01,0,0,2,0,0,0,0,0,0,-,-,NA,NA,LOS ANGELES,LOS ANGELES,-118.20934295654295,34.12194061279297
8630385,2018,2018-06-06,1942,2018-05-12,0740,41747,0376,6,5,7,1942,0,0,0,C,0,3A55,WESTERN AV,39TH ST,0,NA,Y,A,-,N,NA,NA,NA,NA,NA,NA,NA,NA,NA,N,2,0,1,2,A,-,10,21950,A,F,G,B,B,A,H,-,A,A,0,Y,NA,NA,NA,Y,NA,-,99,1,0,0,0,1,0,0,0,0,-,-,NA,NA,LOS ANGELES,LOS ANGELES,-118.30891,34.0146
8630386,2018,2018-06-05,1942,2018-05-10,1235,32996,1331,4,5,7,1942,0,0,0,M,0,13A41,SOUTH BROADWAY,31ST ST,6,N,N,A,-,N,NA,NA,NA,NA,NA,NA,NA,NA,NA,N,2,0,1,2,A,-,10,21950,A,N,G,B,B,A,H,-,A,A,0,Y,NA,NA,NA,Y,NA,A,01,1,0,0,0,1,0,0,0,0,-,-,NA,NA,LOS ANGELES,LOS ANGELES,-118.27230834960938,34.021453857421875
8630387,2018,2018-06-05,1942,2018-05-04,0615,38502,1171,5,5,7,1942,0,0,0,K,0,11A71,SUNSET BL,FOUNTAIN AV,0,NA,N,A,-,N,NA,NA,NA,NA,NA,NA,NA,NA,NA,N,3,0,1,2,A,-,11,21955,NA,N,G,B,D,A,H,-,A,D,0,Y,NA,NA,NA,Y,NA,N,60,0,1,0,0,1,0,0,0,0,-,-,NA,NA,LOS ANGELES,LOS ANGELES,-118.28411865234376,34.095821380615234
8630388,2018,2018-06-05,1907,2018-05-10,0853,193,2,4,5,4,1907,0,0,0,NA,0,NA,GAGE AV,PROSPECT AV,9,E,N,A,-,N,NA,NA,NA,NA,NA,NA,NA,NA,NA,N,3,0,1,2,A,-,10,21950,A,F,G,B,B,A,H,-,A,A,0,Y,NA,NA,NA,Y,NA,A,01,0,1,0,0,1,0,0,0,0,-,-,33.97760009765625,-118.18315887451172,LOS ANGELES,BELL,-118.18363189697266,33.977657318115234
8630389,2018,2018-06-06,1942,2018-05-06,1440,34426,1343,7,5,7,1942,0,0,0,M,0,13A43,AVALON BL,MARTIN LUTHER KING JR BL,22,N,N,A,-,N,NA,NA,NA,NA,NA,NA,NA,NA,NA,N,4,0,7,2,A,-,03,22350,NA,N,C,C,A,-,H,-,A,A,0,NA,NA,NA,NA,Y,NA,A,01,0,0,7,0,0,0,0,0,0,-,-,NA,NA,LOS ANGELES,LOS ANGELES,-118.2652587890625,34.0111198425293
8630390,2018,2018-06-05,1942,2018-05-06,1855,42069,0317,7,5,7,1942,0,0,0,C,0,3A15,WEST 25TH ST,VERMONT AV,80,W,N,A,-,N,NA,NA,NA,NA,NA,NA,NA,NA,NA,N,2,0,1,4,A,-,21,22106,NA,F,A,B,D,A,H,-,A,D,0,Y,NA,NA,NA,Y,Y,-,99,1,0,0,0,1,0,0,0,0,-,-,NA,NA,LOS ANGELES,LOS ANGELES,-118.29180145263672,34.033660888671875
8630391,2018,2018-06-05,1942,2018-05-07,1120,31324,1185,1,5,7,1942,0,0,0,K,0,11A95,STADIUM WY,SCOTT AV,107,N,N,A,-,N,NA,NA,NA,NA,NA,NA,NA,NA,NA,N,4,0,1,2,A,-,06,21750,A,N,B,C,A,A,H,-,A,A,0,NA,NA,NA,NA,Y,NA,A,01,0,0,1,0,0,0,0,0,0,-,-,NA,NA,LOS ANGELES,LOS ANGELES,-118.24895477294922,34.077613830566406
8630392,2018,2018-06-11,1907,2018-05-07,1231,209,1,1,5,4,1907,0,0,0,NA,0,NA,FLORENCE AV,FLORA AV,254,E,N,A,-,N,NA,NA,NA,NA,NA,NA,NA,NA,NA,N,3,0,1,2,A,-,09,21804,A,N,D,C,A,A,H,-,A,A,0,NA,NA,NA,NA,Y,NA,-,-,0,1,0,0,0,0,0,0,0,-,-,33.970680236816406,-118.1916732788086,LOS ANGELES,BELL,-118.19084167480467,33.97060012817383
8630393,2018,2018-06-06,1942,2018-05-05,1950,41056,0334,6,5,7,1942,0,0,0,C,0,3A31,SOUTH CRENSHAW BL,WEST JEFFERSON BL,0,NA,Y,A,-,N,NA,NA,NA,NA,NA,NA,NA,NA,NA,Y,3,0,6,3,A,-,09,21801,A,N,-,C,A,-,H,-,C,A,0,NA,NA,NA,NA,Y,NA,A,07,0,1,5,0,0,0,0,0,0,-,-,NA,NA,LOS ANGELES,LOS ANGELES,-118.33511352539064,34.02558135986328
8630394,2018,2018-06-05,1942,2018-05-13,2220,37540,1351,7,5,7,1942,0,0,0,M,0,13A41,SOUTH BROADWAY,43RD PL,104,N,N,A,-,N,NA,NA,NA,NA,NA,NA,NA,NA,NA,N,3,0,1,2,A,-,09,21804,A,F,H,G,A,A,H,-,C,D,0,NA,Y,NA,NA,Y,NA,-,99,0,1,0,0,0,0,1,0,0,-,-,NA,NA,LOS ANGELES,LOS ANGELES,-118.27835845947266,34.004974365234375
8630395,2018,2018-06-05,1942,2018-05-03,1745,40099,1175,4,5,7,1942,0,0,0,K,0,11A95,STADIUM WY,ELYSIAN PARK DR,0,NA,Y,A,-,N,NA,NA,NA,NA,NA,NA,NA,NA,NA,Y,3,0,4,2,A,-,09,21801,A,N,D,C,A,A,H,-,A,D,0,NA,NA,NA,NA,Y,NA,A,01,0,2,2,0,0,0,0,0,0,-,-,NA,NA,LOS ANGELES,LOS ANGELES,-118.24308776855467,34.08612060546875
8630397,2018,2018-06-06,1942,2018-05-02,1345,36615,0375,3,5,7,1942,0,0,0,C,0,3XL94,WEST EXPOSITION BL,SOUTH GRAMERCY PL,300,E,N,A,-,N,NA,NA,NA,NA,NA,NA,NA,NA,NA,N,4,0,1,2,A,-,21,22106,NA,N,B,C,A,A,H,-,A,A,0,NA,NA,Y,NA,Y,NA,C,02,0,0,1,0,0,0,0,0,1,-,-,NA,NA,LOS ANGELES,LOS ANGELES,-118.3128662109375,34.01829147338867
8630398,2018,2018-06-05,1942,2018-05-17,0550,30380,1341,4,5,7,1942,0,0,0,M,0,13A41,WEST JEFFERSON BL,SOUTH HOPE ST,0,NA,Y,A,-,N,NA,NA,NA,NA,NA,NA,NA,NA,NA,N,2,0,1,2,A,-,09,21801,A,N,D,G,A,A,H,-,A,A,0,NA,Y,NA,NA,Y,NA,A,01,1,0,0,0,0,0,1,0,0,-,-,NA,NA,LOS ANGELES,LOS ANGELES,-118.27764892578124,34.02090835571289
8630399,2018,2018-06-05,1942,2018-05-04,0635,34332,1137,5,5,7,1942,0,0,0,K,0,11A37,GRANADA ST,GERANIUM PL,38,W,N,A,-,N,NA,NA,NA,NA,NA,NA,NA,NA,NA,N,4,0,1,2,A,-,09,21804,A,N,D,C,A,A,H,-,A,A,0,NA,NA,Y,NA,Y,NA,C,02,0,0,1,0,0,0,0,0,1,-,-,NA,NA,LOS ANGELES,LOS ANGELES,NA,NA
8630412,2018,2018-06-04,1942,2018-04-06,1916,43078,1273,5,5,7,1942,0,0,0,L,0,NA,W MANCHESTER AV,S WESTERN AV,0,NA,Y,A,-,N,NA,NA,NA,NA,NA,NA,NA,NA,NA,Y,4,0,1,2,D,-,00,NA,NA,M,B,C,A,A,H,-,C,A,0,NA,NA,NA,NA,Y,NA,-,-,0,0,1,0,0,0,0,0,0,-,-,NA,NA,LOS ANGELES,LOS ANGELES,-118.30901336669922,33.95996856689453
8630414,2018,2018-06-12,1942,2018-04-26,1400,39040,0938,4,5,7,1942,0,0,0,I,0,9X14,OXNARD ST,FULTON AV,0,NA,Y,A,-,N,NA,NA,NA,NA,NA,NA,NA,NA,NA,Y,3,0,3,2,A,-,09,21801,A,N,A,C,A,A,H,-,A,A,0,NA,NA,NA,NA,Y,NA,A,01,0,1,2,0,0,0,0,0,0,-,-,NA,NA,LOS ANGELES,LOS ANGELES,-118.42250823974608,34.17940139770508
8630416,2018,2018-06-04,1900,2018-04-29,0400,608242,1614,7,5,5,1977,0,0,0,NA,0,160T,MAIN ST,LIFFORD ST,50,NA,Y,A,-,N,NA,NA,NA,NA,NA,NA,NA,NA,NA,Y,3,0,2,1,A,-,03,22350,NA,N,A,I,A,A,H,-,C,D,0,NA,NA,NA,NA,Y,NA,A,01,0,1,1,0,0,0,0,0,0,-,-,33.86206817626953,-118.2752685546875,LOS ANGELES,CARSON,-118.2754364013672,33.86199951171875
8630420,2018,2018-06-04,1942,2018-04-28,1140,43252,0363,6,5,7,1942,0,0,0,C,0,3A99,COLISEUM ST,LINSCOTT PL,15,E,N,A,-,N,NA,NA,NA,NA,NA,NA,NA,NA,NA,Y,3,0,1,2,A,-,03,22350,NA,N,C,C,A,A,H,-,A,A,0,NA,NA,NA,NA,Y,NA,A,01,0,1,0,0,0,0,0,0,0,-,-,NA,NA,LOS ANGELES,LOS ANGELES,-118.3520736694336,34.018280029296875
8630424,2018,2018-06-04,1907,2018-04-19,1350,241,3,4,5,4,1907,0,0,0,NA,0,NA,EASTERN AV,BANDINI AV,991,N,N,A,-,N,NA,NA,NA,NA,NA,NA,NA,NA,NA,Y,3,0,1,1,A,-,03,22350,NA,N,E,I,A,A,H,-,A,A,0,NA,NA,Y,NA,Y,NA,C,02,0,1,0,0,0,0,0,0,1,-,-,33.99214172363281,-118.1611328125,LOS ANGELES,BELL,-118.16117095947266,33.99195861816406
8630427,2018,2018-06-04,1900,2018-04-28,1542,620752,1131,6,5,6,1992,0,0,0,NA,0,111T2,AVENUE H,DIVISION ST,800,E,N,A,-,N,NA,NA,NA,NA,NA,NA,NA,NA,NA,Y,4,0,1,2,A,-,06,21750,A,N,B,C,A,A,H,-,A,D,0,NA,NA,NA,NA,Y,NA,A,01,0,0,1,0,0,0,0,0,0,-,-,NA,NA,LOS ANGELES,LANCASTER,-118.1279754638672,34.718589782714844
8630428,2018,2018-06-06,1907,2018-04-10,0726,242,2,2,5,4,1907,0,0,0,NA,0,NA,FLORENCE AV,WILCOX AV,84,E,N,A,-,N,NA,NA,NA,NA,NA,NA,NA,NA,NA,Y,3,0,4,3,A,-,-,NA,NA,N,C,C,A,A,H,-,A,A,0,NA,NA,NA,NA,Y,NA,A,07,0,1,3,0,0,0,0,0,0,-,-,33.96923828125,-118.17784881591795,LOS ANGELES,BELL,-118.17757415771484,33.969207763671875
8630431,2018,2018-05-31,1907,2018-04-15,1959,237,1,7,5,4,1907,0,0,0,NA,0,NA,FLORENCE AV,FISHBURN AV,0,NA,Y,A,-,N,NA,NA,NA,NA,NA,NA,NA,NA,NA,Y,3,0,1,2,A,-,09,21801,A,N,D,C,A,A,H,-,C,D,0,NA,NA,Y,NA,Y,NA,A,01,0,1,0,0,0,0,0,0,1,-,-,33.97092056274414,-118.19383239746094,LOS ANGELES,BELL,-118.19275665283205,33.970821380615234
8630435,2018,2018-05-31,1907,2018-04-15,1735,239,NA,7,5,4,1907,0,0,0,NA,0,NA,FLORENCE AV,ATLANTIC AV,38,W,N,A,-,N,NA,NA,NA,NA,NA,NA,NA,NA,NA,N,3,0,1,2,A,-,08,22107,NA,N,B,C,A,A,H,-,A,A,0,NA,NA,NA,NA,Y,NA,A,01,0,1,0,0,0,0,0,0,0,-,-,33.97032165527344,-118.18814849853516,LOS ANGELES,BELL,-118.18832397460938,33.9703254699707
8630436,2018,2018-06-04,1907,2018-04-12,0922,202,1,4,5,4,1907,0,0,0,NA,0,NA,BELL AV,GIFFORD AV,21,W,N,A,-,N,NA,NA,NA,NA,NA,NA,NA,NA,NA,Y,3,0,1,4,A,-,09,21802,A,N,D,C,A,A,H,-,A,A,0,NA,NA,NA,NA,Y,NA,A,01,0,1,0,0,0,0,0,0,0,-,-,33.97515106201172,-118.1944580078125,LOS ANGELES,BELL,-118.19454956054688,33.97517776489258
8630439,2018,2018-06-11,1942,2018-04-11,1445,40602,0515,3,5,7,1942,0,0,0,E,0,5A11,PACIFIC COAST HWY,GULF AV,15,W,N,A,-,N,NA,NA,NA,NA,NA,NA,NA,NA,NA,Y,3,0,1,4,A,-,09,21801,A,N,D,C,A,A,H,-,A,D,0,NA,NA,NA,NA,Y,NA,A,01,0,1,0,0,0,0,0,0,0,-,-,NA,NA,LOS ANGELES,LOS ANGELES,-118.27400207519533,33.79059600830078
8630440,2018,2018-06-04,1907,2018-04-22,1044,240,1,7,5,4,1907,0,0,0,NA,0,NA,OTIS AV,GAGE AV,462,N,N,A,-,N,NA,NA,NA,NA,NA,NA,NA,NA,NA,Y,3,0,6,3,A,-,03,22350,NA,N,D,C,A,A,H,-,A,D,0,NA,NA,NA,NA,Y,NA,A,01,0,5,1,0,0,0,0,0,0,-,-,33.9798698425293,-118.19258880615234,LOS ANGELES,BELL,-118.19268798828124,33.97861862182617
8630446,2018,2018-06-12,1907,2018-04-25,1743,239,2,3,5,4,1907,0,0,0,NA,0,NA,RIVER DR,S GAGE ALTERNATE,0,NA,Y,A,-,N,NA,NA,NA,NA,NA,NA,NA,NA,NA,Y,4,0,1,1,A,-,03,22350,NA,M,E,I,A,A,H,-,A,D,0,NA,NA,NA,NA,Y,NA,A,07,0,0,1,0,0,0,0,0,0,-,-,33.97193908691406,-118.17159271240234,LOS ANGELES,BELL,-118.17019,33.976
8630447,2018,2018-06-04,1907,2018-04-17,1100,242,1,2,5,4,1907,0,0,0,NA,0,NA,FLORENCE AV,FLORA AV,187,E,N,A,-,N,NA,NA,NA,NA,NA,NA,NA,NA,NA,Y,2,0,1,2,A,-,05,21650,1,N,H,G,A,A,H,-,A,D,0,NA,Y,NA,NA,Y,NA,L,04,1,0,0,0,0,0,1,0,0,-,-,33.970821380615234,-118.19052124023438,LOS ANGELES,BELL,-118.19106292724608,33.97062301635742
8630448,2018,2018-06-04,1907,2018-04-10,1930,191,2,2,5,4,1907,0,0,0,NA,0,NA,FLORENCE AV,VINEVALE AV,166,W,N,A,-,N,NA,NA,NA,NA,NA,NA,NA,NA,NA,Y,4,0,1,2,A,-,08,22107,NA,N,B,C,A,A,H,-,C,D,0,NA,NA,NA,NA,Y,NA,A,07,0,0,1,0,0,0,0,0,0,-,-,33.96968078613281,-118.18209075927734,LOS ANGELES,BELL,-118.1826400756836,33.969722747802734
8630451,2018,2018-06-11,1942,2018-04-26,2345,43264,0557,4,5,7,1942,0,0,0,E,0,5A55,1ST ST,CABRILLO AV,0,NA,Y,A,-,N,NA,NA,NA,NA,NA,NA,NA,NA,NA,Y,4,0,1,2,A,-,12,21453,A,N,D,C,A,A,H,-,C,A,0,NA,NA,NA,NA,Y,NA,-,-,0,0,1,0,0,0,0,0,0,-,-,NA,NA,LOS ANGELES,LOS ANGELES,-118.29454040527344,33.74333190917969
8630455,2018,2018-06-11,1942,2018-04-28,1455,37901,0555,6,5,7,1942,0,0,0,E,0,5A55,PACIFIC AV,FRONT ST,100,S,N,A,-,N,NA,NA,NA,NA,NA,NA,NA,NA,NA,Y,3,0,1,1,A,-,03,22350,NA,N,H,I,A,A,H,-,A,D,0,NA,NA,Y,NA,Y,NA,C,02,0,1,0,0,0,0,0,0,1,-,-,NA,NA,LOS ANGELES,LOS ANGELES,-118.28705596923828,33.750850677490234
8630459,2018,2018-05-31,1942,2018-04-07,1515,39708,0521,6,5,7,1942,0,0,0,E,0,5A15,ANAHEIM ST,S VERMONT AV,20,E,N,A,-,N,NA,NA,NA,NA,NA,NA,NA,NA,NA,N,4,0,1,4,A,-,03,22350,NA,F,C,C,A,A,H,-,A,A,0,NA,NA,NA,NA,Y,NA,-,99,0,0,1,0,0,0,0,0,0,-,-,NA,NA,LOS ANGELES,LOS ANGELES,-118.29747772216795,33.78207015991211
8630463,2018,2018-05-31,1942,2018-04-30,1623,43220,0508,1,5,7,1942,0,0,0,E,0,5A86,WESTERN AV,238TH ST,217,S,N,A,-,N,NA,NA,NA,NA,NA,NA,NA,NA,NA,N,3,0,1,2,A,-,09,21804,A,F,H,A,A,A,H,-,A,D,0,NA,NA,Y,NA,Y,NA,-,99,0,1,0,0,0,0,0,0,1,-,-,NA,NA,LOS ANGELES,LOS ANGELES,-118.307865,33.808161
8630467,2018,2018-05-31,1942,2018-04-29,2015,42536,0531,7,5,7,1942,0,0,0,E,0,5A85,PACIFIC COAST HWY,SENATOR AV,150,W,N,A,-,N,NA,NA,NA,NA,NA,NA,NA,NA,NA,Y,4,0,2,2,A,-,07,21658,A,N,B,C,A,A,H,-,C,D,0,NA,NA,NA,NA,Y,NA,A,01,0,0,2,0,0,0,0,0,0,-,-,NA,NA,LOS ANGELES,LOS ANGELES,-118.30326080322266,33.78945541381836
8630475,2018,2018-05-31,1942,2018-04-10,0815,36659,0518,2,5,7,1942,0,0,0,E,0,5A15,LOMITA BL,AVALON BL,0,NA,Y,A,-,N,NA,NA,NA,NA,NA,NA,NA,NA,NA,Y,4,0,1,2,A,-,09,21801,A,N,D,C,A,A,H,-,A,A,0,NA,NA,NA,NA,Y,NA,A,08,0,0,1,0,0,0,0,0,0,-,-,NA,NA,LOS ANGELES,LOS ANGELES,-118.2639389038086,33.79916000366211
8630479,2018,2018-05-31,1942,2018-04-12,0550,43217,529,4,5,7,1942,0,0,0,NA,0,5A25,E ANAHEIM ST,BANNING,12,N,N,A,-,N,NA,NA,NA,NA,NA,NA,NA,NA,NA,N,4,0,1,2,A,-,10,21950,A,F,G,B,B,A,H,-,A,A,0,Y,NA,NA,NA,Y,NA,-,99,0,0,1,0,1,0,0,0,0,-,-,NA,NA,LOS ANGELES,LOS ANGELES,-118.2572784423828,33.780250549316406
8630489,2018,2018-06-04,1942,2018-04-18,2030,30083,1151,3,5,7,1942,0,0,0,K,0,11A51,FOUNTAIN AV,N CATALINA ST,0,NA,Y,A,-,N,NA,NA,NA,NA,NA,NA,NA,NA,NA,N,3,0,1,2,A,-,10,21950,A,N,G,B,B,A,H,-,C,D,0,Y,NA,NA,NA,Y,NA,A,01,0,1,0,0,1,0,0,0,0,-,-,NA,NA,LOS ANGELES,LOS ANGELES,-118.29502868652344,34.095420837402344
8630493,2018,2018-06-04,1942,2018-04-24,2120,41661,1133,2,5,7,1942,0,0,0,K,0,11A1,GLENDALE BL,PERLITA AV,27,S,N,A,-,N,NA,NA,NA,NA,NA,NA,NA,NA,NA,Y,4,0,1,1,A,-,08,22107,NA,N,E,J,A,A,H,-,B,D,0,NA,NA,NA,NA,Y,NA,A,07,0,0,1,0,0,0,0,0,0,-,-,NA,NA,LOS ANGELES,LOS ANGELES,-118.25908660888672,34.1195068359375
8630497,2018,2018-06-04,1942,2018-04-27,1330,34332,1172,5,5,7,1942,0,0,0,K,0,11A71,EARL ST,SILVER LAKE BL,0,NA,Y,A,-,N,NA,NA,NA,NA,NA,NA,NA,NA,NA,Y,3,0,2,2,A,-,09,21802,A,N,D,C,A,A,H,-,A,A,0,NA,NA,NA,NA,Y,NA,A,07,0,1,1,0,0,0,0,0,0,-,-,NA,NA,LOS ANGELES,LOS ANGELES,-118.2612533569336,34.09706115722656
8630499,2018,2018-07-06,1942,2018-05-17,1920,43137,0467,4,5,7,1942,0,0,0,D,0,4A58,S MATHEWS ST,4TH ST,0,NA,-,A,-,N,NA,NA,NA,NA,NA,NA,NA,NA,NA,N,4,0,1,1,D,-,00,NA,NA,N,H,A,A,A,-,-,A,-,0,NA,NA,Y,NA,Y,Y,-,-,0,0,1,0,0,0,0,0,1,-,-,NA,NA,LOS ANGELES,LOS ANGELES,-118.2106704711914,34.040130615234375
8630526,2018,2018-06-26,1942,2018-05-19,1335,43068,0457,6,5,7,1942,0,0,0,D,0,4A78,CEASAR CHAVEZ AV,MOTT ST,35,S,N,A,-,N,NA,NA,NA,NA,NA,NA,NA,NA,NA,N,4,0,2,2,A,-,03,22350,NA,M,C,C,A,A,H,-,A,A,0,NA,NA,NA,NA,Y,NA,-,99,0,0,2,0,0,0,0,0,0,-,-,NA,NA,LOS ANGELES,LOS ANGELES,-118.203967,34.04513
8630537,2018,2018-06-04,1942,2018-04-30,1745,36826,1171,1,5,7,1942,0,0,0,K,0,1171,FOUNTAIN AV,TALMADGE,0,NA,Y,A,-,N,NA,NA,NA,NA,NA,NA,NA,NA,NA,N,4,0,1,2,A,-,09,21804,A,N,D,C,A,A,H,-,A,D,0,NA,NA,Y,NA,Y,NA,A,01,0,0,1,0,0,0,0,0,1,-,-,NA,NA,LOS ANGELES,LOS ANGELES,-118.28304290771484,34.09580993652344
8630541,2018,2018-06-04,1942,2018-04-25,1725,33395,1117,3,5,7,1942,0,0,0,K,0,11A17,RANGE VIEW AV,AV 49,7,S,N,A,-,N,NA,NA,NA,NA,NA,NA,NA,NA,NA,N,3,0,1,2,A,-,11,21956,A,N,G,B,D,A,H,-,A,D,0,Y,NA,NA,NA,Y,NA,N,60,0,1,0,0,1,0,0,0,0,-,-,NA,NA,LOS ANGELES,LOS ANGELES,-118.2082977294922,34.124454498291016
8630545,2018,2018-06-04,1942,2018-04-28,1835,39028,1119,6,5,7,1942,0,0,0,K,0,11X74,FIGUEROA ST,LA LOMA RD,10,N,N,A,-,N,NA,NA,NA,NA,NA,NA,NA,NA,NA,Y,4,0,1,2,A,-,09,21801,A,N,D,C,A,A,H,-,A,A,0,NA,NA,NA,NA,Y,NA,A,01,0,0,1,0,0,0,0,0,0,-,-,NA,NA,LOS ANGELES,LOS ANGELES,-118.18808746337892,34.1367073059082
8630549,2018,2018-06-04,1942,2018-04-30,2000,41629,1143,1,5,7,1942,0,0,0,K,0,11A71,MONON ST,HYPERION AV,57,W,N,A,-,N,NA,NA,NA,NA,NA,NA,NA,NA,NA,Y,4,0,1,2,B,-,22,NA,NA,F,D,C,A,A,H,-,C,D,0,NA,NA,NA,NA,Y,NA,-,99,0,0,1,0,0,0,0,0,0,-,-,NA,NA,LOS ANGELES,LOS ANGELES,-118.27203369140624,34.10806655883789
8630553,2018,2018-06-04,1900,2018-04-27,1330,546525,2612,5,5,6,1950,0,0,0,NA,0,NORTH,RANCHO VISTA BL,20TH ST W,0,NA,Y,A,-,N,NA,NA,NA,NA,NA,NA,NA,NA,NA,Y,4,0,1,2,A,-,09,21801,A,N,B,C,A,A,H,-,A,A,0,NA,NA,NA,NA,Y,NA,A,01,0,0,1,0,0,0,0,0,0,-,-,34.601749420166016,-118.16558837890624,LOS ANGELES,PALMDALE,-118.16548,34.60174
8630557,2018,2018-06-04,1942,2018-04-27,1035,30380,1183,5,5,7,1942,0,0,0,K,0,11A95,GLENDALE BL,SCOTT AV,100,N,N,A,-,N,NA,NA,NA,NA,NA,NA,NA,NA,NA,Y,4,0,2,2,A,-,03,22350,NA,N,C,C,A,A,H,-,A,A,0,NA,NA,NA,NA,Y,NA,A,01,0,0,2,0,0,0,0,0,0,-,-,NA,NA,LOS ANGELES,LOS ANGELES,-118.26016235351564,34.08223342895508
8630561,2018,2018-06-12,1942,2018-04-29,0347,41461,0152,7,5,7,1942,0,0,0,A,0,1A35W2,WILSHIRE BL,HOPE ST,0,NA,Y,A,-,N,NA,NA,NA,NA,NA,NA,NA,NA,NA,Y,4,0,1,2,A,-,12,21453,A,N,D,C,A,A,H,-,C,A,0,NA,NA,NA,NA,Y,NA,-,-,0,0,1,0,0,0,0,0,0,-,-,NA,NA,LOS ANGELES,LOS ANGELES,-118.257080078125,34.048641204833984
8630573,2018,2018-06-04,1942,2018-04-30,2235,33452,1394,1,5,7,1942,0,0,0,M,0,13A93,EAST FLORENCE AV,SAN PEDRO ST,200,E,N,B,-,N,NA,NA,NA,NA,NA,NA,NA,NA,NA,N,3,0,2,2,A,-,11,21955,NA,N,G,B,D,A,H,-,C,D,0,Y,NA,Y,NA,Y,Y,N,60,0,1,1,0,1,0,0,0,1,-,-,NA,NA,LOS ANGELES,LOS ANGELES,-118.26891326904295,33.974700927734375
8630581,2018,2018-06-04,1942,2018-04-28,0030,30083,1313,6,5,7,1942,0,0,0,M,0,13A13,EAST WASHINGTON BL,S SAN PEDRO ST,0,NA,Y,A,-,N,NA,NA,NA,NA,NA,NA,NA,NA,NA,Y,4,0,2,2,A,-,12,21453,A,F,D,C,A,A,H,-,C,A,0,NA,NA,NA,NA,Y,NA,-,99,0,0,2,0,0,0,0,0,0,-,-,NA,NA,LOS ANGELES,LOS ANGELES,-118.25745391845705,34.027618408203125
8630643,2018,2018-06-05,1900,2018-04-30,1027,522303,2612,1,5,6,1950,0,0,0,NA,0,261T1,10TH ST W,AV MALL RD,0,NA,Y,A,-,N,NA,NA,NA,NA,NA,NA,NA,NA,NA,Y,3,0,3,3,A,-,03,22350,NA,N,C,C,A,A,D,-,A,A,0,NA,NA,NA,NA,Y,NA,A,01,0,1,2,0,0,0,0,0,0,-,-,34.60337829589844,-118.14785766601564,LOS ANGELES,PALMDALE,-118.14779663085938,34.60356903076172
8630662,2018,2018-06-05,1900,2018-01-25,0029,510574,0818,4,5,4,1960,0,0,0,NA,0,81K2,VIA VERDE AV,AVENUE LOMITA,0,NA,Y,C,-,N,NA,NA,NA,NA,NA,NA,NA,NA,NA,Y,4,0,1,1,A,-,08,22107,NA,N,E,I,A,B,H,-,D,D,0,NA,NA,NA,NA,Y,Y,A,01,0,0,1,0,0,0,0,0,0,-,-,NA,NA,LOS ANGELES,SAN DIMAS,-117.8265380859375,34.07577133178711
8630664,2018,2018-06-04,1907,2018-03-24,1345,192,3,6,5,4,1907,0,0,0,NA,0,NA,BANDINI BL,EASTERN AV,33,W,N,A,-,N,NA,NA,NA,NA,NA,NA,NA,NA,NA,Y,3,0,1,2,A,-,01,23152,A,N,D,C,A,A,H,-,A,A,0,NA,NA,NA,NA,Y,Y,A,01,0,1,0,0,0,0,0,0,0,-,-,33.99214172363281,-118.1611328125,LOS ANGELES,BELL,-118.16124725341795,33.992027282714844