CASE_ID,ACCIDENT_YEAR,PROC_DATE,JURIS,COLLISION_DATE,COLLISION_TIME,OFFICER_ID,REPORTING_DISTRICT,DAY_OF_WEEK,CHP_SHIFT,POPULATION,CNTY_CITY_LOC,SPECIAL_COND,BEAT_TYPE,CHP_BEAT_TYPE,CITY_DIVISION_LAPD,CHP_BEAT_CLASS,BEAT_NUMBER,PRIMARY_RD,SECONDARY_RD,DISTANCE,DIRECTION,INTERSECTION,WEATHER_1,WEATHER_2,STATE_HWY_IND,CALTRANS_COUNTY,CALTRANS_DISTRICT,STATE_ROUTE,ROUTE_SUFFIX,POSTMILE_PREFIX,POSTMILE,LOCATION_TYPE,RAMP_INTERSECTION,SIDE_OF_HWY,TOW_AWAY,COLLISION_SEVERITY,NUMBER_KILLED,NUMBER_INJURED,PARTY_COUNT,PRIMARY_COLL_FACTOR,PCF_CODE_OF_VIOL,PCF_VIOL_CATEGORY,PCF_VIOLATION,PCF_VIOL_SUBSECTION,HIT_AND_RUN,TYPE_OF_COLLISION,MVIW,PED_ACTION,ROAD_SURFACE,ROAD_COND_1,ROAD_COND_2,LIGHTING,CONTROL_DEVICE,CHP_ROAD_TYPE,PEDESTRIAN_ACCIDENT,BICYCLE_ACCIDENT,MOTORCYCLE_ACCIDENT,TRUCK_ACCIDENT,NOT_PRIVATE_PROPERTY,ALCOHOL_INVOLVED,STWD_VEHTYPE_AT_FAULT,CHP_VEHTYPE_AT_FAULT,COUNT_SEVERE_INJ,COUNT_VISIBLE_INJ,COUNT_COMPLAINT_PAIN,COUNT_PED_KILLED,COUNT_PED_INJURED,COUNT_BICYCLIST_KILLED,COUNT_BICYCLIST_INJURED,COUNT_MC_KILLED,COUNT_MC_INJURED,PRIMARY_RAMP,SECONDARY_RAMP,LATITUDE,LONGITUDE,COUNTY,CITY,POINT_X,POINT_Y
8636593,2018,2018-06-26,1907,2018-05-25,1550,238,1,5,5,4,1907,0,0,0,NA,0,NA,BEAR AV,BEAR CT,396,N,N,A,-,N,NA,NA,NA,NA,NA,NA,NA,NA,NA,N,4,0,1,2,A,-,11,21956,A,F,G,B,E,A,H,-,A,D,0,Y,NA,NA,NA,Y,NA,N,60,0,0,1,0,1,0,0,0,0,-,-,33.97779083251953,-118.1985321044922,LOS ANGELES,BELL,-118.19799041748048,33.97783660888672
8636594,2018,2018-06-21,1900,2018-05-24,1740,526692,05242,4,5,4,1937,0,0,0,NA,0,143T1,UNRUH AV,GOODSON DR,56,W,N,A,-,N,NA,NA,NA,NA,NA,NA,NA,NA,NA,N,3,0,2,2,A,-,03,22350,NA,N,B,C,A,A,H,-,A,D,0,NA,NA,NA,NA,Y,NA,A,01,0,2,0,0,0,0,0,0,0,-,-,34.035160064697266,-117.95693206787108,LOS ANGELES,LA PUENTE,-117.95709228515624,34.03510665893555
8636597,2018,2018-06-26,1907,2018-05-28,0344,238,2,1,5,4,1907,0,0,0,NA,0,NA,FLORENCE AV,WALKER AV,13,E,N,A,-,N,NA,NA,NA,NA,NA,NA,NA,NA,NA,N,4,0,2,2,A,-,03,22350,NA,N,C,C,A,A,H,-,C,A,0,NA,NA,NA,NA,Y,Y,A,01,0,0,2,0,0,0,0,0,0,-,-,33.96881866455078,-118.1739501953125,LOS ANGELES,BELL,-118.1739501953125,33.968814849853516
8636598,2018,2018-06-22,1900,2018-05-24,0753,270471,1410,4,5,1,1932,0,0,0,NA,0,141T2,PELLISSIER PL,WORKMAN MILL RD,1680,S,N,B,-,N,NA,NA,NA,NA,NA,NA,NA,NA,NA,Y,3,0,1,2,A,-,08,22100,NA,N,D,C,A,A,H,-,A,D,0,NA,NA,NA,NA,Y,NA,A,01,0,1,0,0,0,0,0,0,0,-,-,34.031150817871094,-118.03002166748048,LOS ANGELES,INDUSTRY,-118.02580261230467,34.03239059448242
8636601,2018,2018-06-26,1907,2018-05-23,1558,238,1,3,5,4,1907,0,0,0,NA,0,NA,PINE AV,POLE #4717111E,30,S,N,A,-,N,NA,NA,NA,NA,NA,NA,NA,NA,NA,N,3,0,2,2,A,-,09,21804,A,N,D,C,A,A,H,-,A,D,0,NA,NA,NA,NA,Y,NA,A,01,0,1,1,0,0,0,0,0,0,-,-,33.97134017944336,-118.18934631347656,LOS ANGELES,BELL,NA,NA
8636602,2018,2018-06-22,1900,2018-05-22,1456,524034,1453,2,5,2,1999,0,0,0,NA,0,145K1,HARBOR BL,BELLA VISTA DR,0,NA,Y,B,-,N,NA,NA,NA,NA,NA,NA,NA,NA,NA,Y,4,0,1,2,A,-,09,21801,A,N,D,C,A,A,H,-,A,A,0,NA,NA,NA,NA,Y,NA,A,01,0,0,1,0,0,0,0,0,0,-,-,NA,NA,LOS ANGELES,LA HABRA HEIGHTS,-117.9275131225586,33.950828552246094
8636605,2018,2018-06-26,1907,2018-05-31,1730,202,2,4,5,4,1907,0,0,0,NA,0,NA,ATLANTIC AV,BELL AV,57,N,N,A,-,N,NA,NA,NA,NA,NA,NA,NA,NA,NA,N,4,0,2,2,A,-,08,22107,NA,N,D,C,A,A,H,-,A,D,0,NA,NA,NA,NA,Y,NA,A,01,0,0,2,0,0,0,0,0,0,-,-,33.97528839111328,-118.18704986572266,LOS ANGELES,BELL,-118.18756103515624,33.97457504272461
8636606,2018,2018-06-22,1942,2018-05-18,2100,403161,1416,5,5,7,1942,0,0,0,N,0,141T6,AZUSA AV,POMONA FWY,125,S,N,A,-,N,NA,NA,NA,NA,NA,NA,NA,NA,NA,Y,4,0,4,4,A,-,03,22350,NA,N,C,C,A,A,H,-,C,A,0,NA,NA,NA,NA,Y,NA,A,01,0,0,4,0,0,0,0,0,0,-,-,34.99711990356445,-117.93108367919922,LOS ANGELES,LOS ANGELES,NA,NA
8636609,2018,2018-06-26,1907,2018-05-14,1100,209,1,1,5,4,1907,0,0,0,NA,0,NA,ATLANTIC AV,RANDOLPH ST,21,S,N,A,-,N,NA,NA,NA,NA,NA,NA,NA,NA,NA,N,3,0,1,2,A,-,05,21650,1,N,H,G,A,A,H,-,A,A,0,NA,Y,NA,NA,Y,NA,L,04,0,1,0,0,0,0,1,0,0,-,-,33.98134994506836,-118.18653106689452,LOS ANGELES,BELL,-118.1865005493164,33.98130798339844
8636610,2018,2018-06-22,1900,2018-05-07,1835,551881,1430,1,5,4,1937,0,0,0,NA,0,143T1P,TEMPLE AV,SUNSET AV,0,NA,Y,A,-,N,NA,NA,NA,NA,NA,NA,NA,NA,NA,Y,3,0,1,2,A,-,09,21801,A,N,D,C,A,A,H,-,A,A,0,NA,NA,NA,NA,Y,NA,A,07,0,1,0,0,0,0,0,0,0,-,-,34.04066848754883,-117.96811676025392,LOS ANGELES,LA PUENTE,-117.9680633544922,34.040679931640625
8636634,2018,2018-06-22,1975,2018-05-24,1907,452,NA,4,5,6,1975,0,0,0,NA,0,001,GARVEY AV,WILLOW AV,323,W,N,A,-,N,NA,NA,NA,NA,NA,NA,NA,NA,NA,Y,2,0,1,1,A,-,08,22107,NA,N,E,I,A,A,H,-,A,D,0,NA,NA,NA,NA,Y,NA,A,01,1,0,0,0,0,0,0,0,0,-,-,NA,NA,LOS ANGELES,WEST COVINA,-117.9540786743164,34.0706672668457
8636638,2018,2018-06-22,1975,2018-05-21,1701,678,NA,1,5,6,1975,0,0,0,NA,0,002,GARVEY AV,HOLLENBECK ST,0,NA,Y,A,-,N,NA,NA,NA,NA,NA,NA,NA,NA,NA,Y,4,0,1,2,A,-,12,21453,A,N,D,C,A,A,H,-,A,A,0,NA,NA,NA,NA,Y,NA,A,01,0,0,1,0,0,0,0,0,0,-,-,NA,NA,LOS ANGELES,WEST COVINA,-117.89888763427734,34.07286834716797
8636639,2018,2018-06-20,1942,2018-05-10,2245,42364,0311,4,5,7,1942,0,0,0,C,0,3A1,CLYDE AV,JEFFERSON BL,0,NA,Y,A,-,N,NA,NA,NA,NA,NA,NA,NA,NA,NA,Y,4,0,1,2,A,-,09,21804,A,F,D,C,A,A,H,-,C,A,0,NA,NA,NA,NA,Y,NA,A,01,0,0,1,0,0,0,0,0,0,-,-,NA,NA,LOS ANGELES,LOS ANGELES,-118.36859893798828,34.026309967041016
8636643,2018,2018-06-21,1942,2018-06-04,1545,33294,NA,1,5,7,1942,0,0,0,NA,0,NA,SATICOY ST,FULTON AV,0,NA,N,A,-,N,NA,NA,NA,NA,NA,NA,NA,NA,NA,Y,4,0,1,2,A,-,09,21804,A,N,D,C,A,A,H,-,A,A,0,NA,NA,NA,NA,Y,NA,A,01,0,0,1,0,0,0,0,0,0,-,-,NA,NA,LOS ANGELES,LOS ANGELES,-118.42352294921876,34.20841979980469
8636647,2018,2018-06-21,1942,2018-06-04,0945,38996,1581,1,5,7,1942,0,0,0,O,0,15A85,LAUREL CANYON BL,MOORPARK ST,340,N,N,A,-,N,NA,NA,NA,NA,NA,NA,NA,NA,NA,N,4,0,1,2,A,-,03,22350,NA,N,C,C,A,A,H,-,A,D,0,NA,NA,NA,NA,Y,NA,A,01,0,0,1,0,0,0,0,0,0,-,-,NA,NA,LOS ANGELES,LOS ANGELES,-118.39649200439452,34.15131378173828
8636651,2018,2018-06-21,1942,2018-06-03,1715,33294,1512,7,5,7,1942,0,0,0,O,0,15A21,SHERMAN WY,COLDWATER CANYON AV,340,E,N,A,-,N,NA,NA,NA,NA,NA,NA,NA,NA,NA,N,4,0,3,3,A,-,03,22350,NA,N,C,C,A,A,H,-,A,A,0,NA,NA,NA,NA,Y,NA,A,01,0,0,3,0,0,0,0,0,0,-,-,NA,NA,LOS ANGELES,LOS ANGELES,-118.41267395019533,34.20119094848633
8636655,2018,2018-06-21,1942,2018-06-03,1300,33294,1591,7,5,7,1942,0,0,0,O,0,15A85,MULHOLLAND DR,LAUREL PASS DR,100,E,N,A,-,N,NA,NA,NA,NA,NA,NA,NA,NA,NA,N,3,0,1,1,A,-,03,22350,NA,N,H,J,A,A,H,-,A,A,0,NA,NA,NA,NA,Y,NA,A,01,0,1,0,0,0,0,0,0,0,-,-,NA,NA,LOS ANGELES,LOS ANGELES,-118.38297271728516,34.12240982055664
8636659,2018,2018-06-21,1942,2018-06-03,0940,38273,1523,7,5,7,1942,0,0,0,O,0,15A33,WHITSETT AV,VICTORY BL,0,NA,Y,A,-,N,NA,NA,NA,NA,NA,NA,NA,NA,NA,Y,4,0,3,2,A,-,09,21801,A,N,A,-,A,A,H,-,A,A,0,NA,NA,NA,NA,Y,NA,A,07,0,0,3,0,0,0,0,0,0,-,-,NA,NA,LOS ANGELES,LOS ANGELES,-118.40525817871094,34.18667984008789
8636663,2018,2018-06-22,1942,2018-06-02,2130,32372,NA,6,5,7,1942,0,0,0,NA,0,NA,SHERMAN WY,FULTON AV,0,NA,Y,A,-,N,NA,NA,NA,NA,NA,NA,NA,NA,NA,N,4,0,5,3,A,-,09,21801,A,N,D,C,A,A,H,-,C,A,0,NA,NA,NA,NA,Y,NA,A,01,0,0,5,0,0,0,0,0,0,-,-,NA,NA,LOS ANGELES,LOS ANGELES,-118.42253875732422,34.20119857788086
8636664,2018,2018-06-21,1942,2018-05-28,0136,407,NA,1,5,7,1942,0,0,0,NA,0,004,VALINDA AV,FLORENCE,376,N,N,A,-,N,NA,NA,NA,NA,NA,NA,NA,NA,NA,Y,3,0,1,4,A,-,01,23153,A,N,-,E,A,A,H,-,C,D,0,NA,NA,NA,NA,Y,NA,A,01,0,1,0,0,0,0,0,0,0,-,-,NA,NA,LOS ANGELES,LOS ANGELES,-117.9255599975586,34.05244827270508
8636667,2018,2018-06-21,1942,2018-06-02,1845,26319,1553,6,5,7,1942,0,0,0,O,0,15A43,HOLLYWOOD FWY S,RIVERSIDE DR,0,NA,Y,A,-,N,NA,NA,NA,NA,NA,NA,NA,NA,NA,Y,3,0,2,2,A,-,12,21453,A,N,D,C,A,A,H,-,A,A,0,NA,NA,Y,NA,Y,NA,C,02,0,1,1,0,0,0,0,0,1,-,-,NA,NA,LOS ANGELES,LOS ANGELES,-118.33979034423828,34.15299987792969
8636668,2018,2018-06-19,1975,2018-05-30,1356,640,NA,3,5,6,1975,0,0,0,NA,0,004,VINCENT AV,COVINA PKWY,0,NA,Y,B,-,N,NA,NA,NA,NA,NA,NA,NA,NA,NA,Y,4,0,1,2,A,-,12,21453,A,N,D,C,A,A,H,-,A,A,0,NA,NA,NA,NA,Y,NA,A,01,0,0,1,0,0,0,0,0,0,-,-,NA,NA,LOS ANGELES,WEST COVINA,-117.926917,34.067788
8636671,2018,2018-07-12,1942,2018-06-02,1240,42469,1516,6,5,7,1942,0,0,0,O,0,15A27,VANOWEN ST,TUJUNGA AV,0,NA,Y,A,-,N,NA,NA,NA,NA,NA,NA,NA,NA,NA,Y,3,0,1,2,A,-,12,21453,A,N,D,C,A,A,H,-,A,A,0,NA,NA,NA,NA,Y,NA,-,-,0,1,0,0,0,0,0,0,0,-,-,NA,NA,LOS ANGELES,LOS ANGELES,-118.37902069091795,34.19395065307617
8636672,2018,2018-06-20,1975,2018-05-26,1446,447,NA,6,5,6,1975,0,0,0,NA,0,005,AZUSA AV,AMAR RD,3,S,N,A,-,N,NA,NA,NA,NA,NA,NA,NA,NA,NA,N,4,0,2,3,A,-,10,21954,B,N,C,C,A,A,H,-,A,A,0,NA,NA,NA,NA,Y,Y,-,NA,0,0,2,0,0,0,0,0,0,-,-,NA,NA,LOS ANGELES,WEST COVINA,-117.91482543945313,34.03145217895508
8636675,2018,2018-06-21,1942,2018-06-05,1515,42251,1765,2,5,7,1942,0,0,0,Q,0,17A35,WILBUR AV,LASSEN ST,434,N,N,A,-,N,NA,NA,NA,NA,NA,NA,NA,NA,NA,N,3,0,1,3,A,-,04,21703,NA,F,C,C,A,A,H,-,A,D,0,NA,NA,NA,NA,Y,NA,-,99,0,1,0,0,0,0,0,0,0,-,-,NA,NA,LOS ANGELES,LOS ANGELES,-118.54484558105467,34.251190185546875
8636676,2018,2018-06-20,1975,2018-05-27,1427,447,NA,7,5,6,1975,0,0,0,NA,0,003,CAMERON AV,SUNSET AV,0,NA,Y,A,-,N,NA,NA,NA,NA,NA,NA,NA,NA,NA,Y,3,0,3,2,A,-,09,21453,C,N,D,C,A,A,H,-,A,A,0,NA,NA,NA,NA,Y,NA,A,01,0,1,2,0,0,0,0,0,0,-,-,NA,NA,LOS ANGELES,WEST COVINA,-117.94032287597656,34.06694030761719
8636679,2018,2018-06-21,1900,2018-06-05,1101,610418,1126,2,5,6,1992,0,0,0,NA,0,111T1,AVENUE K,17TH ST WEST,387,E,N,A,-,N,NA,NA,NA,NA,NA,NA,NA,NA,NA,Y,4,0,1,2,A,-,12,21453,A,N,D,C,A,A,H,-,A,A,0,NA,NA,NA,NA,Y,NA,A,01,0,0,1,0,0,0,0,0,0,-,-,NA,NA,LOS ANGELES,LANCASTER,-118.15999603271484,34.67489242553711
8636680,2018,2018-06-20,1975,2018-05-31,2043,452,1975,4,5,6,1975,0,0,0,NA,0,001,SUNSET AV,COVINA PKWY,7,N,N,A,-,N,NA,NA,NA,NA,NA,NA,NA,NA,NA,N,4,0,1,2,A,-,12,21453,A,M,C,-,A,A,H,-,A,A,0,NA,NA,NA,NA,Y,NA,-,NA,0,0,1,0,0,0,0,0,0,-,-,NA,NA,LOS ANGELES,WEST COVINA,-117.938113,34.0688
8636683,2018,2018-06-21,1900,2018-06-04,0738,540658,1137,1,5,6,1992,0,0,0,NA,0,112T2,30TH ST EAST,AVENUE J-4,174,S,N,A,-,N,NA,NA,NA,NA,NA,NA,NA,NA,NA,Y,3,0,1,1,A,-,08,22107,NA,N,E,I,A,A,H,-,A,D,0,NA,NA,NA,NA,Y,NA,A,01,0,1,0,0,0,0,0,0,0,-,-,NA,NA,LOS ANGELES,LANCASTER,-118.18374633789064,34.6842041015625
8636688,2018,2018-06-20,1942,2018-05-29,1710,36760,1591,2,5,7,1942,0,0,0,O,0,15A68W,VENTURA BL,ALCOVE AV,40,E,N,A,-,N,NA,NA,NA,NA,NA,NA,NA,NA,NA,N,4,0,1,3,A,-,04,21703,A,N,C,C,A,A,H,-,A,D,0,NA,NA,NA,NA,Y,NA,A,07,0,0,1,0,0,0,0,0,0,-,-,NA,NA,LOS ANGELES,LOS ANGELES,-118.412353515625,34.14488983154297
8636692,2018,2018-06-20,1942,2018-05-29,1305,37353,1532,2,5,7,1942,0,0,0,O,0,15A33,OXNARD ST,RHODES AV,0,NA,Y,A,-,N,NA,NA,NA,NA,NA,NA,NA,NA,NA,N,4,0,2,2,A,-,09,21801,A,N,A,C,A,A,H,-,A,A,0,NA,NA,NA,NA,Y,NA,A,08,0,0,2,0,0,0,0,0,0,-,-,NA,NA,LOS ANGELES,LOS ANGELES,-118.4031219482422,34.17940902709961
8636696,2018,2018-06-20,1942,2018-05-31,1020,40398,1512,4,5,7,1942,0,0,0,O,0,15A21,BELLAIRE AV,BASSETT ST,150,S,N,A,-,N,NA,NA,NA,NA,NA,NA,NA,NA,NA,N,3,0,2,3,A,-,08,22103,NA,N,D,C,A,A,H,-,A,D,0,NA,NA,NA,NA,Y,NA,A,01,0,1,1,0,0,0,0,0,0,-,-,NA,NA,LOS ANGELES,LOS ANGELES,-118.40943145751952,34.19538879394531
8636700,2018,2018-06-20,1942,2018-05-24,2050,34599,1791,4,5,7,1942,0,0,0,Q,0,17A81,MASON AV,PARTHENIA ST,30,N,N,A,-,N,NA,NA,NA,NA,NA,NA,NA,NA,NA,N,4,0,1,2,A,-,03,22350,NA,F,C,C,A,A,H,-,C,A,0,NA,NA,NA,NA,Y,NA,-,99,0,0,1,0,0,0,0,0,0,-,-,NA,NA,LOS ANGELES,LOS ANGELES,-118.57978057861328,34.22829055786133
8636704,2018,2018-06-20,1900,2018-05-29,1534,281365,1630,2,5,5,1977,0,0,0,NA,0,164T1,VICTORIA ST,AVALON BL,5,E,N,A,-,N,NA,NA,NA,NA,NA,NA,NA,NA,NA,N,3,0,1,2,A,-,12,21453,A,N,D,G,A,A,H,-,A,A,0,NA,Y,NA,NA,Y,NA,L,04,0,1,0,0,0,0,1,0,0,-,-,33.866981506347656,-118.26593017578124,LOS ANGELES,CARSON,-118.26628112792967,33.86701583862305
8636705,2018,2018-06-25,1925,2018-06-06,0759,20089,170,3,5,6,1925,0,0,0,NA,0,001,COLUMBUS AV,LORAINE ST,80,S,N,A,-,N,NA,NA,NA,NA,NA,NA,NA,NA,NA,Y,4,0,1,2,A,-,08,22107,NA,N,B,E,A,A,H,-,A,D,0,NA,NA,NA,NA,Y,NA,D,22,0,0,1,0,0,0,0,0,0,-,-,NA,NA,LOS ANGELES,GLENDALE,-118.26217651367188,34.16413879394531
8636707,2018,2018-06-20,1928,2018-02-17,1245,384,529,6,5,5,1928,0,0,0,NA,0,502,VAN NESS AV,EL SEGUNDO BL,0,NA,Y,A,-,N,NA,NA,NA,NA,NA,NA,NA,NA,NA,Y,3,0,1,2,D,-,00,NA,NA,N,A,C,A,A,H,-,A,A,0,NA,NA,NA,NA,Y,NA,-,-,0,1,0,0,0,0,0,0,0,-,-,33.91640090942383,-118.31786346435548,LOS ANGELES,HAWTHORNE,-118.31784057617188,33.91646194458008
8636708,2018,2018-06-21,1900,2018-05-31,0937,552712,1618,4,5,5,1977,0,0,0,NA,0,164T,DOLORES ST,223RD ST,12,S,N,A,-,N,NA,NA,NA,NA,NA,NA,NA,NA,NA,Y,4,0,1,2,A,-,03,22350,NA,N,C,C,A,A,H,-,A,A,0,NA,NA,NA,NA,Y,NA,A,01,0,0,1,0,0,0,0,0,0,-,-,NA,NA,LOS ANGELES,CARSON,-118.2723388671875,33.82417678833008
8636712,2018,2018-06-21,1900,2018-05-31,1225,609643,1616,4,5,5,1977,0,0,0,NA,0,168T,UNIVERSITY DR,WILMINGTON AV,0,NA,Y,A,-,N,NA,NA,NA,NA,NA,NA,NA,NA,NA,Y,2,0,1,2,A,-,12,21453,A,N,D,C,A,A,H,-,A,A,0,NA,NA,NA,NA,Y,NA,A,01,1,0,0,0,0,0,0,0,0,-,-,NA,NA,LOS ANGELES,CARSON,-118.23497009277344,33.85813903808594
8636713,2018,2018-06-25,1925,2018-06-04,1359,21097,124,1,5,6,1925,0,0,0,NA,0,005,ROSEMONT AV,HONOLULU AV,0,NA,Y,A,-,N,NA,NA,NA,NA,NA,NA,NA,NA,NA,Y,4,0,1,2,A,-,12,22450,A,N,D,C,A,A,H,-,A,A,0,NA,NA,NA,NA,Y,NA,A,01,0,0,1,0,0,0,0,0,0,-,-,NA,NA,LOS ANGELES,GLENDALE,-118.23525238037108,34.20851135253906
8636715,2018,2018-06-21,1916,2018-02-19,2210,2112,E42C1,1,5,4,1916,0,0,0,NA,0,EAST,GRAND AV,CALORA ST,57,S,N,A,-,N,NA,NA,NA,NA,NA,NA,NA,NA,NA,Y,4,0,1,2,A,-,22,23123,5,N,C,E,A,A,H,-,C,D,0,NA,NA,NA,NA,Y,NA,A,01,0,0,1,0,0,0,0,0,0,-,-,34.1043701171875,-117.8725128173828,LOS ANGELES,COVINA,-117.8726806640625,34.10420227050781
8636716,2018,2018-06-21,1900,2018-05-15,1754,606665,2113,2,5,5,1943,0,0,0,NA,0,212D,LINDEN ST,LOS FLORES BL,0,NA,Y,A,-,N,NA,NA,NA,NA,NA,NA,NA,NA,NA,N,4,0,1,2,A,-,12,22450,A,N,D,C,A,A,H,-,A,A,0,NA,NA,NA,NA,Y,NA,A,01,0,0,1,0,0,0,0,0,0,-,-,NA,NA,LOS ANGELES,LYNWOOD,-118.18495178222656,33.929901123046875
8636719,2018,2018-06-21,1916,2018-02-05,1846,1849,D31R1,1,5,4,1916,0,0,0,NA,0,DOWNTO,HOLLENBECK AV,CENTER ST,10,S,N,A,-,N,NA,NA,NA,NA,NA,NA,NA,NA,NA,Y,4,0,1,2,A,-,09,21802,A,N,A,C,A,A,H,-,C,D,0,NA,NA,NA,NA,Y,NA,A,01,0,0,1,0,0,0,0,0,0,-,-,34.085121154785156,-117.8989486694336,LOS ANGELES,COVINA,-117.89895629882813,34.0850944519043
8637049,2018,2018-07-18,1900,2018-05-22,1618,546274,2116,2,5,5,1943,0,0,0,NA,0,212T3,IMPERIAL HWY,ALAMEDA ST,150,E,N,A,-,N,NA,NA,NA,NA,NA,NA,NA,NA,NA,Y,4,0,1,2,D,-,00,NA,NA,N,B,C,A,A,H,-,A,D,0,NA,NA,NA,NA,Y,NA,-,-,0,0,1,0,0,0,0,0,0,-,-,NA,NA,LOS ANGELES,LYNWOOD,-118.2247314453125,33.93001174926758
8637060,2018,2018-06-22,1900,2018-06-03,2120,600527,1121,7,5,6,1992,0,0,0,NA,0,1111DP,10TH ST WEST,AVENUE H-14,350,N,N,A,-,N,NA,NA,NA,NA,NA,NA,NA,NA,NA,N,4,0,1,2,A,-,08,22103,NA,N,D,C,A,A,H,-,C,D,0,NA,NA,Y,NA,Y,NA,A,07,0,0,1,0,0,0,0,0,1,-,-,NA,NA,LOS ANGELES,LANCASTER,-118.14818572998048,34.70655822753906
8637063,2018,2018-06-26,1942,2018-05-28,2150,36698,0143,1,5,7,1942,0,0,0,A,0,1A41,W 4TH ST,S HILL ST,0,NA,Y,A,-,N,NA,NA,NA,NA,NA,NA,NA,NA,NA,Y,4,0,2,2,A,-,01,23152,A,N,D,C,A,A,H,-,C,A,0,NA,NA,NA,NA,Y,Y,D,22,0,0,2,0,0,0,0,0,0,-,-,NA,NA,LOS ANGELES,LOS ANGELES,-118.25042724609376,34.05023193359375
8637064,2018,2018-06-22,1900,2018-06-08,1101,602401,1120,5,5,6,1992,0,0,0,NA,0,111T1,AVENUE 1,50TH ST WEST,1268,W,N,A,-,N,NA,NA,NA,NA,NA,NA,NA,NA,NA,Y,4,0,1,2,A,-,09,21801,A,N,D,C,A,A,H,-,A,D,0,NA,NA,NA,NA,Y,NA,D,22,0,0,1,0,0,0,0,0,0,-,-,NA,NA,LOS ANGELES,LANCASTER,-118.22338104248048,34.70408248901367
8637071,2018,2018-07-03,1910,2018-05-17,0752,34075,NA,4,5,4,1910,0,0,0,NA,0,006,CHALETTE DR,LOMA VISTA DR,450,W,N,A,-,N,NA,NA,NA,NA,NA,NA,NA,NA,NA,N,4,0,1,2,A,-,06,21750,NA,F,B,C,A,A,H,-,A,D,0,NA,NA,NA,Y,Y,NA,A,01,0,0,1,0,0,0,0,0,0,-,-,34.10593032836914,-118.39630126953124,LOS ANGELES,BEVERLY HILLS,-118.39632415771484,34.1060905456543
8637072,2018,2018-06-22,1900,2018-06-07,1804,620752,1126,4,5,6,1992,0,0,0,NA,0,111T2,15TH ST WEST,AVENUE J,10,N,N,A,-,N,NA,NA,NA,NA,NA,NA,NA,NA,NA,N,4,0,1,2,A,-,04,21703,NA,N,C,C,A,A,H,-,A,A,0,NA,NA,NA,NA,Y,NA,A,07,0,0,1,0,0,0,0,0,0,-,-,NA,NA,LOS ANGELES,LANCASTER,-118.15683746337892,34.689456939697266
8637075,2018,2018-07-27,1910,2018-05-22,1035,03633,NA,2,5,4,1910,0,0,0,NA,0,006,ARKELL DR,VICK PL,20,S,N,A,-,N,NA,NA,NA,NA,NA,NA,NA,NA,NA,Y,3,0,1,2,A,-,08,22107,NA,N,E,C,A,A,H,-,A,D,0,NA,NA,NA,NA,Y,NA,A,01,0,1,0,0,0,0,0,0,0,-,-,NA,NA,LOS ANGELES,BEVERLY HILLS,-118.39753723144533,34.105735778808594
8637076,2018,2018-06-22,1900,2018-06-07,1000,551435,1127,4,5,6,1992,0,0,0,NA,0,112T4,AVENUE J,50TH ST WEST,0,NA,Y,A,-,N,NA,NA,NA,NA,NA,NA,NA,NA,NA,Y,4,0,1,2,D,-,00,NA,NA,N,D,C,A,A,H,-,A,A,0,NA,NA,NA,NA,Y,NA,-,-,0,0,1,0,0,0,0,0,0,-,-,NA,NA,LOS ANGELES,LANCASTER,-118.21913909912108,34.68939971923828
8637078,2018,2018-07-02,1900,2018-05-31,1211,510509,NA,4,5,6,1992,0,0,0,NA,0,112T4,AVENUE M,SIERRA HWY,324,W,N,A,-,N,NA,NA,NA,NA,NA,NA,NA,NA,NA,N,4,0,1,2,A,-,03,22350,NA,N,C,C,A,A,H,-,A,D,0,NA,NA,NA,NA,Y,NA,D,22,0,0,1,0,0,0,0,0,0,-,-,NA,NA,LOS ANGELES,LANCASTER,-118.12932586669922,34.64585876464844
8637079,2018,2018-07-06,1910,2018-05-25,1413,02230,NA,5,5,4,1910,0,0,0,NA,0,004,WILSHIRE BL,WHITTIER DR,400,W,N,A,-,N,NA,NA,NA,NA,NA,NA,NA,NA,NA,Y,3,0,1,2,A,-,09,21801,A,N,D,C,A,A,H,-,A,D,0,NA,NA,NA,NA,Y,NA,A,01,0,1,0,0,0,0,0,0,0,-,-,NA,NA,LOS ANGELES,BEVERLY HILLS,-118.41597747802734,34.067081451416016
8637091,2018,2018-06-26,1942,2018-06-03,1630,40275,1135,7,5,7,1942,0,0,0,K,0,11A89,DIVISION ST,CLELAND ST,500,S,N,A,-,N,NA,NA,NA,NA,NA,NA,NA,NA,NA,Y,3,0,1,2,A,-,03,22350,NA,N,C,E,A,A,H,-,A,D,0,NA,NA,NA,NA,Y,NA,A,01,0,1,0,0,0,0,0,0,0,-,-,NA,NA,LOS ANGELES,LOS ANGELES,-118.22140502929688,34.10927200317383