CASE_ID,ACCIDENT_YEAR,PROC_DATE,JURIS,COLLISION_DATE,COLLISION_TIME,OFFICER_ID,REPORTING_DISTRICT,DAY_OF_WEEK,CHP_SHIFT,POPULATION,CNTY_CITY_LOC,SPECIAL_COND,BEAT_TYPE,CHP_BEAT_TYPE,CITY_DIVISION_LAPD,CHP_BEAT_CLASS,BEAT_NUMBER,PRIMARY_RD,SECONDARY_RD,DISTANCE,DIRECTION,INTERSECTION,WEATHER_1,WEATHER_2,STATE_HWY_IND,CALTRANS_COUNTY,CALTRANS_DISTRICT,STATE_ROUTE,ROUTE_SUFFIX,POSTMILE_PREFIX,POSTMILE,LOCATION_TYPE,RAMP_INTERSECTION,SIDE_OF_HWY,TOW_AWAY,COLLISION_SEVERITY,NUMBER_KILLED,NUMBER_INJURED,PARTY_COUNT,PRIMARY_COLL_FACTOR,PCF_CODE_OF_VIOL,PCF_VIOL_CATEGORY,PCF_VIOLATION,PCF_VIOL_SUBSECTION,HIT_AND_RUN,TYPE_OF_COLLISION,MVIW,PED_ACTION,ROAD_SURFACE,ROAD_COND_1,ROAD_COND_2,LIGHTING,CONTROL_DEVICE,CHP_ROAD_TYPE,PEDESTRIAN_ACCIDENT,BICYCLE_ACCIDENT,MOTORCYCLE_ACCIDENT,TRUCK_ACCIDENT,NOT_PRIVATE_PROPERTY,ALCOHOL_INVOLVED,STWD_VEHTYPE_AT_FAULT,CHP_VEHTYPE_AT_FAULT,COUNT_SEVERE_INJ,COUNT_VISIBLE_INJ,COUNT_COMPLAINT_PAIN,COUNT_PED_KILLED,COUNT_PED_INJURED,COUNT_BICYCLIST_KILLED,COUNT_BICYCLIST_INJURED,COUNT_MC_KILLED,COUNT_MC_INJURED,PRIMARY_RAMP,SECONDARY_RAMP,LATITUDE,LONGITUDE,COUNTY,CITY,POINT_X,POINT_Y
8639435,2018,2018-07-30,1942,2018-04-17,1445,41800,1801,2,5,7,1942,0,0,0,R,0,18X36,FIGUEROA ST,94TH ST,5,S,N,A,-,N,NA,NA,NA,NA,NA,NA,NA,NA,NA,Y,4,0,1,2,A,-,03,22350,NA,N,C,C,A,A,H,-,A,D,0,NA,NA,NA,NA,Y,NA,-,-,0,0,1,0,0,0,0,0,0,-,-,NA,NA,LOS ANGELES,LOS ANGELES,-118.28272247314452,33.950984954833984
8639436,2018,2018-07-31,1956,2018-06-16,1437,1312,53,6,5,5,1956,0,0,0,NA,0,004,RT 91,MACKAY LN,50,E,N,A,-,N,NA,NA,NA,NA,NA,NA,NA,NA,NA,Y,4,0,2,4,A,-,03,22350,NA,N,C,C,A,A,H,-,A,A,0,NA,NA,NA,NA,Y,NA,A,07,0,0,2,0,0,0,0,0,0,-,-,NA,NA,LOS ANGELES,REDONDO BEACH,-118.368383,33.872886
8639440,2018,2018-07-30,1956,2018-06-03,1840,1329,42,7,5,5,1956,0,0,0,NA,0,004,ARTESIA BL,BLOSSOM LN,0,NA,Y,A,-,N,NA,NA,NA,NA,NA,NA,NA,NA,NA,N,4,0,1,2,A,-,03,22350,NA,M,C,C,A,A,H,-,A,A,0,NA,NA,NA,NA,Y,NA,A,01,0,0,1,0,0,0,0,0,0,-,-,NA,NA,LOS ANGELES,REDONDO BEACH,-118.3748779296875,33.872901916503906
8639441,2018,2018-06-26,1942,2018-05-01,1415,38343,1209,2,5,7,1942,0,0,0,L,0,18A49,VERNON,FLOWER ST,0,NA,Y,A,-,N,NA,NA,NA,NA,NA,NA,NA,NA,NA,N,4,0,1,2,A,-,04,21703,NA,F,C,C,A,A,H,-,A,A,0,NA,NA,NA,NA,Y,NA,-,99,0,0,1,0,0,0,0,0,0,-,-,NA,NA,LOS ANGELES,LOS ANGELES,-118.28157043457033,34.003761291503906
8639442,2018,2018-07-05,1942,2018-05-30,0650,34332,0442,3,5,7,1942,0,0,0,D,0,4A15,N MISSION RD,RICHMOND ST,872,S,N,C,-,N,NA,NA,NA,NA,NA,NA,NA,NA,NA,Y,2,0,5,3,A,-,03,22350,NA,N,A,C,A,B,H,-,A,A,0,NA,NA,NA,NA,Y,NA,A,01,2,2,1,0,0,0,0,0,0,-,-,NA,NA,LOS ANGELES,LOS ANGELES,-118.22618103027344,34.0540885925293
8639443,2018,2018-06-22,1942,2018-06-07,1540,38513,1251,4,5,7,1942,0,0,0,L,0,43Q53,87TH PL,CRENSHAW BL,40,E,N,A,-,N,NA,NA,NA,NA,NA,NA,NA,NA,NA,N,4,0,1,4,A,-,01,23152,A,N,C,C,A,A,H,-,A,D,0,NA,NA,NA,NA,Y,Y,A,01,0,0,1,0,0,0,0,0,0,-,-,NA,NA,LOS ANGELES,LOS ANGELES,NA,NA
8639445,2018,2018-06-26,1942,2018-05-23,1455,38503,1837,3,5,7,1942,0,0,0,R,0,25TL22,IMPERIAL HWY,GRANDEE AV,10,E,N,B,-,N,NA,NA,NA,NA,NA,NA,NA,NA,NA,N,3,0,2,2,A,-,07,21658,A,F,C,C,A,A,H,-,A,-,0,NA,NA,NA,NA,Y,NA,-,99,0,2,0,0,0,0,0,0,0,-,-,NA,NA,LOS ANGELES,LOS ANGELES,-118.2434539794922,33.929508209228516
8639446,2018,2018-06-27,1942,2018-05-29,1735,36841,1162,2,5,7,1942,0,0,0,K,0,11X74,SUNSET,EDGEMONT,0,NA,Y,A,-,N,NA,NA,NA,NA,NA,NA,NA,NA,NA,N,4,0,1,2,A,-,10,21950,A,F,G,B,B,A,H,-,A,A,0,Y,NA,NA,NA,Y,NA,-,99,0,0,1,0,1,0,0,0,0,-,-,NA,NA,LOS ANGELES,LOS ANGELES,-118.296142578125,34.098148345947266
8639447,2018,2018-06-22,1942,2018-06-06,1910,26539,1864,3,5,7,1942,0,0,0,R,0,18A26,120TH ST,STANFORD AV,0,NA,Y,A,-,N,NA,NA,NA,NA,NA,NA,NA,NA,NA,N,4,0,5,2,A,-,01,23152,A,N,C,B,A,A,H,-,B,D,0,NA,NA,NA,NA,Y,Y,A,01,0,0,5,0,0,0,0,0,0,-,-,NA,NA,LOS ANGELES,LOS ANGELES,-118.26222229003906,33.92372131347656
8639449,2018,2018-06-26,1942,2018-05-15,1930,42338,1842,2,5,7,1942,0,0,0,R,0,18A41,IMPERIAL HWY,OLIVE ST,0,NA,Y,A,-,N,NA,NA,NA,NA,NA,NA,NA,NA,NA,N,4,0,1,2,A,-,07,21658,A,N,B,C,A,A,H,-,B,D,0,NA,NA,NA,NA,Y,NA,A,01,0,0,1,0,0,0,0,0,0,-,-,NA,NA,LOS ANGELES,LOS ANGELES,-118.2795867919922,33.930999755859375
8639450,2018,2018-06-27,1942,2018-05-28,0215,42008,1145,1,5,7,1942,0,0,0,K,0,11A71,RIVERSIDE DR,FLETCHER DR,40,S,N,B,-,N,NA,NA,NA,NA,NA,NA,NA,NA,NA,Y,4,0,1,2,A,-,08,22107,NA,F,D,C,A,A,H,-,C,D,0,NA,NA,NA,NA,Y,NA,-,99,0,0,1,0,0,0,0,0,0,-,-,NA,NA,LOS ANGELES,LOS ANGELES,-118.25645446777344,34.10591506958008
8639451,2018,2018-06-22,1942,2018-06-10,1530,42770,1801,7,5,7,1942,0,0,0,R,0,18A17,IMPERIAL HWY,FIGUEROA ST,0,NA,Y,A,-,N,NA,NA,NA,NA,NA,NA,NA,NA,NA,N,4,0,1,2,A,-,09,21801,NA,N,D,C,A,A,H,-,A,A,0,NA,NA,Y,NA,Y,NA,A,01,0,0,1,0,0,0,0,0,1,-,-,NA,NA,LOS ANGELES,LOS ANGELES,-118.28260040283205,33.930999755859375
8639453,2018,2018-06-26,1942,2018-05-17,0015,41844,1801,4,5,7,1942,0,0,0,R,0,18A1,W MANCHESTER AV,DENVER AV,38,W,N,A,-,N,NA,NA,NA,NA,NA,NA,NA,NA,NA,N,4,0,1,2,A,-,03,22350,NA,N,C,C,A,A,H,-,C,D,0,NA,NA,NA,NA,Y,NA,A,01,0,0,1,0,0,0,0,0,0,-,-,NA,NA,LOS ANGELES,LOS ANGELES,-118.28404235839844,33.960060119628906
8639454,2018,2018-08-17,1900,2018-05-29,0925,527069,2611,2,5,6,1950,0,0,0,NA,0,263T1,3RD ST EAST,RT 138,143,S,N,A,-,Y,LA,7,138,-,-,43.95,I,6,E,N,3,0,3,2,A,-,03,22350,NA,N,C,C,A,A,H,-,A,D,0,NA,NA,NA,NA,Y,NA,A,07,0,1,2,0,0,0,0,0,0,-,-,NA,NA,LOS ANGELES,PALMDALE,-118.12483978271484,34.579856872558594
8639455,2018,2018-06-25,1942,2018-06-04,2020,42450,1803,1,5,7,1942,0,0,0,R,0,12A39,MANCHESTER BL,AVALON BL,0,NA,Y,A,-,N,NA,NA,NA,NA,NA,NA,NA,NA,NA,Y,3,0,1,2,A,-,09,21801,A,F,D,C,A,A,H,-,A,A,0,NA,NA,NA,NA,Y,NA,-,99,0,1,0,0,0,0,0,0,0,-,-,NA,NA,LOS ANGELES,LOS ANGELES,-118.26512908935548,33.96012878417969
8639457,2018,2018-06-26,1942,2018-05-08,0955,36195,1245,2,5,7,1942,0,0,0,L,0,NA,FLORENCE AV,HOOVER ST,15,S,N,A,-,N,NA,NA,NA,NA,NA,NA,NA,NA,NA,N,4,0,1,3,A,-,03,22350,NA,M,C,C,A,A,H,-,A,A,0,NA,NA,NA,NA,Y,NA,A,01,0,0,1,0,0,0,0,0,0,-,-,NA,NA,LOS ANGELES,LOS ANGELES,-118.287109375,33.974639892578125
8639458,2018,2018-07-09,1900,2018-05-24,0945,524143,2612,4,5,6,1950,0,0,0,NA,0,262T1,AVENUE P-8 (BULLDOG AV),25TH ST WEST (HIGHLAND ST),419,W,N,A,-,N,NA,NA,NA,NA,NA,NA,NA,NA,NA,Y,4,0,1,2,A,-,09,21804,A,N,D,C,A,A,H,-,A,D,0,NA,NA,NA,NA,Y,NA,A,01,0,0,1,0,0,0,0,0,0,-,-,NA,NA,LOS ANGELES,PALMDALE,-118.17552185058594,34.5943489074707
8639459,2018,2018-06-22,1942,2018-06-05,0540,43347,1255,2,5,7,1942,0,0,0,L,0,12A15,NORMANDIE AV,78TH ST,90,S,N,B,-,N,NA,NA,NA,NA,NA,NA,NA,NA,NA,Y,4,0,1,3,A,-,08,22107,NA,N,D,C,A,A,H,-,B,D,0,NA,NA,NA,NA,Y,NA,A,01,0,0,1,0,0,0,0,0,0,-,-,NA,NA,LOS ANGELES,LOS ANGELES,-118.30032348632813,33.96913146972656
8639461,2018,2018-06-26,1942,2018-05-23,2045,42734,1842,3,5,7,1942,0,0,0,R,0,18L90,MAIN ST,110TH ST,0,NA,Y,A,-,N,NA,NA,NA,NA,NA,NA,NA,NA,NA,N,4,0,1,2,A,-,12,22450,A,F,D,C,A,A,H,-,A,D,0,NA,NA,NA,NA,Y,NA,-,99,0,0,1,0,0,0,0,0,0,-,-,NA,NA,LOS ANGELES,LOS ANGELES,-118.27388763427734,33.93566131591797
8639462,2018,2018-07-09,1900,2018-05-16,1820,430275,1518,3,5,5,1954,0,0,0,NA,0,151T2,ROSEMEAD BL,BURKE ST,0,NA,Y,A,-,N,NA,NA,NA,NA,NA,NA,NA,NA,NA,NA,3,0,1,2,A,-,09,21801,A,N,D,C,A,A,H,-,A,D,0,NA,NA,NA,NA,Y,NA,A,01,0,1,0,0,0,0,0,0,0,-,-,33.970008850097656,-118.10536193847656,LOS ANGELES,PICO RIVERA,-118.10547637939452,33.970069885253906
8639463,2018,2018-06-22,1942,2018-06-04,1900,41489,1283,1,5,7,1942,0,0,0,L,0,12A83W,94TH ST,WESTERN AV,5,W,N,A,-,N,NA,NA,NA,NA,NA,NA,NA,NA,NA,N,3,0,1,2,A,-,10,21950,A,F,G,B,B,A,H,-,A,A,0,Y,NA,NA,NA,Y,NA,-,99,0,1,0,0,1,0,0,0,0,-,-,NA,NA,LOS ANGELES,LOS ANGELES,-118.30902862548828,33.95111846923828
8639465,2018,2018-06-26,1942,2018-05-21,1900,41756,1821,1,5,7,1942,0,0,0,R,0,18A17,HOOVER ST,CENTURY BL,0,NA,Y,A,-,N,NA,NA,NA,NA,NA,NA,NA,NA,NA,N,4,0,1,2,A,-,12,21453,A,F,D,G,A,A,H,-,A,A,0,NA,Y,NA,NA,Y,NA,-,99,0,0,1,0,0,0,1,0,0,-,-,NA,NA,LOS ANGELES,LOS ANGELES,-118.28697204589844,33.94551086425781
8639466,2018,2018-07-09,1900,2018-05-26,1630,430275,1510,6,5,5,1954,0,0,0,NA,0,151T2,PARAMOUNT BL,TILMONT AV,0,NA,Y,A,-,N,NA,NA,NA,NA,NA,NA,NA,NA,NA,NA,4,0,1,2,A,-,09,21802,A,N,D,C,A,A,H,-,A,A,0,NA,NA,NA,NA,Y,NA,A,07,0,0,1,0,0,0,0,0,0,-,-,34.01333999633789,-118.0859603881836,LOS ANGELES,PICO RIVERA,-118.08582305908205,34.01322937011719
8639467,2018,2018-06-22,1942,2018-06-08,1700,37560,1241,5,5,7,1942,0,0,0,L,0,25T22,63RD ST,CRENSHAW BL,0,NA,Y,A,-,N,NA,NA,NA,NA,NA,NA,NA,NA,NA,Y,3,0,2,2,A,-,09,21801,A,N,D,C,A,A,D,-,A,A,0,NA,NA,NA,NA,Y,NA,A,01,0,1,1,0,0,0,0,0,0,-,-,NA,NA,LOS ANGELES,LOS ANGELES,-118.33087921142578,33.9829216003418
8639469,2018,2018-06-26,1942,2018-05-06,0113,42858,1802,7,5,7,1942,0,0,0,R,0,18A17,BROADWAY,92ND ST,0,NA,Y,A,-,N,NA,NA,NA,NA,NA,NA,NA,NA,NA,N,2,0,1,2,A,-,11,21954,A,N,G,B,D,A,H,-,C,A,0,Y,NA,NA,NA,Y,NA,N,60,1,0,0,0,1,0,0,0,0,-,-,NA,NA,LOS ANGELES,LOS ANGELES,-118.278189,33.952766
8639470,2018,2018-06-28,1900,2018-05-25,1435,615106,2637,5,5,6,1950,0,0,0,NA,0,262T1,10TH ST EAST,AVENUE P-8,0,NA,Y,A,-,N,NA,NA,NA,NA,NA,NA,NA,NA,NA,Y,4,0,2,2,A,-,04,21703,NA,N,D,C,A,A,H,-,A,A,0,NA,NA,NA,NA,Y,NA,A,01,0,0,2,0,0,0,0,0,0,-,-,34.59476852416992,-118.11219024658205,LOS ANGELES,PALMDALE,-118.11206817626952,34.59455871582031
8639471,2018,2018-06-22,1942,2018-06-07,2240,42612,1258,4,5,7,1942,0,0,0,L,0,12A73,MAIN ST,73RD ST,0,NA,Y,A,-,N,NA,NA,NA,NA,NA,NA,NA,NA,NA,Y,3,0,5,2,A,-,12,22450,A,N,D,C,A,A,H,-,C,A,0,NA,NA,NA,NA,Y,NA,A,01,0,2,3,0,0,0,0,0,0,-,-,NA,NA,LOS ANGELES,LOS ANGELES,-118.27393341064452,33.973838806152344
8639473,2018,2018-06-26,1942,2018-05-19,2345,42943,1251,6,5,7,1942,0,0,0,L,0,12A57,FLORENCE AV,VICTORIA AV,0,NA,Y,A,-,N,NA,NA,NA,NA,NA,NA,NA,NA,NA,Y,3,0,2,4,A,-,03,22350,NA,N,A,E,A,A,H,-,C,D,0,NA,NA,NA,NA,Y,Y,A,01,0,1,1,0,0,0,0,0,0,-,-,NA,NA,LOS ANGELES,LOS ANGELES,-118.33299255371094,33.97452163696289
8639474,2018,2018-06-28,1900,2018-05-28,1920,489417,2607,1,5,6,1950,0,0,0,NA,0,263T1,AVENUE S,40TH ST EAST,0,NA,Y,A,-,N,NA,NA,NA,NA,NA,NA,NA,NA,NA,Y,4,0,2,2,A,-,03,22350,NA,N,C,C,A,A,H,-,A,A,0,NA,NA,NA,NA,Y,NA,A,01,0,0,2,0,0,0,0,0,0,-,-,34.55807876586914,-118.05838012695313,LOS ANGELES,PALMDALE,-118.0585708618164,34.558101654052734
8639475,2018,2018-06-22,1942,2018-06-06,1240,37306,1273,3,5,7,1942,0,0,0,L,0,NA,MANCHESTER BL,SAINT ANDREWS PL,0,NA,Y,A,-,N,NA,NA,NA,NA,NA,NA,NA,NA,NA,N,4,0,1,2,A,-,12,22450,NA,N,A,C,A,A,H,-,A,A,0,NA,NA,NA,NA,Y,NA,A,01,0,0,1,0,0,0,0,0,0,-,-,NA,NA,LOS ANGELES,LOS ANGELES,-118.31120300292967,33.9599609375
8639477,2018,2018-06-26,1942,2018-05-22,1410,41488,1267,2,5,7,1942,0,0,0,L,0,12X58,S HOOVER ST,W 83RD ST,0,NA,Y,A,-,N,NA,NA,NA,NA,NA,NA,NA,NA,NA,Y,4,0,1,2,A,-,09,21453,C,N,B,C,A,A,H,-,A,A,0,NA,NA,NA,NA,Y,NA,A,01,0,0,1,0,0,0,0,0,0,-,-,NA,NA,LOS ANGELES,LOS ANGELES,-118.287109375,33.96363067626953
8639479,2018,2018-06-22,1942,2018-06-06,1100,40851,373,3,5,7,1942,0,0,0,NA,0,3A73,COLISEUM,W BRONSON,5,E,N,A,-,N,NA,NA,NA,NA,NA,NA,NA,NA,NA,Y,4,0,1,2,A,-,09,21804,A,N,C,A,A,-,A,-,A,D,0,NA,NA,NA,NA,Y,NA,A,01,0,0,1,0,0,0,0,0,0,-,-,NA,NA,LOS ANGELES,LOS ANGELES,-118.33392333984376,34.018218994140625
8639481,2018,2018-06-26,1942,2018-05-30,0830,42293,NA,3,5,7,1942,0,0,0,NA,0,NA,MENLO AV,MANCHESTER AV,7,N,N,C,-,N,NA,NA,NA,NA,NA,NA,NA,NA,NA,N,3,0,1,2,A,-,08,22107,NA,N,D,G,A,B,H,-,A,D,0,NA,Y,NA,NA,Y,NA,A,07,0,1,0,0,0,0,1,0,0,-,-,NA,NA,LOS ANGELES,LOS ANGELES,-118.29042816162108,33.96002960205078
8639483,2018,2018-06-22,1942,2018-06-06,2040,40110,399,3,5,7,1942,0,0,0,NA,0,A99,VERNON AV,FIGUEROA ST,0,NA,Y,A,-,N,NA,NA,NA,NA,NA,NA,NA,NA,NA,Y,3,0,4,2,D,-,00,NA,NA,N,A,C,A,A,H,-,C,A,0,NA,NA,NA,NA,Y,NA,-,-,0,1,3,0,0,0,0,0,0,-,-,NA,NA,LOS ANGELES,LOS ANGELES,-118.2827377319336,34.00374984741211
8639485,2018,2018-06-26,1942,2018-05-15,1445,37829,RD123,2,5,7,1942,0,0,0,NA,0,12H23,SLAUSON,VERMONT,20,W,N,A,-,N,NA,NA,NA,NA,NA,NA,NA,NA,NA,N,4,0,1,2,A,-,07,21658,A,F,B,C,A,A,H,-,A,D,0,NA,NA,Y,NA,Y,NA,-,99,0,0,1,0,0,0,0,0,1,-,-,NA,NA,LOS ANGELES,LOS ANGELES,-118.29153442382813,33.98912811279297
8639487,2018,2018-06-22,1942,2018-06-06,1300,43252,2,3,5,7,1942,0,0,0,NA,0,3A62,LA CIENEGA BL,RODEO RD,0,NA,Y,A,-,N,NA,NA,NA,NA,NA,NA,NA,NA,NA,Y,4,0,1,2,A,-,03,22350,NA,N,C,C,A,A,H,-,A,A,0,NA,NA,NA,NA,Y,NA,-,NA,0,0,1,0,0,0,0,0,0,-,-,NA,NA,LOS ANGELES,LOS ANGELES,-118.3723602294922,34.02170181274414
8639489,2018,2018-06-26,1942,2018-05-13,1745,42427,1259,7,5,7,1942,0,0,0,L,0,12X8,W 73RD ST,WADSWORTH AV,0,NA,Y,A,-,N,NA,NA,NA,NA,NA,NA,NA,NA,NA,N,4,0,3,2,A,-,12,22450,NA,F,D,C,A,A,H,-,A,D,0,NA,NA,NA,NA,Y,NA,-,99,0,0,3,0,0,0,0,0,0,-,-,NA,NA,LOS ANGELES,LOS ANGELES,-118.25863647460938,33.973880767822266
8639491,2018,2018-08-01,1942,2018-06-08,0140,42509,392,5,5,7,1942,0,0,0,NA,0,3A73,BRYNHURST AV,VERNON AV,500,S,N,A,-,N,NA,NA,NA,NA,NA,NA,NA,NA,NA,Y,4,0,1,1,A,-,03,22350,NA,N,A,I,A,A,D,-,D,D,0,NA,NA,NA,NA,Y,NA,A,07,0,0,1,0,0,0,0,0,0,-,-,NA,NA,LOS ANGELES,LOS ANGELES,-118.33097076416016,34.00232696533203
8639493,2018,2018-06-26,1942,2018-05-14,1630,42914,1269,1,5,7,1942,0,0,0,L,0,18X36,E MANCHESTER,WADSWORTH AV,45,E,N,A,-,N,NA,NA,NA,NA,NA,NA,NA,NA,NA,N,4,0,1,2,A,-,03,22350,NA,N,C,C,A,A,H,-,A,D,0,NA,NA,NA,NA,Y,NA,A,01,0,0,1,0,0,0,0,0,0,-,-,NA,NA,LOS ANGELES,LOS ANGELES,-118.25846862792967,33.96015930175781
8639495,2018,2018-06-25,1942,2018-06-08,1800,30425,357,5,5,7,1942,0,0,0,NA,0,3A57,VERMONT AV,38TH ST,0,NA,Y,A,-,N,NA,NA,NA,NA,NA,NA,NA,NA,NA,Y,4,0,1,2,A,-,09,21801,A,N,D,C,A,A,H,-,A,A,0,NA,NA,NA,NA,Y,NA,A,01,0,0,1,0,0,0,0,0,0,-,-,NA,NA,LOS ANGELES,LOS ANGELES,-118.29154,34.01685
8639497,2018,2018-06-29,1942,2018-05-31,1815,42980,1354,4,5,7,1942,0,0,0,M,0,13X76,WALL ST,41ST PL,0,NA,Y,A,-,N,NA,NA,NA,NA,NA,NA,NA,NA,NA,N,3,0,1,2,A,-,12,22450,A,N,D,C,A,A,H,-,A,A,0,NA,NA,NA,NA,Y,NA,A,01,0,1,0,0,0,0,0,0,0,-,-,NA,NA,LOS ANGELES,LOS ANGELES,-118.27162170410156,34.008201599121094
8639499,2018,2018-06-22,1942,2018-06-01,1005,41810,341,5,5,7,1942,0,0,0,NA,0,3A41,RODEO RD,KALSMAN DR,20,W,N,A,-,N,NA,NA,NA,NA,NA,NA,NA,NA,NA,N,4,0,1,1,A,-,03,22350,NA,N,E,I,A,A,H,-,A,A,0,NA,NA,NA,NA,Y,NA,A,01,0,0,1,0,0,0,0,0,0,-,-,NA,NA,LOS ANGELES,LOS ANGELES,-118.37476348876952,34.02182388305664
8639501,2018,2018-06-26,1942,2018-05-31,0720,39299,1325,4,5,7,1942,0,0,0,M,0,13A43,CENTRAL AV,33RD ST,0,NA,Y,A,-,N,NA,NA,NA,NA,NA,NA,NA,NA,NA,N,4,0,1,2,A,-,09,21804,A,N,D,C,A,A,H,-,A,D,0,NA,NA,NA,NA,Y,NA,A,01,0,0,1,0,0,0,0,0,0,-,-,NA,NA,LOS ANGELES,LOS ANGELES,-118.25652313232422,34.01382064819336
8639503,2018,2018-06-22,1942,2018-06-12,1645,42094,397,2,5,7,1942,0,0,0,NA,0,3XL96,VERNON AV,KANSAS AV,0,NA,Y,A,-,N,NA,NA,NA,NA,NA,NA,NA,NA,NA,Y,4,0,1,2,A,-,09,21802,A,N,D,C,A,A,-,-,A,A,0,NA,NA,NA,NA,Y,NA,A,07,0,0,1,0,0,0,0,0,0,-,-,NA,NA,LOS ANGELES,LOS ANGELES,-118.29376220703124,34.00368118286133
8639505,2018,2018-06-29,1942,2018-05-29,1340,43278,1151,2,5,7,1942,0,0,0,K,0,11A71,FOUNTAIN AV,MARIPOSA AV,12,N,N,B,-,N,NA,NA,NA,NA,NA,NA,NA,NA,NA,N,4,0,1,4,A,-,09,21802,A,N,D,C,A,A,H,-,A,D,0,NA,NA,NA,NA,Y,NA,-,-,0,0,1,0,0,0,0,0,0,-,-,NA,NA,LOS ANGELES,LOS ANGELES,-118.29940032958984,34.095252990722656
8639506,2018,2018-06-27,1900,2018-05-27,0120,538995,2608,7,5,6,1950,0,0,0,NA,0,263T1,AVENUE S,30TH ST EAST,806,E,N,A,-,N,NA,NA,NA,NA,NA,NA,NA,NA,NA,Y,3,0,1,1,A,-,08,22107,NA,N,A,I,A,A,H,-,C,D,0,NA,NA,NA,NA,Y,NA,A,01,0,1,0,0,0,0,0,0,0,-,-,34.55730056762695,-118.07219696044922,LOS ANGELES,PALMDALE,-118.07360076904295,34.55812072753906
8639507,2018,2018-07-06,1942,2018-06-11,0905,37450,343,1,5,7,1942,0,0,0,NA,0,3A19,RODEO RD,HAUSER BL,30,E,N,A,-,N,NA,NA,NA,NA,NA,NA,NA,NA,NA,N,3,0,1,3,A,-,04,21703,NA,N,C,C,A,A,G,-,A,A,0,NA,NA,NA,NA,Y,NA,A,01,0,1,0,0,0,0,0,0,0,-,-,NA,NA,LOS ANGELES,LOS ANGELES,-118.36582183837892,34.02156066894531
8639509,2018,2018-06-26,1942,2018-05-29,2300,43146,0202,2,5,7,1942,0,0,0,B,0,0202,N VIRGIL AV,WILLOW BROOK AV,8,N,N,B,-,N,NA,NA,NA,NA,NA,NA,NA,NA,NA,N,4,0,1,2,A,-,04,21703,NA,F,C,C,A,A,H,-,C,D,0,NA,NA,NA,NA,Y,NA,-,99,0,0,1,0,0,0,0,0,0,-,-,NA,NA,LOS ANGELES,LOS ANGELES,-118.2869110107422,34.08974075317383
8639510,2018,2018-06-28,1900,2018-05-27,1130,546525,2617,7,5,6,1950,0,0,0,NA,0,262T1,AVENUE M-8,55TH ST WEST,0,NA,Y,A,-,N,NA,NA,NA,NA,NA,NA,NA,NA,NA,Y,4,0,2,2,A,-,12,22450,A,N,D,C,A,A,H,-,A,A,0,NA,NA,NA,NA,Y,NA,A,07,0,0,2,0,0,0,0,0,0,-,-,NA,NA,LOS ANGELES,PALMDALE,-118.22744750976564,34.638179779052734
8639513,2018,2018-06-26,1900,2018-05-14,1620,524199,1514,1,5,5,1954,0,0,0,NA,0,151,ROSEMEAD BL,WHITTIER BL,0,NA,Y,A,-,N,NA,NA,NA,NA,NA,NA,NA,NA,NA,NA,4,0,2,2,A,-,03,22350,NA,N,C,C,A,A,H,-,A,A,0,NA,NA,NA,NA,Y,NA,A,01,0,0,2,0,0,0,0,0,0,-,-,NA,NA,LOS ANGELES,PICO RIVERA,-118.08397674560548,34.001319885253906
8639515,2018,2018-06-22,1942,2018-06-10,1740,42300,312,7,5,7,1942,0,0,0,NA,0,3A98,WESTHAVEN ST,SYCAMORE AV,0,NA,Y,A,-,N,NA,NA,NA,NA,NA,NA,NA,NA,NA,N,4,0,1,2,A,-,-,NA,NA,F,D,C,A,A,H,-,A,A,0,NA,NA,NA,NA,Y,NA,-,99,0,0,1,0,0,0,0,0,0,-,-,NA,NA,LOS ANGELES,LOS ANGELES,-118.3554229736328,34.029571533203125
8639517,2018,2018-06-26,1900,2018-05-04,1843,496223,1516,5,5,5,1954,0,0,0,NA,0,151K,TELEGRAPH RD,TWEEDY LN,15,W,N,A,-,N,NA,NA,NA,NA,NA,NA,NA,NA,NA,Y,4,0,1,2,A,-,08,22107,NA,N,A,C,A,A,H,-,A,D,0,NA,NA,NA,NA,Y,NA,A,01,0,0,1,0,0,0,0,0,0,-,-,NA,NA,LOS ANGELES,PICO RIVERA,-118.11801910400392,33.96954345703125
8639519,2018,2018-06-22,1942,2018-06-03,1419,41997,1361,7,5,7,1942,0,0,0,M,0,13A27,BROADWAY AV,48TH ST,0,NA,Y,A,-,N,NA,NA,NA,NA,NA,NA,NA,NA,NA,N,3,0,3,2,A,-,09,21804,A,N,A,C,A,A,H,-,A,A,0,NA,NA,NA,NA,Y,NA,A,01,0,1,2,0,0,0,0,0,0,-,-,NA,NA,LOS ANGELES,LOS ANGELES,-118.27835845947266,33.99919891357422
8639602,2018,2018-06-26,1963,2018-05-15,0904,00257,223,2,5,3,1963,0,0,0,NA,0,ONE,HUNTINGTON DR,VIRGINIA RD,0,W,N,A,-,N,NA,NA,NA,NA,NA,NA,NA,NA,NA,N,4,0,1,2,A,-,12,21453,A,N,C,C,A,A,H,-,A,A,0,NA,NA,NA,NA,Y,NA,A,01,0,0,1,0,0,0,0,0,0,-,-,NA,NA,LOS ANGELES,SAN MARINO,-118.1176986694336,34.117759704589844