CASE_ID,ACCIDENT_YEAR,PROC_DATE,JURIS,COLLISION_DATE,COLLISION_TIME,OFFICER_ID,REPORTING_DISTRICT,DAY_OF_WEEK,CHP_SHIFT,POPULATION,CNTY_CITY_LOC,SPECIAL_COND,BEAT_TYPE,CHP_BEAT_TYPE,CITY_DIVISION_LAPD,CHP_BEAT_CLASS,BEAT_NUMBER,PRIMARY_RD,SECONDARY_RD,DISTANCE,DIRECTION,INTERSECTION,WEATHER_1,WEATHER_2,STATE_HWY_IND,CALTRANS_COUNTY,CALTRANS_DISTRICT,STATE_ROUTE,ROUTE_SUFFIX,POSTMILE_PREFIX,POSTMILE,LOCATION_TYPE,RAMP_INTERSECTION,SIDE_OF_HWY,TOW_AWAY,COLLISION_SEVERITY,NUMBER_KILLED,NUMBER_INJURED,PARTY_COUNT,PRIMARY_COLL_FACTOR,PCF_CODE_OF_VIOL,PCF_VIOL_CATEGORY,PCF_VIOLATION,PCF_VIOL_SUBSECTION,HIT_AND_RUN,TYPE_OF_COLLISION,MVIW,PED_ACTION,ROAD_SURFACE,ROAD_COND_1,ROAD_COND_2,LIGHTING,CONTROL_DEVICE,CHP_ROAD_TYPE,PEDESTRIAN_ACCIDENT,BICYCLE_ACCIDENT,MOTORCYCLE_ACCIDENT,TRUCK_ACCIDENT,NOT_PRIVATE_PROPERTY,ALCOHOL_INVOLVED,STWD_VEHTYPE_AT_FAULT,CHP_VEHTYPE_AT_FAULT,COUNT_SEVERE_INJ,COUNT_VISIBLE_INJ,COUNT_COMPLAINT_PAIN,COUNT_PED_KILLED,COUNT_PED_INJURED,COUNT_BICYCLIST_KILLED,COUNT_BICYCLIST_INJURED,COUNT_MC_KILLED,COUNT_MC_INJURED,PRIMARY_RAMP,SECONDARY_RAMP,LATITUDE,LONGITUDE,COUNTY,CITY,POINT_X,POINT_Y
8640979,2018,2018-07-05,1941,2018-06-13,0724,5612,NA,3,5,7,1941,0,0,0,NA,0,NA,BELLFLOWER,MONLACO,0,NA,Y,A,-,N,NA,NA,NA,NA,NA,NA,NA,NA,NA,Y,3,0,1,3,D,-,00,NA,NA,N,D,C,A,A,H,-,A,A,0,NA,NA,NA,NA,Y,NA,-,-,0,1,0,0,0,0,0,0,0,-,-,NA,NA,LOS ANGELES,LONG BEACH,-118.12545776367188,33.82223892211914
8641003,2018,2018-07-05,1941,2018-06-10,0124,11099,NA,7,5,7,1941,0,0,0,NA,0,NA,ATLANTIC AV,SOUTH ST,0,NA,Y,A,-,N,NA,NA,NA,NA,NA,NA,NA,NA,NA,Y,2,0,1,2,A,-,12,21453,A,N,D,C,A,A,H,-,C,A,0,NA,NA,NA,NA,Y,NA,A,NA,1,0,0,0,0,0,0,0,0,-,-,NA,NA,LOS ANGELES,LONG BEACH,-118.18504333496094,33.86008071899414
8641007,2018,2018-07-05,1941,2018-06-11,1620,10766,NA,1,5,7,1941,0,0,0,NA,0,NA,20TH ST,PALMER CT,0,NA,Y,A,-,N,NA,NA,NA,NA,NA,NA,NA,NA,NA,N,4,0,1,2,A,-,05,21650,1,N,D,G,A,A,H,-,A,D,0,NA,Y,NA,NA,Y,NA,-,NA,0,0,1,0,0,0,1,0,0,-,-,NA,NA,LOS ANGELES,LONG BEACH,-118.19026184082033,33.79349136352539
8641011,2018,2018-07-05,1941,2018-06-11,0056,10318,NA,1,5,7,1941,0,0,0,NA,0,NA,EAST OCEAN BL,ELM AV,9,E,N,A,-,N,NA,NA,NA,NA,NA,NA,NA,NA,NA,N,4,0,1,2,A,-,11,21461,5,N,A,B,B,A,H,-,C,A,0,Y,NA,NA,NA,Y,Y,N,NA,0,0,1,0,1,0,0,0,0,-,-,NA,NA,LOS ANGELES,LONG BEACH,-118.18761444091795,33.766727447509766
8641015,2018,2018-07-05,1941,2018-06-11,1902,10656,NA,1,5,7,1941,0,0,0,NA,0,NA,VIA WANDA,N VIA PASSILO,698,E,N,A,-,N,NA,NA,NA,NA,NA,NA,NA,NA,NA,N,3,0,1,2,A,-,11,21954,A,N,H,B,D,A,H,-,A,D,0,Y,NA,NA,NA,Y,NA,-,NA,0,1,0,0,1,0,0,0,0,-,-,NA,NA,LOS ANGELES,LONG BEACH,-118.18255615234376,33.85144805908203
8641019,2018,2018-07-05,1941,2018-06-10,0847,10016,NA,7,5,7,1941,0,0,0,NA,0,NA,ANAHEIM ST,E MYRTLE,25,W,N,A,-,N,NA,NA,NA,NA,NA,NA,NA,NA,NA,Y,3,0,1,2,A,-,09,21804,A,N,D,C,A,A,H,-,A,A,0,NA,NA,Y,NA,Y,NA,A,NA,0,1,0,0,0,0,0,0,1,-,-,NA,NA,LOS ANGELES,LONG BEACH,-118.18185424804688,33.78261184692383
8641023,2018,2018-07-05,1941,2018-06-02,1027,10933,NA,6,5,7,1941,0,0,0,NA,0,NA,CHERRY AV,37TH ST,8,N,N,A,-,N,NA,NA,NA,NA,NA,NA,NA,NA,NA,Y,4,0,2,2,A,-,08,22107,NA,N,A,C,A,A,H,-,A,D,0,NA,NA,NA,NA,Y,NA,A,NA,0,0,2,0,0,0,0,0,0,-,-,NA,NA,LOS ANGELES,LONG BEACH,-118.167541,33.82422
8641027,2018,2018-07-05,1941,2018-06-07,1247,5620,NA,4,5,7,1941,0,0,0,NA,0,NA,LONG BEACH BL,49TH ST,35,S,N,A,-,N,NA,NA,NA,NA,NA,NA,NA,NA,NA,Y,4,0,1,3,A,-,08,22107,NA,N,B,C,A,A,H,-,A,D,0,NA,NA,NA,NA,Y,NA,A,NA,0,0,1,0,0,0,0,0,0,-,-,NA,NA,LOS ANGELES,LONG BEACH,-118.1931381225586,33.84477996826172
8641031,2018,2018-07-10,1941,2018-06-07,0849,11004,NA,4,5,7,1941,0,0,0,NA,0,NA,3RD ST,CORONADO AV,0,NA,Y,A,-,N,NA,NA,NA,NA,NA,NA,NA,NA,NA,Y,4,0,1,2,A,-,09,21802,A,N,D,C,A,A,H,-,A,D,0,NA,NA,NA,NA,Y,NA,A,NA,0,0,1,0,0,0,0,0,0,-,-,NA,NA,LOS ANGELES,LONG BEACH,-118.15352630615234,33.76808166503906
8641035,2018,2018-07-05,1941,2018-06-07,1758,5615,NA,4,5,7,1941,0,0,0,NA,0,NA,TEMPLE AV,ANAHEIM ST,48,N,N,A,-,N,NA,NA,NA,NA,NA,NA,NA,NA,NA,Y,4,0,1,2,A,-,08,22103,NA,N,D,C,A,A,H,-,A,D,0,NA,NA,Y,NA,Y,NA,A,NA,0,0,1,0,0,0,0,0,1,-,-,NA,NA,LOS ANGELES,LONG BEACH,-118.15895080566406,33.78273010253906
8641039,2018,2018-07-05,1941,2018-06-09,1847,11136,NA,6,5,7,1941,0,0,0,NA,0,NA,PETERSON AV,14TH ST,0,NA,Y,A,-,N,NA,NA,NA,NA,NA,NA,NA,NA,NA,N,3,0,1,2,A,-,11,21950,B,N,G,B,B,A,H,-,A,A,0,Y,NA,NA,NA,Y,NA,N,NA,0,1,0,0,1,0,0,0,0,-,-,NA,NA,LOS ANGELES,LONG BEACH,-118.1730728149414,33.78443145751953
8641097,2018,2018-07-03,1941,2018-05-22,1033,5617,NA,2,5,7,1941,0,0,0,NA,0,NA,WILLOW ST,GOLDEN AV,0,NA,Y,A,-,N,NA,NA,NA,NA,NA,NA,NA,NA,NA,N,3,0,1,2,A,-,09,21801,A,N,D,C,A,A,H,-,A,A,0,NA,NA,NA,NA,Y,NA,A,NA,0,1,0,0,0,0,0,0,0,-,-,NA,NA,LOS ANGELES,LONG BEACH,-118.20245361328124,33.80440139770508
8641113,2018,2018-08-07,1965,2018-06-09,1944,3952,0B3A,6,5,5,1965,0,0,0,NA,0,003,SANTA MONICA BL,16TH ST,0,NA,Y,A,-,N,NA,NA,NA,NA,NA,NA,NA,NA,NA,Y,3,0,1,3,A,-,03,22350,NA,N,D,C,A,A,H,-,A,A,0,NA,NA,NA,NA,Y,NA,A,01,0,1,0,0,0,0,0,0,0,-,-,37.016849517822266,-121.00665283203124,LOS ANGELES,SANTA MONICA,-118.48381042480467,34.02561950683594
8641117,2018,2018-07-02,1965,2018-06-11,0802,3693,0B3A,1,5,5,1965,0,0,0,NA,0,B003,SANTA MONICA BL,HARVARD ST,201,W,N,A,-,N,NA,NA,NA,NA,NA,NA,NA,NA,NA,N,3,0,1,1,A,-,05,21202,A,N,E,I,A,A,H,-,A,A,0,NA,NA,Y,NA,Y,NA,C,03,0,1,0,0,0,0,0,0,1,-,-,NA,NA,LOS ANGELES,SANTA MONICA,-118.47305297851564,34.034339904785156
8641124,2018,2018-07-02,1942,2018-05-31,1100,32361,1569,4,5,7,1942,0,0,0,O,0,15A43,CAHUENGA BL,RIVERSIDE DR,0,NA,Y,A,-,N,NA,NA,NA,NA,NA,NA,NA,NA,NA,Y,3,0,2,2,A,-,09,21801,A,N,D,C,A,A,H,-,A,A,0,NA,NA,NA,NA,Y,NA,A,01,0,1,1,0,0,0,0,0,0,-,-,NA,NA,LOS ANGELES,LOS ANGELES,-118.36147308349608,34.152191162109375
8641128,2018,2018-08-23,1941,2018-05-04,1746,10953,NA,5,5,7,1941,0,0,0,NA,0,901T,PACIFIC COAST HWY,ANAHEIM ST,0,S,N,A,-,Y,LA,7,1,-,-,2.74,H,-,N,Y,4,0,1,4,A,-,03,22350,NA,N,C,C,A,A,H,-,A,A,0,NA,NA,NA,NA,Y,NA,A,NA,0,0,1,0,0,0,0,0,0,-,-,NA,NA,LOS ANGELES,LONG BEACH,-118.13246917724608,33.782623291015625
8641132,2018,2018-07-10,1941,2018-05-05,1301,11097,NA,6,5,7,1941,0,0,0,NA,0,901T,ATLANTIC AV,ATLANTIC PL,0,NA,Y,A,-,N,NA,NA,NA,NA,NA,NA,NA,NA,NA,Y,3,0,2,2,-,-,-,NA,NA,M,D,D,A,A,H,-,A,D,0,NA,NA,NA,NA,Y,NA,-,-,0,1,1,0,0,0,0,0,0,-,-,NA,NA,LOS ANGELES,LONG BEACH,-118.18595123291016,33.88056945800781
8641136,2018,2018-07-02,1900,2018-05-31,2140,600544,2112,4,5,5,1943,0,0,0,NA,0,212T3,IMPERIAL HWY,LONG BEACH BL,300,E,N,A,-,N,NA,NA,NA,NA,NA,NA,NA,NA,NA,N,4,0,1,2,A,-,08,22107,NA,F,D,C,A,A,H,-,C,A,0,NA,NA,Y,NA,Y,NA,A,01,0,0,1,0,0,0,0,0,1,-,-,NA,NA,LOS ANGELES,LYNWOOD,-118.210693359375,33.93069076538086
8641143,2018,2018-07-03,1942,2018-05-02,1900,92019,1403,3,5,7,1942,0,0,0,N,0,14A56,SEPULVEDA,SARDIS,0,NA,Y,A,-,N,NA,NA,NA,NA,NA,NA,NA,NA,NA,Y,4,0,2,2,A,-,08,22100,5,N,D,C,A,A,D,-,A,D,0,NA,NA,NA,NA,Y,NA,-,NA,0,0,2,0,0,0,0,0,0,-,-,NA,NA,LOS ANGELES,LOS ANGELES,-118.43000793457033,34.02989959716797
8641151,2018,2018-07-03,1942,2018-05-03,1315,42831,LAPD,4,5,7,1942,0,0,0,NA,0,1464,JEFFERSON BL,MCCONNELL AV,453,E,N,A,-,N,NA,NA,NA,NA,NA,NA,NA,NA,NA,N,4,0,3,2,A,-,09,21801,A,N,D,C,A,A,H,-,A,A,0,NA,NA,NA,NA,Y,NA,-,NA,0,0,3,0,0,0,0,0,0,-,-,NA,NA,LOS ANGELES,LOS ANGELES,-118.41761016845705,33.97767639160156
8641155,2018,2018-07-03,1900,2018-05-04,1455,546274,2113,5,5,5,1943,0,0,0,NA,0,212T3,ABBOTT RD,HUNT AV,40,NA,N,A,-,N,NA,NA,NA,NA,NA,NA,NA,NA,NA,NA,3,0,1,2,A,-,05,21650,NA,N,A,C,A,A,H,-,A,A,0,NA,NA,NA,NA,Y,NA,A,01,0,1,0,0,0,0,0,0,0,-,-,NA,NA,LOS ANGELES,LYNWOOD,-118.19361114501952,33.934959411621094
8641159,2018,2018-07-03,1942,2018-05-04,0220,42562,1049,5,5,7,1942,0,0,0,J,0,10A17,WOOLEY AV,VICTORY BL,0,NA,N,A,-,N,NA,NA,NA,NA,NA,NA,NA,NA,NA,Y,3,0,1,1,A,-,03,22350,NA,N,A,I,A,A,H,-,D,D,0,NA,NA,NA,NA,Y,NA,A,07,0,1,0,0,0,0,0,0,0,-,-,NA,NA,LOS ANGELES,LOS ANGELES,-118.48365020751952,34.18661880493164
8641164,2018,2018-07-02,1900,2018-05-22,0805,603337,1622,2,5,5,1977,0,0,0,NA,0,168T,HARBOR VIEW AV,JEFFERSON ST,0,NA,Y,A,-,N,NA,NA,NA,NA,NA,NA,NA,NA,NA,Y,4,0,3,2,A,-,12,22450,NA,N,D,C,A,A,H,-,A,A,0,NA,NA,NA,NA,Y,NA,A,01,0,0,3,0,0,0,0,0,0,-,-,33.833900451660156,-118.2218017578125,LOS ANGELES,CARSON,-118.22171783447266,33.833988189697266
8641168,2018,2018-07-02,1900,2018-05-31,0720,443069,0976,4,5,4,1979,0,0,0,NA,0,92T1,FOUNTAIN AV,HACIENDA PL,142,E,N,A,-,N,NA,NA,NA,NA,NA,NA,NA,NA,NA,Y,4,0,1,3,A,-,09,21804,A,N,D,C,A,A,H,-,A,D,0,NA,NA,NA,NA,Y,NA,A,01,0,0,1,0,0,0,0,0,0,-,-,NA,NA,LOS ANGELES,WEST HOLLYWOOD,-118.3747100830078,34.093048095703125
8641172,2018,2018-07-02,1900,2018-05-27,0010,509623,0972,7,5,4,1979,0,0,0,NA,0,91T2,SUNSET BL,N CLARK ST,55,W,N,A,-,N,NA,NA,NA,NA,NA,NA,NA,NA,NA,N,3,0,1,2,A,-,02,21654,A,F,G,B,D,A,H,-,C,D,0,Y,NA,NA,NA,Y,Y,N,60,0,1,0,0,1,0,0,0,0,-,-,34.096458435058594,-118.3857421875,LOS ANGELES,WEST HOLLYWOOD,-118.3857421875,34.090667724609375
8641176,2018,2018-07-02,1900,2018-05-13,1250,507857,0972,7,5,4,1979,0,0,0,NA,0,92T1,MELROSE AV,WESTBOURNE DR,29,W,N,B,-,N,NA,NA,NA,NA,NA,NA,NA,NA,NA,Y,2,0,1,2,A,-,06,21750,NA,N,C,C,A,A,H,-,A,D,0,NA,NA,Y,NA,Y,NA,C,02,1,0,0,0,0,0,0,0,1,-,-,NA,NA,LOS ANGELES,WEST HOLLYWOOD,-118.37982177734376,34.08196258544922
8641180,2018,2018-07-02,1900,2018-05-25,1908,527698,0972,5,5,4,1979,0,0,0,NA,0,93T1,ROBERTSON BL,MELROSE AV,190,N,N,A,-,N,NA,NA,NA,NA,NA,NA,NA,NA,NA,N,3,0,1,2,A,-,11,21954,A,N,B,B,D,A,H,-,A,D,0,Y,NA,NA,NA,Y,Y,N,60,0,1,0,0,1,0,0,0,0,-,-,NA,NA,LOS ANGELES,WEST HOLLYWOOD,-118.38551330566406,34.081329345703125
8641184,2018,2018-07-02,1900,2018-05-17,1850,527698,0977,4,5,4,1979,0,0,0,NA,0,93T1,DOHENY DR,CYNTHIA ST,0,NA,Y,A,-,N,NA,NA,NA,NA,NA,NA,NA,NA,NA,Y,4,0,2,2,A,-,09,21802,A,N,D,C,A,A,H,-,-,A,0,NA,NA,NA,NA,Y,NA,A,01,0,0,2,0,0,0,0,0,0,-,-,34.087310791015625,-118.38981628417967,LOS ANGELES,WEST HOLLYWOOD,-118.38979339599608,34.0872802734375
8641188,2018,2018-07-02,1900,2018-05-07,1130,507857,0977,1,5,4,1979,0,0,0,NA,0,92T1,LA CIENEGA BL,HOLLOWAY DR,0,NA,Y,A,-,N,NA,NA,NA,NA,NA,NA,NA,NA,NA,N,3,0,1,2,A,-,00,21949,A,M,G,B,F,A,H,-,A,-,0,Y,Y,NA,NA,Y,NA,L,04,0,1,0,0,1,0,0,0,0,-,-,34.09061813354492,-118.37632751464844,LOS ANGELES,WEST HOLLYWOOD,-118.37629699707033,34.09064865112305
8641192,2018,2018-07-02,1900,2018-05-10,2030,527698,0976,4,5,4,1979,0,0,0,NA,0,93T1,LA CIENEGA BL,HOLLOWAY DR,0,NA,Y,A,-,N,NA,NA,NA,NA,NA,NA,NA,NA,NA,Y,4,0,2,2,A,-,09,21801,A,N,A,C,A,A,H,-,C,A,0,NA,NA,NA,NA,Y,NA,A,01,0,0,2,0,0,0,0,0,0,-,-,NA,NA,LOS ANGELES,WEST HOLLYWOOD,-118.37629699707033,34.09064865112305
8641196,2018,2018-07-02,1900,2018-05-15,1610,519948,0973,2,5,4,1979,0,0,0,NA,0,93T1,FOUNTAIN AV,LA BREA AV,0,NA,Y,A,-,N,NA,NA,NA,NA,NA,NA,NA,NA,NA,N,4,0,1,2,A,-,10,21950,A,N,F,B,B,A,H,-,A,A,0,Y,NA,NA,NA,Y,NA,A,01,0,0,1,0,1,0,0,0,0,-,-,NA,NA,LOS ANGELES,WEST HOLLYWOOD,-118.34410095214844,34.0943717956543
8641200,2018,2018-07-02,1900,2018-05-21,0817,507857,NA,1,5,4,1979,0,0,0,NA,0,NA,MELROSE AV,CROFT AV,298,W,N,A,-,N,NA,NA,NA,NA,NA,NA,NA,NA,NA,Y,4,0,1,2,A,-,07,21658,A,N,D,C,A,A,H,-,A,D,0,NA,NA,NA,NA,Y,NA,A,07,0,0,1,0,0,0,0,0,0,-,-,34.08246994018555,-118.37416076660156,LOS ANGELES,WEST HOLLYWOOD,-118.37517547607422,34.08258819580078
8641201,2018,2018-07-02,1965,2018-06-07,1555,3158,0B1J,4,5,5,1965,0,0,0,NA,0,B001,ARIZONA AV,6TH CT,0,NA,Y,A,-,N,NA,NA,NA,NA,NA,NA,NA,NA,NA,N,4,0,1,2,A,-,08,22107,NA,F,G,B,D,A,H,-,A,A,0,Y,NA,NA,NA,Y,NA,A,01,0,0,1,0,1,0,0,0,0,-,-,37.010948181152344,-121.01770782470705,LOS ANGELES,SANTA MONICA,-118.49488830566406,34.0192985534668
8641205,2018,2018-07-02,1900,2018-06-12,0100,532044,1261,2,5,3,1991,0,0,0,NA,0,121T1,MERITA PL,MERITA PL 5024,128,E,N,A,-,N,NA,NA,NA,NA,NA,NA,NA,NA,NA,N,4,0,1,3,A,-,13,22515,A,N,C,B,A,A,H,-,C,D,0,NA,NA,NA,NA,Y,NA,A,01,0,0,1,0,0,0,0,0,0,-,-,NA,NA,LOS ANGELES,LA CANADA-FLINTRIDGE,NA,NA
8641209,2018,2018-07-02,1941,2018-06-14,1140,11137,NA,4,5,7,1941,0,0,0,NA,0,NA,3RD ST,THE PROMENADE NORTH,51,W,N,A,-,N,NA,NA,NA,NA,NA,NA,NA,NA,NA,N,3,0,1,2,A,-,06,21750,NA,N,G,B,E,A,H,-,A,D,0,Y,NA,NA,NA,Y,NA,A,NA,0,1,0,0,1,0,0,0,0,-,-,NA,NA,LOS ANGELES,LONG BEACH,-118.19123840332033,33.77050018310547
8641213,2018,2018-10-23,1942,2018-06-16,1020,38273,1915,6,5,7,1942,0,0,0,NA,0,19A1,GLENOAKS BL,SAYRE ST,30,N,N,B,-,N,NA,NA,NA,NA,NA,NA,NA,NA,NA,N,4,0,2,2,A,-,21,22106,NA,F,C,C,A,A,H,-,A,A,0,NA,NA,NA,NA,Y,NA,-,99,0,0,2,0,0,0,0,0,0,-,-,NA,NA,LOS ANGELES,LOS ANGELES,-118.44276428222656,34.3022346496582
8641217,2018,2018-07-02,1942,2018-06-12,0835,34482,1503,2,5,7,1942,0,0,0,O,0,15A3,VANOWEN ST,LANKERSHIM BL,10,W,N,A,-,N,NA,NA,NA,NA,NA,NA,NA,NA,NA,Y,4,0,1,2,A,-,12,21453,A,F,D,C,A,A,H,-,A,A,0,NA,NA,NA,NA,Y,NA,-,99,0,0,1,0,0,0,0,0,0,-,-,NA,NA,LOS ANGELES,LOS ANGELES,-118.38783264160156,34.193939208984375
8641221,2018,2018-07-02,1942,2018-06-15,2140,42344,1738,5,5,7,1942,0,0,0,Q,0,17A49,SAN FERNANDO MISSION BL,GAYNOR AV,76,W,N,A,-,N,NA,NA,NA,NA,NA,NA,NA,NA,NA,Y,3,0,1,5,A,-,01,23152,A,N,C,E,A,A,H,-,C,D,0,NA,NA,NA,NA,Y,Y,A,01,0,1,0,0,0,0,0,0,0,-,-,NA,NA,LOS ANGELES,LOS ANGELES,-118.48062133789064,34.271888732910156
8641225,2018,2018-07-02,1942,2018-06-14,1040,42818,0952,4,5,7,1942,0,0,0,I,0,9A41,VAN NUYS BL,BURBANK BL,80,S,N,A,-,N,NA,NA,NA,NA,NA,NA,NA,NA,NA,N,4,0,1,2,A,-,07,21658,A,N,D,C,A,A,H,-,A,D,0,NA,NA,NA,NA,Y,NA,A,01,0,0,1,0,0,0,0,0,0,-,-,NA,NA,LOS ANGELES,LOS ANGELES,-118.44873046875,34.17189025878906
8641229,2018,2018-07-02,1900,2018-06-05,0740,509946,1264,2,5,3,1991,0,0,0,NA,0,122,CORNISHON AV,DESCANSO DR,48,N,N,A,-,N,NA,NA,NA,NA,NA,NA,NA,NA,NA,N,3,0,1,2,A,-,13,22515,B,N,H,B,E,A,H,-,A,D,0,Y,NA,NA,NA,Y,NA,N,60,0,1,0,0,1,0,0,0,0,-,-,34.199031829833984,-118.20377349853516,LOS ANGELES,LA CANADA-FLINTRIDGE,-118.20375061035156,34.19904327392578
8641233,2018,2018-07-02,1942,2018-06-15,2020,36733,0923,5,5,7,1942,0,0,0,I,0,9A23,KITTRIDGE ST,VAN NUYS BL,300,W,N,A,-,N,NA,NA,NA,NA,NA,NA,NA,NA,NA,N,2,0,1,1,B,-,22,NA,NA,N,E,I,A,A,H,-,C,D,0,NA,NA,Y,NA,Y,NA,C,02,1,0,0,0,0,0,0,0,1,-,-,NA,NA,LOS ANGELES,LOS ANGELES,-118.44972229003906,34.19065475463867
8641237,2018,2018-07-10,1942,2018-06-16,2010,34599,1011,6,5,7,1942,0,0,0,J,0,10A3,TAMPA AV,SHERMAN WAY,0,NA,Y,A,-,N,NA,NA,NA,NA,NA,NA,NA,NA,NA,N,4,0,1,2,A,-,12,21453,A,N,A,C,A,A,H,-,C,A,0,NA,NA,NA,NA,Y,NA,-,-,0,0,1,0,0,0,0,0,0,-,-,NA,NA,LOS ANGELES,LOS ANGELES,-118.553466796875,34.2011604309082
8641241,2018,2018-07-02,1942,2018-06-15,0745,42818,1006,5,5,7,1942,0,0,0,J,0,10A17,ROSCOE BL,LOUISE AV,0,NA,Y,A,-,N,NA,NA,NA,NA,NA,NA,NA,NA,NA,Y,4,0,2,2,A,-,09,21801,A,N,A,C,A,A,H,-,A,A,0,NA,NA,NA,NA,Y,NA,A,01,0,0,2,0,0,0,0,0,0,-,-,NA,NA,LOS ANGELES,LOS ANGELES,-118.50985717773438,34.22113037109375
8641245,2018,2018-07-02,1942,2018-06-10,1350,42251,1025,7,5,7,1942,0,0,0,J,0,10A21,HART ST,RESEDA BL,168,E,N,A,-,N,NA,NA,NA,NA,NA,NA,NA,NA,NA,Y,4,0,2,2,A,-,08,22102,NA,N,D,C,A,A,H,-,A,D,0,NA,NA,NA,NA,Y,NA,A,01,0,0,2,0,0,0,0,0,0,-,-,NA,NA,LOS ANGELES,LOS ANGELES,-118.53604888916016,34.19765090942383
8641246,2018,2018-07-03,1900,2018-06-01,1120,455303,1514,5,5,5,1954,0,0,0,NA,0,151T1,ROSEMEAD BL,HAVENWOOD AV,44,N,N,A,-,N,NA,NA,NA,NA,NA,NA,NA,NA,NA,N,4,0,1,2,D,-,00,NA,NA,N,G,B,E,A,H,-,A,D,0,Y,NA,NA,NA,Y,NA,-,-,0,0,1,0,1,0,0,0,0,-,-,33.885841369628906,-118.08473205566406,LOS ANGELES,PICO RIVERA,-118.08554077148438,33.996055603027344
8641249,2018,2018-07-02,1942,2018-06-11,0225,37080,1008,1,5,7,1942,0,0,0,J,0,10A39,ROSCOE BL,HAYVENHURST AV,69,E,N,A,-,N,NA,NA,NA,NA,NA,NA,NA,NA,NA,Y,3,0,1,1,A,-,08,22107,NA,N,E,I,A,A,H,-,C,-,0,NA,NA,NA,NA,Y,NA,A,01,0,1,0,0,0,0,0,0,0,-,-,NA,NA,LOS ANGELES,LOS ANGELES,-118.49188232421876,34.22129821777344
8641253,2018,2018-07-02,1942,2018-06-08,0804,27260,1007,5,5,7,1942,0,0,0,J,0,10A17,BALBOA BL,SATICOY ST,0,NA,Y,A,-,N,NA,NA,NA,NA,NA,NA,NA,NA,NA,N,4,0,3,2,A,-,12,21453,A,N,D,C,A,A,H,-,A,A,0,NA,NA,NA,NA,Y,NA,A,01,0,0,3,0,0,0,0,0,0,-,-,NA,NA,LOS ANGELES,LOS ANGELES,-118.50115966796876,34.20841979980469
8641257,2018,2018-07-02,1942,2018-06-06,1305,41316,1012,3,5,7,1942,0,0,0,J,0,10A3,RHEA AV,SATICOY ST,5,S,N,A,-,N,NA,NA,NA,NA,NA,NA,NA,NA,NA,N,4,0,1,2,A,-,08,22100,A,N,B,C,A,A,H,-,A,A,0,NA,NA,NA,NA,Y,NA,A,07,0,0,1,0,0,0,0,0,0,-,-,NA,NA,LOS ANGELES,LOS ANGELES,-118.54167175292967,34.20835494995117
8641261,2018,2018-07-02,1942,2018-06-06,1625,41316,1075,3,5,7,1942,0,0,0,J,0,10A99,LINDLEY AV,PALORA ST,0,NA,Y,A,-,N,NA,NA,NA,NA,NA,NA,NA,NA,NA,Y,4,0,1,2,A,-,09,21801,A,N,-,C,A,A,H,-,A,D,0,NA,NA,NA,NA,Y,NA,A,07,0,0,1,0,0,0,0,0,0,-,-,NA,NA,LOS ANGELES,LOS ANGELES,-118.52720642089844,34.16006851196289
8641265,2018,2018-07-02,1942,2018-06-08,1255,41316,1024,5,5,7,1942,0,0,0,J,0,10A21,VANOWEN ST,RHEA AV,25,W,N,A,-,N,NA,NA,NA,NA,NA,NA,NA,NA,NA,N,3,0,1,2,A,-,07,21658,A,N,B,C,A,A,H,-,A,D,0,NA,NA,Y,NA,Y,NA,A,01,0,1,0,0,0,0,0,0,1,-,-,NA,NA,LOS ANGELES,LOS ANGELES,-118.54159545898438,34.19384002685547
8641269,2018,2018-07-02,1941,2018-06-12,0803,10997,NA,2,5,7,1941,0,0,0,NA,0,NA,ATLANTIC AV,ESTHER ST,0,NA,Y,A,-,N,NA,NA,NA,NA,NA,NA,NA,NA,NA,N,4,0,1,2,A,-,09,21802,A,N,D,C,A,A,H,-,A,D,0,NA,NA,NA,NA,Y,NA,A,NA,0,0,1,0,0,0,0,0,0,-,-,NA,NA,LOS ANGELES,LONG BEACH,-118.18502807617188,33.78895950317383
8641270,2018,2018-07-03,1965,2018-06-12,1532,3764,8B4E,2,5,5,1965,0,0,0,NA,0,B004,IDAHO AV,EUCLID ST,0,NA,Y,A,-,N,NA,NA,NA,NA,NA,NA,NA,NA,NA,Y,3,0,1,2,A,-,09,21802,A,N,D,C,A,A,H,-,A,A,0,NA,NA,NA,NA,Y,NA,A,07,0,1,0,0,0,0,0,0,0,-,-,37.021358489990234,-121.01773071289064,LOS ANGELES,SANTA MONICA,-118.49459075927734,34.03010940551758
8641273,2018,2018-07-02,1941,2018-06-09,2224,10877,NA,6,5,7,1941,0,0,0,NA,0,NA,XIMENO AV,ATHERTON ST,110,N,N,A,-,N,NA,NA,NA,NA,NA,NA,NA,NA,NA,Y,2,0,1,2,A,-,09,21804,A,N,G,G,A,A,H,-,C,D,0,NA,Y,NA,NA,Y,NA,L,NA,1,0,0,0,0,0,1,0,0,-,-,NA,NA,LOS ANGELES,LONG BEACH,-118.13887786865234,33.7901611328125