CASE_ID,ACCIDENT_YEAR,PROC_DATE,JURIS,COLLISION_DATE,COLLISION_TIME,OFFICER_ID,REPORTING_DISTRICT,DAY_OF_WEEK,CHP_SHIFT,POPULATION,CNTY_CITY_LOC,SPECIAL_COND,BEAT_TYPE,CHP_BEAT_TYPE,CITY_DIVISION_LAPD,CHP_BEAT_CLASS,BEAT_NUMBER,PRIMARY_RD,SECONDARY_RD,DISTANCE,DIRECTION,INTERSECTION,WEATHER_1,WEATHER_2,STATE_HWY_IND,CALTRANS_COUNTY,CALTRANS_DISTRICT,STATE_ROUTE,ROUTE_SUFFIX,POSTMILE_PREFIX,POSTMILE,LOCATION_TYPE,RAMP_INTERSECTION,SIDE_OF_HWY,TOW_AWAY,COLLISION_SEVERITY,NUMBER_KILLED,NUMBER_INJURED,PARTY_COUNT,PRIMARY_COLL_FACTOR,PCF_CODE_OF_VIOL,PCF_VIOL_CATEGORY,PCF_VIOLATION,PCF_VIOL_SUBSECTION,HIT_AND_RUN,TYPE_OF_COLLISION,MVIW,PED_ACTION,ROAD_SURFACE,ROAD_COND_1,ROAD_COND_2,LIGHTING,CONTROL_DEVICE,CHP_ROAD_TYPE,PEDESTRIAN_ACCIDENT,BICYCLE_ACCIDENT,MOTORCYCLE_ACCIDENT,TRUCK_ACCIDENT,NOT_PRIVATE_PROPERTY,ALCOHOL_INVOLVED,STWD_VEHTYPE_AT_FAULT,CHP_VEHTYPE_AT_FAULT,COUNT_SEVERE_INJ,COUNT_VISIBLE_INJ,COUNT_COMPLAINT_PAIN,COUNT_PED_KILLED,COUNT_PED_INJURED,COUNT_BICYCLIST_KILLED,COUNT_BICYCLIST_INJURED,COUNT_MC_KILLED,COUNT_MC_INJURED,PRIMARY_RAMP,SECONDARY_RAMP,LATITUDE,LONGITUDE,COUNTY,CITY,POINT_X,POINT_Y
8643476,2018,2018-06-29,1942,2018-05-25,0625,39022,1488,5,5,7,1942,0,0,0,N,0,14TL47,INTERCEPTOR ST,RAMSGATE AV,130,E,N,A,-,N,NA,NA,NA,NA,NA,NA,NA,NA,NA,N,4,0,1,2,A,-,09,21804,A,N,D,C,A,A,H,-,A,D,0,NA,NA,NA,NA,Y,NA,A,07,0,0,1,0,0,0,0,0,0,-,-,NA,NA,LOS ANGELES,LOS ANGELES,-118.38225555419922,33.95524978637695
8643480,2018,2018-06-29,1942,2018-05-23,1400,37700,1488,3,5,7,1942,0,0,0,N,0,14A67,ARBOR VITAE ST,BELLANCA AV,0,NA,Y,A,-,N,NA,NA,NA,NA,NA,NA,NA,NA,NA,Y,4,0,2,2,A,-,09,21801,A,N,A,C,A,A,H,-,A,A,0,NA,NA,NA,NA,Y,NA,A,01,0,0,2,0,0,0,0,0,0,-,-,NA,NA,LOS ANGELES,LOS ANGELES,-118.38053131103516,33.95267868041992
8643484,2018,2018-06-29,1942,2018-05-25,1220,41671,1454,5,5,7,1942,0,0,0,N,0,14A45,GLENCOE AV,MINDANAO WY,165,N,N,A,-,N,NA,NA,NA,NA,NA,NA,NA,NA,NA,Y,4,0,1,2,A,-,09,21804,A,N,D,C,A,A,H,-,A,D,0,NA,NA,NA,NA,Y,NA,A,01,0,0,1,0,0,0,0,0,0,-,-,NA,NA,LOS ANGELES,LOS ANGELES,-118.4377899169922,33.98566436767578
8643488,2018,2018-06-29,1942,2018-05-17,1040,27356,1427,4,5,7,1942,0,0,0,N,0,14A27,CLOVER AV,S SEPULVEDA BL,0,NA,Y,A,-,N,NA,NA,NA,NA,NA,NA,NA,NA,NA,Y,4,0,1,2,A,-,03,22350,NA,N,C,C,A,A,H,-,A,A,0,NA,NA,NA,NA,Y,NA,A,01,0,0,1,0,0,0,0,0,0,-,-,NA,NA,LOS ANGELES,LOS ANGELES,-118.42797088623048,34.02648162841797
8643491,2018,2018-06-29,1926,2018-06-12,1036,0026,NA,2,5,5,1926,0,0,0,NA,0,004,LONE HILL,AUTO CENTRE,0,NA,Y,A,-,N,NA,NA,NA,NA,NA,NA,NA,NA,NA,Y,4,0,2,2,D,-,00,NA,NA,N,D,C,A,A,H,-,A,A,0,NA,NA,NA,NA,Y,NA,-,-,0,0,2,0,0,0,0,0,0,-,-,NA,NA,LOS ANGELES,GLENDORA,-117.82901000976564,34.117618560791016
8643492,2018,2018-06-29,1942,2018-05-18,1425,39058,1426,5,5,7,1942,0,0,0,N,0,14A25,SAWTELLE BL,NATIONAL BL,15,N,N,A,-,N,NA,NA,NA,NA,NA,NA,NA,NA,NA,N,4,0,1,2,A,-,03,22350,NA,N,C,C,A,A,H,-,A,A,0,NA,NA,NA,NA,Y,NA,A,01,0,0,1,0,0,0,0,0,0,-,-,NA,NA,LOS ANGELES,LOS ANGELES,-118.43144989013672,34.026283264160156
8643493,2018,2018-06-28,1928,2018-06-12,0940,324,509,2,5,5,1928,0,0,0,NA,0,502,PRAIRIE AV,JACK NORTHROP AV,0,NA,Y,A,-,N,NA,NA,NA,NA,NA,NA,NA,NA,NA,Y,3,0,1,2,A,-,08,22100,A,N,C,C,A,A,H,-,A,A,0,NA,NA,Y,NA,Y,NA,A,01,0,1,0,0,0,0,0,0,1,-,-,NA,NA,LOS ANGELES,HAWTHORNE,-118.3438720703125,33.91967010498047
8643496,2018,2018-06-29,1942,2018-05-19,1235,41671,1431,6,5,7,1942,0,0,0,N,0,14A11,MAIN ST,WINDWARD CIR,0,NA,Y,B,-,N,NA,NA,NA,NA,NA,NA,NA,NA,NA,Y,4,0,1,2,A,-,12,22450,A,N,D,C,A,A,H,-,A,A,0,NA,NA,NA,NA,Y,NA,A,01,0,0,1,0,0,0,0,0,0,-,-,NA,NA,LOS ANGELES,LOS ANGELES,-118.47129058837892,33.98836135864258
8643497,2018,2018-06-28,1928,2018-06-18,2250,407,525,1,5,5,1928,0,0,0,NA,0,502,IMPERIAL HWY,BIRCH AV,25,E,N,A,-,N,NA,NA,NA,NA,NA,NA,NA,NA,NA,Y,4,0,1,4,A,-,01,23152,A,M,B,E,A,A,H,-,C,D,0,NA,NA,NA,NA,Y,Y,A,01,0,0,1,0,0,0,0,0,0,-,-,33.930938720703125,-118.35028076171876,LOS ANGELES,HAWTHORNE,-118.3502197265625,33.93096160888672
8643500,2018,2018-06-29,1942,2018-05-20,1350,39655,1463,7,5,7,1942,0,0,0,N,0,14A45,LINCOLN BL,JEFFERSON BL,25,S,N,A,-,N,NA,NA,NA,NA,NA,NA,NA,NA,NA,Y,4,0,1,2,A,-,03,22350,NA,N,C,C,A,A,H,-,A,A,0,NA,NA,NA,NA,Y,NA,A,01,0,0,1,0,0,0,0,0,0,-,-,NA,NA,LOS ANGELES,LOS ANGELES,-118.43029022216795,33.97189712524414
8643501,2018,2018-06-28,1900,2018-06-04,0904,625511,1336,1,5,5,1908,0,0,0,NA,0,133T2,WOODRUFF AV,ROSE ST,69,N,N,A,-,N,NA,NA,NA,NA,NA,NA,NA,NA,NA,Y,4,0,1,2,A,-,03,22350,NA,N,C,C,A,A,H,-,A,D,0,NA,NA,NA,NA,Y,NA,A,07,0,0,1,0,0,0,0,0,0,-,-,33.869869232177734,-118.1172332763672,LOS ANGELES,BELLFLOWER,-118.11724090576172,33.869869232177734
8643504,2018,2018-06-29,1942,2018-05-16,1625,40452,1488,3,5,7,1942,0,0,0,N,0,14A67,W 98TH ST,AIRPORT BL,20,E,N,A,-,N,NA,NA,NA,NA,NA,NA,NA,NA,NA,N,4,0,1,2,A,-,10,21950,A,N,G,B,B,A,H,-,A,A,0,Y,NA,NA,NA,Y,NA,A,07,0,0,1,0,1,0,0,0,0,-,-,NA,NA,LOS ANGELES,LOS ANGELES,-118.38592529296876,33.94734191894531
8643508,2018,2018-06-29,1942,2018-05-16,0720,38262,1483,3,5,7,1942,0,0,0,N,0,14A73,PERSHING DR,TALBERT ST,0,NA,Y,A,-,N,NA,NA,NA,NA,NA,NA,NA,NA,NA,Y,4,0,1,2,A,-,09,21802,A,N,D,C,A,A,H,-,A,A,0,NA,NA,NA,NA,Y,NA,A,01,0,0,1,0,0,0,0,0,0,-,-,NA,NA,LOS ANGELES,LOS ANGELES,-118.44190979003906,33.955631256103516
8643510,2018,2018-06-27,1906,2018-06-09,1220,4414,1906,6,5,5,1906,0,0,0,NA,0,001,RAMONA BL,RAMONA BL  13260,0,NA,Y,A,-,N,NA,NA,NA,NA,NA,NA,NA,NA,NA,NA,3,0,1,2,A,-,08,22107,NA,N,D,G,A,A,H,-,A,D,0,NA,Y,NA,NA,Y,NA,A,01,0,1,0,0,0,0,1,0,0,-,-,NA,NA,LOS ANGELES,BALDWIN PARK,-117.983734,34.080875
8643512,2018,2018-06-29,1942,2018-05-15,1245,41370,1437,2,5,7,1942,0,0,0,N,0,NA,SEPULVEDA BL,CHARNOCK RD,80,N,N,A,-,N,NA,NA,NA,NA,NA,NA,NA,NA,NA,Y,4,0,2,2,A,-,03,22350,NA,N,C,C,A,A,H,-,A,D,0,NA,NA,NA,NA,Y,NA,A,07,0,0,2,0,0,0,0,0,0,-,-,NA,NA,LOS ANGELES,LOS ANGELES,-118.4204559326172,34.01701354980469
8643514,2018,2018-06-27,1906,2018-06-07,1458,4416,NA,4,5,5,1906,0,0,0,NA,0,002,BRESEE AV,DUNIA ST,4,N,N,A,-,N,NA,NA,NA,NA,NA,NA,NA,NA,NA,Y,4,0,1,2,A,-,08,22107,NA,F,D,D,A,A,H,-,A,A,0,NA,NA,NA,NA,Y,Y,A,01,0,0,1,0,0,0,0,0,0,-,-,NA,NA,LOS ANGELES,BALDWIN PARK,-117.97142791748048,34.09749984741211
8643516,2018,2018-06-29,1942,2018-05-13,1745,39058,1444,7,5,7,1942,0,0,0,N,0,14A45,WASHINGTON BL,OXFORD AV,0,NA,Y,A,-,N,NA,NA,NA,NA,NA,NA,NA,NA,NA,Y,4,0,1,2,A,-,09,21801,A,N,D,C,A,A,H,-,A,A,0,NA,NA,NA,NA,Y,NA,A,01,0,0,1,0,0,0,0,0,0,-,-,NA,NA,LOS ANGELES,LOS ANGELES,-118.45477294921876,33.986610412597656
8643518,2018,2018-06-27,1906,2018-06-05,1301,1791,1906,2,5,5,1906,0,0,0,NA,0,003,FRANCISQUITO AV,MAINE AV,60,NA,N,A,-,N,NA,NA,NA,NA,NA,NA,NA,NA,NA,N,4,0,1,4,A,-,03,22350,NA,M,C,C,A,A,H,-,A,D,0,NA,NA,NA,NA,Y,NA,A,01,0,0,1,0,0,0,0,0,0,-,-,NA,NA,LOS ANGELES,BALDWIN PARK,-117.97669982910156,34.07046127319336
8643520,2018,2018-07-05,1942,2018-06-02,1235,34959,1438,6,5,7,1942,0,0,0,N,0,14A27,OVERLAND AV,PALMS BL,0,NA,Y,A,-,N,NA,NA,NA,NA,NA,NA,NA,NA,NA,Y,3,0,2,2,A,-,09,21801,A,N,D,C,A,A,H,-,A,D,0,NA,NA,NA,NA,Y,NA,A,01,0,1,1,0,0,0,0,0,0,-,-,NA,NA,LOS ANGELES,LOS ANGELES,-118.41162109375,34.02473068237305
8643542,2018,2018-06-28,1942,2018-06-14,1500,40876,1762,4,5,7,1942,0,0,0,Q,0,17A81,COZYCROFT AV,SUPERIOR ST,562,S,N,A,-,N,NA,NA,NA,NA,NA,NA,NA,NA,NA,N,4,0,1,3,A,-,21,22106,NA,N,B,C,A,A,H,-,A,D,0,NA,NA,NA,NA,Y,NA,A,01,0,0,1,0,0,0,0,0,0,-,-,NA,NA,LOS ANGELES,LOS ANGELES,-118.58197784423828,34.24477767944336
8643545,2018,2018-07-06,1900,2018-05-25,0755,602250,1328,5,5,5,1935,0,0,0,NA,0,132T1,PIONEER BL,206TH ST,135,N,N,A,-,N,NA,NA,NA,NA,NA,NA,NA,NA,NA,N,4,0,2,2,A,-,09,21802,A,N,C,C,A,A,H,-,A,D,0,NA,NA,NA,NA,Y,NA,D,22,0,0,2,0,0,0,0,0,0,-,-,33.84336853027344,-118.08188629150392,LOS ANGELES,LAKEWOOD,-118.08204650878906,33.84362030029297
8643550,2018,2018-06-28,1942,2018-06-13,1710,37353,1781,3,5,7,1942,0,0,0,Q,0,17A81,NORDHOFF ST,MASON AV,700,W,N,A,-,N,NA,NA,NA,NA,NA,NA,NA,NA,NA,N,4,0,1,2,A,-,09,21801,A,N,D,C,A,A,H,-,A,A,0,NA,NA,NA,NA,Y,NA,A,01,0,0,1,0,0,0,0,0,0,-,-,NA,NA,LOS ANGELES,LOS ANGELES,-118.5817413330078,34.23250961303711
8643554,2018,2018-07-09,1942,2018-06-05,1800,42775,1663,2,5,7,1942,0,0,0,P,0,19EL2,SAN FERNANDO RD,SHELDON ST,0,NA,Y,A,-,N,NA,NA,NA,NA,NA,NA,NA,NA,NA,Y,4,0,2,3,A,-,09,21801,A,N,D,C,A,A,H,-,A,A,0,NA,NA,NA,NA,Y,NA,A,01,0,0,2,0,0,0,0,0,0,-,-,NA,NA,LOS ANGELES,LOS ANGELES,-118.39370727539064,34.23929977416992
8643558,2018,2018-06-28,1942,2018-06-07,0625,40398,1663,4,5,7,1942,0,0,0,P,0,16A77,SAN FERNANDO RD,SHELDON ST,0,NA,Y,A,-,N,NA,NA,NA,NA,NA,NA,NA,NA,NA,N,4,0,2,2,A,-,09,21801,A,N,D,C,A,A,H,-,A,A,0,NA,NA,NA,NA,Y,NA,D,22,0,0,2,0,0,0,0,0,0,-,-,NA,NA,LOS ANGELES,LOS ANGELES,-118.39370727539064,34.23929977416992
8643564,2018,2018-08-06,1942,2018-06-04,2300,40235,2042,1,5,7,1942,0,0,0,NA,0,20T59,8TH ST,3RD AV,160,E,N,A,-,N,NA,NA,NA,NA,NA,NA,NA,NA,NA,Y,3,0,1,5,A,-,03,22350,NA,M,A,E,A,A,H,-,C,D,0,NA,NA,NA,NA,Y,NA,A,01,0,1,0,0,0,0,0,0,0,-,-,NA,NA,LOS ANGELES,LOS ANGELES,-118.31602478027344,34.05805969238281
8643566,2018,2018-07-12,1942,2018-06-13,1330,40398,1656,3,5,7,1942,0,0,0,P,0,16A35,FOOTHILL BL,MOUNT GLEASON AV,0,NA,Y,A,-,N,NA,NA,NA,NA,NA,NA,NA,NA,NA,N,4,0,1,2,A,-,16,29003,A,N,D,-,A,A,H,-,A,A,0,NA,NA,NA,Y,Y,NA,G,87,0,0,1,0,0,0,0,0,0,-,-,NA,NA,LOS ANGELES,LOS ANGELES,-118.3026885986328,34.259090423583984
8643592,2018,2018-07-11,1942,2018-05-04,2110,40740,0782,5,5,7,1942,0,0,0,G,0,7A85,LA CIENEGA BL,DAVID AV,15,N,N,A,-,N,NA,NA,NA,NA,NA,NA,NA,NA,NA,N,4,0,1,2,A,-,07,21658,A,N,C,C,A,A,H,-,C,A,0,NA,NA,NA,NA,Y,NA,D,22,0,0,1,0,0,0,0,0,0,-,-,NA,NA,LOS ANGELES,LOS ANGELES,-118.37741088867188,34.03731918334961
8643600,2018,2018-07-02,1942,2018-06-15,1530,41054,0734,5,5,7,1942,0,0,0,G,0,7A33,COLGATE AV,FAIRFAX AV,106,E,N,A,-,N,NA,NA,NA,NA,NA,NA,NA,NA,NA,Y,3,0,1,2,A,-,01,23152,A,N,D,E,A,A,H,-,A,D,0,NA,NA,NA,NA,Y,Y,D,22,0,1,0,0,0,0,0,0,0,-,-,NA,NA,LOS ANGELES,LOS ANGELES,-118.3610610961914,34.069034576416016
8643601,2018,2018-06-28,1942,2018-04-18,1240,39655,1403,3,5,7,1942,0,0,0,N,0,14A27,SEPULVEDA BL,SARDIS AV,573,N,N,A,-,N,NA,NA,NA,NA,NA,NA,NA,NA,NA,N,2,0,1,1,B,-,22,NA,NA,N,H,I,A,-,A,-,A,D,0,NA,NA,Y,NA,Y,NA,C,03,1,0,0,0,0,0,0,0,1,-,-,NA,NA,LOS ANGELES,LOS ANGELES,-118.43003845214844,34.03108215332031
8643604,2018,2018-07-03,1942,2018-05-04,0130,42011,2013,5,5,7,1942,0,0,0,NA,0,20A53,WESTERN AV,1ST ST,200,S,N,A,-,N,NA,NA,NA,NA,NA,NA,NA,NA,NA,N,4,0,3,3,A,-,08,22102,NA,F,D,C,A,A,H,-,C,D,0,NA,NA,NA,NA,Y,NA,-,99,0,0,3,0,0,0,0,0,0,-,-,NA,NA,LOS ANGELES,LOS ANGELES,-118.309123,34.072471
8643605,2018,2018-06-28,1942,2018-04-25,1620,39162,1487,3,5,7,1942,0,0,0,N,0,14A28,WESTCHESTER PKWY,SEPULVEDA BL,0,NA,Y,A,-,N,NA,NA,NA,NA,NA,NA,NA,NA,NA,Y,4,0,1,2,A,-,09,21801,A,N,A,C,A,A,H,-,A,A,0,NA,NA,NA,NA,Y,NA,A,01,0,0,1,0,0,0,0,0,0,-,-,NA,NA,LOS ANGELES,LOS ANGELES,-118.39620971679688,33.95460891723633
8643608,2018,2018-06-29,1942,2018-05-21,1600,31465,2083,1,5,7,1942,0,0,0,NA,0,20A71,WESTERN AV,VENICE BL,200,N,N,B,-,N,NA,NA,NA,NA,NA,NA,NA,NA,NA,N,4,0,1,2,A,-,03,22350,NA,F,C,C,A,A,H,-,A,A,0,NA,NA,NA,NA,Y,NA,-,99,0,0,1,0,0,0,0,0,0,-,-,NA,NA,LOS ANGELES,LOS ANGELES,-118.3090362548828,34.04411697387695
8643609,2018,2018-06-28,1942,2018-04-26,1320,38374,1443,4,5,7,1942,0,0,0,N,0,14A45,NAPLES AV,HARDING AV,0,NA,Y,A,-,N,NA,NA,NA,NA,NA,NA,NA,NA,NA,N,3,0,1,2,A,-,12,22450,A,N,D,C,A,A,H,-,A,A,0,NA,NA,Y,NA,Y,NA,C,03,0,1,0,0,0,0,0,0,1,-,-,NA,NA,LOS ANGELES,LOS ANGELES,-118.45301818847656,33.99298858642578
8643612,2018,2018-07-03,1942,2018-05-06,1900,42420,0852,7,5,7,1942,0,0,0,H,0,8A53,STONER AV,SANTA MONICA BL,40,S,N,A,-,N,NA,NA,NA,NA,NA,NA,NA,NA,NA,N,4,0,1,2,A,-,10,21952,NA,F,G,B,F,A,H,-,A,A,0,Y,NA,NA,NA,Y,NA,-,99,0,0,1,0,1,0,0,0,0,-,-,NA,NA,LOS ANGELES,LOS ANGELES,-118.4570541381836,34.043190002441406
8643613,2018,2018-06-28,1942,2018-04-25,1455,39127,1479,3,5,7,1942,0,0,0,N,0,14A67,LA TIJERA BL,74TH ST,0,NA,Y,A,-,N,NA,NA,NA,NA,NA,NA,NA,NA,NA,N,3,0,1,2,A,-,09,21801,A,N,H,I,A,A,H,-,A,A,0,NA,NA,Y,NA,Y,NA,A,01,0,1,0,0,0,0,0,0,1,-,-,NA,NA,LOS ANGELES,LOS ANGELES,-118.3794174194336,33.970550537109375
8643616,2018,2018-07-03,1942,2018-05-29,1700,33683,0819,2,5,7,1942,0,0,0,H,0,8A28W7,BEVERLY GLEN,CHARING CROSS RD,15,S,N,B,-,N,NA,NA,NA,NA,NA,NA,NA,NA,NA,N,3,0,1,2,A,-,04,21703,NA,F,C,C,A,A,H,-,A,D,0,NA,NA,NA,NA,Y,NA,-,99,0,1,0,0,0,0,0,0,0,-,-,NA,NA,LOS ANGELES,LOS ANGELES,-118.43285369873048,34.07756042480469
8643620,2018,2018-07-03,1942,2018-05-01,2350,43269,NA,2,5,7,1942,0,0,0,NA,0,7A85,FAIRFAX AV,VENICE BL,100,S,N,B,-,N,NA,NA,NA,NA,NA,NA,NA,NA,NA,N,4,0,2,2,A,-,04,21703,NA,F,C,C,A,A,H,-,C,A,0,NA,NA,NA,NA,Y,NA,-,99,0,0,2,0,0,0,0,0,0,-,-,NA,NA,LOS ANGELES,LOS ANGELES,-118.36976623535156,34.03995132446289
8643624,2018,2018-07-03,1942,2018-05-30,1340,43269,702,3,5,7,1942,0,0,0,NA,0,701,FAIRFAX AV,WARING AV,15,S,N,B,-,N,NA,NA,NA,NA,NA,NA,NA,NA,NA,N,4,0,1,2,A,-,04,21703,NA,F,C,C,A,A,H,-,A,D,0,NA,NA,NA,NA,Y,NA,-,99,0,0,1,0,0,0,0,0,0,-,-,NA,NA,LOS ANGELES,LOS ANGELES,-118.3615264892578,34.08549880981445
8643628,2018,2018-07-03,1942,2018-05-20,1450,41054,0724,7,5,7,1942,0,0,0,G,0,7A33,3RD ST,THE GROVE DR,80,E,N,A,-,N,NA,NA,NA,NA,NA,NA,NA,NA,NA,Y,3,0,4,3,A,-,07,21658,A,F,B,C,A,A,H,-,A,A,0,NA,NA,NA,NA,Y,NA,-,99,0,1,3,0,0,0,0,0,0,-,-,NA,NA,LOS ANGELES,LOS ANGELES,-118.35605621337892,34.070770263671875
8643632,2018,2018-07-03,1942,2018-05-30,1730,41675,LOSAN,3,5,7,1942,0,0,0,NA,0,7X58W4,LA BREA AV,PICO BL,20,N,N,A,-,N,NA,NA,NA,NA,NA,NA,NA,NA,NA,N,3,0,1,2,A,-,07,21658,A,F,B,C,A,A,H,-,A,A,0,NA,NA,Y,NA,Y,NA,-,99,0,1,0,0,0,0,0,0,1,-,-,NA,NA,LOS ANGELES,LOS ANGELES,-118.34464263916016,34.047943115234375
8643636,2018,2018-07-03,1942,2018-05-31,1245,27356,1454,4,5,7,1942,0,0,0,N,0,14A45,MINDANAO WY,MARINA EXPWY,10,S,N,A,-,N,NA,NA,NA,NA,NA,NA,NA,NA,NA,N,4,0,1,3,A,-,03,22350,NA,F,C,C,A,A,H,-,A,A,0,NA,NA,NA,NA,Y,NA,-,99,0,0,1,0,0,0,0,0,0,-,-,NA,NA,LOS ANGELES,LOS ANGELES,-118.437837,33.983814
8643640,2018,2018-07-03,1942,2018-05-26,0800,26281,1401,6,5,7,1942,0,0,0,N,0,14A25,BARRINGTON AV,PEARL ST,20,N,N,A,-,N,NA,NA,NA,NA,NA,NA,NA,NA,NA,N,4,0,1,2,A,-,12,22450,A,F,G,B,B,A,H,-,A,A,0,Y,NA,NA,NA,Y,NA,-,99,0,0,1,0,1,0,0,0,0,-,-,NA,NA,LOS ANGELES,LOS ANGELES,-118.44367980957033,34.029014587402344
8643644,2018,2018-06-28,1942,2018-06-13,1635,37613,0827,3,5,7,1942,0,0,0,H,0,8A13,BARRINGTON AV,CHENAULT ST,85,S,N,A,-,N,NA,NA,NA,NA,NA,NA,NA,NA,NA,N,4,0,1,2,A,-,03,22350,NA,N,C,C,A,A,H,-,A,D,0,NA,NA,NA,NA,Y,NA,A,07,0,0,1,0,0,0,0,0,0,-,-,NA,NA,LOS ANGELES,LOS ANGELES,-118.46759033203124,34.056114196777344
8643648,2018,2018-06-28,1942,2018-06-11,0933,38721,0789,1,5,7,1942,0,0,0,G,0,7A69,ARLINGTON AV,WASHINGTON BL,0,NA,Y,A,-,N,NA,NA,NA,NA,NA,NA,NA,NA,NA,N,4,0,1,2,A,-,12,21453,A,F,D,C,A,A,H,-,A,A,0,NA,NA,NA,NA,Y,NA,-,99,0,0,1,0,0,0,0,0,0,-,-,NA,NA,LOS ANGELES,LOS ANGELES,-118.31773376464844,34.03989028930664
8643652,2018,2018-06-28,1942,2018-06-05,1800,42779,0702,2,5,7,1942,0,0,0,G,0,7X58,ROMAINE ST,VISTA ST,0,NA,Y,A,-,N,NA,NA,NA,NA,NA,NA,NA,NA,NA,Y,3,0,1,2,A,-,12,22450,A,F,D,C,A,A,H,-,A,-,0,NA,NA,NA,NA,Y,NA,-,99,0,1,0,0,0,0,0,0,0,-,-,NA,NA,LOS ANGELES,LOS ANGELES,-118.35224151611328,34.08869934082031
8643656,2018,2018-06-28,1942,2018-06-04,1510,37770,0722,1,5,7,1942,0,0,0,G,0,7A21,BEVERLY BL,FLORES ST,17,W,N,A,-,N,NA,NA,NA,NA,NA,NA,NA,NA,NA,Y,2,0,1,2,A,-,09,21802,A,F,D,C,A,A,H,-,A,A,0,NA,NA,Y,NA,Y,NA,-,99,1,0,0,0,0,0,0,0,1,-,-,NA,NA,LOS ANGELES,LOS ANGELES,-118.37119293212892,34.07605743408203
8643659,2018,2018-06-29,1900,2018-05-23,1216,526288,1333,3,5,5,1908,0,0,0,NA,0,133T2,ALONDRA BL,WOODRUFF AV,836,E,N,B,-,N,NA,NA,NA,NA,NA,NA,NA,NA,NA,Y,2,0,1,2,A,-,09,21804,A,N,D,-,A,A,H,-,A,D,0,NA,NA,Y,NA,Y,NA,A,01,1,0,0,0,0,0,0,0,1,-,-,33.88901138305664,-118.11454010009766,LOS ANGELES,BELLFLOWER,-118.11468505859376,33.88908386230469
8643660,2018,2018-06-28,1942,2018-06-01,1740,43132,1466,5,5,7,1942,0,0,0,N,0,14A67,SEPULVEDA BL,CENTINELA,300,S,N,A,-,N,NA,NA,NA,NA,NA,NA,NA,NA,NA,N,4,0,1,2,A,-,08,22107,NA,F,H,G,A,A,H,-,A,D,0,NA,Y,NA,NA,Y,NA,-,99,0,0,1,0,0,0,1,0,0,-,-,NA,NA,LOS ANGELES,LOS ANGELES,-118.39461517333984,33.9802360534668
8643663,2018,2018-06-29,1942,2018-05-11,1550,37770,0782,5,5,7,1942,0,0,0,G,0,7X58W4,FAIRFAX AV,18TH ST,15,N,N,A,-,N,NA,NA,NA,NA,NA,NA,NA,NA,NA,N,4,0,1,2,A,-,03,22350,NA,F,C,C,A,A,H,-,A,A,0,NA,NA,NA,NA,Y,NA,-,99,0,0,1,0,0,0,0,0,0,-,-,NA,NA,LOS ANGELES,LOS ANGELES,-118.36919403076172,34.043128967285156
8643664,2018,2018-06-28,1942,2018-06-15,2250,41106,0787,5,5,7,1942,0,0,0,G,0,7G4,WASHINGTON BL,CRENSHAW BL,0,NA,Y,A,-,N,NA,NA,NA,NA,NA,NA,NA,NA,NA,Y,4,0,2,2,A,-,01,23152,A,N,D,C,A,A,H,-,C,A,0,NA,NA,NA,NA,Y,Y,A,01,0,0,2,0,0,0,0,0,0,-,-,NA,NA,LOS ANGELES,LOS ANGELES,-118.33106994628906,34.039859771728516
8643667,2018,2018-07-03,1942,2018-05-29,2210,41859,0782,2,5,7,1942,0,0,0,G,0,7A85,LA CIENEGA BL,SAWYER ST,30,S,N,A,-,N,NA,NA,NA,NA,NA,NA,NA,NA,NA,Y,4,0,1,3,A,-,07,21658,A,F,B,C,A,A,H,-,C,D,0,NA,NA,NA,NA,Y,NA,-,99,0,0,1,0,0,0,0,0,0,-,-,NA,NA,LOS ANGELES,LOS ANGELES,-118.37642669677734,34.0424690246582
8643668,2018,2018-06-28,1942,2018-06-14,1600,37613,0743,4,5,7,1942,0,0,0,G,0,7A33,SAN VICENTE BL,GENESEE AV,18,W,N,A,-,N,NA,NA,NA,NA,NA,NA,NA,NA,NA,Y,4,0,2,2,A,-,03,22350,NA,N,C,C,A,A,H,-,A,D,0,NA,NA,NA,NA,Y,NA,A,08,0,0,2,0,0,0,0,0,0,-,-,NA,NA,LOS ANGELES,LOS ANGELES,-118.36118316650392,34.05710220336914
8643671,2018,2018-07-03,1942,2018-05-27,1300,42749,0722,7,5,7,1942,0,0,0,G,0,7A33,BLACKBURN AV,ORLANDO AV,0,NA,Y,A,-,N,NA,NA,NA,NA,NA,NA,NA,NA,NA,Y,3,0,1,2,A,-,12,22450,A,F,D,C,A,A,H,-,A,A,0,NA,NA,NA,NA,Y,NA,-,99,0,1,0,0,0,0,0,0,0,-,-,NA,NA,LOS ANGELES,LOS ANGELES,-118.37332916259766,34.07210159301758
8643672,2018,2018-06-28,1942,2018-06-08,1805,40899,1494,5,5,7,1942,0,0,0,N,0,LAX,WORLD WY,SEBULVEDA BL,2500,W,N,A,-,N,NA,NA,NA,NA,NA,NA,NA,NA,NA,N,4,0,1,2,A,-,21,22106,NA,F,G,B,E,A,H,-,A,D,0,Y,NA,NA,NA,Y,NA,-,99,0,0,1,0,1,0,0,0,0,-,-,NA,NA,LOS ANGELES,LOS ANGELES,-118.404618,33.944963