CASE_ID,ACCIDENT_YEAR,PROC_DATE,JURIS,COLLISION_DATE,COLLISION_TIME,OFFICER_ID,REPORTING_DISTRICT,DAY_OF_WEEK,CHP_SHIFT,POPULATION,CNTY_CITY_LOC,SPECIAL_COND,BEAT_TYPE,CHP_BEAT_TYPE,CITY_DIVISION_LAPD,CHP_BEAT_CLASS,BEAT_NUMBER,PRIMARY_RD,SECONDARY_RD,DISTANCE,DIRECTION,INTERSECTION,WEATHER_1,WEATHER_2,STATE_HWY_IND,CALTRANS_COUNTY,CALTRANS_DISTRICT,STATE_ROUTE,ROUTE_SUFFIX,POSTMILE_PREFIX,POSTMILE,LOCATION_TYPE,RAMP_INTERSECTION,SIDE_OF_HWY,TOW_AWAY,COLLISION_SEVERITY,NUMBER_KILLED,NUMBER_INJURED,PARTY_COUNT,PRIMARY_COLL_FACTOR,PCF_CODE_OF_VIOL,PCF_VIOL_CATEGORY,PCF_VIOLATION,PCF_VIOL_SUBSECTION,HIT_AND_RUN,TYPE_OF_COLLISION,MVIW,PED_ACTION,ROAD_SURFACE,ROAD_COND_1,ROAD_COND_2,LIGHTING,CONTROL_DEVICE,CHP_ROAD_TYPE,PEDESTRIAN_ACCIDENT,BICYCLE_ACCIDENT,MOTORCYCLE_ACCIDENT,TRUCK_ACCIDENT,NOT_PRIVATE_PROPERTY,ALCOHOL_INVOLVED,STWD_VEHTYPE_AT_FAULT,CHP_VEHTYPE_AT_FAULT,COUNT_SEVERE_INJ,COUNT_VISIBLE_INJ,COUNT_COMPLAINT_PAIN,COUNT_PED_KILLED,COUNT_PED_INJURED,COUNT_BICYCLIST_KILLED,COUNT_BICYCLIST_INJURED,COUNT_MC_KILLED,COUNT_MC_INJURED,PRIMARY_RAMP,SECONDARY_RAMP,LATITUDE,LONGITUDE,COUNTY,CITY,POINT_X,POINT_Y
8644665,2018,2018-06-27,1953,2018-05-14,0755,3301,1953,1,5,6,1953,0,0,0,NA,0,002,FAIR OAKS AV,ORANGE GROVE BL,135,S,N,A,-,N,NA,NA,NA,NA,NA,NA,NA,NA,NA,Y,4,0,1,2,A,-,09,21804,A,N,D,C,A,A,H,-,A,D,0,NA,NA,NA,NA,Y,NA,A,01,0,0,1,0,0,0,0,0,0,-,-,NA,NA,LOS ANGELES,PASADENA,-118.15058135986328,34.15742111206055
8644667,2018,2018-06-29,1942,2018-06-05,0710,34959,2031,2,5,7,1942,0,0,0,NA,0,20A53,INGRAHAM ST,WILTON PL,0,NA,Y,A,-,N,NA,NA,NA,NA,NA,NA,NA,NA,NA,Y,4,0,1,2,A,-,09,21802,A,N,D,C,A,A,H,-,A,A,0,NA,NA,NA,NA,Y,NA,A,01,0,0,1,0,0,0,0,0,0,-,-,NA,NA,LOS ANGELES,LOS ANGELES,-118.31436920166016,34.06074905395508
8644669,2018,2018-06-27,1953,2018-05-13,1830,7035,1953,7,5,6,1953,0,0,0,NA,0,001,MARENGO AV,CALIFORNIA BL,0,NA,Y,A,-,N,NA,NA,NA,NA,NA,NA,NA,NA,NA,Y,4,0,1,2,A,-,08,22107,NA,N,D,C,A,A,H,-,A,A,0,NA,NA,NA,NA,Y,NA,A,01,0,0,1,0,0,0,0,0,0,-,-,NA,NA,LOS ANGELES,PASADENA,-118.14585876464844,34.13581085205078
8644672,2018,2018-06-26,1910,2018-02-08,2120,03620,NA,4,5,4,1910,0,0,0,NA,0,005,WEST OLYMPIC BL,EL CAMINO DR,120,E,N,A,-,N,NA,NA,NA,NA,NA,NA,NA,NA,NA,Y,2,0,1,2,A,-,11,21955,NA,N,G,B,D,A,H,-,C,A,0,Y,NA,NA,NA,Y,NA,N,60,1,0,0,0,1,0,0,0,0,-,-,NA,NA,LOS ANGELES,BEVERLY HILLS,-118.39981079101564,34.0596809387207
8644673,2018,2018-06-27,1942,2018-05-10,2105,42180,1256,4,5,7,1942,0,0,0,L,0,12X4,FLORENCE AV,ESTRELLA AV,100,E,N,A,-,N,NA,NA,NA,NA,NA,NA,NA,NA,NA,NA,4,0,2,3,A,-,08,22107,NA,F,C,E,A,A,H,-,C,A,0,NA,NA,NA,NA,Y,Y,-,99,0,0,2,0,0,0,0,0,0,-,-,NA,NA,LOS ANGELES,LOS ANGELES,-118.28456115722656,33.97465896606445
8644677,2018,2018-06-27,1942,2018-05-09,1850,40440,1838,3,5,7,1942,0,0,0,R,0,25T27,LOU DILLON AV,107TH ST,0,NA,Y,A,-,N,NA,NA,NA,NA,NA,NA,NA,NA,NA,Y,3,0,1,2,A,-,12,22450,A,N,D,C,A,A,H,-,A,A,0,NA,NA,NA,NA,Y,NA,A,01,0,1,0,0,0,0,0,0,0,-,-,NA,NA,LOS ANGELES,LOS ANGELES,-118.23486328125,33.93886947631836
8644681,2018,2018-06-27,1942,2018-05-29,1700,37928,1273,2,5,7,1942,0,0,0,L,0,12L90,WESTERN AV,MANCHESTER AV,10,S,N,A,-,N,NA,NA,NA,NA,NA,NA,NA,NA,NA,N,4,0,1,2,A,-,00,20015,NA,F,C,C,A,A,H,-,A,-,0,NA,NA,NA,NA,Y,NA,-,99,0,0,1,0,0,0,0,0,0,-,-,NA,NA,LOS ANGELES,LOS ANGELES,-118.30901336669922,33.95994186401367
8644683,2018,2018-06-29,1953,2018-05-06,1827,1801,1953,7,5,6,1953,0,0,0,NA,0,002,LAKE AV,ORANGE GROVE BL,0,NA,Y,A,-,N,NA,NA,NA,NA,NA,NA,NA,NA,NA,Y,2,0,1,2,A,-,01,23153,B,N,D,C,A,A,H,-,A,-,0,NA,NA,Y,NA,Y,Y,D,22,1,0,0,0,0,0,0,0,1,-,-,NA,NA,LOS ANGELES,PASADENA,-118.1324462890625,34.15776824951172
8644684,2018,2018-07-09,1942,2018-06-15,0150,39217,1559,5,5,7,1942,0,0,0,O,0,15A67,CAHUENGA BL,MAGNOLIA BL,128,N,N,A,-,N,NA,NA,NA,NA,NA,NA,NA,NA,NA,Y,2,0,1,2,A,-,03,22350,NA,N,D,E,A,A,H,-,C,D,0,NA,NA,NA,NA,Y,NA,A,01,1,0,0,0,0,0,0,0,0,-,-,NA,NA,LOS ANGELES,LOS ANGELES,-118.36154174804688,34.165252685546875
8644685,2018,2018-06-27,1942,2018-05-24,0005,42608,1245,4,5,7,1942,0,0,0,L,0,12A45,S NORMANDIE AV,W GAGE AV,0,NA,Y,A,-,N,NA,NA,NA,NA,NA,NA,NA,NA,NA,Y,4,0,1,4,A,-,12,21453,A,F,D,C,A,A,H,-,C,A,0,NA,NA,NA,NA,Y,NA,A,01,0,0,1,0,0,0,0,0,0,-,-,NA,NA,LOS ANGELES,LOS ANGELES,-118.30026245117188,33.98234939575195
8644688,2018,2018-06-29,1942,2018-06-19,1230,40876,1737,2,5,7,1942,0,0,0,Q,0,17A35,BALBOA BL,SAN FERNANDO MISSION BL,150,N,N,A,-,N,NA,NA,NA,NA,NA,NA,NA,NA,NA,Y,3,0,2,2,A,-,09,21804,A,F,D,C,A,A,H,-,A,D,0,NA,NA,NA,NA,Y,NA,D,22,0,1,1,0,0,0,0,0,0,-,-,NA,NA,LOS ANGELES,LOS ANGELES,-118.50218963623048,34.2724609375
8644689,2018,2018-06-27,1942,2018-05-11,1750,42722,1839,5,5,7,1942,0,0,0,R,0,18A44,105TH ST,JUNIPER ST,0,NA,Y,A,-,N,NA,NA,NA,NA,NA,NA,NA,NA,NA,N,4,0,1,2,A,-,12,22450,A,F,A,C,A,A,H,-,A,D,0,NA,NA,NA,NA,Y,Y,-,99,0,0,1,0,0,0,0,0,0,-,-,NA,NA,LOS ANGELES,LOS ANGELES,-118.23277282714844,33.94055938720703
8644691,2018,2018-06-29,1942,2018-05-04,1415,31465,0774,5,5,7,1942,0,0,0,G,0,7A85,VENICE BL,LA BREA AV,200,E,N,A,-,N,NA,NA,NA,NA,NA,NA,NA,NA,NA,N,4,0,2,2,A,-,09,21802,A,N,D,C,A,A,H,-,A,A,0,NA,NA,NA,NA,Y,NA,D,22,0,0,2,0,0,0,0,0,0,-,-,NA,NA,LOS ANGELES,LOS ANGELES,-118.34488677978516,34.04582214355469
8644692,2018,2018-07-11,1942,2018-06-09,2139,37080,2139,6,5,7,1942,0,0,0,NA,0,21A29,WINNETKA AV,VALERIO ST,200,N,N,A,-,N,NA,NA,NA,NA,NA,NA,NA,NA,NA,Y,3,0,1,2,A,-,01,23152,A,N,C,E,A,A,H,-,C,D,0,NA,NA,NA,NA,Y,Y,A,01,0,1,0,0,0,0,0,0,0,-,-,NA,NA,LOS ANGELES,LOS ANGELES,-118.57099151611328,34.205257415771484
8644696,2018,2018-06-29,1942,2018-06-14,1555,26947,1583,4,5,7,1942,0,0,0,O,0,15A85,VENTURA PL,RADFORD AV,235,W,N,A,-,N,NA,NA,NA,NA,NA,NA,NA,NA,NA,Y,4,0,2,2,A,-,07,21658,A,N,B,C,A,A,H,-,A,A,0,NA,NA,NA,NA,Y,NA,A,01,0,0,2,0,0,0,0,0,0,-,-,NA,NA,LOS ANGELES,LOS ANGELES,-118.39346313476564,34.14402770996094
8644704,2018,2018-06-29,1942,2018-06-13,1250,32152,1515,3,5,7,1942,0,0,0,O,0,15A3,LANKERSHIM BL,VOSE ST,38,S,N,A,-,N,NA,NA,NA,NA,NA,NA,NA,NA,NA,Y,4,0,1,3,A,-,03,22350,NA,N,C,C,A,A,H,-,A,A,0,NA,NA,NA,NA,Y,NA,D,82,0,0,1,0,0,0,0,0,0,-,-,NA,NA,LOS ANGELES,LOS ANGELES,-118.38778686523438,34.19831466674805
8644712,2018,2018-07-11,1942,2018-06-15,1000,41497,0981,5,5,7,1942,0,0,0,I,0,9A89,N SEPULVEDA BL,VENTURA BL,10,N,N,A,-,N,NA,NA,NA,NA,NA,NA,NA,NA,NA,N,4,0,2,2,A,-,04,21703,NA,N,C,C,A,A,H,-,A,D,0,NA,NA,NA,NA,Y,Y,D,72,0,0,2,0,0,0,0,0,0,-,-,NA,NA,LOS ANGELES,LOS ANGELES,-118.46619415283205,34.15385818481445
8644716,2018,2018-06-29,1942,2018-06-18,0750,42565,0919,1,5,7,1942,0,0,0,I,0,9A19,VANOWEN ST,WOODMAN AV,4,E,N,A,-,N,NA,NA,NA,NA,NA,NA,NA,NA,NA,Y,4,0,2,2,A,-,03,22350,NA,N,C,C,A,A,H,-,A,A,0,NA,NA,NA,NA,Y,NA,A,07,0,0,2,0,0,0,0,0,0,-,-,NA,NA,LOS ANGELES,LOS ANGELES,-118.43125915527344,34.193939208984375
8644720,2018,2018-06-29,1942,2018-06-15,1120,41497,0919,5,5,7,1942,0,0,0,I,0,9A19,SHERMAN WY,WOODMAN AV,336,E,N,A,-,N,NA,NA,NA,NA,NA,NA,NA,NA,NA,Y,4,0,2,4,A,-,03,22350,NA,N,-,C,A,A,H,-,A,D,0,NA,NA,NA,NA,Y,NA,D,22,0,0,2,0,0,0,0,0,0,-,-,NA,NA,LOS ANGELES,LOS ANGELES,-118.4301300048828,34.20119094848633
8644721,2018,2018-06-28,1953,2018-05-06,1010,5245,1953,7,5,6,1953,0,0,0,NA,0,003,WASHINGTON BL,SIERRA BONITA AV,0,NA,Y,A,-,N,NA,NA,NA,NA,NA,NA,NA,NA,NA,Y,4,0,1,2,A,-,09,21801,A,N,D,C,A,A,H,-,A,A,0,NA,NA,NA,NA,Y,NA,A,01,0,0,1,0,0,0,0,0,0,-,-,NA,NA,LOS ANGELES,PASADENA,-118.1177978515625,34.16910171508789
8644722,2018,2018-06-27,1942,2018-05-06,1440,39655,0678,7,5,7,1942,0,0,0,F,0,6A77,ROMAINE ST,WESTERN AV,144,E,N,A,-,N,NA,NA,NA,NA,NA,NA,NA,NA,NA,N,3,0,1,3,A,-,09,21804,A,N,H,A,A,A,H,-,A,D,0,NA,Y,NA,NA,Y,NA,A,01,0,1,0,0,0,0,1,0,0,-,-,NA,NA,LOS ANGELES,LOS ANGELES,-118.30868530273438,34.0885009765625
8644723,2018,2018-06-27,1942,2018-05-30,1250,41671,0841,3,5,7,1942,0,0,0,H,0,8A53,WILSHIRE BL,SALTAIR AV,85,E,N,B,-,N,NA,NA,NA,NA,NA,NA,NA,NA,NA,Y,4,0,2,2,A,-,03,22350,NA,N,C,C,A,A,H,-,A,D,0,NA,NA,NA,NA,Y,NA,A,07,0,0,2,0,0,0,0,0,0,-,-,NA,NA,LOS ANGELES,LOS ANGELES,-118.46582794189452,34.0454216003418
8644725,2018,2018-06-28,1953,2018-05-04,1430,8101,1953,5,5,6,1953,0,0,0,NA,0,004,SIERRA MADRE BL,EATON DR,20,W,N,A,-,N,NA,NA,NA,NA,NA,NA,NA,NA,NA,Y,4,0,2,2,A,-,03,22350,NA,N,-,C,A,A,H,-,A,A,0,NA,NA,NA,NA,Y,NA,A,01,0,0,2,0,0,0,0,0,0,-,-,NA,NA,LOS ANGELES,PASADENA,-118.09024810791016,34.161376953125
8644726,2018,2018-06-27,1942,2018-05-09,0825,39022,0668,3,5,7,1942,0,0,0,F,0,6T7,WILTON PL,LEXINGTON AV,0,NA,Y,A,-,N,NA,NA,NA,NA,NA,NA,NA,NA,NA,N,4,0,1,2,A,-,09,21801,A,N,A,C,A,A,H,-,A,A,0,NA,NA,NA,NA,Y,NA,A,07,0,0,1,0,0,0,0,0,0,-,-,NA,NA,LOS ANGELES,LOS ANGELES,-118.31356811523438,34.092769622802734
8644727,2018,2018-06-27,1942,2018-05-31,1415,39058,0827,4,5,7,1942,0,0,0,H,0,8A13,SAN VICENTE,GORHAM AV,70,W,N,A,-,N,NA,NA,NA,NA,NA,NA,NA,NA,NA,N,4,0,1,2,A,-,03,22350,NA,N,H,G,A,A,H,-,A,D,0,NA,Y,NA,NA,Y,NA,A,07,0,0,1,0,0,0,1,0,0,-,-,NA,NA,LOS ANGELES,LOS ANGELES,-118.46722412109376,34.053218841552734
8644729,2018,2018-06-28,1953,2018-05-11,0841,1645,1953,5,5,6,1953,0,0,0,NA,0,003,BONNIE AV,COLORADO BL,500,S,N,B,C,N,NA,NA,NA,NA,NA,NA,NA,NA,NA,Y,4,0,2,2,A,-,09,21801,A,N,D,C,A,B,H,-,A,A,0,NA,NA,NA,NA,Y,NA,A,01,0,0,2,0,0,0,0,0,0,-,-,NA,NA,LOS ANGELES,PASADENA,-118.11573028564452,34.145999908447266
8644730,2018,2018-06-27,1942,2018-05-25,1930,42656,2039,5,5,7,1942,0,0,0,NA,0,20A39,S WESTMORELAND AV,LEEWARD AV,0,NA,Y,A,-,N,NA,NA,NA,NA,NA,NA,NA,NA,NA,Y,4,0,2,2,A,-,12,22450,A,N,D,C,A,A,H,-,A,A,0,NA,NA,NA,NA,Y,NA,A,01,0,0,2,0,0,0,0,0,0,-,-,NA,NA,LOS ANGELES,LOS ANGELES,-118.28907775878906,34.058719635009766
8644731,2018,2018-06-27,1942,2018-05-25,2150,36504,0893,5,5,7,1942,0,0,0,H,0,8A35,SEPULVEDA BL,SARDIS AV,409,N,N,A,-,N,NA,NA,NA,NA,NA,NA,NA,NA,NA,Y,4,0,1,2,A,-,08,22103,NA,N,D,C,A,A,H,-,C,D,0,NA,NA,NA,NA,Y,NA,A,07,0,0,1,0,0,0,0,0,0,-,-,NA,NA,LOS ANGELES,LOS ANGELES,-118.4304656982422,34.03081130981445
8644733,2018,2018-06-28,1953,2018-05-08,1755,0996,1953,2,5,6,1953,0,0,0,NA,0,002,BUCKEYE ST,LOS ROBLES AV,0,NA,Y,A,-,N,NA,NA,NA,NA,NA,NA,NA,NA,NA,N,4,0,1,2,A,-,10,21950,NA,N,G,B,B,A,H,-,A,A,0,Y,NA,NA,NA,Y,NA,A,01,0,0,1,0,1,0,0,0,0,-,-,NA,NA,LOS ANGELES,PASADENA,-118.14156341552734,34.15972900390625
8644734,2018,2018-06-27,1942,2018-05-26,1936,43260,2054,6,5,7,1942,0,0,0,NA,0,20A53,SAN MARINO ST,HARVARD BL,0,NA,Y,A,-,N,NA,NA,NA,NA,NA,NA,NA,NA,NA,N,4,0,1,2,A,-,11,21954,A,N,G,B,D,A,H,-,A,D,0,Y,NA,NA,NA,Y,NA,N,60,0,0,1,0,1,0,0,0,0,-,-,NA,NA,LOS ANGELES,LOS ANGELES,-118.30416107177734,34.05448913574219
8644735,2018,2018-06-27,1942,2018-05-29,0840,33169,0857,2,5,7,1942,0,0,0,H,0,8A95,PICO BL,OAKHURST DR,0,NA,Y,A,B,N,NA,NA,NA,NA,NA,NA,NA,NA,NA,Y,4,0,1,2,A,-,09,21801,A,N,D,C,A,-,H,-,A,D,0,NA,NA,NA,NA,Y,NA,A,07,0,0,1,0,0,0,0,0,0,-,-,NA,NA,LOS ANGELES,LOS ANGELES,-118.39105224609376,34.05527877807617
8644737,2018,2018-06-28,1953,2018-05-11,0647,7231,PASAD,5,5,6,1953,0,0,0,NA,0,001,DEL MAR BL,WALDO AV,50,W,N,B,-,N,NA,NA,NA,NA,NA,NA,NA,NA,NA,Y,3,0,2,2,A,-,08,22107,NA,N,D,C,A,B,H,-,A,D,0,NA,NA,NA,NA,Y,NA,A,01,0,1,1,0,0,0,0,0,0,-,-,NA,NA,LOS ANGELES,PASADENA,-118.1443328857422,34.140384674072266
8644738,2018,2018-06-27,1942,2018-05-23,1335,36995,2029,3,5,7,1942,0,0,0,NA,0,20A39,SHATTO PL,WILSHIRE BL,13,N,N,B,-,N,NA,NA,NA,NA,NA,NA,NA,NA,NA,N,4,0,1,2,A,-,09,21804,A,N,-,G,A,A,H,-,A,A,0,NA,Y,NA,NA,Y,NA,L,04,0,0,1,0,0,0,1,0,0,-,-,NA,NA,LOS ANGELES,LOS ANGELES,-118.29026794433594,34.06182098388672
8644739,2018,2018-06-27,1942,2018-05-30,0850,41957,0804,3,5,7,1942,0,0,0,H,0,8A13,MULHOLLAND DR,PARK LN CI,10,E,N,C,-,N,NA,NA,NA,NA,NA,NA,NA,NA,NA,Y,4,0,1,1,A,-,03,22350,NA,N,A,I,A,B,H,-,A,D,0,NA,NA,NA,NA,Y,NA,A,01,0,0,1,0,0,0,0,0,0,-,-,NA,NA,LOS ANGELES,LOS ANGELES,NA,NA
8644740,2018,2018-06-27,1900,2018-05-12,0834,602041,2310,6,5,5,1919,0,0,0,NA,0,230K1,183RD ST,DUMONT AV,0,NA,Y,A,-,N,NA,NA,NA,NA,NA,NA,NA,NA,NA,N,4,0,1,2,A,-,03,22350,NA,N,C,G,A,A,H,-,A,D,0,NA,Y,NA,NA,Y,NA,A,01,0,0,1,0,0,0,1,0,0,-,-,NA,NA,LOS ANGELES,CERRITOS,-118.10343170166016,33.86565017700195
8644741,2018,2018-07-06,1953,2018-05-11,2026,6800,1953,5,5,6,1953,0,0,0,NA,0,002,MARENGO AV,MAPLE ST,0,NA,Y,A,-,N,NA,NA,NA,NA,NA,NA,NA,NA,NA,Y,3,0,1,2,A,-,12,21453,A,N,D,C,A,A,H,-,C,A,0,NA,NA,NA,NA,Y,NA,A,01,0,1,0,0,0,0,0,0,0,-,-,NA,NA,LOS ANGELES,PASADENA,-118.14665222167967,34.101341247558594
8644742,2018,2018-06-27,1942,2018-05-27,1645,40476,2038,7,5,7,1942,0,0,0,NA,0,20A44,WILSHIRE BL,VERMONT AV,100,E,N,A,-,N,NA,NA,NA,NA,NA,NA,NA,NA,NA,N,4,0,1,2,A,-,13,22500,I,N,B,G,A,A,H,-,A,A,0,NA,Y,NA,NA,Y,NA,A,01,0,0,1,0,0,0,1,0,0,-,-,NA,NA,LOS ANGELES,LOS ANGELES,-118.29135131835938,34.061805725097656
8644743,2018,2018-06-29,1942,2018-05-27,0855,38262,0854,7,5,7,1942,0,0,0,H,0,8A35,COTNER AV,SANTA MONICA BL,0,NA,Y,A,-,N,NA,NA,NA,NA,NA,NA,NA,NA,NA,Y,4,0,1,2,A,-,12,21453,A,N,D,C,A,A,H,-,A,A,0,NA,NA,NA,NA,Y,NA,-,-,0,0,1,0,0,0,0,0,0,-,-,NA,NA,LOS ANGELES,LOS ANGELES,-118.4460678100586,34.047119140625
8644745,2018,2018-06-28,1953,2018-05-04,0714,1801,1953,5,5,6,1953,0,0,0,NA,0,002,WASHINGTON BL,LAKE AV,0,NA,Y,A,-,N,NA,NA,NA,NA,NA,NA,NA,NA,NA,Y,4,0,1,2,A,-,09,21801,A,N,-,C,A,A,H,-,A,A,0,NA,NA,NA,NA,Y,NA,A,01,0,0,1,0,0,0,0,0,0,-,-,NA,NA,LOS ANGELES,PASADENA,-118.13224792480467,34.16897964477539
8644746,2018,2018-08-22,1942,2018-05-07,1740,38747,1406,1,5,7,1942,0,0,0,N,0,14A11,NATIONAL BL,RT 10,1,W,N,A,-,Y,LA,7,10,-,R,6.533,R,4,W,N,4,0,1,2,A,-,03,22350,NA,F,C,C,A,A,H,-,A,A,0,NA,NA,NA,NA,Y,NA,A,01,0,0,1,0,0,0,0,0,0,-,-,NA,NA,LOS ANGELES,LOS ANGELES,-118.41487884521484,34.031856536865234
8644747,2018,2018-06-27,1942,2018-05-19,0800,43024,0889,6,5,7,1942,0,0,0,H,0,8A29,18TH ST,PREUSS RD,0,NA,Y,A,-,N,NA,NA,NA,NA,NA,NA,NA,NA,NA,N,4,0,1,2,A,-,03,22350,NA,N,B,G,A,A,H,-,A,D,0,NA,Y,NA,NA,Y,NA,A,01,0,0,1,0,0,0,1,0,0,-,-,NA,NA,LOS ANGELES,LOS ANGELES,-118.38510131835938,34.04645919799805
8644749,2018,2018-06-28,1953,2018-05-04,0218,8305,PASAD,5,5,6,1953,0,0,0,NA,0,005,ARROYO PKWY,CORDOVA ST,0,NA,Y,A,-,N,NA,NA,NA,NA,NA,NA,NA,NA,NA,Y,3,0,1,2,A,-,07,21658,A,N,C,C,A,A,H,-,C,A,0,NA,NA,NA,NA,Y,NA,A,01,0,1,0,0,0,0,0,0,0,-,-,NA,NA,LOS ANGELES,PASADENA,-118.14753723144533,34.142250061035156
8644750,2018,2018-06-27,1942,2018-05-29,0720,40010,0747,2,5,7,1942,0,0,0,G,0,7A47,TREMAINE AV,EDGEWOOD PL,0,NA,Y,A,-,N,NA,NA,NA,NA,NA,NA,NA,NA,NA,Y,4,0,1,2,A,-,09,21802,A,N,D,C,A,A,H,-,A,A,0,NA,NA,NA,NA,Y,NA,A,01,0,0,1,0,0,0,0,0,0,-,-,NA,NA,LOS ANGELES,LOS ANGELES,-118.3379135131836,34.0555305480957
8644751,2018,2018-06-27,1942,2018-05-30,1200,39058,0835,3,5,7,1942,0,0,0,H,0,8A35,SANTA MONICA BL,VETERAN AV,90,W,N,A,-,N,NA,NA,NA,NA,NA,NA,NA,NA,NA,N,4,0,1,2,A,-,10,21952,NA,F,G,B,F,A,H,-,A,D,0,Y,NA,NA,NA,Y,NA,-,99,0,0,1,0,1,0,0,0,0,-,-,NA,NA,LOS ANGELES,LOS ANGELES,-118.4404067993164,34.0488395690918
8644752,2018,2018-06-29,1942,2018-05-30,1645,40690,0882,3,5,7,1942,0,0,0,H,0,8A53,PURDUE AV,MISSISSIPPI AV,0,NA,Y,A,-,N,NA,NA,NA,NA,NA,NA,NA,NA,NA,Y,2,0,3,3,A,-,12,22450,A,N,D,C,A,A,H,-,A,A,0,NA,NA,NA,NA,Y,NA,-,-,1,2,0,0,0,0,0,0,0,-,-,NA,NA,LOS ANGELES,LOS ANGELES,-118.44436645507813,34.038429260253906
8644753,2018,2018-06-28,1953,2018-05-04,0829,1801,1953,5,5,6,1953,0,0,0,NA,0,002,WASHINGTON BL,EL SERENO AV,0,NA,Y,A,-,N,NA,NA,NA,NA,NA,NA,NA,NA,NA,Y,3,0,3,3,A,-,09,21801,A,N,D,C,A,A,H,-,A,A,0,NA,NA,NA,NA,Y,NA,A,01,0,1,2,0,0,0,0,0,0,-,-,NA,NA,LOS ANGELES,PASADENA,-118.15219116210938,34.168819427490234
8644754,2018,2018-06-27,1942,2018-05-31,1540,40476,2062,4,5,7,1942,0,0,0,NA,0,20A16,GRAMERCY DR,SAN MARINO ST,0,NA,Y,A,-,N,NA,NA,NA,NA,NA,NA,NA,NA,NA,N,4,0,2,2,A,-,09,21802,A,N,D,A,A,A,H,-,A,A,0,NA,NA,NA,NA,Y,NA,A,01,0,0,2,0,0,0,0,0,0,-,-,NA,NA,LOS ANGELES,LOS ANGELES,-118.31217956542967,34.054439544677734
8644755,2018,2018-06-27,1942,2018-05-24,0815,39835,2039,4,5,7,1942,0,0,0,NA,0,20A39,COMMONWEALTH AV,WILSHIRE BL,16,E,N,C,-,N,NA,NA,NA,NA,NA,NA,NA,NA,NA,Y,4,0,1,1,A,-,03,22350,NA,N,A,I,A,B,H,-,A,A,0,NA,NA,NA,NA,Y,NA,A,01,0,0,1,0,0,0,0,0,0,-,-,NA,NA,LOS ANGELES,LOS ANGELES,-118.28565216064452,34.06180953979492
8644756,2018,2018-06-27,1942,2018-05-25,1255,31465,0807,5,5,7,1942,0,0,0,H,0,8A29,BEVERLY GLEN BL,CARIBOU LN,170,N,N,A,-,N,NA,NA,NA,NA,NA,NA,NA,NA,NA,Y,2,0,2,4,A,-,05,21460,A,N,B,C,A,A,H,-,A,D,0,NA,NA,NA,NA,Y,NA,A,01,1,0,1,0,0,0,0,0,0,-,-,NA,NA,LOS ANGELES,LOS ANGELES,-118.44591522216795,34.10535430908203
8644757,2018,2018-06-28,1953,2018-05-03,1619,5416,PASAD,4,5,6,1953,0,0,0,NA,0,004,SIERRA MADRE VILLA,SIERRA MADRE BL,200,N,N,A,-,N,NA,NA,NA,NA,NA,NA,NA,NA,NA,Y,3,0,1,4,A,-,03,22350,NA,N,C,D,A,A,H,-,A,A,0,NA,NA,NA,NA,Y,NA,A,01,0,1,0,0,0,0,0,0,0,-,-,NA,NA,LOS ANGELES,PASADENA,-118.08139801025392,34.16228485107422
8644758,2018,2018-06-27,1942,2018-05-08,0845,37613,0833,2,5,7,1942,0,0,0,H,0,8A29,MIDVALE AV,WILSHIRE BL,11,S,N,A,-,N,NA,NA,NA,NA,NA,NA,NA,NA,NA,N,4,0,1,3,A,-,07,21658,A,N,G,B,E,A,H,-,A,A,0,Y,NA,NA,NA,Y,NA,A,01,0,0,1,0,1,0,0,0,0,-,-,NA,NA,LOS ANGELES,LOS ANGELES,-118.4455108642578,34.05830001831055
8644759,2018,2018-06-27,1942,2018-05-24,1410,41671,0828,4,5,7,1942,0,0,0,H,0,8A29,WILSHIRE BL,MANNING AV,0,NA,Y,B,-,N,NA,NA,NA,NA,NA,NA,NA,NA,NA,Y,4,0,1,2,A,-,09,21801,A,N,D,C,A,A,H,-,A,D,0,NA,NA,NA,NA,Y,NA,A,07,0,0,1,0,0,0,0,0,0,-,-,NA,NA,LOS ANGELES,LOS ANGELES,-118.43575286865234,34.06085968017578
8644760,2018,2018-06-27,1942,2018-05-25,0925,37614,0883,5,5,7,1942,0,0,0,H,0,8A35,W OLYMPIC BL,PONTIUS AV,0,NA,Y,B,-,N,NA,NA,NA,NA,NA,NA,NA,NA,NA,Y,3,0,1,2,A,-,08,22100,A,N,D,C,A,A,H,-,A,A,0,NA,NA,Y,NA,Y,NA,A,01,0,1,0,0,0,0,0,0,1,-,-,NA,NA,LOS ANGELES,LOS ANGELES,-118.43850708007813,34.039859771728516
8644761,2018,2018-06-28,1953,2018-05-03,1516,3775,NA,4,5,6,1953,0,0,0,NA,0,001,BELLEFONTAINE ST,PASADENA AV,0,NA,Y,A,-,N,NA,NA,NA,NA,NA,NA,NA,NA,NA,Y,3,0,1,2,A,-,12,21453,A,N,D,C,A,A,H,-,A,A,0,NA,NA,NA,NA,Y,NA,A,01,0,1,0,0,0,0,0,0,0,-,-,NA,NA,LOS ANGELES,PASADENA,-118.15432739257813,34.131561279296875