CASE_ID,ACCIDENT_YEAR,PROC_DATE,JURIS,COLLISION_DATE,COLLISION_TIME,OFFICER_ID,REPORTING_DISTRICT,DAY_OF_WEEK,CHP_SHIFT,POPULATION,CNTY_CITY_LOC,SPECIAL_COND,BEAT_TYPE,CHP_BEAT_TYPE,CITY_DIVISION_LAPD,CHP_BEAT_CLASS,BEAT_NUMBER,PRIMARY_RD,SECONDARY_RD,DISTANCE,DIRECTION,INTERSECTION,WEATHER_1,WEATHER_2,STATE_HWY_IND,CALTRANS_COUNTY,CALTRANS_DISTRICT,STATE_ROUTE,ROUTE_SUFFIX,POSTMILE_PREFIX,POSTMILE,LOCATION_TYPE,RAMP_INTERSECTION,SIDE_OF_HWY,TOW_AWAY,COLLISION_SEVERITY,NUMBER_KILLED,NUMBER_INJURED,PARTY_COUNT,PRIMARY_COLL_FACTOR,PCF_CODE_OF_VIOL,PCF_VIOL_CATEGORY,PCF_VIOLATION,PCF_VIOL_SUBSECTION,HIT_AND_RUN,TYPE_OF_COLLISION,MVIW,PED_ACTION,ROAD_SURFACE,ROAD_COND_1,ROAD_COND_2,LIGHTING,CONTROL_DEVICE,CHP_ROAD_TYPE,PEDESTRIAN_ACCIDENT,BICYCLE_ACCIDENT,MOTORCYCLE_ACCIDENT,TRUCK_ACCIDENT,NOT_PRIVATE_PROPERTY,ALCOHOL_INVOLVED,STWD_VEHTYPE_AT_FAULT,CHP_VEHTYPE_AT_FAULT,COUNT_SEVERE_INJ,COUNT_VISIBLE_INJ,COUNT_COMPLAINT_PAIN,COUNT_PED_KILLED,COUNT_PED_INJURED,COUNT_BICYCLIST_KILLED,COUNT_BICYCLIST_INJURED,COUNT_MC_KILLED,COUNT_MC_INJURED,PRIMARY_RAMP,SECONDARY_RAMP,LATITUDE,LONGITUDE,COUNTY,CITY,POINT_X,POINT_Y
8649161,2018,2018-07-19,1934,2018-06-08,0123,777,EAST,5,5,1,1934,0,0,0,NA,0,001,FOOTHILL BL,IRWINDALE AV,0,W,N,A,-,N,NA,NA,NA,NA,NA,NA,NA,NA,NA,Y,4,0,4,2,B,-,22,NA,NA,N,C,C,A,A,H,-,C,D,0,NA,NA,NA,NA,Y,NA,J,43,0,0,4,0,0,0,0,0,0,-,-,NA,NA,LOS ANGELES,IRWINDALE,-117.9335708618164,34.13370132446289
8649163,2018,2018-07-20,1965,2018-07-03,1050,2606,0B3A,2,5,5,1965,0,0,0,NA,0,B003,WILSHIRE BL,HARVARD ST,0,NA,Y,A,-,N,NA,NA,NA,NA,NA,NA,NA,NA,NA,Y,4,0,2,2,A,-,08,22107,NA,N,B,C,A,A,H,-,A,D,0,NA,NA,NA,NA,Y,NA,A,01,0,0,2,0,0,0,0,0,0,-,-,NA,NA,LOS ANGELES,SANTA MONICA,-118.4757080078125,34.03742980957031
8649203,2018,2018-07-30,1953,2018-05-26,1510,1801,1953,6,5,6,1953,0,0,0,NA,0,001,MARENGO AV,FILLMORE ST,400,S,N,A,-,N,NA,NA,NA,NA,NA,NA,NA,NA,NA,Y,3,0,1,3,A,-,05,21651,A,N,B,E,A,A,H,-,A,D,0,NA,NA,NA,NA,Y,NA,A,01,0,1,0,0,0,0,0,0,0,-,-,NA,NA,LOS ANGELES,PASADENA,-118.14583587646484,34.131351470947266
8649204,2018,2018-07-31,1953,2018-05-26,1335,5620,1953,6,5,6,1953,0,0,0,NA,0,NA,ORANGE GROVE BL,LAKE AV,0,NA,Y,A,-,N,NA,NA,NA,NA,NA,NA,NA,NA,NA,Y,4,0,2,3,A,-,03,22350,NA,N,C,C,A,A,H,-,A,A,0,NA,NA,NA,NA,Y,NA,A,07,0,0,2,0,0,0,0,0,0,-,-,NA,NA,LOS ANGELES,PASADENA,-118.1324462890625,34.15776824951172
8649211,2018,2018-07-30,1953,2018-05-31,0833,8091,PASAD,4,5,6,1953,0,0,0,NA,0,003,BONNIE AV,COLORADO BL,500,S,N,B,-,N,NA,NA,NA,NA,NA,NA,NA,NA,NA,N,4,0,1,2,A,-,09,21804,A,N,D,C,A,B,H,-,A,A,0,NA,NA,NA,NA,Y,NA,A,01,0,0,1,0,0,0,0,0,0,-,-,NA,NA,LOS ANGELES,PASADENA,-118.11573028564452,34.145999908447266
8649212,2018,2018-07-30,1942,2018-07-04,2040,38613,1655,3,5,7,1942,0,0,0,P,0,16A35,SUNLAND BL,STONEHURST AV,15,E,N,A,-,N,NA,NA,NA,NA,NA,NA,NA,NA,NA,Y,4,0,1,2,A,-,01,23152,A,N,C,C,A,A,H,-,C,A,0,NA,NA,NA,NA,Y,Y,A,07,0,0,1,0,0,0,0,0,0,-,-,NA,NA,LOS ANGELES,LOS ANGELES,-118.36624908447266,34.24332046508789
8649216,2018,2018-07-30,1942,2018-07-03,1345,30830,1995,2,5,7,1942,0,0,0,NA,0,19A93,VAN NUYS BL,BLYTHE ST,200,N,N,A,-,N,NA,NA,NA,NA,NA,NA,NA,NA,NA,N,4,0,1,4,A,-,03,22350,NA,F,-,C,A,-,H,-,A,D,0,NA,NA,NA,NA,Y,NA,-,99,0,0,1,0,0,0,0,0,0,-,-,NA,NA,LOS ANGELES,LOS ANGELES,-118.44876861572266,34.21574783325195
8649220,2018,2018-07-30,1942,2018-06-12,0640,39010,0236,2,5,7,1942,0,0,0,B,0,2A47,BEVERLY BL,LAKE ST,136,E,N,A,-,N,NA,NA,NA,NA,NA,NA,NA,NA,NA,N,3,0,1,2,A,-,09,21801,A,N,D,C,A,A,H,-,A,A,0,NA,NA,Y,NA,Y,NA,A,01,0,1,0,0,0,0,0,0,1,-,-,NA,NA,LOS ANGELES,LOS ANGELES,-118.27098083496094,34.06694793701172
8649222,2018,2018-07-23,1900,2018-07-06,1432,260305,0454,5,5,6,1949,0,0,0,NA,0,804T,SAN ANTONIO DR,ORANGE ST,0,NA,Y,A,-,N,NA,NA,NA,NA,NA,NA,NA,NA,NA,Y,4,0,1,2,B,-,22,NA,NA,N,D,C,A,A,H,-,A,A,0,NA,NA,NA,NA,Y,NA,J,48,0,0,1,0,0,0,0,0,0,-,-,NA,NA,LOS ANGELES,NORWALK,-118.08048248291016,33.90428161621094
8649224,2018,2018-07-30,1942,2018-06-20,1115,38050,0235,3,5,7,1942,0,0,0,B,0,2A17,S CORONADO ST,W 3RD ST,0,NA,Y,A,-,N,NA,NA,NA,NA,NA,NA,NA,NA,NA,Y,3,0,5,2,A,-,09,21802,A,N,D,C,A,A,H,-,A,-,0,NA,NA,NA,NA,Y,NA,A,01,0,2,3,0,0,0,0,0,0,-,-,NA,NA,LOS ANGELES,LOS ANGELES,-118.27808380126952,34.065650939941406
8649228,2018,2018-07-31,1942,2018-06-22,2035,33452,0236,5,5,7,1942,0,0,0,B,0,2Q56,S BURLINGTON AV,3RD ST,100,S,N,A,-,N,NA,NA,NA,NA,NA,NA,NA,NA,NA,N,3,0,2,2,A,-,01,23152,A,N,A,C,A,A,H,-,C,D,0,NA,NA,NA,NA,Y,Y,A,01,0,1,1,0,0,0,0,0,0,-,-,NA,NA,LOS ANGELES,LOS ANGELES,-118.26909637451172,34.06106948852539
8649256,2018,2018-07-30,1965,2018-06-22,0750,3958,0B1F,5,5,5,1965,0,0,0,NA,0,B001,BARNARD WY,WADSWORTH AV,22,N,N,B,-,N,NA,NA,NA,NA,NA,NA,NA,NA,NA,N,3,0,1,2,A,-,12,22450,A,N,B,C,A,A,H,-,A,A,0,NA,NA,NA,NA,Y,NA,M,94,0,1,0,0,0,0,0,0,0,-,-,36.99380111694336,-121.0106964111328,LOS ANGELES,SANTA MONICA,-118.48737335205078,34.0025749206543
8649260,2018,2018-08-06,1941,2018-06-29,2107,11023,NA,5,5,7,1941,0,0,0,NA,0,NA,MAGNOLIA AV,17TH ST,0,NA,Y,A,-,N,NA,NA,NA,NA,NA,NA,NA,NA,NA,Y,3,0,1,2,A,-,08,22107,NA,N,D,C,A,A,H,-,C,D,0,NA,NA,Y,NA,Y,NA,A,NA,0,1,0,0,0,0,0,0,1,-,-,NA,NA,LOS ANGELES,LONG BEACH,-118.19808959960938,33.78805160522461
8649268,2018,2018-10-23,1941,2018-06-25,2325,3319,NA,1,5,7,1941,0,0,0,NA,0,NA,PACIFIC COAST HWY,2ND ST,360,E,N,A,-,Y,LA,7,1,-,-,0.54,H,-,N,Y,3,0,2,2,A,-,01,23152,A,N,C,C,A,A,H,-,C,D,0,NA,NA,NA,NA,Y,Y,A,NA,0,1,1,0,0,0,0,0,0,-,-,NA,NA,LOS ANGELES,LONG BEACH,-118.11066436767578,33.75761413574219
8649272,2018,2018-07-30,1925,2018-06-26,0920,21601,237,2,5,6,1925,0,0,0,NA,0,NA,GLENDALE AV,CALIFORNIA AV,20,N,N,A,-,N,NA,NA,NA,NA,NA,NA,NA,NA,NA,N,4,0,1,2,A,-,03,22350,NA,N,C,C,A,A,H,-,A,A,0,NA,NA,NA,NA,Y,NA,A,01,0,0,1,0,0,0,0,0,0,-,-,NA,NA,LOS ANGELES,GLENDALE,-118.24569702148438,34.1500129699707
8649274,2018,2018-07-23,1900,2018-06-14,1800,536370,1450,4,5,2,1999,0,0,0,NA,0,147A1,HACIENDA RD,WEST RD,196,S,N,A,-,N,NA,NA,NA,NA,NA,NA,NA,NA,NA,Y,4,0,2,2,A,-,04,21703,NA,N,C,C,A,A,H,-,A,D,0,NA,NA,NA,NA,Y,NA,A,01,0,0,2,0,0,0,0,0,0,-,-,33.95207977294922,-117.9609375,LOS ANGELES,LA HABRA HEIGHTS,-117.96076202392578,33.95219421386719
8649276,2018,2018-07-30,1925,2018-06-23,1754,27168,220,6,5,6,1925,0,0,0,NA,0,004,GOODE AV,BRAND BL,7,W,N,B,-,N,NA,NA,NA,NA,NA,NA,NA,NA,NA,N,2,0,1,2,A,-,11,21456,C,N,G,B,B,A,H,-,B,A,0,Y,NA,NA,NA,Y,NA,N,60,1,0,0,0,1,0,0,0,0,-,-,NA,NA,LOS ANGELES,GLENDALE,-118.2551727294922,34.156761169433594
8649280,2018,2018-07-30,1942,2018-06-16,0330,38241,1273,6,5,7,1942,0,0,0,L,0,12A53,NORMANDIE,MANCHESTER,0,NA,Y,A,-,N,NA,NA,NA,NA,NA,NA,NA,NA,NA,N,4,0,1,2,A,-,09,21801,A,N,D,C,A,A,H,-,C,A,0,NA,NA,NA,NA,Y,NA,A,01,0,0,1,0,0,0,0,0,0,-,-,NA,NA,LOS ANGELES,LOS ANGELES,-118.3002700805664,33.96001052856445
8649296,2018,2018-07-30,1942,2018-07-04,1945,41858,0521,3,5,7,1942,0,0,0,E,0,5A17,ANAHEIM ST,NEPTUNE AV,70,E,N,A,-,N,NA,NA,NA,NA,NA,NA,NA,NA,NA,Y,4,0,7,5,A,-,01,23153,NA,N,C,C,A,A,H,-,A,D,0,NA,NA,NA,NA,Y,Y,A,01,0,0,7,0,0,0,0,0,0,-,-,NA,NA,LOS ANGELES,LOS ANGELES,-118.2687530517578,33.77963638305664
8649351,2018,2018-08-06,1942,2018-07-01,2120,42731,1465,7,5,7,1942,0,0,0,N,0,14A56,JEFFERSON BL,CENTINELLA AV,35,W,N,A,-,N,NA,NA,NA,NA,NA,NA,NA,NA,NA,Y,4,0,1,2,A,-,03,22350,NA,F,C,C,A,A,H,-,C,A,0,NA,NA,NA,NA,Y,NA,A,01,0,0,1,0,0,0,0,0,0,-,-,NA,NA,LOS ANGELES,LOS ANGELES,-118.40917205810548,33.98133087158203
8649366,2018,2018-07-31,1973,2018-06-24,1730,619,1973,7,5,1,1973,0,0,0,NA,0,0A3,ATLANTIC BL,DISTRICT BL,0,NA,Y,A,-,N,NA,NA,NA,NA,NA,NA,NA,NA,NA,N,4,0,1,2,A,-,12,21453,A,N,B,C,A,A,H,-,A,A,0,NA,NA,NA,NA,Y,NA,-,-,0,0,1,0,0,0,0,0,0,-,-,NA,NA,LOS ANGELES,VERNON,-118.1829071044922,33.99367904663086
8649368,2018,2018-07-27,1942,2018-07-11,1445,38326,1921,3,5,7,1942,0,0,0,NA,0,19A1,BLEDSOE ST,SAN FERNANDO RD,25,E,N,A,-,N,NA,NA,NA,NA,NA,NA,NA,NA,NA,N,4,0,10,2,A,-,04,21703,NA,N,C,C,A,A,H,-,A,A,0,NA,NA,NA,NA,Y,Y,D,22,0,0,10,0,0,0,0,0,0,-,-,NA,NA,LOS ANGELES,LOS ANGELES,-118.46611785888672,34.30459213256836
8649369,2018,2018-07-26,1942,2018-07-01,1310,30380,1101,7,5,7,1942,0,0,0,K,0,11A1,N VERMONT CANYON RD,N VERMONT CANYON RD 2800,0,NA,-,A,-,N,NA,NA,NA,NA,NA,NA,NA,NA,NA,Y,3,0,1,2,A,-,01,23153,A,N,E,I,E,A,H,-,A,D,0,Y,NA,NA,NA,Y,Y,A,01,0,1,0,0,1,0,0,0,0,-,-,NA,NA,LOS ANGELES,LOS ANGELES,NA,NA
8649376,2018,2018-07-30,1942,2018-07-12,0840,34458,0185,4,5,7,1942,0,0,0,A,0,1A85,12TH ST,BROADWAY,49,E,N,A,-,N,NA,NA,NA,NA,NA,NA,NA,NA,NA,Y,3,0,4,2,A,-,21,22106,NA,N,D,C,A,A,H,-,A,A,0,NA,NA,NA,NA,Y,NA,A,01,0,1,3,0,0,0,0,0,0,-,-,NA,NA,LOS ANGELES,LOS ANGELES,-118.26014709472656,34.03807067871094
8649381,2018,2018-07-26,1942,2018-07-01,0535,37398,0439,7,5,7,1942,0,0,0,D,0,4A9,VALLEY BL,VANDALIA AV,50,E,N,A,-,N,NA,NA,NA,NA,NA,NA,NA,NA,NA,N,4,0,1,2,A,-,08,22107,NA,N,C,E,A,A,H,-,A,D,0,NA,NA,NA,NA,Y,NA,A,01,0,0,1,0,0,0,0,0,0,-,-,NA,NA,LOS ANGELES,LOS ANGELES,-118.16305541992188,34.07398986816406
8649394,2018,2018-07-31,1947,2018-06-22,0139,1365,NA,5,5,5,1947,0,0,0,NA,0,00A,NORTH GARFIELD AV,VIA ALTAMIRA,960,S,N,A,-,N,NA,NA,NA,NA,NA,NA,NA,NA,NA,Y,4,0,1,5,A,-,08,22107,NA,N,C,E,A,A,H,-,C,D,0,NA,NA,NA,NA,Y,NA,J,48,0,0,1,0,0,0,0,0,0,-,-,NA,NA,LOS ANGELES,MONTEBELLO,-118.13088989257813,34.02540969848633
8649398,2018,2018-07-31,1942,2018-06-04,1400,06732,1494,1,5,7,1942,0,0,0,N,0,5M31,VICKSBURG AV,CENTURY BL,0,NA,Y,-,-,N,NA,NA,NA,NA,NA,NA,NA,NA,NA,N,4,0,1,2,A,-,03,22350,NA,N,C,-,A,A,H,-,A,D,0,NA,NA,NA,NA,Y,NA,D,22,0,0,1,0,0,0,0,0,0,-,-,NA,NA,LOS ANGELES,LOS ANGELES,-118.39395141601564,33.94561004638672
8649400,2018,2018-07-27,1942,2018-06-28,1350,37403,1249,4,5,7,1942,0,0,0,L,0,12X8,HOOVER ST,68TH ST,35,S,N,A,-,N,NA,NA,NA,NA,NA,NA,NA,NA,NA,Y,4,0,3,4,A,-,01,23152,A,F,A,C,A,A,H,-,A,D,0,NA,NA,NA,Y,Y,Y,A,01,0,0,3,0,0,0,0,0,0,-,-,NA,NA,LOS ANGELES,LOS ANGELES,-118.28710174560548,33.97813415527344
8649402,2018,2018-07-31,1942,2018-06-18,0935,42451,0784,1,5,7,1942,0,0,0,G,0,7A73,LA BREA AV,23RD ST,50,S,N,A,-,N,NA,NA,NA,NA,NA,NA,NA,NA,NA,N,4,0,1,2,A,-,12,21453,A,N,B,C,A,A,H,-,A,D,0,NA,NA,NA,Y,Y,NA,-,-,0,0,1,0,0,0,0,0,0,-,-,NA,NA,LOS ANGELES,LOS ANGELES,-118.349609375,34.03573989868164
8649407,2018,2018-07-30,1900,2018-07-11,1515,602445,2835,3,5,5,1915,0,0,0,NA,0,283T3,WILLOWBROOK AV,COMPTON BL,193,S,N,A,-,N,NA,NA,NA,NA,NA,NA,NA,NA,NA,N,4,0,1,2,A,-,09,21804,A,F,G,B,E,A,H,-,A,D,0,Y,NA,NA,NA,Y,NA,A,01,0,0,1,0,1,0,0,0,0,-,-,NA,NA,LOS ANGELES,COMPTON,-118.2243423461914,33.89546203613281
8649410,2018,2018-07-30,1942,2018-06-15,1230,43224,1446,5,5,7,1942,0,0,0,N,0,14A73,VENICE BL,INGLEWOOD BL,54,E,N,A,-,N,NA,NA,NA,NA,NA,NA,NA,NA,NA,N,4,0,1,3,A,-,03,22350,NA,N,C,C,A,A,H,-,A,D,0,NA,NA,NA,NA,Y,NA,A,01,0,0,1,0,0,0,0,0,0,-,-,NA,NA,LOS ANGELES,LOS ANGELES,-118.42884063720705,34.00634002685547
8649412,2018,2018-07-30,1942,2018-07-06,1345,40165,1902,5,5,7,1942,0,0,0,NA,0,19A7,ROXFORD ST,FOOTHILL FWY,23,S,N,A,-,N,NA,NA,NA,NA,NA,NA,NA,NA,NA,Y,4,0,2,2,A,-,09,21806,A,N,D,C,A,A,H,-,A,A,0,NA,NA,NA,NA,Y,NA,A,07,0,0,2,0,0,0,0,0,0,-,-,NA,NA,LOS ANGELES,LOS ANGELES,-118.460205078125,34.32224655151367
8649416,2018,2018-07-27,1942,2018-07-05,1425,40972,1664,4,5,7,1942,0,0,0,P,0,16A77,SHELDON ST,SAN FERNANDO RD,141,E,N,A,-,N,NA,NA,NA,NA,NA,NA,NA,NA,NA,N,4,0,1,2,A,-,09,21801,A,N,D,C,A,A,H,-,A,A,0,NA,NA,NA,Y,Y,NA,F,86,0,0,1,0,0,0,0,0,0,-,-,NA,NA,LOS ANGELES,LOS ANGELES,-118.39337158203124,34.239566802978516
8649435,2018,2018-07-31,1973,2018-05-31,1400,612,1973,4,5,1,1973,0,0,0,NA,0,001,SANTA FE AV,26TH ST,50,S,N,A,-,N,NA,NA,NA,NA,NA,NA,NA,NA,NA,N,4,0,1,2,A,-,04,21703,NA,N,C,C,A,A,H,-,A,A,0,NA,NA,NA,Y,Y,NA,J,48,0,0,1,0,0,0,0,0,0,-,-,NA,NA,LOS ANGELES,VERNON,-118.2303466796875,34.014373779296875
8649446,2018,2018-08-27,1900,2018-07-11,1806,615106,2619,3,5,6,1950,0,0,0,NA,0,262T1,LOWES DR,TRADE CENTER DR,0,NA,Y,A,-,N,NA,NA,NA,NA,NA,NA,NA,NA,NA,Y,4,0,1,2,A,-,09,21801,A,N,D,C,A,A,H,-,A,A,0,NA,NA,NA,NA,Y,NA,A,01,0,0,1,0,0,0,0,0,0,-,-,34.601341247558594,-118.14378356933594,LOS ANGELES,PALMDALE,-118.1444091796875,34.600948333740234
8649450,2018,2018-08-27,1965,2018-07-11,0707,3347,0B1F,3,5,5,1965,0,0,0,NA,0,B001,NEILSON WY,HOLLISTER AV,0,NA,Y,A,-,N,NA,NA,NA,NA,NA,NA,NA,NA,NA,Y,4,0,1,2,A,-,01,23152,G,N,D,C,A,A,H,-,A,A,0,NA,NA,NA,NA,Y,Y,A,01,0,0,1,0,0,0,0,0,0,-,-,36.99518966674805,-121.00988006591795,LOS ANGELES,SANTA MONICA,-118.48654174804688,34.00394821166992
8649476,2018,2018-08-02,1900,2018-06-29,0309,625432,1125,5,5,6,1992,0,0,0,NA,0,111T1,AVENUE J,15TH ST WEST,0,NA,Y,A,-,N,NA,NA,NA,NA,NA,NA,NA,NA,NA,N,3,0,2,2,A,-,12,21453,A,F,D,C,A,A,H,-,-,A,0,NA,NA,NA,NA,Y,NA,A,01,0,2,0,0,0,0,0,0,0,-,-,NA,NA,LOS ANGELES,LANCASTER,-118.15683746337892,34.689430236816406
8649488,2018,2018-08-02,1900,2018-07-09,1609,527065,1135,1,5,6,1992,0,0,0,NA,0,112T1,20TH ST E,PARKWAY AV,92,N,N,A,-,N,NA,NA,NA,NA,NA,NA,NA,NA,NA,N,4,0,1,2,A,-,04,21703,NA,M,C,C,A,A,H,-,A,D,0,NA,NA,NA,NA,Y,NA,D,22,0,0,1,0,0,0,0,0,0,-,-,NA,NA,LOS ANGELES,LANCASTER,-118.09471130371094,34.68359375
8649489,2018,2018-08-01,1942,2018-06-04,1725,37353,1735,1,5,7,1942,0,0,0,Q,0,17A35,LUDLOW ST,SHOSHONE AV,14,W,N,A,-,N,NA,NA,NA,NA,NA,NA,NA,NA,NA,Y,3,0,2,1,A,-,03,22350,NA,N,E,I,A,A,H,-,A,D,0,NA,NA,NA,NA,Y,NA,A,01,0,1,1,0,0,0,0,0,0,-,-,NA,NA,LOS ANGELES,LOS ANGELES,-118.517578125,34.27091979980469
8649492,2018,2018-08-02,1900,2018-07-22,1515,532239,1124,7,5,6,1992,0,0,0,NA,0,112T2,SIERRA HWY,AVENUE M,0,NA,Y,A,-,N,NA,NA,NA,NA,NA,NA,NA,NA,NA,Y,4,0,2,2,A,-,21,22106,NA,N,D,C,A,A,H,-,A,A,0,NA,NA,NA,NA,Y,NA,J,41,0,0,2,0,0,0,0,0,0,-,-,NA,NA,LOS ANGELES,LANCASTER,-118.12825012207033,34.64585876464844
8649496,2018,2018-08-02,1942,2018-07-06,1240,39010,0119,5,5,7,1942,0,0,0,A,0,1A1,ALAMEDA ST,ARCADIA ST,84,N,N,A,-,N,NA,NA,NA,NA,NA,NA,NA,NA,NA,N,4,0,1,2,A,-,17,21461,A,N,B,C,A,A,H,-,A,A,0,NA,NA,Y,NA,Y,NA,J,48,0,0,1,0,0,0,0,0,0,-,-,NA,NA,LOS ANGELES,LOS ANGELES,-118.23780059814452,34.05474853515625
8649527,2018,2018-08-28,1942,2018-06-30,1845,36733,1983,6,5,7,1942,0,0,0,NA,0,19A61,SEPULVEDA BL,PARTHENIA ST,13,N,N,A,-,N,NA,NA,NA,NA,NA,NA,NA,NA,NA,N,2,0,1,2,A,-,05,21650,1,N,H,G,A,A,H,-,A,A,0,NA,Y,NA,NA,Y,NA,L,04,1,0,0,0,0,0,1,0,0,-,-,NA,NA,LOS ANGELES,LOS ANGELES,-118.46765899658205,34.22830581665039
8649530,2018,2018-08-27,1953,2018-06-14,1219,4575,1953,4,5,6,1953,0,0,0,NA,0,001,CATALINA AV,CORDOVA ST,0,NA,Y,A,-,N,NA,NA,NA,NA,NA,NA,NA,NA,NA,N,4,0,2,2,A,-,09,21804,A,N,D,D,A,A,H,-,A,A,0,NA,NA,NA,NA,Y,NA,A,01,0,0,2,0,0,0,0,0,0,-,-,NA,NA,LOS ANGELES,PASADENA,-118.12940979003906,34.14289855957031
8649532,2018,2018-08-28,1942,2018-06-11,1630,42589,1821,1,5,7,1942,0,0,0,R,0,1BA26,HOOVER,CENTURY,120,S,N,A,-,N,NA,NA,NA,NA,NA,NA,NA,NA,NA,Y,3,0,3,2,A,-,09,21801,A,N,D,C,A,A,H,-,A,D,0,NA,NA,NA,NA,Y,NA,A,01,0,1,2,0,0,0,0,0,0,-,-,NA,NA,LOS ANGELES,LOS ANGELES,-118.28696441650392,33.94518280029297
8649536,2018,2018-08-28,1942,2018-06-29,1755,39764,1844,5,5,7,1942,0,0,0,R,0,25MX83,AVALON AV,111TH PL,0,NA,Y,A,-,N,NA,NA,NA,NA,NA,NA,NA,NA,NA,N,4,0,1,2,A,-,09,21801,A,N,D,C,A,A,H,-,A,A,0,NA,NA,NA,NA,Y,NA,A,01,0,0,1,0,0,0,0,0,0,-,-,NA,NA,LOS ANGELES,LOS ANGELES,-118.26519012451172,33.933921813964844
8649545,2018,2018-09-07,1900,2018-06-27,0750,600726,0463,3,5,4,1936,0,0,0,NA,0,46T11D,IMPERIAL HWY,LA MIRADA BL,400,E,N,A,-,N,NA,NA,NA,NA,NA,NA,NA,NA,NA,N,4,0,2,2,A,-,07,21658,A,N,B,C,A,A,H,-,A,D,0,NA,NA,NA,NA,Y,NA,-,-,0,0,2,0,0,0,0,0,0,-,-,NA,NA,LOS ANGELES,LA MIRADA,-118.01067352294922,33.91725158691406
8649548,2018,2018-08-28,1953,2018-06-08,1846,8305,PASAD,5,5,6,1953,0,0,0,NA,0,002,N LINCOLN AV,N LINCOLN AV 1104,0,NA,Y,A,-,N,NA,NA,NA,NA,NA,NA,NA,NA,NA,Y,3,0,1,2,A,-,03,22350,NA,F,C,E,A,A,H,-,A,D,0,NA,NA,NA,NA,Y,NA,A,01,0,1,0,0,0,0,0,0,0,-,-,NA,NA,LOS ANGELES,PASADENA,-118.16024,34.163418
8649549,2018,2018-08-27,1942,2018-07-03,2230,32372,0941,2,5,7,1942,0,0,0,I,0,9A41,SEPULVEDA BL,HATTERAS AV,8,N,N,A,-,N,NA,NA,NA,NA,NA,NA,NA,NA,NA,N,2,0,1,2,A,-,12,21453,A,N,G,B,B,A,H,-,C,A,0,Y,NA,NA,NA,Y,NA,A,01,1,0,0,0,1,0,0,0,0,-,-,NA,NA,LOS ANGELES,LOS ANGELES,-118.46616363525392,34.175750732421875
8649553,2018,2018-08-27,1942,2018-07-03,1220,40398,1063,2,5,7,1942,0,0,0,J,0,10A83,RESEDA BL,BURBANK BL,165,N,N,A,-,N,NA,NA,NA,NA,NA,NA,NA,NA,NA,N,4,0,1,2,A,-,12,21453,A,F,D,C,A,A,H,-,A,A,0,NA,NA,NA,NA,Y,NA,-,99,0,0,1,0,0,0,0,0,0,-,-,NA,NA,LOS ANGELES,LOS ANGELES,-118.53600311279295,34.17279052734375
8649560,2018,2018-08-28,1953,2018-06-09,1217,4817,1953,6,5,6,1953,0,0,0,NA,0,001,FAIR OAKS AV,GLEN ARM ST,0,NA,Y,A,-,N,NA,NA,NA,NA,NA,NA,NA,NA,NA,Y,3,0,3,2,A,-,09,21801,NA,N,D,C,A,A,H,-,A,A,0,NA,NA,NA,NA,Y,NA,A,01,0,3,0,0,0,0,0,0,0,-,-,NA,NA,LOS ANGELES,PASADENA,-118.15030670166016,34.12752914428711
8649566,2018,2018-08-27,1942,2018-07-03,2245,39151,0311,2,5,7,1942,0,0,0,C,0,3A1,LA CIENEGA BL,JEFFERSON BL,20,S,N,A,-,N,NA,NA,NA,NA,NA,NA,NA,NA,NA,N,4,0,1,2,D,-,00,NA,NA,F,C,C,A,A,H,-,C,A,0,NA,NA,NA,NA,Y,NA,-,-,0,0,1,0,0,0,0,0,0,-,-,NA,NA,LOS ANGELES,LOS ANGELES,-118.37208557128906,34.02647399902344
8649574,2018,2018-08-27,1942,2018-07-04,2207,42329,0373,3,5,7,1942,0,0,0,C,0,3XL95,CRENSHAW BL,COLISEUM ST,400,N,N,A,-,N,NA,NA,NA,NA,NA,NA,NA,NA,NA,Y,3,0,1,2,A,-,03,22350,NA,F,C,C,A,A,H,-,C,D,0,NA,NA,NA,NA,Y,NA,-,99,0,1,0,0,0,0,0,0,0,-,-,NA,NA,LOS ANGELES,LOS ANGELES,-118.3353271484375,34.0181999206543
8649580,2018,2018-08-28,1941,2018-06-07,1414,10549,NA,4,5,7,1941,0,0,0,NA,0,NA,CHERRY AV,36TH ST,0,NA,Y,A,-,N,NA,NA,NA,NA,NA,NA,NA,NA,NA,Y,4,0,1,2,A,-,09,21801,A,N,D,C,A,A,H,-,A,-,0,NA,NA,NA,NA,Y,NA,A,NA,0,0,1,0,0,0,0,0,0,-,-,NA,NA,LOS ANGELES,LONG BEACH,-118.16756,33.82212
8649586,2018,2018-08-27,1942,2018-07-03,0950,41155,1524,2,5,7,1942,0,0,0,O,0,HOPE22,VICTORY BL,BELLINGHAM AV,0,NA,Y,A,-,N,NA,NA,NA,NA,NA,NA,NA,NA,NA,Y,4,0,1,2,A,-,09,21801,A,N,D,C,A,A,H,-,A,A,0,NA,NA,Y,NA,Y,NA,A,01,0,0,1,0,0,0,0,0,1,-,-,NA,NA,LOS ANGELES,LOS ANGELES,-118.39875030517578,34.186668395996094