CASE_ID,ACCIDENT_YEAR,PROC_DATE,JURIS,COLLISION_DATE,COLLISION_TIME,OFFICER_ID,REPORTING_DISTRICT,DAY_OF_WEEK,CHP_SHIFT,POPULATION,CNTY_CITY_LOC,SPECIAL_COND,BEAT_TYPE,CHP_BEAT_TYPE,CITY_DIVISION_LAPD,CHP_BEAT_CLASS,BEAT_NUMBER,PRIMARY_RD,SECONDARY_RD,DISTANCE,DIRECTION,INTERSECTION,WEATHER_1,WEATHER_2,STATE_HWY_IND,CALTRANS_COUNTY,CALTRANS_DISTRICT,STATE_ROUTE,ROUTE_SUFFIX,POSTMILE_PREFIX,POSTMILE,LOCATION_TYPE,RAMP_INTERSECTION,SIDE_OF_HWY,TOW_AWAY,COLLISION_SEVERITY,NUMBER_KILLED,NUMBER_INJURED,PARTY_COUNT,PRIMARY_COLL_FACTOR,PCF_CODE_OF_VIOL,PCF_VIOL_CATEGORY,PCF_VIOLATION,PCF_VIOL_SUBSECTION,HIT_AND_RUN,TYPE_OF_COLLISION,MVIW,PED_ACTION,ROAD_SURFACE,ROAD_COND_1,ROAD_COND_2,LIGHTING,CONTROL_DEVICE,CHP_ROAD_TYPE,PEDESTRIAN_ACCIDENT,BICYCLE_ACCIDENT,MOTORCYCLE_ACCIDENT,TRUCK_ACCIDENT,NOT_PRIVATE_PROPERTY,ALCOHOL_INVOLVED,STWD_VEHTYPE_AT_FAULT,CHP_VEHTYPE_AT_FAULT,COUNT_SEVERE_INJ,COUNT_VISIBLE_INJ,COUNT_COMPLAINT_PAIN,COUNT_PED_KILLED,COUNT_PED_INJURED,COUNT_BICYCLIST_KILLED,COUNT_BICYCLIST_INJURED,COUNT_MC_KILLED,COUNT_MC_INJURED,PRIMARY_RAMP,SECONDARY_RAMP,LATITUDE,LONGITUDE,COUNTY,CITY,POINT_X,POINT_Y
8652160,2018,2018-08-17,1900,2018-06-07,1620,447537,667,4,5,6,1985,0,0,0,NA,0,60T5,RT 5,PARKER RD,5280,NA,N,A,-,Y,LA,7,5,-,R,58.01,H,-,S,N,3,0,1,1,A,-,03,22350,NA,N,E,I,A,A,D,-,A,D,0,NA,NA,NA,NA,Y,NA,A,01,0,1,0,0,0,0,0,0,0,-,-,34.47869110107422,-118.61459350585938,LOS ANGELES,SANTA CLARITA,-118.61512756347656,34.47613525390625
8652161,2018,2018-07-31,1900,2018-06-01,0817,457374,1418,5,5,1,1932,0,0,0,NA,0,141T3,RAILROAD ST,ROWLAND ST,4,S,N,A,-,N,NA,NA,NA,NA,NA,NA,NA,NA,NA,N,4,0,1,2,A,-,21,22106,NA,N,B,C,A,A,H,-,A,A,0,NA,NA,NA,NA,Y,NA,A,01,0,0,1,0,0,0,0,0,0,-,-,34.995201110839844,-117.86985778808594,LOS ANGELES,INDUSTRY,-117.92324066162108,34.00148010253906
8652162,2018,2018-07-31,1900,2018-06-12,0915,526292,560,2,5,3,1968,0,0,0,NA,0,55T1AM,GARVEY AV,RT 164,187,W,N,A,-,N,NA,NA,NA,NA,NA,NA,NA,NA,NA,N,4,0,1,2,A,-,09,21804,A,N,D,G,A,A,H,-,A,D,0,NA,Y,NA,NA,Y,NA,A,01,0,0,1,0,0,0,1,0,0,-,-,34.062808990478516,-118.06603240966795,LOS ANGELES,SOUTH EL MONTE,-118.066028,34.06272
8652164,2018,2018-08-24,1900,2018-06-03,2008,625547,1016,7,5,3,1995,0,0,0,NA,0,101T1,RT 1,RAMBLA PACIFICO ST,40,W,N,A,-,Y,LA,7,1,-,-,44.171,I,6,S,Y,4,0,1,3,A,-,03,22350,NA,N,C,C,A,A,H,-,C,A,0,NA,NA,NA,NA,Y,NA,A,01,0,0,1,0,0,0,0,0,0,-,-,34.063899993896484,-118.6370086669922,LOS ANGELES,MALIBU,-118.63681793212892,34.03693771362305
8652166,2018,2018-08-17,1900,2018-06-13,1852,546256,531,3,5,5,1959,0,0,0,NA,0,53T1PM,RT 164,DE ADALENA ST,6,N,N,A,-,Y,LA,7,164,-,-,5.94,H,-,S,N,3,0,2,2,A,-,03,22350,NA,N,C,C,A,A,H,-,A,D,0,NA,NA,NA,NA,Y,NA,A,07,0,2,0,0,0,0,0,0,0,-,-,34.076778411865234,-118.0731964111328,LOS ANGELES,ROSEMEAD,-118.07318878173828,34.07681655883789
8652167,2018,2018-08-21,1900,2018-06-13,0753,470657,1262,3,5,3,1991,0,0,0,NA,0,121T1,FAIRVIEW DR,RT 2,0,NA,Y,A,-,Y,LA,7,2,-,-,24.631,I,6,W,N,4,0,1,2,A,-,04,21703,NA,M,C,C,A,A,H,-,A,D,0,NA,NA,NA,NA,Y,NA,A,01,0,0,1,0,0,0,0,0,0,-,-,34.20914840698242,-118.20025634765624,LOS ANGELES,LA CANADA-FLINTRIDGE,-118.2002182006836,34.20913314819336
8652168,2018,2018-08-21,1900,2018-06-09,1745,622106,1018,6,5,3,1995,0,0,0,NA,0,101T3,RT 1,POWER POLE 4379847E,40,W,N,A,-,Y,LA,7,1,-,-,41.8,H,-,S,Y,4,0,1,3,A,-,04,21703,NA,N,C,C,A,A,H,-,A,D,0,NA,NA,NA,NA,Y,NA,A,07,0,0,1,0,0,0,0,0,0,-,-,34.03963088989258,-118.59648895263672,LOS ANGELES,MALIBU,-118.59678649902344,34.03955078125
8652171,2018,2018-07-30,1965,2018-06-08,1538,3553,B2A,5,5,5,1965,0,0,0,NA,0,B002,RT 1,STRAND ST,0,NA,Y,A,-,N,NA,NA,NA,NA,NA,NA,NA,NA,NA,N,3,0,1,2,A,-,09,21801,A,N,D,C,A,A,H,-,A,A,0,NA,NA,Y,NA,Y,NA,A,07,0,1,0,0,0,0,0,0,1,-,-,NA,NA,LOS ANGELES,SANTA MONICA,-118.47992,34.00984
8652183,2018,2018-08-21,1900,2018-06-05,1755,522303,2610,2,5,6,1950,0,0,0,NA,0,263T1,RT 138,RT 14,85,E,N,A,-,Y,LA,7,14,-,R,60.029,R,4,S,N,4,0,1,2,A,-,21,22106,NA,N,C,C,A,A,H,-,A,A,0,NA,NA,NA,NA,Y,NA,A,01,0,0,1,0,0,0,0,0,0,-,SF,34.58198928833008,-118.13509368896484,LOS ANGELES,PALMDALE,-118.13397979736328,34.58473587036133
8652184,2018,2018-07-30,1948,2018-06-13,0806,463,1948,3,5,5,1948,0,0,0,NA,0,002,AVENIDA CESAR CHAVEZ,SCHOOLSIDE AV,100,W,N,A,-,N,NA,NA,NA,NA,NA,NA,NA,NA,NA,Y,3,0,1,2,A,-,07,21658,A,N,B,C,A,A,H,-,A,A,0,NA,NA,NA,NA,Y,NA,A,01,0,1,0,0,0,0,0,0,0,-,-,NA,NA,LOS ANGELES,MONTEREY PARK,-118.15048980712892,34.040008544921875
8652200,2018,2018-08-21,1900,2018-06-09,1810,489533,485,6,5,6,1949,0,0,0,NA,0,45T3,ALONDRA BL,PIUMA AV,0,NA,Y,A,-,Y,LA,7,605,-,R,5.874,R,4,S,Y,4,0,2,2,A,-,09,21800,D,N,D,C,A,A,H,-,A,B,0,NA,NA,NA,NA,Y,NA,A,01,0,0,2,0,0,0,0,0,0,-,-,NA,NA,LOS ANGELES,NORWALK,-118.10459136962892,33.88822555541992
8652201,2018,2018-08-17,1976,2018-06-13,1115,212,NA,3,5,5,1976,0,0,0,NA,0,002,WHITTIER BL,GREENLEAF AV,94,W,N,A,-,Y,LA,7,72,-,-,3.98,H,-,S,N,4,0,1,2,A,-,03,22350,NA,F,C,C,A,A,H,-,A,A,0,NA,NA,NA,NA,Y,NA,A,01,0,0,1,0,0,0,0,0,0,-,-,NA,NA,LOS ANGELES,WHITTIER,-118.03749847412108,33.96577835083008
8652204,2018,2018-07-30,1942,2018-06-02,1330,42999,1566,6,5,7,1942,0,0,0,O,0,15A39,VINELAND AV,RIVERSIDE DR,30,S,-,A,-,N,NA,NA,NA,NA,NA,NA,NA,NA,NA,Y,3,0,1,2,A,-,09,21801,A,N,A,C,A,A,H,-,A,A,0,NA,NA,NA,NA,Y,NA,-,-,0,1,0,0,0,0,0,0,0,-,-,NA,NA,LOS ANGELES,LOS ANGELES,-118.37033081054688,34.15232849121094
8652211,2018,2018-07-30,1976,2018-06-06,1240,597,NA,3,5,3,1964,0,0,0,NA,0,NA,TELEGRAPH RD,MINA ST,86,W,N,A,-,N,NA,NA,NA,NA,NA,NA,NA,NA,NA,N,4,0,1,2,A,-,09,21801,A,N,D,C,A,A,H,-,A,D,0,NA,NA,NA,NA,Y,NA,A,01,0,0,1,0,0,0,0,0,0,-,-,NA,NA,LOS ANGELES,SANTA FE SPRINGS,-118.0451431274414,33.93933868408203
8652239,2018,2018-08-21,1900,2018-06-04,1050,538328,1015,1,5,3,1995,0,0,0,NA,0,101T1,RT 1,MALIBU PIER,175,E,N,A,-,Y,LA,7,1,-,-,46.45,H,-,N,N,4,0,1,2,A,-,08,22100,A,N,B,G,A,A,H,-,A,D,0,NA,Y,NA,NA,Y,NA,A,01,0,0,1,0,0,0,1,0,0,-,-,34.03807830810547,-118.67543029785156,LOS ANGELES,MALIBU,-118.67552185058594,34.0380859375
8652251,2018,2018-07-30,1920,2018-05-05,2120,12510,NA,6,5,6,1920,0,0,0,NA,0,004,FLORENCE AV,STUDEBAKER RD,0,NA,Y,A,-,N,NA,NA,NA,NA,NA,NA,NA,NA,NA,Y,3,0,2,2,A,-,09,21801,A,N,D,C,A,A,D,-,C,A,0,NA,NA,NA,NA,Y,NA,A,07,0,2,0,0,0,0,0,0,0,-,-,NA,NA,LOS ANGELES,DOWNEY,-118.09673309326172,33.93706130981445
8652271,2018,2018-07-30,1920,2018-05-05,1726,12510,NA,6,5,6,1920,0,0,0,NA,0,006,GARDENDALE ST,DEMING AV,15,E,N,A,-,N,NA,NA,NA,NA,NA,NA,NA,NA,NA,Y,2,0,2,2,A,-,01,23152,B,N,F,E,A,A,H,-,A,A,0,NA,NA,NA,NA,Y,NA,A,01,1,1,0,0,0,0,0,0,0,-,-,NA,NA,LOS ANGELES,DOWNEY,-118.14350128173828,33.91095733642578
8652283,2018,2018-08-13,1901,2018-05-01,1802,251,NA,2,5,5,1901,0,0,0,NA,0,003,FREMONT AV,ORANGE ST,0,NA,Y,B,-,N,NA,NA,NA,NA,NA,NA,NA,NA,NA,Y,4,0,1,2,A,-,09,21801,A,N,D,C,A,A,H,-,A,A,0,NA,NA,NA,NA,Y,NA,A,01,0,0,1,0,0,0,0,0,0,-,-,NA,NA,LOS ANGELES,ALHAMBRA,-118.15193939208984,34.084041595458984
8652302,2018,2018-07-27,1900,2018-05-24,1400,257417,1332,4,5,5,1908,0,0,0,NA,0,133T1,LAKEWOOD BL,SOMERSET BL,0,NA,Y,A,-,N,NA,NA,19,NA,NA,NA,NA,NA,NA,N,4,0,1,2,A,-,03,22350,NA,N,C,C,A,A,H,-,A,A,0,NA,NA,NA,NA,Y,NA,D,22,0,0,1,0,0,0,0,0,0,-,-,33.89636993408203,-118.14263153076172,LOS ANGELES,BELLFLOWER,-118.14264678955078,33.89636993408203
8652311,2017,2018-07-23,1942,2017-12-24,1200,42632,1241,7,5,7,1942,0,0,0,L,0,3X94,CRENSHAW BL,HYDE PARK BL,0,NA,Y,A,-,N,NA,NA,NA,NA,NA,NA,NA,NA,NA,Y,4,0,3,2,A,-,09,21801,A,N,D,C,A,A,H,-,A,A,0,NA,NA,NA,NA,Y,NA,A,01,0,0,3,0,0,0,0,0,0,-,-,NA,NA,LOS ANGELES,LOS ANGELES,-118.33088013,33.98062001
8652314,2018,2018-07-27,1920,2018-05-16,1031,13542,1920,3,5,6,1920,0,0,0,NA,0,004,LAKEWOOD BL,FIRESTONE BL,206,N,N,A,-,N,NA,NA,NA,NA,NA,NA,NA,NA,NA,Y,4,0,2,2,A,-,03,22350,NA,N,C,C,A,A,H,-,A,A,0,NA,NA,NA,NA,Y,NA,A,08,0,0,2,0,0,0,0,0,0,-,-,NA,NA,LOS ANGELES,DOWNEY,-118.12372589111328,33.93601989746094
8652426,2017,2018-07-24,1967,2017-10-17,1650,136,NA,2,5,2,1967,0,0,0,NA,0,SOUTH,RT 1,FREEMAN AV,0,NA,Y,A,-,Y,LA,7,1,-,-,4.321,I,5,S,Y,4,0,2,2,A,-,09,21801,A,N,D,C,A,A,H,-,A,D,0,NA,NA,NA,NA,Y,NA,A,01,0,0,2,0,0,0,0,0,0,-,-,NA,NA,LOS ANGELES,SIGNAL HILL,-118.15558985,33.7898064
8652484,2018,2018-08-17,1900,2018-06-10,1830,476226,2608,7,5,6,1950,0,0,0,NA,0,263T1,PALMDALE BL,40TH ST EAST,0,NA,Y,A,-,Y,LA,7,138,-,-,47.761,I,5,E,Y,4,0,1,2,A,-,12,21453,A,N,D,C,A,A,H,-,A,A,0,NA,NA,NA,NA,Y,NA,A,01,0,0,1,0,0,0,0,0,0,-,-,34.580230712890625,-118.05831909179688,LOS ANGELES,PALMDALE,-118.058349609375,34.58025360107422
8652487,2018,2018-11-05,1900,2018-06-17,1610,476226,2611,7,5,6,1950,0,0,0,NA,0,263T1,RT 138,DIVISION ST,0,NA,Y,A,-,Y,LA,7,138,-,-,43.681,I,5,E,Y,4,0,1,2,A,-,12,21453,A,N,B,C,A,A,H,-,A,A,0,NA,NA,NA,NA,Y,NA,-,-,0,0,1,0,0,0,0,0,0,-,-,34.57978057861328,-118.1294174194336,LOS ANGELES,PALMDALE,-118.12953948974608,34.57982635498047
8652488,2018,2018-08-17,1900,2018-06-17,0430,546525,2608,7,5,6,1950,0,0,0,NA,0,263T1,RT 138,25TH ST EAST,0,NA,Y,A,-,Y,LA,7,138,-,-,46.231,I,5,E,Y,4,0,2,2,A,-,12,21453,A,N,D,C,A,A,H,-,C,A,0,NA,NA,NA,NA,Y,NA,A,01,0,0,2,0,0,0,0,0,0,-,-,NA,NA,LOS ANGELES,PALMDALE,-118.08505249023438,34.58015060424805
8652515,2018,2018-10-22,1942,2018-06-05,1355,35481,1502,2,5,7,1942,0,0,0,O,0,15A21,CANTARA ST,COLDWATER CANYON AV,79,W,N,A,-,N,NA,NA,NA,NA,NA,NA,NA,NA,NA,Y,4,0,1,4,A,-,01,23152,A,F,C,C,A,A,H,-,A,D,0,NA,NA,NA,NA,Y,NA,A,01,0,0,1,0,0,0,0,0,0,-,-,NA,NA,LOS ANGELES,LOS ANGELES,-118.4146728515625,34.219844818115234
8652532,2018,2018-08-17,1941,2018-06-26,0854,5617,NA,2,5,7,1941,0,0,0,NA,0,180027,PACIFIC COAST HWY,ORANGE AV,214,E,N,A,-,Y,LA,7,1,-,-,5.48,H,-,N,Y,4,0,1,4,A,-,03,22350,NA,N,C,C,A,A,H,-,A,A,0,NA,NA,NA,NA,Y,NA,A,NA,0,0,1,0,0,0,0,0,0,-,-,NA,NA,LOS ANGELES,LONG BEACH,-118.17562103271484,33.789920806884766
8652535,2018,2018-11-01,1900,2018-06-29,1513,615106,2611,5,5,6,1950,0,0,0,NA,0,262T1,RT 138,3RD ST EAST,0,NA,Y,A,-,Y,LA,7,138,-,-,43.96,H,-,W,N,4,0,1,2,A,-,21,22106,NA,N,C,C,A,A,H,-,A,A,0,NA,NA,NA,NA,Y,NA,A,01,0,0,1,0,0,0,0,0,0,-,-,34.57999038696289,-118.12480926513672,LOS ANGELES,PALMDALE,-118.12466430664064,34.57986068725586
8652548,2018,2018-08-27,1900,2018-06-23,2113,625420,1016,6,5,3,1995,0,0,0,NA,0,101A,RT 1,SWEETWATER CANYON DR,300,S,N,A,-,Y,LA,7,1,-,-,46.31,H,-,S,N,4,0,1,2,A,-,08,22107,NA,N,D,C,A,A,H,-,C,D,0,NA,NA,Y,NA,Y,NA,A,01,0,0,1,0,0,0,0,0,1,-,-,NA,NA,LOS ANGELES,MALIBU,-118.67326354980467,34.03881072998047
8652562,2018,2018-08-17,1900,2018-06-14,1555,527069,2607,4,5,6,1950,0,0,0,NA,0,264T1,45TH ST EAST,AVENUE R-8,0,NA,Y,A,-,Y,LA,7,138,-,-,49.473,I,5,E,Y,3,0,2,2,A,-,09,21801,A,N,D,C,A,A,H,-,A,A,0,NA,NA,NA,NA,Y,NA,A,01,0,2,0,0,0,0,0,0,0,-,-,NA,NA,LOS ANGELES,PALMDALE,-118.04510498046876,34.565433502197266
8652564,2018,2018-08-17,1941,2018-06-29,2250,10052,NA,5,5,7,1941,0,0,0,NA,0,NA,2ND ST,PACIFIC COAST HWY,0,NA,Y,A,-,Y,LA,7,1,-,-,0.591,I,5,N,N,4,0,1,2,A,-,00,20001,A,M,H,G,A,A,H,-,C,A,0,NA,Y,NA,NA,Y,NA,A,NA,0,0,1,0,0,0,1,0,0,-,-,NA,NA,LOS ANGELES,LONG BEACH,-118.1112060546875,33.758182525634766
8652566,2018,2018-08-17,1900,2018-06-15,0850,527381,2608,5,5,6,1950,0,0,0,NA,0,263T1,RT 138,35TH ST EAST,206,E,N,A,-,Y,LA,7,138,-,-,47.31,H,-,W,N,4,0,1,2,A,-,08,22107,NA,N,B,C,A,A,H,-,A,D,0,NA,NA,NA,NA,Y,NA,A,08,0,0,1,0,0,0,0,0,0,-,-,34.34489059448242,-118.35961151123048,LOS ANGELES,PALMDALE,-118.06622314453124,34.580196380615234
8652571,2018,2018-07-24,1942,2018-06-25,0815,38469,1008,1,5,7,1942,0,0,0,J,0,10A39,STRATHERN ST,WOODLEY AV,300,E,N,A,-,N,NA,NA,NA,NA,NA,NA,NA,NA,NA,Y,4,0,1,2,A,-,03,22350,NA,N,A,E,A,A,H,-,A,D,0,NA,NA,NA,NA,Y,NA,A,01,0,0,1,0,0,0,0,0,0,-,-,NA,NA,LOS ANGELES,LOS ANGELES,-118.4826889038086,34.215675354003906
8652573,2018,2018-08-21,1941,2018-06-21,1717,6281,NA,4,5,7,1941,0,0,0,NA,0,NA,PACIFIC COAST HWY,TERRAINE AV,0,NA,Y,A,-,Y,LA,7,1,-,-,2.351,I,5,S,Y,4,0,1,2,A,-,17,21209,A,N,D,C,A,A,H,-,A,D,0,NA,NA,NA,NA,Y,Y,A,NA,0,0,1,0,0,0,0,0,0,-,-,NA,NA,LOS ANGELES,LONG BEACH,-118.12729644775392,33.778629302978516
8652575,2018,2018-07-31,1942,2018-06-25,1855,40366,1585,1,5,7,1942,0,0,0,O,0,0W4,VINELAND AV,AQUA VISTA ST,0,NA,-,A,-,N,NA,NA,NA,NA,NA,NA,NA,NA,NA,N,4,0,1,2,A,-,10,21950,A,N,G,B,B,A,G,-,A,A,0,Y,NA,NA,NA,Y,NA,-,NA,0,0,1,0,1,0,0,0,0,-,-,NA,NA,LOS ANGELES,LOS ANGELES,-118.37055206298828,34.14495849609375
8652577,2018,2018-08-21,1941,2018-06-27,0638,5307,NA,3,5,7,1941,0,0,0,NA,0,NA,LOS COYOTES DIAGONAL,BELLFLOWER,0,NA,Y,B,-,Y,LA,7,405,-,-,2.109,R,4,S,N,4,0,1,2,A,-,08,22101,D,N,B,C,A,A,H,-,A,A,0,NA,NA,NA,NA,Y,NA,A,NA,0,0,1,0,0,0,0,0,0,-,-,NA,NA,LOS ANGELES,LONG BEACH,-118.12252044677734,33.8026237487793
8652579,2018,2018-08-17,1967,2018-06-24,2037,132,NA,7,5,2,1967,0,0,0,NA,0,SOUTH,RT 1,OBISPO AV,63,W,N,A,-,Y,LA,7,1,-,-,4.27,H,-,S,N,4,0,1,2,D,-,00,NA,NA,F,C,C,A,A,H,-,C,D,0,NA,NA,NA,NA,Y,Y,-,-,0,0,1,0,0,0,0,0,0,-,-,NA,NA,LOS ANGELES,SIGNAL HILL,-118.15472412109376,33.7898063659668
8652580,2018,2018-07-31,1900,2018-06-12,2202,609678,1335,2,5,5,1908,0,0,0,NA,0,133E,ARTESIA BL,RT 19,0,NA,Y,A,-,N,NA,NA,NA,NA,NA,NA,NA,NA,NA,Y,4,0,1,2,A,-,12,21453,A,N,D,C,A,A,H,-,C,A,0,NA,NA,NA,NA,Y,NA,A,01,0,0,1,0,0,0,0,0,0,-,-,33.87474060058594,-118.14250946044922,LOS ANGELES,BELLFLOWER,-118.14259,33.8747
8652585,2018,2018-07-30,1941,2018-06-26,0834,10068,NA,2,5,7,1941,0,0,0,NA,0,NA,LAKEWOOD BL,WILLOW ST,563,S,N,A,-,N,NA,NA,NA,NA,NA,NA,NA,NA,NA,Y,3,0,2,1,A,-,07,21658,A,N,A,I,A,A,H,-,A,D,0,NA,NA,NA,NA,Y,NA,I,NA,0,1,1,0,0,0,0,0,0,-,-,NA,NA,LOS ANGELES,LONG BEACH,-118.14279174804688,33.80186462402344
8652590,2018,2018-07-31,1900,2018-06-15,1654,615096,1334,5,5,5,1908,0,0,0,NA,0,133E,WOODRUFF AV,PARK ST,0,NA,Y,A,-,N,NA,NA,NA,NA,NA,NA,NA,NA,NA,Y,4,0,1,2,A,-,09,21802,A,N,D,C,A,A,H,-,A,D,0,NA,NA,NA,NA,Y,NA,A,01,0,0,1,0,0,0,0,0,0,-,-,33.87849044799805,-118.11727142333984,LOS ANGELES,BELLFLOWER,-118.1173095703125,33.878501892089844
8652594,2018,2018-07-24,1900,2018-06-25,0730,602250,1320,1,5,5,1935,0,0,0,NA,0,132T1,CANDLEWOOD ST,LAKEWOOD BL,0,NA,Y,A,-,N,NA,NA,NA,NA,NA,NA,NA,NA,NA,Y,3,0,2,2,A,-,09,21801,A,N,A,C,A,A,H,-,A,A,0,NA,NA,NA,NA,Y,NA,A,01,0,1,1,0,0,0,0,0,0,-,-,33.51136016845703,-118.83264923095705,LOS ANGELES,LAKEWOOD,-118.14257049560548,33.85382843017578
8652598,2018,2018-07-31,1900,2018-06-22,0903,526288,1335,5,5,5,1908,0,0,0,NA,0,133T2,RT 19,FLOWER ST,62,N,N,B,-,N,NA,NA,19,NA,NA,NA,NA,NA,NA,N,4,0,1,2,A,-,03,22350,NA,N,C,C,A,A,H,-,A,A,0,NA,NA,NA,NA,Y,NA,A,01,0,0,1,0,0,0,0,0,0,-,-,33.882301330566406,-118.14276123046876,LOS ANGELES,BELLFLOWER,-118.14273071289064,33.882301330566406
8652601,2018,2018-07-30,1900,2018-06-22,1151,457374,1414,5,5,1,1932,0,0,0,NA,0,141T3,DON JULIAN RD,TURNBULL CANYON RD,510,E,N,A,-,N,NA,NA,NA,NA,NA,NA,NA,NA,NA,N,3,0,1,2,A,-,09,21801,A,N,A,C,A,A,H,-,A,D,0,NA,NA,NA,Y,Y,NA,F,26,0,1,0,0,0,0,0,0,0,-,-,NA,NA,LOS ANGELES,INDUSTRY,-117.96865844726564,34.02101135253906
8652602,2018,2018-07-31,1900,2018-06-22,2009,615096,1335,5,5,5,1908,0,0,0,NA,0,133T2,LAKEWOOD BL,ARTESIA BL,230,N,N,A,-,N,NA,NA,19,NA,NA,NA,NA,NA,NA,Y,4,0,1,2,A,-,07,21658,A,N,D,C,A,A,H,-,C,D,0,NA,NA,Y,NA,Y,NA,C,02,0,0,1,0,0,0,0,0,1,-,-,33.87562942504883,-118.14254760742188,LOS ANGELES,BELLFLOWER,-118.14251708984376,33.87562942504883
8652623,2018,2018-07-31,1942,2018-06-19,1700,L39764,1842,2,5,7,1942,0,0,0,R,0,18A41,IMPERIAL HWY,BROADWAY BL,720,E,N,A,-,N,NA,NA,NA,NA,NA,NA,NA,NA,NA,N,4,0,2,2,A,-,21,22106,NA,N,D,C,A,A,H,-,A,D,0,NA,NA,NA,NA,Y,NA,A,01,0,0,2,0,0,0,0,0,0,-,-,NA,NA,LOS ANGELES,LOS ANGELES,-118.27609252929688,33.93101119995117
8652624,2018,2018-08-17,1942,2018-06-10,0910,31674,0531,7,5,7,1942,0,0,0,E,0,25MQ11,PACIFIC COAST HWY,WESTERN AV,120,W,N,A,-,Y,LA,7,1,-,-,13.12,H,-,S,N,4,0,1,2,A,-,07,21658,A,N,B,C,A,A,H,-,A,A,0,NA,NA,NA,NA,Y,NA,A,01,0,0,1,0,0,0,0,0,0,-,-,NA,NA,LOS ANGELES,LOS ANGELES,-118.30789184570313,33.7894172668457
8652633,2018,2018-08-17,1900,2018-05-22,0645,542320,1262,2,5,3,1991,0,0,0,NA,0,121T1,ANGELES CREST HWY,FAIRVIEW DR,1,S,N,B,C,Y,LA,7,2,-,-,24.63,H,-,W,Y,4,0,1,2,A,-,03,22350,NA,N,C,C,A,B,D,-,B,D,0,NA,NA,NA,NA,Y,NA,A,01,0,0,1,0,0,0,0,0,0,-,-,34.02919006347656,-118.2002182006836,LOS ANGELES,LA CANADA-FLINTRIDGE,-118.2002182006836,34.2091178894043
8652670,2018,2018-08-08,1900,2018-06-09,2205,551881,1431,6,5,4,1937,0,0,0,NA,0,143T1,HACIENDA BL,TEMPLE AV,0,NA,Y,A,-,N,NA,NA,NA,NA,NA,NA,NA,NA,NA,Y,4,0,2,2,A,-,12,21453,A,N,D,C,A,A,H,-,C,-,0,NA,NA,NA,NA,Y,NA,A,01,0,0,2,0,0,0,0,0,0,-,-,34.030338287353516,-117.9538803100586,LOS ANGELES,LA PUENTE,-117.95395660400392,34.03028869628906
8652738,2017,2018-07-09,1942,2017-11-27,0430,41207,1235,1,5,7,1942,0,0,0,L,0,A73,NORMANDIE AV,SLAUSON,0,NA,Y,A,-,N,NA,NA,NA,NA,NA,NA,NA,NA,NA,Y,4,0,2,2,A,-,00,21453,NA,N,D,C,A,A,H,-,C,A,0,NA,NA,NA,NA,Y,NA,A,01,0,0,2,0,0,0,0,0,0,-,-,NA,NA,LOS ANGELES,LOS ANGELES,-118.30019011,33.98914002
8652747,2018,2018-07-06,1942,2018-06-20,1755,26319,1785,3,5,7,1942,0,0,0,Q,0,17A67,RESEDA BL,NORDHOFF ST,550,S,N,A,-,N,NA,NA,NA,NA,NA,NA,NA,NA,NA,N,4,0,1,2,A,-,08,22107,NA,N,D,G,A,A,H,-,A,D,0,NA,Y,NA,NA,Y,NA,D,22,0,0,1,0,0,0,1,0,0,-,-,NA,NA,LOS ANGELES,LOS ANGELES,-118.53607177734376,34.23393249511719
8652755,2018,2018-07-06,1942,2018-06-12,0010,32774,1954,2,5,7,1942,0,0,0,NA,0,19A43,DEVONSHIRE ST,N SEPULVEDA BL,0,NA,Y,A,-,N,NA,NA,NA,NA,NA,NA,NA,NA,NA,Y,2,0,2,2,A,-,09,21801,A,N,D,C,A,A,H,-,C,D,0,NA,NA,Y,NA,Y,NA,D,22,1,0,1,0,0,0,0,0,1,-,-,NA,NA,LOS ANGELES,LOS ANGELES,-118.46746826171876,34.25730895996094
8652759,2018,2018-07-09,1942,2018-06-21,1440,42251,1963,4,5,7,1942,0,0,0,NA,0,10A75,VESPER AV,WOODMAN AV,0,NA,Y,A,-,N,NA,NA,NA,NA,NA,NA,NA,NA,NA,Y,3,0,3,3,A,-,09,21801,A,N,D,C,A,A,H,-,A,A,0,NA,NA,NA,NA,Y,NA,A,01,0,1,2,0,0,0,0,0,0,-,-,NA,NA,LOS ANGELES,LOS ANGELES,-118.45027923583984,34.25027847290039