CASE_ID,ACCIDENT_YEAR,PROC_DATE,JURIS,COLLISION_DATE,COLLISION_TIME,OFFICER_ID,REPORTING_DISTRICT,DAY_OF_WEEK,CHP_SHIFT,POPULATION,CNTY_CITY_LOC,SPECIAL_COND,BEAT_TYPE,CHP_BEAT_TYPE,CITY_DIVISION_LAPD,CHP_BEAT_CLASS,BEAT_NUMBER,PRIMARY_RD,SECONDARY_RD,DISTANCE,DIRECTION,INTERSECTION,WEATHER_1,WEATHER_2,STATE_HWY_IND,CALTRANS_COUNTY,CALTRANS_DISTRICT,STATE_ROUTE,ROUTE_SUFFIX,POSTMILE_PREFIX,POSTMILE,LOCATION_TYPE,RAMP_INTERSECTION,SIDE_OF_HWY,TOW_AWAY,COLLISION_SEVERITY,NUMBER_KILLED,NUMBER_INJURED,PARTY_COUNT,PRIMARY_COLL_FACTOR,PCF_CODE_OF_VIOL,PCF_VIOL_CATEGORY,PCF_VIOLATION,PCF_VIOL_SUBSECTION,HIT_AND_RUN,TYPE_OF_COLLISION,MVIW,PED_ACTION,ROAD_SURFACE,ROAD_COND_1,ROAD_COND_2,LIGHTING,CONTROL_DEVICE,CHP_ROAD_TYPE,PEDESTRIAN_ACCIDENT,BICYCLE_ACCIDENT,MOTORCYCLE_ACCIDENT,TRUCK_ACCIDENT,NOT_PRIVATE_PROPERTY,ALCOHOL_INVOLVED,STWD_VEHTYPE_AT_FAULT,CHP_VEHTYPE_AT_FAULT,COUNT_SEVERE_INJ,COUNT_VISIBLE_INJ,COUNT_COMPLAINT_PAIN,COUNT_PED_KILLED,COUNT_PED_INJURED,COUNT_BICYCLIST_KILLED,COUNT_BICYCLIST_INJURED,COUNT_MC_KILLED,COUNT_MC_INJURED,PRIMARY_RAMP,SECONDARY_RAMP,LATITUDE,LONGITUDE,COUNTY,CITY,POINT_X,POINT_Y
8660388,2018,2018-07-18,1902,2018-07-02,2218,659,4,1,5,5,1902,0,0,0,NA,0,001,FOOTHILL BL,SANTA ANITA AV,0,NA,Y,A,-,N,NA,NA,NA,NA,NA,NA,NA,NA,NA,Y,4,0,1,2,A,-,12,21453,A,N,D,C,A,A,H,-,C,A,0,NA,NA,NA,NA,Y,NA,-,NA,0,0,1,0,0,0,0,0,0,-,-,NA,NA,LOS ANGELES,ARCADIA,-118.03172302246094,34.15102005004883
8660391,2018,2018-07-17,1972,2018-04-24,1505,16610,NA,2,5,6,1972,0,0,0,NA,0,NA,ARLINGTON AV,PLAZA DEL AMO,0,NA,Y,A,-,N,NA,NA,NA,NA,NA,NA,NA,NA,NA,N,4,0,1,2,A,-,12,21453,A,F,B,C,A,A,H,-,A,A,0,NA,NA,NA,NA,Y,NA,A,NA,0,0,1,0,0,0,0,0,0,-,-,NA,NA,LOS ANGELES,TORRANCE,-118.3177490234375,33.82490158081055
8660406,2018,2018-07-18,1907,2018-06-16,1530,243,1,6,5,4,1907,0,0,0,NA,0,NA,BELL AV,FLORA AV,0,NA,Y,A,-,N,NA,NA,NA,NA,NA,NA,NA,NA,NA,N,3,0,1,2,A,-,12,22450,A,N,D,C,A,A,H,-,A,A,0,NA,NA,NA,NA,Y,NA,D,22,0,1,0,0,0,0,0,0,0,-,-,33.97478103637695,-118.1910400390625,LOS ANGELES,BELL,-118.19101715087892,33.97480010986328
8660421,2018,2018-07-18,1969,2018-06-23,1918,10200,PATRO,6,5,5,1969,0,0,0,NA,0,004,FIRESTONE BL,GARFIELD AV,0,NA,Y,A,-,N,NA,NA,NA,NA,NA,NA,NA,NA,NA,Y,4,0,1,2,A,-,03,22350,NA,N,C,C,A,A,H,-,A,A,0,NA,NA,NA,Y,Y,NA,A,01,0,0,1,0,0,0,0,0,0,-,-,NA,NA,LOS ANGELES,SOUTH GATE,-118.16525268554688,33.94908905029297
8660425,2018,2018-07-18,1969,2018-06-17,0205,10059,PATRO,7,5,5,1969,0,0,0,NA,0,005,PARAMOUNT BL,MAIN ST,10,N,N,A,-,N,NA,NA,NA,NA,NA,NA,NA,NA,NA,Y,2,0,4,2,A,-,01,23152,A,F,C,C,A,A,H,-,C,A,0,NA,NA,NA,NA,Y,Y,D,22,2,0,2,0,0,0,0,0,0,-,-,NA,NA,LOS ANGELES,SOUTH GATE,-118.15887451171876,33.9146728515625
8660429,2018,2018-07-17,1969,2018-05-25,0725,20127,TRAFF,5,5,5,1969,0,0,0,NA,0,001,FIRESTONE BL,LONG BEACH BL,60,W,N,A,-,N,NA,NA,NA,NA,NA,NA,NA,NA,NA,N,4,0,1,2,A,-,07,21658,A,N,D,C,A,A,H,-,A,A,0,NA,NA,NA,NA,Y,NA,D,22,0,0,1,0,0,0,0,0,0,-,-,NA,NA,LOS ANGELES,SOUTH GATE,-118.22048950195313,33.95563888549805
8660458,2018,2018-11-27,1941,2018-06-22,1040,6321,NA,5,5,7,1941,0,0,0,NA,0,NA,PACIFIC COAST HWY,HAYES AV,60,W,N,A,-,Y,LA,7,1,-,-,7.97,H,-,N,Y,4,0,1,3,A,-,07,21658,A,N,B,C,A,A,H,-,A,D,0,NA,NA,NA,Y,Y,NA,A,NA,0,0,1,0,0,0,0,0,0,-,-,NA,NA,LOS ANGELES,LONG BEACH,-118.21885681152344,33.789913177490234
8660462,2018,2018-07-25,1941,2018-06-17,1214,6183,NA,7,5,7,1941,0,0,0,NA,0,NA,LONG BEACH BL,10TH ST,162,N,N,A,-,N,NA,NA,NA,NA,NA,NA,NA,NA,NA,N,4,0,1,2,C,-,18,NA,NA,N,H,G,A,A,H,-,A,A,0,NA,Y,NA,NA,Y,NA,-,-,0,0,1,0,0,0,1,0,0,-,-,NA,NA,LOS ANGELES,LONG BEACH,-118.1894760131836,33.779415130615234
8660480,2018,2018-07-25,1969,2018-05-05,1820,10194,PATRO,6,5,5,1969,0,0,0,NA,0,001,STANFORD AV,SEMINOLE AV,0,NA,Y,A,-,N,NA,NA,NA,NA,NA,NA,NA,NA,NA,Y,4,0,1,4,A,-,09,21802,A,N,D,C,A,A,H,-,A,D,0,NA,NA,NA,NA,Y,NA,-,-,0,0,1,0,0,0,0,0,0,-,-,NA,NA,LOS ANGELES,SOUTH GATE,-118.2214584350586,33.939579010009766
8660486,2018,2018-07-20,1909,2018-06-27,1853,501,1909,3,5,4,1909,0,0,0,NA,0,NORTH,FRY ST,EMIL AV,131,W,N,A,-,N,NA,NA,NA,NA,NA,NA,NA,NA,NA,Y,3,0,1,5,A,-,01,23152,A,N,C,C,A,A,H,-,A,D,0,NA,NA,NA,NA,Y,Y,-,NA,0,1,0,0,0,0,0,0,0,-,-,NA,NA,LOS ANGELES,BELL GARDENS,-118.14605712890624,33.96486282348633
8660489,2018,2018-07-20,1975,2018-06-15,2113,423,NA,5,5,6,1975,0,0,0,NA,0,002,AZUSA AV,CORTEZ ST,300,S,N,A,-,N,NA,NA,NA,NA,NA,NA,NA,NA,NA,Y,4,0,1,2,A,-,03,22350,NA,N,C,C,A,A,H,-,C,A,0,NA,NA,NA,NA,Y,NA,-,NA,0,0,1,0,0,0,0,0,0,-,-,NA,NA,LOS ANGELES,WEST COVINA,-117.90789794921876,34.06388854980469
8660491,2018,2018-08-17,1942,2018-06-26,0955,41198,2185,2,5,7,1942,0,0,0,NA,0,21A73,TOPANGA CANYON BL,SAN MIGUEL ST,0,NA,Y,A,-,Y,LA,7,27,-,-,11.571,I,5,N,Y,4,0,1,3,A,-,09,21802,A,N,D,C,A,A,H,-,A,A,0,NA,NA,NA,NA,Y,NA,A,01,0,0,1,0,0,0,0,0,0,-,-,NA,NA,LOS ANGELES,LOS ANGELES,-118.60582733154295,34.15827178955078
8660503,2018,2018-08-21,1942,2018-06-15,2340,42874,1751,5,5,7,1942,0,0,0,Q,0,17A35,TOPANGA CANYON BL,CRAGGYVIEW,100,S,N,A,-,Y,LA,7,27,-,-,18.48,H,-,S,Y,4,0,1,1,A,-,21,22106,NA,N,A,I,A,A,H,-,C,-,0,NA,NA,NA,NA,Y,NA,-,NA,0,0,1,0,0,0,0,0,0,-,-,NA,NA,LOS ANGELES,LOS ANGELES,-118.60614776611328,34.25501251220703
8660521,2018,2018-08-17,1942,2018-06-20,0940,40010,0788,3,5,7,1942,0,0,0,G,0,7A69,CRENSHAW BL,23RD ST,545,S,N,A,-,Y,LA,7,10,-,R,11.561,R,4,W,N,4,0,2,3,A,-,03,22350,NA,F,C,C,A,A,H,-,A,D,0,NA,NA,NA,NA,Y,NA,-,99,0,0,2,0,0,0,0,0,0,-,-,NA,NA,LOS ANGELES,LOS ANGELES,-118.33078002929688,34.03531265258789
8660522,2018,2018-08-21,1900,2018-06-15,1520,525042,1015,5,5,3,1995,0,0,0,NA,0,101T3,RT 1,SWEETWATER CANYON,105,S,N,A,-,Y,LA,7,1,-,-,46.16,H,-,N,Y,3,0,1,2,A,-,03,22350,NA,N,B,C,A,A,H,-,A,D,0,NA,NA,Y,NA,Y,NA,C,02,0,1,0,0,0,0,0,0,1,-,-,34.03955078125,-118.6673583984375,LOS ANGELES,MALIBU,-118.67075347900392,34.03941345214844
8660529,2018,2018-08-27,1900,2018-06-21,1549,550700,1013,4,5,3,1995,0,0,0,NA,0,101T1,RT 1,KANAN DUME RD,386,W,N,A,-,Y,LA,7,1,-,-,54.07,H,-,S,Y,4,0,1,3,A,-,07,21658,A,N,C,C,A,A,H,-,A,D,0,NA,NA,NA,NA,Y,NA,A,07,0,0,1,0,0,0,0,0,0,-,-,40.21940994262695,-118.80370330810548,LOS ANGELES,MALIBU,-118.8036880493164,34.02177047729492
8660532,2018,2018-08-21,1956,2018-06-27,0925,1292,03,3,5,5,1956,0,0,0,NA,0,001,RT 1,PALOS VERDES BL,0,NA,Y,A,-,Y,LA,7,1,-,-,18.09,I,5,N,Y,4,0,2,3,A,-,03,22350,NA,N,C,E,A,A,H,-,A,A,0,NA,NA,NA,NA,Y,NA,A,07,0,0,2,0,0,0,0,0,0,-,-,NA,NA,LOS ANGELES,REDONDO BEACH,-118.38351440429688,33.818660736083984
8660534,2017,2018-07-24,1972,2017-10-16,1425,14197,NA,1,5,6,1972,0,0,0,NA,0,NA,WESTERN AV,220TH ST,145,N,N,A,-,Y,LA,7,213,-,-,8.3,H,-,S,Y,4,0,4,2,A,-,03,22350,NA,N,C,C,A,A,H,-,A,A,0,NA,NA,NA,NA,Y,NA,A,NA,0,0,4,0,0,0,0,0,0,-,-,NA,NA,LOS ANGELES,TORRANCE,-118.30919364,33.83607776
8660536,2017,2018-07-24,1972,2017-11-18,1148,18263,NA,6,5,6,1972,0,0,0,NA,0,NA,PACIFIC COAST HWY,PALOS VERDES,27,E,N,A,-,Y,LA,7,1,-,-,18.08,H,-,N,N,4,0,1,3,A,-,04,21703,NA,N,C,C,A,A,H,-,A,D,0,NA,NA,NA,NA,Y,NA,A,NA,0,0,1,0,0,0,0,0,0,-,-,NA,NA,LOS ANGELES,TORRANCE,-118.38326661,33.81856036
8660540,2017,2018-07-24,1972,2017-11-19,0705,17755,NA,7,5,6,1972,0,0,0,NA,0,NA,PACIFIC COAST HWY,VISTA DEL PARQUE,20,E,N,A,-,Y,LA,7,1,-,-,17.84,H,-,S,Y,4,0,1,3,A,-,07,21658,A,N,C,E,A,A,H,-,A,A,0,NA,NA,NA,NA,Y,NA,A,NA,0,0,1,0,0,0,0,0,0,-,-,NA,NA,LOS ANGELES,TORRANCE,-118.37977289,33.81638916
8660544,2017,2018-07-24,1972,2017-10-18,1805,14197,NA,3,5,6,1972,0,0,0,NA,0,NA,PACIFIC COAST HWY,AIRPORT DR,0,NA,Y,A,-,Y,LA,7,1,-,-,14.35,H,-,S,N,4,0,1,2,A,-,03,22350,NA,N,C,C,A,A,H,-,C,A,0,NA,NA,NA,NA,Y,NA,D,NA,0,0,1,0,0,0,0,0,0,-,-,NA,NA,LOS ANGELES,TORRANCE,-118.32926917,33.78960958
8660546,2017,2018-07-24,1972,2017-08-17,1608,17763,NA,4,5,6,1972,0,0,0,NA,0,NA,HAWTHORNE BL,LOMITA BL,100,N,N,A,-,Y,LA,7,107,-,-,0.77,H,-,S,Y,3,0,2,3,C,-,18,NA,NA,N,C,C,A,A,H,-,A,A,0,NA,NA,NA,NA,Y,NA,-,-,0,2,0,0,0,0,0,0,0,-,-,NA,NA,LOS ANGELES,TORRANCE,-118.35118366,33.81634739
8660547,2017,2018-07-24,1972,2017-11-29,1452,17649,NA,3,5,6,1972,0,0,0,NA,0,NA,HAWTHORNE BL,EMERALD AV,0,NA,Y,A,-,Y,LA,7,107,-,-,2.514,I,5,S,Y,4,0,2,2,A,-,12,21453,A,N,D,C,A,A,H,-,A,A,0,NA,NA,NA,NA,Y,NA,A,NA,0,0,2,0,0,0,0,0,0,-,-,NA,NA,LOS ANGELES,TORRANCE,-118.35383328,33.84138632
8660548,2017,2018-07-23,1972,2017-11-16,1516,18263,NA,4,5,6,1972,0,0,0,NA,0,NA,HAWTHORNE,242,160,S,N,B,-,N,NA,NA,NA,NA,NA,NA,NA,NA,NA,Y,4,0,1,2,A,-,07,21658,A,N,B,C,A,A,H,-,A,D,0,NA,NA,Y,NA,Y,NA,A,NA,0,0,1,0,0,0,0,0,1,-,-,NA,NA,LOS ANGELES,TORRANCE,-118.3512,33.80374115
8660549,2018,2018-07-16,1942,2018-06-27,2205,40388,2136,3,5,7,1942,0,0,0,NA,0,21A5,TOPANGA CANYON BL,CANTLAY ST,70,S,N,A,-,Y,NA,NA,NA,NA,NA,NA,NA,NA,NA,N,3,0,1,2,A,-,11,21955,NA,N,G,B,D,A,H,-,C,A,0,Y,NA,NA,NA,Y,Y,N,60,0,1,0,0,1,0,0,0,0,-,-,NA,NA,LOS ANGELES,LOS ANGELES,-118.60594940185548,34.20178985595703
8660554,2017,2018-07-24,1972,2017-11-26,2036,21032,NA,7,5,6,1972,0,0,0,NA,0,NA,HAWTHORNE BL,SEPULVEDA BL,0,NA,Y,A,-,Y,LA,7,107,-,-,1.4,H,-,N,Y,4,0,2,2,A,-,03,22350,NA,N,C,C,A,A,H,-,C,A,0,NA,NA,NA,NA,Y,NA,A,NA,0,0,2,0,0,0,0,0,0,-,-,NA,NA,LOS ANGELES,TORRANCE,-118.35129792,33.82543448
8660556,2017,2018-07-24,1972,2017-11-18,2306,18263,NA,6,5,6,1972,0,0,0,NA,0,NA,182ND ST,RT 405,0,NA,Y,A,-,Y,LA,7,405,-,-,15.433,R,4,N,Y,4,0,1,3,A,-,09,21801,A,N,D,C,A,A,H,-,C,A,0,NA,NA,NA,NA,Y,NA,A,NA,0,0,1,0,0,0,0,0,0,-,NF,NA,NA,LOS ANGELES,TORRANCE,-118.32595858,33.86455218
8660557,2018,2018-08-17,1942,2018-06-17,1200,30734,RD217,7,5,7,1942,0,0,0,NA,0,21A5,TOPANGA CANYON BL,OXNARD ST,250,S,N,A,-,Y,LA,7,27,-,-,12.97,H,-,S,Y,3,0,1,1,A,-,03,22350,NA,N,E,I,A,-,H,-,A,D,0,NA,NA,NA,NA,Y,NA,A,01,0,1,0,0,0,0,0,0,0,-,-,NA,NA,LOS ANGELES,LOS ANGELES,-118.60514068603516,34.17854690551758
8660558,2017,2018-07-23,1972,2017-07-28,2144,16610,NA,5,5,6,1972,0,0,0,NA,0,NA,ARTESIA BL,ELGAR AV,120,W,N,B,-,N,NA,NA,NA,NA,NA,NA,NA,NA,NA,Y,4,0,1,1,A,-,01,23152,A,N,E,I,A,A,H,-,C,D,0,NA,NA,NA,NA,Y,Y,A,NA,0,0,1,0,0,0,0,0,0,-,-,NA,NA,LOS ANGELES,TORRANCE,-118.32891457,33.87291
8660559,2017,2018-07-24,1972,2017-10-24,1742,18450,NA,2,5,6,1972,0,0,0,NA,0,NA,HAWTHORNE BL,VILLAGE LN,40,S,N,A,-,Y,LA,7,107,-,-,2.083,I,5,S,Y,4,0,2,3,A,-,04,21703,NA,N,C,C,A,A,H,-,A,D,0,NA,NA,NA,NA,Y,NA,A,NA,0,0,2,0,0,0,0,0,0,-,-,NA,NA,LOS ANGELES,TORRANCE,-118.35329941,33.83518048
8660560,2017,2018-07-24,1972,2017-12-20,1743,18510,NA,3,5,6,1972,0,0,0,NA,0,NA,HAWTHORNE BL,EMERALD ST,45,S,N,A,-,Y,LA,7,107,-,-,2.5,H,-,N,Y,2,0,1,2,A,-,08,22107,NA,N,D,C,A,A,H,-,C,A,0,NA,NA,Y,NA,Y,NA,A,NA,1,0,0,0,0,0,0,0,1,-,-,NA,NA,LOS ANGELES,TORRANCE,-118.35362319,33.84116812
8660598,2018,2018-07-20,1972,2018-04-08,1228,21301,NA,7,5,6,1972,0,0,0,NA,0,NA,CALLE MAYOR,VIA MONTE D ORO,375,E,N,A,-,N,NA,NA,NA,NA,NA,NA,NA,NA,NA,N,4,0,1,2,A,-,09,21801,A,N,D,C,A,A,H,-,A,D,0,NA,NA,NA,NA,Y,NA,A,NA,0,0,1,0,0,0,0,0,0,-,-,NA,NA,LOS ANGELES,TORRANCE,-118.38355255126952,33.81089782714844
8660599,2018,2018-07-20,1920,2018-04-13,2101,12510,NA,5,5,6,1920,0,0,0,NA,0,006,IMPERIAL HWY,DOWNEY AV,0,NA,Y,A,-,N,NA,NA,NA,NA,NA,NA,NA,NA,NA,Y,3,0,2,2,A,-,12,21453,A,N,A,C,A,A,H,-,C,A,0,NA,NA,NA,NA,Y,NA,A,01,0,1,1,0,0,0,0,0,0,-,-,NA,NA,LOS ANGELES,DOWNEY,-118.14688110351564,33.92131042480469
8660600,2018,2018-08-17,1972,2018-04-15,1445,15555,NA,7,5,6,1972,0,0,0,NA,0,NA,HAWTHORNE BL,TORRANCE BL,700,N,N,A,-,Y,LA,7,107,-,-,2.38,H,-,S,N,4,0,3,3,A,-,03,22350,NA,N,C,C,A,A,H,-,A,A,0,NA,NA,NA,NA,Y,NA,A,NA,0,0,3,0,0,0,0,0,0,-,-,NA,NA,LOS ANGELES,TORRANCE,-118.35383605957033,33.83944320678711
8660602,2018,2018-07-31,1972,2018-04-15,1053,21301,NA,7,5,6,1972,0,0,0,NA,0,NA,OCEAN AV,230TH ST,0,NA,Y,A,-,N,NA,NA,NA,NA,NA,NA,NA,NA,NA,N,3,0,1,2,A,-,11,21950,B,N,G,B,B,A,H,-,A,D,0,Y,NA,NA,NA,Y,NA,N,NA,0,1,0,0,1,0,0,0,0,-,-,NA,NA,LOS ANGELES,TORRANCE,-118.35440826416016,33.818660736083984
8660604,2018,2018-07-20,1920,2018-04-02,2207,12510,NA,1,5,6,1920,0,0,0,NA,0,NA,RIVES AV,QUILL RD,0,NA,Y,A,-,N,NA,NA,NA,NA,NA,NA,NA,NA,NA,N,4,0,1,2,D,-,00,NA,NA,N,D,G,A,A,H,-,C,A,0,NA,Y,NA,NA,Y,NA,-,-,0,0,1,0,0,0,1,0,0,-,-,NA,NA,LOS ANGELES,DOWNEY,-118.15422821044922,33.92905044555664
8660605,2018,2018-08-17,1972,2018-04-27,1503,16610,NA,5,5,6,1972,0,0,0,NA,0,NA,PACIFIC COAST HWY,OCEAN AV,40,W,N,A,-,Y,LA,7,1,-,-,16.26,H,-,N,Y,4,0,1,2,A,-,04,21703,NA,N,C,C,A,A,H,-,A,D,0,NA,NA,NA,NA,Y,NA,A,NA,0,0,1,0,0,0,0,0,0,-,-,NA,NA,LOS ANGELES,TORRANCE,-118.3546142578125,33.806461334228516
8660606,2018,2018-08-17,1972,2018-04-18,1802,15555,NA,3,5,6,1972,0,0,0,NA,0,NA,HAWTHORNE BL,HALISON ST,75,S,N,A,-,Y,LA,7,107,-,-,3.15,H,-,N,N,4,0,1,2,A,-,03,22350,NA,M,C,C,A,A,H,-,A,A,0,NA,NA,NA,NA,Y,NA,D,NA,0,0,1,0,0,0,0,0,0,-,-,NA,NA,LOS ANGELES,TORRANCE,-118.35361480712892,33.85062026977539
8660610,2018,2018-08-30,1920,2018-04-27,1910,13299,NA,5,5,6,1920,0,0,0,NA,0,NA,OLD RIVER SCHOOL RD,QUINN ST,0,NA,Y,A,-,N,NA,NA,NA,NA,NA,NA,NA,NA,NA,Y,4,0,2,3,A,-,03,22350,NA,N,C,C,A,A,H,-,A,A,0,NA,NA,NA,NA,Y,NA,A,07,0,0,2,0,0,0,0,0,0,-,-,NA,NA,LOS ANGELES,DOWNEY,-118.14401245117188,33.9540901184082
8660613,2018,2018-07-20,1972,2018-04-16,1610,21152,NA,1,5,6,1972,0,0,0,NA,0,NA,ARTESIA BL,ELGAR AV,0,NA,Y,A,-,N,NA,NA,NA,NA,NA,NA,NA,NA,NA,Y,4,0,1,2,A,-,09,21801,A,N,B,C,A,A,H,-,A,D,0,NA,NA,NA,NA,Y,NA,A,NA,0,0,1,0,0,0,0,0,0,-,-,NA,NA,LOS ANGELES,TORRANCE,-118.32852172851564,33.87290954589844
8660621,2018,2018-08-17,1972,2018-04-25,1013,14629,NA,3,5,6,1972,0,0,0,NA,0,NA,PACIFIC COAST HWY,ROLLING HILLS WY,220,E,N,A,-,Y,LA,7,1,-,-,14.78,H,-,N,Y,3,0,1,2,A,-,09,21804,A,N,D,C,A,A,H,-,A,D,0,NA,NA,NA,NA,Y,NA,A,NA,0,1,0,0,0,0,0,0,0,-,-,NA,NA,LOS ANGELES,TORRANCE,-118.33503723144533,33.79351806640625
8660622,2018,2018-08-17,1972,2018-04-18,1133,19157,NA,3,5,6,1972,0,0,0,NA,0,NA,HAWTHORNE BL,SEPULVEDA BL,50,N,N,A,-,Y,LA,7,107,-,-,1.42,H,-,S,N,4,0,1,2,A,-,03,22350,NA,N,C,C,A,A,H,-,A,A,0,NA,NA,NA,NA,Y,NA,A,NA,0,0,1,0,0,0,0,0,0,-,-,NA,NA,LOS ANGELES,TORRANCE,-118.35159301757813,33.82572555541992
8660625,2018,2018-08-17,1972,2018-04-12,0300,15887,NA,4,5,6,1972,0,0,0,NA,0,NA,PACIFIC COAST HWY,PASEO DE LAS DELICIAS,150,E,N,A,-,Y,LA,7,1,-,-,18.02,H,-,N,Y,3,0,1,2,A,-,08,22107,NA,N,C,E,A,-,H,-,C,D,0,NA,NA,NA,NA,Y,NA,A,NA,0,1,0,0,0,0,0,0,0,-,-,NA,NA,LOS ANGELES,TORRANCE,-118.38211822509766,33.817874908447266
8660629,2018,2018-08-17,1972,2018-04-02,1309,19086,NA,1,5,6,1972,0,0,0,NA,0,NA,HAWTHORNE,180TH ST,0,NA,Y,A,-,Y,LA,7,107,-,-,4.32,I,5,N,N,4,0,1,2,A,-,03,22350,NA,N,C,C,A,A,H,-,A,D,0,NA,NA,NA,NA,Y,NA,A,NA,0,0,1,0,0,0,0,0,0,-,-,NA,NA,LOS ANGELES,TORRANCE,-118.35247039794922,33.86741638183594
8660632,2018,2018-07-31,1972,2018-02-28,0953,19316,NA,3,5,6,1972,0,0,0,NA,0,NA,HAWTHORNE BL,CARSON ST,500,S,N,A,-,Y,LA,7,107,-,-,1.74,H,-,S,Y,4,0,2,2,A,-,09,21804,A,N,D,C,A,A,H,-,A,D,0,NA,NA,NA,NA,Y,NA,A,NA,0,0,2,0,0,0,0,0,0,-,-,NA,NA,LOS ANGELES,TORRANCE,-118.3524932861328,33.83027267456055
8660633,2018,2018-08-17,1972,2018-04-21,1708,18450,NA,6,5,6,1972,0,0,0,NA,0,NA,HAWTHORNE BL,230TH ST,150,S,N,A,-,Y,LA,7,107,-,-,0.89,H,-,N,N,3,0,1,2,A,-,03,22350,NA,N,C,C,A,A,H,-,A,D,0,NA,NA,NA,NA,Y,NA,A,NA,0,1,0,0,0,0,0,0,0,-,-,NA,NA,LOS ANGELES,TORRANCE,-118.35100555419922,33.81800079345703
8660634,2018,2018-08-17,1972,2018-04-07,2259,16610,NA,6,5,6,1972,0,0,0,NA,0,NA,HAWTHORNE BL,182ND ST,28,S,N,A,-,Y,LA,7,107,-,-,4.193,I,5,N,N,3,0,1,2,A,-,09,21453,C,F,D,B,B,A,H,-,C,A,0,Y,NA,NA,NA,Y,Y,N,NA,0,1,0,0,1,0,0,0,0,-,-,NA,NA,LOS ANGELES,TORRANCE,-118.35247039794922,33.86556625366211
8660637,2018,2018-08-17,1972,2018-04-24,1608,19767,NA,2,5,6,1972,0,0,0,NA,0,NA,WESTERN AV,CARSON ST,266,W,N,A,-,Y,LA,7,213,-,-,7.983,I,5,S,Y,3,0,1,2,D,-,00,NA,NA,N,D,C,A,A,H,-,A,A,0,NA,NA,NA,NA,Y,NA,-,-,0,1,0,0,0,0,0,0,0,-,-,NA,NA,LOS ANGELES,TORRANCE,-118.30911254882813,33.83156967163086
8660712,2018,2018-11-13,1900,2018-07-03,1445,538328,1016,2,5,3,1995,0,0,0,NA,0,101T1,RT 1,SWEETWATER CANYON DR,2640,S,N,A,-,Y,LA,7,1,-,-,45.88,H,-,S,NA,4,0,1,3,A,-,04,21703,NA,N,C,C,A,A,H,-,A,D,0,NA,NA,NA,NA,Y,NA,A,01,0,0,1,0,0,0,0,0,0,-,-,34.039649963378906,-118.6655731201172,LOS ANGELES,MALIBU,-118.66590881347656,34.03958511352539
8660713,2018,2018-11-13,1900,2018-07-02,2015,541581,531,1,5,5,1959,0,0,0,NA,0,53T1PM,ROSEMEAD BL,VALLEY BL,8,S,N,A,-,Y,LA,7,164,-,-,6.224,I,5,S,Y,4,0,1,2,A,-,10,21950,A,N,G,B,B,A,H,-,C,A,0,Y,NA,NA,NA,Y,NA,A,08,0,0,1,0,1,0,0,0,0,-,-,34.080780029296875,-118.07318878173828,LOS ANGELES,ROSEMEAD,-118.07327270507813,34.08094024658203
8660726,2018,2018-07-05,1900,2018-06-10,1350,507857,0973,7,5,4,1979,0,0,0,NA,0,92T1,SANTA MONICA BL,FULLER AV,58,W,N,A,-,N,NA,NA,NA,NA,NA,NA,NA,NA,NA,N,3,0,1,2,A,-,03,22350,NA,N,C,G,A,A,H,-,A,D,0,NA,Y,NA,NA,Y,NA,L,04,0,1,0,0,0,0,1,0,0,-,-,34.0906982421875,-118.34999847412108,LOS ANGELES,WEST HOLLYWOOD,-118.35028839111328,34.090763092041016
8660756,2018,2018-11-13,1976,2018-07-01,1548,421,NA,7,5,5,1976,0,0,0,NA,0,NA,WHITTIER BL,POUNDS AV,180,E,N,A,-,Y,LA,7,72,-,-,0.17,H,-,S,Y,4,0,3,2,A,-,09,21804,A,N,D,C,A,A,H,-,A,D,0,NA,NA,NA,NA,Y,NA,A,01,0,0,3,0,0,0,0,0,0,-,-,NA,NA,LOS ANGELES,WHITTIER,-117.97942352294922,33.93990707397461
8660758,2018,2018-11-13,1944,2018-07-05,0937,224,2L1D,4,5,4,1944,0,0,0,NA,0,001,SEPULVEDA BL,KEATS ST,0,NA,Y,A,-,Y,LA,7,1,-,-,22.091,I,5,N,Y,4,0,2,2,A,-,09,21801,A,N,D,C,A,A,H,-,A,D,0,NA,NA,NA,NA,Y,NA,A,07,0,0,2,0,0,0,0,0,0,-,-,NA,NA,LOS ANGELES,MANHATTAN BEACH,-118.39592742919922,33.87550735473633
8660805,2018,2018-08-20,1976,2018-06-18,1339,206,NA,1,5,5,1976,0,0,0,NA,0,NA,EAST WHITTIER BL,ROCKNE AV,0,NA,Y,A,-,Y,LA,7,72,-,-,6.39,I,5,N,Y,4,0,2,2,A,-,09,21801,A,N,D,C,A,A,H,-,A,D,0,NA,NA,NA,NA,Y,NA,A,01,0,0,2,0,0,0,0,0,0,-,-,NA,NA,LOS ANGELES,WHITTIER,-118.06558990478516,33.99101257324219
8660817,2018,2018-08-17,1976,2018-06-22,2332,279,1976,5,5,5,1976,0,0,0,NA,0,003,WHITTIER BL,MICHIGAN AV,96,W,N,A,-,Y,LA,7,72,-,-,3.227,I,5,N,Y,4,0,1,1,A,-,08,22107,NA,N,E,I,A,A,H,-,C,A,0,NA,NA,NA,NA,Y,NA,A,01,0,0,1,0,0,0,0,0,0,-,-,NA,NA,LOS ANGELES,WHITTIER,-118.02658081054688,33.959651947021484