CASE_ID,ACCIDENT_YEAR,PROC_DATE,JURIS,COLLISION_DATE,COLLISION_TIME,OFFICER_ID,REPORTING_DISTRICT,DAY_OF_WEEK,CHP_SHIFT,POPULATION,CNTY_CITY_LOC,SPECIAL_COND,BEAT_TYPE,CHP_BEAT_TYPE,CITY_DIVISION_LAPD,CHP_BEAT_CLASS,BEAT_NUMBER,PRIMARY_RD,SECONDARY_RD,DISTANCE,DIRECTION,INTERSECTION,WEATHER_1,WEATHER_2,STATE_HWY_IND,CALTRANS_COUNTY,CALTRANS_DISTRICT,STATE_ROUTE,ROUTE_SUFFIX,POSTMILE_PREFIX,POSTMILE,LOCATION_TYPE,RAMP_INTERSECTION,SIDE_OF_HWY,TOW_AWAY,COLLISION_SEVERITY,NUMBER_KILLED,NUMBER_INJURED,PARTY_COUNT,PRIMARY_COLL_FACTOR,PCF_CODE_OF_VIOL,PCF_VIOL_CATEGORY,PCF_VIOLATION,PCF_VIOL_SUBSECTION,HIT_AND_RUN,TYPE_OF_COLLISION,MVIW,PED_ACTION,ROAD_SURFACE,ROAD_COND_1,ROAD_COND_2,LIGHTING,CONTROL_DEVICE,CHP_ROAD_TYPE,PEDESTRIAN_ACCIDENT,BICYCLE_ACCIDENT,MOTORCYCLE_ACCIDENT,TRUCK_ACCIDENT,NOT_PRIVATE_PROPERTY,ALCOHOL_INVOLVED,STWD_VEHTYPE_AT_FAULT,CHP_VEHTYPE_AT_FAULT,COUNT_SEVERE_INJ,COUNT_VISIBLE_INJ,COUNT_COMPLAINT_PAIN,COUNT_PED_KILLED,COUNT_PED_INJURED,COUNT_BICYCLIST_KILLED,COUNT_BICYCLIST_INJURED,COUNT_MC_KILLED,COUNT_MC_INJURED,PRIMARY_RAMP,SECONDARY_RAMP,LATITUDE,LONGITUDE,COUNTY,CITY,POINT_X,POINT_Y
8664429,2018,2018-07-20,1900,2018-07-04,1310,529472,0531,3,5,5,1959,0,0,0,NA,0,53T1AM,TEMPLE CITY BL,VALLEY BL,8,S,N,A,-,N,NA,NA,NA,NA,NA,NA,NA,NA,NA,Y,3,0,2,2,A,-,04,21703,NA,N,C,C,A,A,H,-,A,A,0,NA,NA,NA,NA,Y,NA,A,01,0,2,0,0,0,0,0,0,0,-,-,34.08123016357422,-118.05819702148438,LOS ANGELES,ROSEMEAD,-118.05828857421876,34.08127975463867
8664433,2018,2018-07-20,1900,2018-07-04,1750,546256,0530,3,5,5,1959,0,0,0,NA,0,53T1PM,VALLEY BL,WALNUT GROVE AV,0,NA,Y,A,-,N,NA,NA,NA,NA,NA,NA,NA,NA,NA,Y,3,0,1,1,A,-,08,22107,NA,N,E,I,A,A,H,-,A,A,0,NA,NA,NA,NA,Y,NA,A,01,0,1,0,0,0,0,0,0,0,-,-,34.0806884765625,-118.08194732666016,LOS ANGELES,ROSEMEAD,-118.08203887939452,34.080528259277344
8664437,2018,2018-07-23,1900,2018-07-03,1140,529472,0532,2,5,5,1959,0,0,0,NA,0,53T1AM,GARVEY AV,DEL MAR AV,4,W,N,A,-,N,NA,NA,NA,NA,NA,NA,NA,NA,NA,Y,2,0,1,2,A,-,03,22350,NA,M,C,C,A,A,H,-,A,A,0,NA,NA,NA,NA,Y,NA,A,07,1,0,0,0,0,0,0,0,0,-,-,34.062660217285156,-118.09954071044922,LOS ANGELES,ROSEMEAD,-118.09947967529295,34.06262969970703
8664441,2018,2018-07-23,1900,2018-07-10,1727,546256,0530,2,5,5,1959,0,0,0,NA,0,53T1PM,VALLEY BL,MUSCATEL AV,100,E,N,A,-,N,NA,NA,NA,NA,NA,NA,NA,NA,NA,N,3,0,1,2,A,-,21,22106,NA,N,C,C,A,A,H,-,A,A,0,NA,NA,NA,NA,Y,NA,A,01,0,1,0,0,0,0,0,0,0,-,-,34.08076095581055,-118.07726287841795,LOS ANGELES,ROSEMEAD,-118.07729339599608,34.080692291259766
8664473,2018,2018-07-20,1900,2018-07-05,0800,409037,2928,4,5,5,1990,0,0,0,NA,0,292K3,BREA CANYON RD,LYCOMING ST,0,NA,Y,A,-,N,NA,NA,NA,NA,NA,NA,NA,NA,NA,N,3,0,1,2,A,-,10,21950,A,N,-,B,B,-,H,-,A,A,0,Y,NA,NA,NA,Y,NA,A,01,0,1,0,0,1,0,0,0,0,-,-,NA,NA,LOS ANGELES,DIAMOND BAR,-117.84636688232422,34.00286865234375
8664477,2018,2018-07-23,1900,2018-07-08,2026,440095,2923,7,5,5,1990,0,0,0,NA,0,292K2,GRAND AV,SUMMITRIDGE DR,0,NA,Y,A,-,N,NA,NA,NA,NA,NA,NA,NA,NA,NA,Y,2,0,3,2,A,-,09,21801,A,N,D,C,A,A,H,-,C,A,0,NA,NA,Y,NA,Y,NA,A,01,2,0,1,0,0,0,0,0,2,-,-,NA,NA,LOS ANGELES,DIAMOND BAR,-117.79791259765624,33.9958610534668
8664512,2018,2018-07-30,1942,2018-06-08,2315,39656,1801,5,5,7,1942,0,0,0,R,0,1841,87TH ST,FIGUEROA ST,3,W,N,A,-,N,NA,NA,NA,NA,NA,NA,NA,NA,NA,Y,4,0,2,2,A,-,04,21703,NA,N,C,C,A,A,H,-,C,D,0,NA,NA,NA,NA,Y,NA,A,01,0,0,2,0,0,0,0,0,0,-,-,NA,NA,LOS ANGELES,LOS ANGELES,-118.28273010253906,33.958740234375
8664516,2018,2018-07-30,1942,2018-06-11,1625,42722,1841,1,5,7,1942,0,0,0,R,0,18X96,IMPERIAL HWY,HOOVER ST,0,NA,Y,A,-,N,NA,NA,NA,NA,NA,NA,NA,NA,NA,Y,4,0,4,2,A,-,09,21801,A,N,D,C,A,A,H,-,A,A,0,NA,NA,NA,NA,Y,NA,A,01,0,0,4,0,0,0,0,0,0,-,-,NA,NA,LOS ANGELES,LOS ANGELES,-118.2869873046875,33.93098831176758
8664520,2018,2018-07-30,1942,2018-06-16,1555,37453,1871,6,5,7,1942,0,0,0,R,0,18A97,VERMONT,ROSECRANS,10,S,N,A,-,N,NA,NA,NA,NA,NA,NA,NA,NA,NA,N,4,0,2,3,A,-,03,22350,NA,N,A,C,A,A,H,-,A,A,0,NA,NA,NA,NA,Y,NA,A,01,0,0,2,0,0,0,0,0,0,-,-,NA,NA,LOS ANGELES,LOS ANGELES,-118.29158782958984,33.90186309814453
8664524,2018,2018-07-30,1942,2018-06-10,2000,42928,1824,7,5,7,1942,0,0,0,R,0,18A44,COLDEN AV,AVALON BL,50,E,N,A,-,N,NA,NA,NA,NA,NA,NA,NA,NA,NA,Y,4,0,2,3,A,-,08,22107,NA,F,B,E,A,A,H,-,A,D,0,NA,NA,NA,NA,Y,NA,-,99,0,0,2,0,0,0,0,0,0,-,-,NA,NA,LOS ANGELES,LOS ANGELES,-118.26499176025392,33.949249267578125
8664528,2018,2018-07-30,1942,2018-06-29,2335,32142,1863,5,5,7,1942,0,0,0,R,0,18X96,SAN PEDRO ST,118TH ST,0,NA,Y,A,-,N,NA,NA,NA,NA,NA,NA,NA,NA,NA,N,4,0,1,3,A,-,12,21453,A,N,D,C,A,A,H,-,C,A,0,NA,NA,NA,NA,Y,NA,A,01,0,0,1,0,0,0,0,0,0,-,-,NA,NA,LOS ANGELES,LOS ANGELES,-118.26956939697266,33.92647933959961
8664562,2018,2018-07-31,1900,2018-06-08,1400,455303,1514,5,5,5,1954,0,0,0,NA,0,151T1,WHITTIER BL,ESPERANZA,303,W,N,A,-,N,NA,NA,NA,NA,NA,NA,NA,NA,NA,Y,3,0,2,3,A,-,03,22350,NA,N,C,C,A,A,H,-,A,A,0,NA,NA,NA,NA,Y,NA,A,01,0,1,1,0,0,0,0,0,0,-,-,NA,NA,LOS ANGELES,PICO RIVERA,-118.19696807861328,34.02602005004883
8664565,2018,2018-08-06,1929,2018-07-16,1009,178,NA,1,5,3,1929,0,0,0,NA,0,001,ARDMORE AV,PIER AV,0,NA,Y,A,-,N,NA,NA,NA,NA,NA,NA,NA,NA,NA,N,4,0,1,2,A,-,21,22106,NA,N,D,C,A,A,H,-,A,A,0,NA,NA,NA,NA,Y,NA,A,01,0,0,1,0,0,0,0,0,0,-,-,NA,NA,LOS ANGELES,HERMOSA BEACH,-118.39511108398438,33.86465072631836
8664578,2018,2018-07-26,1900,2018-05-30,1430,507891,1516,3,5,5,1954,0,0,0,NA,0,151T4,STEALTH PKY,REX RD,30,N,N,A,-,N,NA,NA,NA,NA,NA,NA,NA,NA,NA,N,4,0,2,2,A,-,03,22350,NA,N,C,C,A,A,H,-,A,D,0,NA,NA,NA,Y,Y,NA,F,21,0,0,2,0,0,0,0,0,0,-,-,NA,NA,LOS ANGELES,PICO RIVERA,-118.10312652587892,33.978458404541016
8664582,2018,2018-07-31,1900,2018-06-02,1023,507891,1518,6,5,5,1954,0,0,0,NA,0,151T1,TELEGRAPH RD,ROSEMEAD BL,56,W,N,A,-,N,NA,NA,NA,NA,NA,NA,NA,NA,NA,N,4,0,3,4,A,-,16,24002,A,N,C,C,A,A,H,-,A,D,0,NA,NA,NA,NA,Y,NA,D,22,0,0,3,0,0,0,0,0,0,-,-,33.96160888671875,-118.11087799072266,LOS ANGELES,PICO RIVERA,-118.11029052734376,33.96113967895508
8664586,2018,2018-07-31,1900,2018-06-15,1915,430275,1516,5,5,5,1954,0,0,0,NA,0,151T2,SLAUSON AV,ROSEMEAD BL,410,W,N,A,-,N,NA,NA,NA,NA,NA,NA,NA,NA,NA,Y,3,0,4,2,A,-,03,22350,NA,N,C,C,A,A,H,-,A,D,0,NA,NA,NA,NA,Y,NA,A,01,0,1,3,0,0,0,0,0,0,-,-,33.971500396728516,-118.10690307617188,LOS ANGELES,PICO RIVERA,-118.10633850097656,33.97137451171875
8664592,2018,2018-07-30,1973,2018-06-13,0422,574,1973,3,5,1,1973,0,0,0,NA,0,002,SOTO ST,LEONIS BL,0,NA,Y,A,-,N,NA,NA,NA,NA,NA,NA,NA,NA,NA,Y,4,0,1,2,D,-,00,NA,NA,N,D,C,A,A,H,-,C,A,0,NA,NA,NA,NA,Y,NA,-,-,0,0,1,0,0,0,0,0,0,-,-,NA,NA,LOS ANGELES,VERNON,-118.21959686279295,34.000038146972656
8664596,2018,2018-07-30,1973,2018-06-14,0742,529,1973,4,5,1,1973,0,0,0,NA,0,001,SOTO ST,26TH ST,0,NA,Y,A,-,N,NA,NA,NA,NA,NA,NA,NA,NA,NA,N,3,0,1,2,A,-,08,22100,A,N,D,G,A,A,H,-,A,A,0,NA,Y,NA,Y,Y,NA,L,04,0,1,0,0,0,0,1,0,0,-,-,NA,NA,LOS ANGELES,VERNON,-118.21990966796876,34.014408111572266
8664608,2018,2018-07-30,1973,2018-06-19,0612,581,1973,2,5,1,1973,0,0,0,NA,0,003,BANDINI BL,SUNOL DR,667,E,N,A,-,N,NA,NA,NA,NA,NA,NA,NA,NA,NA,Y,4,0,2,2,A,-,03,22350,NA,N,C,C,A,A,H,-,B,D,0,NA,NA,NA,NA,Y,NA,A,01,0,0,2,0,0,0,0,0,0,-,-,NA,NA,LOS ANGELES,VERNON,-118.18170928955078,34.000492095947266
8664612,2018,2018-07-30,1973,2018-06-20,1302,575,1973,3,5,1,1973,0,0,0,NA,0,0A3,DISTRICT BL,MAYWOOD AV,23,W,N,A,-,N,NA,NA,NA,NA,NA,NA,NA,NA,NA,N,4,0,1,3,A,-,09,21804,A,N,D,C,A,A,H,-,A,A,0,NA,NA,NA,NA,Y,NA,A,01,0,0,1,0,0,0,0,0,0,-,-,NA,NA,LOS ANGELES,VERNON,-118.20220184326172,34.00016784667969
8664633,2018,2018-07-30,1900,2018-06-06,0835,455303,1518,3,5,5,1954,0,0,0,NA,0,151T1,BURKE ST,SIERRA VISTA DR,200,W,N,B,-,N,NA,NA,NA,NA,NA,NA,NA,NA,NA,Y,4,0,1,3,A,-,08,22107,NA,N,A,E,A,A,H,-,A,D,0,NA,NA,NA,NA,Y,NA,A,07,0,0,1,0,0,0,0,0,0,-,-,33.967838287353516,-118.09868621826172,LOS ANGELES,PICO RIVERA,-118.0991668701172,33.968143463134766
8664637,2018,2018-07-26,1900,2018-05-30,1220,455303,1516,3,5,5,1954,0,0,0,NA,0,151T1,PARAMOUNT BL,REX RD,582,S,N,B,-,N,NA,NA,NA,NA,NA,NA,NA,NA,NA,Y,3,0,1,2,A,-,03,22350,NA,N,C,C,A,A,H,-,A,D,0,NA,NA,NA,Y,Y,NA,M,47,0,1,0,0,0,0,0,0,0,-,-,NA,NA,LOS ANGELES,PICO RIVERA,-118.10980224609376,33.9800910949707
8664641,2018,2018-07-31,1967,2018-07-09,1629,136,NA,1,5,2,1967,0,0,0,NA,0,SOUTH,ORANGE AV,NEVADA,0,NA,Y,A,-,N,NA,NA,NA,NA,NA,NA,NA,NA,NA,N,4,0,3,3,A,-,03,22350,NA,N,C,C,A,A,H,-,A,A,0,NA,NA,NA,NA,Y,NA,A,07,0,0,3,0,0,0,0,0,0,-,-,NA,NA,LOS ANGELES,SIGNAL HILL,-118.17635345458984,33.8013916015625
8664645,2018,2018-07-31,1967,2018-07-13,0945,143,NA,5,5,2,1967,0,0,0,NA,0,SOUTH,ORANGE AV,23RD,224,S,N,A,-,N,NA,NA,NA,NA,NA,NA,NA,NA,NA,N,4,0,1,3,A,-,03,22350,NA,F,C,C,A,A,H,-,A,A,0,NA,NA,NA,NA,Y,NA,A,01,0,0,1,0,0,0,0,0,0,-,-,NA,NA,LOS ANGELES,SIGNAL HILL,-118.17633819580078,33.79829406738281
8664651,2018,2018-07-26,1900,2018-05-25,1304,635108,1517,5,5,5,1954,0,0,0,NA,0,NA,ABBOTSFORD AV,EGLISE AV,300,E,N,A,-,N,NA,NA,NA,NA,NA,NA,NA,NA,NA,N,3,0,1,2,A,-,21,22106,NA,N,C,C,A,A,H,-,A,D,0,NA,NA,NA,NA,Y,NA,A,01,0,1,0,0,0,0,0,0,0,-,-,NA,NA,LOS ANGELES,PICO RIVERA,-118.09099578857422,33.97518539428711
8664669,2018,2018-07-31,1929,2018-07-06,1631,160,NA,5,5,3,1929,0,0,0,NA,0,003,PROSPECT AV,AVIATION BL,106,N,N,A,-,N,NA,NA,NA,NA,NA,NA,NA,NA,NA,N,4,0,1,2,A,-,09,21801,A,N,A,C,A,A,H,-,A,D,0,NA,NA,NA,NA,Y,NA,A,01,0,0,1,0,0,0,0,0,0,-,-,NA,NA,LOS ANGELES,HERMOSA BEACH,-118.3876495361328,33.865081787109375
8664671,2018,2018-08-03,1942,2018-05-11,1355,42521,1134,5,5,7,1942,0,0,0,K,0,11A25,CYPRESS AV,DIVISION ST,8,E,N,B,-,N,NA,NA,NA,NA,NA,NA,NA,NA,NA,Y,2,0,2,2,A,-,12,21453,A,N,D,C,A,A,H,-,A,A,0,NA,NA,NA,NA,Y,NA,-,-,1,0,1,0,0,0,0,0,0,-,-,NA,NA,LOS ANGELES,LOS ANGELES,-118.23627471923828,34.102630615234375
8664711,2018,2018-07-27,1942,2018-05-12,1915,35869,1242,6,5,7,1942,0,0,0,L,0,12A73,8TH AV,60TH ST,150,S,N,A,-,N,NA,NA,NA,NA,NA,NA,NA,NA,NA,Y,4,0,3,2,A,-,01,23152,A,N,A,C,A,A,H,-,A,D,0,NA,NA,NA,NA,Y,Y,A,01,0,0,3,0,0,0,0,0,0,-,-,NA,NA,LOS ANGELES,LOS ANGELES,-118.326464,33.985008
8664715,2018,2018-08-03,1942,2018-05-24,1650,43315,0538,4,5,7,1942,0,0,0,E,0,3A58,JEFFERSON BL,VERMONT AV,150,E,N,A,-,N,NA,NA,NA,NA,NA,NA,NA,NA,NA,N,2,0,1,2,A,-,10,21952,NA,M,G,B,D,A,H,-,A,A,0,Y,NA,NA,NA,Y,NA,-,99,1,0,0,0,1,0,0,0,0,-,-,NA,NA,LOS ANGELES,LOS ANGELES,-118.29103088378906,34.02544021606445
8664719,2018,2018-07-30,1900,2018-07-11,2140,623673,2824,3,5,5,1915,0,0,0,NA,0,282D,PALMER ST,SANTA FE AV,0,NA,Y,A,-,N,NA,NA,NA,NA,NA,NA,NA,NA,NA,N,4,0,2,2,A,-,12,21453,A,F,B,C,A,A,H,-,C,A,0,NA,NA,NA,NA,Y,NA,A,07,0,0,2,0,0,0,0,0,0,-,-,NA,NA,LOS ANGELES,COMPTON,-118.2159423828125,33.898319244384766
8664797,2018,2018-09-11,1975,2018-07-08,2134,678,NA,7,5,6,1975,0,0,0,NA,0,005,LARK ELLEN AV,PASS AND COVINA,0,NA,Y,A,-,N,NA,NA,NA,NA,NA,NA,NA,NA,NA,N,4,0,1,2,A,-,12,22450,A,N,D,C,A,A,H,-,C,A,0,NA,NA,NA,NA,Y,NA,A,01,0,0,1,0,0,0,0,0,0,-,-,NA,NA,LOS ANGELES,WEST COVINA,-117.92040252685548,34.04011154174805
8664804,2018,2018-08-23,1941,2018-07-05,1519,11202,NA,4,5,7,1941,0,0,0,NA,0,NA,WARDLOW RD,LONG BEACH BL,0,NA,Y,A,-,N,NA,NA,NA,NA,NA,NA,NA,NA,NA,Y,4,0,3,2,A,-,08,22101,D,N,B,C,A,A,H,-,A,A,0,NA,NA,NA,NA,Y,NA,A,NA,0,0,3,0,0,0,0,0,0,-,-,NA,NA,LOS ANGELES,LONG BEACH,-118.18933868408205,33.818939208984375
8664808,2018,2019-02-15,1900,2018-07-01,2110,489533,0454,7,5,6,1949,0,0,0,NA,0,45T1,ROSECRANS AV,RT 5,0,NA,Y,A,-,Y,LA,7,5,-,-,3.383,R,4,S,N,4,0,2,2,A,-,12,21453,A,N,D,C,A,A,H,-,C,A,0,NA,NA,NA,NA,Y,NA,-,-,0,0,2,0,0,0,0,0,0,-,SF,NA,NA,LOS ANGELES,NORWALK,-118.06073760986328,33.90156173706055
8664812,2018,2018-08-22,1900,2018-07-03,1752,489533,0454,2,5,6,1949,0,0,0,NA,0,45T1,STANSTEAD AV,FOSTER RD,886,S,N,A,-,N,NA,NA,NA,NA,NA,NA,NA,NA,NA,N,4,0,1,2,A,-,03,22350,NA,N,D,C,A,A,H,-,A,D,0,NA,NA,NA,NA,Y,NA,A,07,0,0,1,0,0,0,0,0,0,-,-,NA,NA,LOS ANGELES,NORWALK,-118.06400299072266,33.90711975097656
8664816,2018,2018-08-23,1900,2018-07-03,2204,546547,0460,2,5,4,1936,0,0,0,NA,0,46K5,TELEGRAPH RD,WICKER DR,0,NA,Y,A,-,N,NA,NA,NA,NA,NA,NA,NA,NA,NA,Y,3,0,5,3,A,-,09,21802,A,N,D,C,A,A,H,-,C,D,0,NA,NA,NA,NA,Y,NA,A,01,0,2,3,0,0,0,0,0,0,-,-,NA,NA,LOS ANGELES,LA MIRADA,-118.0144271850586,33.9185791015625
8664817,2018,2018-07-31,1900,2018-06-05,1100,542311,1620,2,5,5,1977,0,0,0,NA,0,168T,CARSON ST,WILMINGTON AV,385,W,N,A,-,N,NA,NA,NA,NA,NA,NA,NA,NA,NA,Y,4,0,1,2,A,-,03,22350,NA,N,C,C,A,A,H,-,A,A,0,NA,NA,NA,NA,Y,NA,A,01,0,0,1,0,0,0,0,0,0,-,-,33.83174133300781,-118.2380828857422,LOS ANGELES,CARSON,-118.24085235595705,33.831668853759766
8664820,2018,2019-02-05,1900,2018-07-02,1341,279461,0453,1,5,6,1949,0,0,0,NA,0,43T1,PIONEER BL,FOSTER RD,0,NA,Y,A,-,N,NA,NA,NA,NA,NA,NA,NA,NA,NA,Y,4,0,2,2,A,-,09,21801,A,N,A,C,A,A,H,-,A,A,0,NA,NA,NA,NA,Y,NA,A,01,0,0,2,0,0,0,0,0,0,-,-,NA,NA,LOS ANGELES,NORWALK,-118.08238220214844,33.90985107421875
8664824,2018,2018-08-23,1900,2018-07-03,1810,519514,2619,2,5,6,1950,0,0,0,NA,0,263T1,RANCHO VISTA BL,8TH ST EAST,266,W,N,A,-,N,NA,NA,NA,NA,NA,NA,NA,NA,NA,Y,4,0,1,1,A,-,08,22107,NA,N,B,I,A,A,H,-,A,D,0,NA,NA,NA,NA,Y,NA,A,01,0,0,1,0,0,0,0,0,0,-,-,34.60200119018555,-118.11730194091795,LOS ANGELES,PALMDALE,-118.117356,34.601855
8664828,2018,2019-02-12,1900,2018-07-02,1549,467578,2608,1,5,6,1950,0,0,0,NA,0,262T1,RT 138,30TH ST EAST,380,W,N,A,-,Y,LA,7,138,-,-,46.66,H,-,E,Y,4,0,3,2,A,-,03,22350,NA,N,C,C,A,A,H,-,A,A,0,NA,NA,NA,NA,Y,NA,A,01,0,0,3,0,0,0,0,0,0,-,-,34.58018112182617,-118.07769775390624,LOS ANGELES,PALMDALE,-118.07756805419922,34.5802116394043
8664832,2018,2018-08-22,1900,2018-07-02,1815,533418,2316,1,5,5,1919,0,0,0,NA,0,230T,ARTESIA BL,BLOOMFIELD AVE,0,NA,Y,A,-,N,NA,NA,NA,NA,NA,NA,NA,NA,NA,Y,4,0,1,2,A,-,01,23152,A,N,D,E,A,A,H,-,A,D,0,NA,NA,NA,NA,Y,Y,A,01,0,0,1,0,0,0,0,0,0,-,-,33.873199462890625,-118.06379699707033,LOS ANGELES,CERRITOS,-118.06394958496094,33.87321853637695
8664883,2018,2018-07-30,1942,2018-06-13,2205,43056,0677,3,5,7,1942,0,0,0,F,0,6A79-W,SANTA MONICA BL,GOWER ST,0,NA,Y,A,-,N,NA,NA,NA,NA,NA,NA,NA,NA,NA,N,4,0,1,2,A,-,09,21801,A,N,A,C,A,A,H,-,C,A,0,NA,NA,NA,NA,Y,NA,A,01,0,0,1,0,0,0,0,0,0,-,-,NA,NA,LOS ANGELES,LOS ANGELES,-118.32228088378906,34.09075164794922
8664887,2018,2018-07-30,1942,2018-06-27,1310,41003,0663,3,5,7,1942,0,0,0,F,0,6TL2,ORANGE DR,LEXINGTON AV,268,N,N,A,-,N,NA,NA,NA,NA,NA,NA,NA,NA,NA,Y,4,0,3,5,A,-,06,21750,A,N,B,C,A,A,H,-,A,D,0,NA,NA,NA,NA,Y,NA,A,01,0,0,3,0,0,0,0,0,0,-,-,NA,NA,LOS ANGELES,LOS ANGELES,-118.34162902832033,34.093284606933594
8664891,2018,2018-08-02,1942,2018-07-03,0900,39022,0833,2,5,7,1942,0,0,0,H,0,8A29,VETERAN AV,WILSHIRE BL,0,NA,Y,A,-,N,NA,NA,NA,NA,NA,NA,NA,NA,NA,N,3,0,3,2,A,-,08,22100,B,N,D,C,A,A,H,-,A,A,0,NA,NA,NA,NA,Y,NA,A,01,0,1,2,0,0,0,0,0,0,-,-,NA,NA,LOS ANGELES,LOS ANGELES,-118.44774627685548,34.05775833129883
8664899,2018,2018-07-30,1942,2018-06-25,0910,31573,2058,1,5,7,1942,0,0,0,NA,0,20A69,HOOVER ST,CARONDELET ST,0,NA,Y,A,-,N,NA,NA,NA,NA,NA,NA,NA,NA,NA,Y,4,0,1,5,A,-,09,21802,A,F,B,A,A,A,H,-,A,A,0,NA,NA,NA,NA,Y,NA,D,82,0,0,1,0,0,0,0,0,0,-,-,NA,NA,LOS ANGELES,LOS ANGELES,-118.28421783447266,34.053749084472656
8664911,2018,2018-07-30,1942,2018-06-14,1445,36553,2093,4,5,7,1942,0,0,0,NA,0,20A71,WASHINGTON BL,NORMANDIE AV,0,NA,Y,A,-,N,NA,NA,NA,NA,NA,NA,NA,NA,NA,Y,4,0,1,3,A,-,12,21453,A,N,D,C,A,A,H,-,A,A,0,NA,NA,NA,NA,Y,NA,A,01,0,0,1,0,0,0,0,0,0,-,-,NA,NA,LOS ANGELES,LOS ANGELES,-118.30084228515624,34.03998947143555
8664916,2018,2018-07-27,1942,2018-06-11,1700,30702,0678,1,5,7,1942,0,0,0,F,0,6A77,WESTERN AV,SANTA MONICA BL,59,S,N,A,-,N,NA,NA,NA,NA,NA,NA,NA,NA,NA,N,4,0,2,3,A,-,07,21658,A,N,B,C,A,A,H,-,A,D,0,NA,NA,NA,NA,Y,NA,A,01,0,0,2,0,0,0,0,0,0,-,-,NA,NA,LOS ANGELES,LOS ANGELES,-118.30917358398438,34.090606689453125
8664952,2018,2018-08-06,1942,2018-07-05,0830,40010,0852,4,5,7,1942,0,0,0,H,0,8A53,SANTA MONICA BL,S WESTGATE AV,0,NA,Y,A,-,N,NA,NA,NA,NA,NA,NA,NA,NA,NA,Y,4,0,2,2,A,-,12,21453,A,N,D,C,A,A,H,-,A,A,0,NA,NA,NA,NA,Y,NA,A,07,0,0,2,0,0,0,0,0,0,-,-,NA,NA,LOS ANGELES,LOS ANGELES,-118.45922088623048,34.0423583984375
8664956,2018,2018-08-06,1942,2018-06-26,1400,35161,0835,2,5,7,1942,0,0,0,H,0,8A35,COTNER AV,SANTA MONICA BL,40,S,N,A,-,N,NA,NA,NA,NA,NA,NA,NA,NA,NA,N,4,0,1,2,A,-,04,21703,NA,N,C,C,A,A,H,-,A,A,0,NA,NA,NA,Y,Y,NA,F,21,0,0,1,0,0,0,0,0,0,-,-,NA,NA,LOS ANGELES,LOS ANGELES,-118.44599151611328,34.04703140258789
8664962,2018,2019-01-08,1923,2018-08-24,0605,467,207,5,5,3,1923,0,0,0,NA,0,3M3,PACIFIC COAST HWY,MAPLE AV,254,S,N,A,-,Y,LA,7,1,-,-,25.63,H,-,S,Y,4,0,1,2,A,-,08,22100,A,N,B,C,A,A,H,-,A,D,0,NA,NA,NA,NA,Y,NA,A,07,0,0,1,0,0,0,0,0,0,-,-,NA,NA,LOS ANGELES,EL SEGUNDO,-118.39639282226564,33.92631149291992
8664968,2018,2018-11-08,1942,2018-09-07,0615,42685,893,5,5,7,1942,0,0,0,NA,0,8A35,SEPULVEDA BL,RICHLAND AV,300,N,N,B,-,N,NA,NA,NA,NA,NA,NA,NA,NA,NA,Y,4,0,1,3,A,-,01,23152,A,M,B,E,A,A,H,-,B,D,0,NA,NA,NA,NA,Y,Y,A,01,0,0,1,0,0,0,0,0,0,-,-,NA,NA,LOS ANGELES,LOS ANGELES,-118.4329833984375,34.03366470336914
8664969,2018,2018-11-08,1929,2018-08-31,0814,160,NA,5,5,3,1929,0,0,0,NA,0,001,2ND ST,ARDMORE AV,195,E,N,A,-,N,NA,NA,NA,NA,NA,NA,NA,NA,NA,Y,2,0,2,2,A,-,09,21804,A,N,D,C,A,A,H,-,A,D,0,NA,NA,Y,NA,Y,NA,A,01,1,0,1,0,0,0,0,0,1,-,-,NA,NA,LOS ANGELES,HERMOSA BEACH,-118.39218902587892,33.85622024536133
8664972,2018,2018-11-08,1942,2018-08-04,2110,43377,1395,6,5,7,1942,0,0,0,M,0,13A93,FLORENCE AV,AVALON BL,0,NA,Y,A,-,N,NA,NA,NA,NA,NA,NA,NA,NA,NA,N,4,0,1,2,A,-,00,20001,A,F,C,C,A,A,H,-,C,A,0,NA,NA,NA,NA,Y,NA,-,99,0,0,1,0,0,0,0,0,0,-,-,NA,NA,LOS ANGELES,LOS ANGELES,-118.2651824951172,33.974708557128906
8664975,2018,2019-01-08,1941,2018-08-24,2200,10167,NA,5,5,7,1941,0,0,0,NA,0,NA,PACIFIC COAST HWY,CANAL AV,50,E,N,A,-,Y,LA,7,1,-,-,7.67,H,-,S,N,4,0,1,2,A,-,09,21804,A,N,D,C,A,A,H,-,C,D,0,NA,NA,NA,NA,Y,NA,A,NA,0,0,1,0,0,0,0,0,0,-,-,NA,NA,LOS ANGELES,LONG BEACH,-118.21368408203124,33.789817810058594