CASE_ID,ACCIDENT_YEAR,PROC_DATE,JURIS,COLLISION_DATE,COLLISION_TIME,OFFICER_ID,REPORTING_DISTRICT,DAY_OF_WEEK,CHP_SHIFT,POPULATION,CNTY_CITY_LOC,SPECIAL_COND,BEAT_TYPE,CHP_BEAT_TYPE,CITY_DIVISION_LAPD,CHP_BEAT_CLASS,BEAT_NUMBER,PRIMARY_RD,SECONDARY_RD,DISTANCE,DIRECTION,INTERSECTION,WEATHER_1,WEATHER_2,STATE_HWY_IND,CALTRANS_COUNTY,CALTRANS_DISTRICT,STATE_ROUTE,ROUTE_SUFFIX,POSTMILE_PREFIX,POSTMILE,LOCATION_TYPE,RAMP_INTERSECTION,SIDE_OF_HWY,TOW_AWAY,COLLISION_SEVERITY,NUMBER_KILLED,NUMBER_INJURED,PARTY_COUNT,PRIMARY_COLL_FACTOR,PCF_CODE_OF_VIOL,PCF_VIOL_CATEGORY,PCF_VIOLATION,PCF_VIOL_SUBSECTION,HIT_AND_RUN,TYPE_OF_COLLISION,MVIW,PED_ACTION,ROAD_SURFACE,ROAD_COND_1,ROAD_COND_2,LIGHTING,CONTROL_DEVICE,CHP_ROAD_TYPE,PEDESTRIAN_ACCIDENT,BICYCLE_ACCIDENT,MOTORCYCLE_ACCIDENT,TRUCK_ACCIDENT,NOT_PRIVATE_PROPERTY,ALCOHOL_INVOLVED,STWD_VEHTYPE_AT_FAULT,CHP_VEHTYPE_AT_FAULT,COUNT_SEVERE_INJ,COUNT_VISIBLE_INJ,COUNT_COMPLAINT_PAIN,COUNT_PED_KILLED,COUNT_PED_INJURED,COUNT_BICYCLIST_KILLED,COUNT_BICYCLIST_INJURED,COUNT_MC_KILLED,COUNT_MC_INJURED,PRIMARY_RAMP,SECONDARY_RAMP,LATITUDE,LONGITUDE,COUNTY,CITY,POINT_X,POINT_Y
8669275,2018,2018-08-14,1941,2018-07-20,1629,10167,NA,5,5,7,1941,0,0,0,NA,0,NA,SANTA FE AV,WILLARD ST,75,S,N,A,-,N,NA,NA,NA,NA,NA,NA,NA,NA,NA,Y,4,0,1,3,A,-,03,22350,NA,F,C,C,A,A,H,-,A,A,0,NA,NA,NA,NA,Y,Y,D,NA,0,0,1,0,0,0,0,0,0,-,-,NA,NA,LOS ANGELES,LONG BEACH,-118.21552276611328,33.794185638427734
8669277,2018,2018-08-17,1942,2018-07-18,1620,33294,0901,3,5,7,1942,0,0,0,I,0,9A5,SATICOY ST,SEPULVEDA BL,0,NA,Y,A,-,N,NA,NA,NA,NA,NA,NA,NA,NA,NA,Y,3,0,1,3,A,-,12,21453,A,N,D,C,A,A,H,-,A,A,0,NA,NA,NA,NA,Y,NA,A,01,0,1,0,0,0,0,0,0,0,-,-,NA,NA,LOS ANGELES,LOS ANGELES,-118.46620941162108,34.20845031738281
8669278,2018,2018-08-15,1942,2018-07-13,2035,39217,2148,5,5,7,1942,0,0,0,NA,0,21A29,SHERMAN WAY,OSO AV,0,NA,Y,A,-,N,NA,NA,NA,NA,NA,NA,NA,NA,NA,Y,2,0,1,2,A,-,10,21950,A,N,G,B,B,A,H,-,C,A,0,Y,NA,NA,NA,Y,NA,A,01,1,0,0,0,1,0,0,0,0,-,-,NA,NA,LOS ANGELES,LOS ANGELES,-118.57534790039064,34.201019287109375
8669279,2018,2018-08-14,1941,2018-07-09,1404,10861,NA,1,5,7,1941,0,0,0,NA,0,901T,7TH ST,EUCLID AV,12,W,N,A,-,N,NA,NA,NA,NA,NA,NA,NA,NA,NA,N,3,0,1,2,A,-,07,21658,A,N,D,G,A,A,H,-,A,A,0,NA,Y,NA,NA,Y,NA,-,NA,0,1,0,0,0,0,1,0,0,-,-,NA,NA,LOS ANGELES,LONG BEACH,-118.1492156982422,33.77534103393555
8669345,2018,2018-08-14,1941,2018-07-18,1434,5615,NA,3,5,7,1941,0,0,0,NA,0,NA,APPIAN WY,2ND ST,0,NA,Y,A,-,N,NA,NA,NA,NA,NA,NA,NA,NA,NA,N,3,0,1,2,A,-,11,21954,A,N,G,B,E,A,H,-,A,D,0,Y,NA,NA,NA,Y,NA,N,NA,0,1,0,0,1,0,0,0,0,-,-,NA,NA,LOS ANGELES,LONG BEACH,-118.11981964111328,33.7564697265625
8669347,2018,2018-08-16,1941,2018-05-30,1214,5578,NA,3,5,7,1941,0,0,0,NA,0,NA,E ARTESIA BL,E ARTESIA BL #455,0,NA,-,A,-,N,NA,NA,NA,NA,NA,NA,NA,NA,NA,N,3,0,1,2,A,-,09,21804,A,N,H,G,A,A,H,-,A,D,0,NA,Y,NA,NA,Y,NA,A,NA,0,1,0,0,0,0,1,0,0,-,-,NA,NA,LOS ANGELES,LONG BEACH,-118.192675,33.874356
8669349,2018,2018-08-14,1941,2018-07-19,1452,5870,NA,4,5,7,1941,0,0,0,NA,0,901T,ATLANTIC AV,55TH ST,210,S,N,A,-,N,NA,NA,NA,NA,NA,NA,NA,NA,NA,Y,3,0,1,2,A,-,01,23152,F,N,C,E,A,D,H,-,A,D,0,NA,NA,NA,NA,Y,NA,-,NA,0,1,0,0,0,0,0,0,0,-,-,NA,NA,LOS ANGELES,LONG BEACH,-118.18500518798828,33.85566329956055
8669353,2018,2018-08-14,1941,2018-07-19,1348,5767,NA,4,5,7,1941,0,0,0,NA,0,901T,MAGNOLIA AV,W 6TH ST,0,NA,Y,A,-,N,NA,NA,NA,NA,NA,NA,NA,NA,NA,N,3,0,2,2,A,-,09,21801,A,N,D,C,A,A,H,-,A,A,0,NA,NA,NA,NA,Y,NA,-,NA,0,1,1,0,0,0,0,0,0,-,-,NA,NA,LOS ANGELES,LONG BEACH,-118.19802856445313,33.77415084838867
8669357,2018,2018-08-14,1941,2018-07-21,0257,10909,NA,6,5,7,1941,0,0,0,NA,0,901,JUNIPERO PL,LIGHT POLE  RM 1380,18,E,N,A,-,N,NA,NA,NA,NA,NA,NA,NA,NA,NA,Y,4,0,2,1,A,-,01,23152,B,N,A,I,A,A,H,-,C,D,0,NA,NA,NA,NA,Y,Y,A,NA,0,0,2,0,0,0,0,0,0,-,-,NA,NA,LOS ANGELES,LONG BEACH,NA,NA
8669359,2018,2018-08-16,1942,2018-05-10,2040,42329,0363,4,5,7,1942,0,0,0,C,0,3A63,SANTA ROSALIA DR,STOCKER ST,20,W,N,A,-,N,NA,NA,NA,NA,NA,NA,NA,NA,NA,N,2,0,1,2,D,-,00,NA,NA,F,G,B,D,A,H,-,C,D,0,Y,NA,NA,NA,Y,NA,-,-,1,0,0,0,1,0,0,0,0,-,-,NA,NA,LOS ANGELES,LOS ANGELES,-118.33740997314452,34.007137298583984
8669371,2018,2018-08-07,1901,2018-07-17,1124,238,13,2,5,5,1901,0,0,0,NA,0,002,GARFIELD,NORWOOD,32,S,N,A,-,N,NA,NA,NA,NA,NA,NA,NA,NA,NA,Y,4,0,1,2,A,-,09,21801,A,N,E,A,A,A,H,-,A,A,0,NA,NA,NA,NA,Y,NA,A,01,0,0,1,0,0,0,0,0,0,-,-,NA,NA,LOS ANGELES,ALHAMBRA,-118.12301635742188,34.07594299316406
8669413,2018,2018-08-16,1901,2018-06-28,1601,733,16,4,5,5,1901,0,0,0,NA,0,004,VALLEY BL,GRAND VIEW,0,NA,Y,A,-,N,NA,NA,NA,NA,NA,NA,NA,NA,NA,N,4,0,1,2,A,-,09,21801,A,N,D,C,A,A,H,-,A,A,0,NA,NA,NA,NA,Y,NA,A,07,0,0,1,0,0,0,0,0,0,-,-,NA,NA,LOS ANGELES,ALHAMBRA,-118.15493774414064,34.07667922973633
8669417,2018,2018-08-16,1901,2018-06-29,0146,285,28,5,5,5,1901,0,0,0,NA,0,003,MARENGO AV,COMMONWEALTH AV,500,N,N,A,-,N,NA,NA,NA,NA,NA,NA,NA,NA,NA,Y,4,0,1,3,A,-,08,22107,NA,N,C,E,A,A,H,-,C,D,0,NA,NA,NA,NA,Y,NA,A,01,0,0,1,0,0,0,0,0,0,-,-,NA,NA,LOS ANGELES,ALHAMBRA,-118.14199066162108,34.08892059326172
8669421,2018,2018-08-16,1901,2018-06-30,1159,113,13,6,5,5,1901,0,0,0,NA,0,002,HELLMAN AV,ATLANTIC BL,0,NA,Y,A,-,N,NA,NA,NA,NA,NA,NA,NA,NA,NA,N,4,0,2,2,A,-,09,21801,A,N,D,C,A,A,H,-,A,A,0,NA,NA,NA,NA,Y,NA,A,01,0,0,2,0,0,0,0,0,0,-,-,NA,NA,LOS ANGELES,ALHAMBRA,-118.13442230224608,34.06972885131836
8669440,2018,2018-08-03,1901,2018-07-11,1839,267,17,3,5,5,1901,0,0,0,NA,0,004,FREMONT AV,VALLEY BL,2,N,N,A,-,N,NA,NA,NA,NA,NA,NA,NA,NA,NA,N,4,0,1,2,A,-,10,21950,A,N,A,B,B,A,H,-,A,A,0,Y,NA,NA,NA,Y,NA,A,01,0,0,1,0,1,0,0,0,0,-,-,NA,NA,LOS ANGELES,ALHAMBRA,-118.15186309814452,34.076904296875
8669442,2018,2018-08-16,1942,2018-07-12,2145,43238,0163,4,5,7,1942,0,0,0,NA,0,1A85,7TH ST,BROADWAY,65,W,N,A,-,N,NA,NA,NA,NA,NA,NA,NA,NA,NA,N,4,0,1,2,A,-,11,21954,A,N,G,B,E,A,H,-,C,D,0,Y,NA,NA,NA,Y,NA,N,60,0,0,1,0,1,0,0,0,0,-,-,NA,NA,LOS ANGELES,LOS ANGELES,-118.46569061279295,33.99623489379883
8669446,2018,2018-08-16,1942,2018-07-13,1140,40237,0157,5,5,7,1942,0,0,0,A,0,1X32,6TH ST,SAN PEDRO ST,0,NA,Y,A,-,N,NA,NA,NA,NA,NA,NA,NA,NA,NA,N,4,0,1,2,A,-,10,21950,A,N,G,B,B,A,H,-,A,A,0,Y,NA,NA,NA,Y,NA,A,01,0,0,1,0,1,0,0,0,0,-,-,NA,NA,LOS ANGELES,LOS ANGELES,-118.24526977539064,34.042259216308594
8669465,2018,2018-08-16,1901,2018-07-09,1929,287,17,1,5,5,1901,0,0,0,NA,0,004,FREMONT AV,MISSION RD,6,S,N,A,-,N,NA,NA,NA,NA,NA,NA,NA,NA,NA,N,4,0,1,2,A,-,03,22350,NA,N,C,C,A,A,H,-,A,A,0,NA,NA,NA,NA,Y,NA,A,07,0,0,1,0,0,0,0,0,0,-,-,NA,NA,LOS ANGELES,ALHAMBRA,-118.1519012451172,34.07930374145508
8669469,2018,2018-08-16,1901,2018-07-10,1802,283,7,2,5,5,1901,0,0,0,NA,0,001,MISSION RD,MONTEREY,0,NA,-,A,-,N,NA,NA,NA,NA,NA,NA,NA,NA,NA,N,4,0,1,3,A,-,03,22350,NA,N,C,C,A,A,H,-,A,A,0,NA,NA,NA,NA,Y,NA,A,01,0,0,1,0,0,0,0,0,0,-,-,NA,NA,LOS ANGELES,ALHAMBRA,-118.1208267211914,34.090579986572266
8669473,2018,2018-08-16,1901,2018-07-12,2230,285,28,4,5,5,1901,0,0,0,NA,0,003,COMMONWEALTH AV,MARENGO AV,500,E,N,A,-,N,NA,NA,NA,NA,NA,NA,NA,NA,NA,N,3,0,1,2,A,-,08,22107,NA,F,B,G,A,A,H,-,A,D,0,NA,Y,NA,NA,Y,NA,A,07,0,1,0,0,0,0,1,0,0,-,-,NA,NA,LOS ANGELES,ALHAMBRA,-118.1403350830078,34.08755111694336
8669477,2018,2018-08-16,1901,2018-07-01,1416,276,13,7,5,5,1901,0,0,0,NA,0,002,4TH ST,VALLEY BL,0,NA,Y,A,-,N,NA,NA,NA,NA,NA,NA,NA,NA,NA,Y,3,0,4,2,A,-,09,21801,A,N,D,C,A,A,H,-,A,A,0,NA,NA,NA,NA,Y,NA,A,01,0,3,1,0,0,0,0,0,0,-,-,NA,NA,LOS ANGELES,ALHAMBRA,-118.12679290771484,34.07835006713867
8669481,2018,2018-08-16,1901,2018-07-02,1731,180,04,1,5,5,1901,0,0,0,NA,0,001,HIDALGO AV,ALHAMBRA RD,21,N,N,A,-,N,NA,NA,NA,NA,NA,NA,NA,NA,NA,Y,4,0,1,2,A,-,09,21802,A,N,E,I,A,A,H,-,A,A,0,NA,NA,NA,NA,Y,NA,A,07,0,0,1,0,0,0,0,0,0,-,-,NA,NA,LOS ANGELES,ALHAMBRA,-118.12390899658205,34.10398864746094
8669485,2018,2018-08-16,1901,2018-07-03,0838,180,10,2,5,5,1901,0,0,0,NA,0,002,GARFIELD AV,LINDA VISTA,116,N,N,B,-,N,NA,NA,NA,NA,NA,NA,NA,NA,NA,Y,4,0,2,4,A,-,03,22350,NA,N,C,C,A,A,H,-,A,A,0,NA,NA,NA,NA,Y,NA,A,07,0,0,2,0,0,0,0,0,0,-,-,NA,NA,LOS ANGELES,ALHAMBRA,-118.12306213378906,34.08502960205078
8669501,2018,2018-08-16,1929,2018-07-08,1845,205,SW,7,5,3,1929,0,0,0,NA,0,002,MANHATTAN AV,28TH ST,0,NA,Y,A,-,N,NA,NA,NA,NA,NA,NA,NA,NA,NA,N,4,0,1,2,A,-,12,22450,A,N,D,C,A,A,H,-,A,A,0,NA,NA,NA,NA,Y,NA,A,01,0,0,1,0,0,0,0,0,0,-,-,NA,NA,LOS ANGELES,HERMOSA BEACH,-118.40502166748048,33.873748779296875
8669536,2018,2018-08-15,1900,2018-07-11,1352,529380,1414,3,5,1,1932,0,0,0,NA,0,141T3,HACIENDA BL,VALLEY BL,508,N,N,A,-,N,NA,NA,NA,NA,NA,NA,NA,NA,NA,N,2,0,1,3,A,-,09,21801,A,N,D,C,A,-,H,-,A,D,0,NA,NA,Y,NA,Y,NA,A,01,1,0,0,0,0,0,0,0,1,-,-,34.02130889892578,-117.95755767822266,LOS ANGELES,INDUSTRY,-117.95750427246094,34.02106475830078
8669564,2018,2018-08-15,1900,2018-07-18,2100,546256,0530,3,5,5,1959,0,0,0,NA,0,53T1PM,GRAND AV,HALKETT AV,84,E,N,A,-,N,NA,NA,NA,NA,NA,NA,NA,NA,NA,Y,3,0,2,2,A,-,03,22350,NA,N,C,E,A,A,H,-,C,D,0,NA,NA,NA,NA,Y,Y,A,01,0,2,0,0,0,0,0,0,0,-,-,34.09183120727539,-118.08229064941406,LOS ANGELES,ROSEMEAD,-118.08230590820313,34.091773986816406
8669568,2018,2018-08-15,1900,2018-07-13,1720,467707,0522,5,5,4,1971,0,0,0,NA,0,52T1PM,MUSCATEL AV,LAS TUNAS DR,168,N,N,A,-,N,NA,NA,NA,NA,NA,NA,NA,NA,NA,N,3,0,1,2,A,-,09,21804,A,N,A,C,A,A,H,-,A,D,0,NA,NA,NA,NA,Y,NA,A,01,0,1,0,0,0,0,0,0,0,-,-,34.10409927368164,-118.07723236083984,LOS ANGELES,TEMPLE CITY,-118.07721710205078,34.10395050048828
8669572,2018,2018-08-15,1900,2018-07-13,1306,529472,0532,5,5,5,1959,0,0,0,NA,0,53T1AM,GRAVES AV,JACKSON AV,12,E,N,A,-,N,NA,NA,NA,NA,NA,NA,NA,NA,NA,N,4,0,1,2,A,-,10,21950,A,N,G,B,B,A,H,-,A,A,0,Y,NA,NA,NA,Y,NA,A,01,0,0,1,0,1,0,0,0,0,-,-,34.055389404296875,-118.10369110107422,LOS ANGELES,ROSEMEAD,-118.10365295410156,34.05535888671875
8669576,2018,2018-08-15,1900,2018-07-15,0710,434049,0531,7,5,5,1959,0,0,0,NA,0,53T1AM,VALLEY BL,MUSCATEL AV,115,W,N,A,-,N,NA,NA,NA,NA,NA,NA,NA,NA,NA,Y,3,0,1,2,A,-,03,22350,NA,N,C,C,A,A,H,-,A,D,0,NA,NA,NA,NA,Y,NA,A,01,0,1,0,0,0,0,0,0,0,-,-,34.08066177368164,-118.07787322998048,LOS ANGELES,ROSEMEAD,-118.07799530029295,34.08066940307617
8669580,2018,2018-08-15,1900,2018-07-14,0752,536381,0521,6,5,4,1971,0,0,0,NA,0,52T1AM,TEMPLE CITY BL,LAS TUNAS DR,9,N,N,A,-,N,NA,NA,NA,NA,NA,NA,NA,NA,NA,N,2,0,1,2,A,-,09,21801,A,N,B,G,A,A,H,-,A,A,0,NA,Y,NA,NA,Y,NA,A,01,1,0,0,0,0,0,1,0,0,-,-,34.10673141479492,-118.060791015625,LOS ANGELES,TEMPLE CITY,-118.0609130859375,34.10670471191406
8669584,2018,2018-08-15,1900,2018-07-14,1950,546256,0535,6,5,5,1959,0,0,0,NA,0,53T1PM,WALNUT GROVE AV,DRAYER LN,703,N,N,A,-,N,NA,NA,NA,NA,NA,NA,NA,NA,NA,N,3,0,1,2,A,-,07,21658,A,N,B,C,A,A,H,-,B,D,0,NA,NA,NA,NA,Y,NA,A,01,0,1,0,0,0,0,0,0,0,-,-,34.046138763427734,-118.0819091796875,LOS ANGELES,ROSEMEAD,-118.0818328857422,34.04602813720703
8669588,2018,2018-08-15,1900,2018-07-14,1540,546256,0532,6,5,5,1959,0,0,0,NA,0,53T1PM,DEL MAR AV,FERN AV,150,N,N,A,-,N,NA,NA,NA,NA,NA,NA,NA,NA,NA,N,3,0,2,3,A,-,03,22350,NA,N,C,C,A,A,H,-,A,D,0,NA,NA,NA,NA,Y,NA,A,07,0,2,0,0,0,0,0,0,0,-,-,34.05992126464844,-118.09944915771484,LOS ANGELES,ROSEMEAD,-118.09946441650392,34.059871673583984
8669592,2018,2018-08-15,1900,2018-07-12,1420,546256,0533,4,5,5,1959,0,0,0,NA,0,53T1PM,GARVEY AV,WALNUT GROVE AV,330,W,N,A,-,N,NA,NA,NA,NA,NA,NA,NA,NA,NA,Y,3,0,2,2,A,-,07,21658,A,N,C,C,A,A,H,-,A,A,0,NA,NA,NA,NA,Y,NA,A,01,0,1,1,0,0,0,0,0,0,-,-,34.062599182128906,-118.08316802978516,LOS ANGELES,ROSEMEAD,-118.08306884765624,34.062679290771484
8669596,2018,2018-08-15,1900,2018-07-08,1318,527482,0531,7,5,5,1959,0,0,0,NA,0,53T1AM,MUSCATEL AV,MARSHALL ST,70,S,N,A,-,N,NA,NA,NA,NA,NA,NA,NA,NA,NA,Y,2,0,1,2,A,-,08,22107,NA,N,B,C,A,A,H,-,A,D,0,NA,NA,NA,NA,Y,NA,A,01,1,0,0,0,0,0,0,0,0,-,-,34.07538986206055,-118.07736206054688,LOS ANGELES,ROSEMEAD,-118.07745361328124,34.07539749145508
8669603,2018,2018-09-18,1901,2018-06-25,1201,280,01,1,5,5,1901,0,0,0,NA,0,001,ATLANTIC BL,PINE ST,0,NA,Y,A,-,N,NA,NA,NA,NA,NA,NA,NA,NA,NA,N,4,0,2,2,A,-,12,21453,A,N,D,C,A,A,H,-,A,A,0,NA,NA,NA,NA,Y,NA,-,-,0,0,2,0,0,0,0,0,0,-,-,NA,NA,LOS ANGELES,ALHAMBRA,-118.13471221923828,34.104061126708984
8669607,2018,2018-09-04,1901,2018-06-25,1457,737,1,1,5,5,1901,0,0,0,NA,0,001,GARFIELD AV,PINE ST,0,NA,Y,A,-,N,NA,NA,NA,NA,NA,NA,NA,NA,NA,Y,4,0,3,3,A,-,08,22100,A,N,D,C,A,A,H,-,A,A,0,NA,NA,NA,NA,Y,NA,A,01,0,0,3,0,0,0,0,0,0,-,-,NA,NA,LOS ANGELES,ALHAMBRA,-118.1337432861328,34.104549407958984
8669611,2018,2018-09-04,1901,2018-06-29,0800,291,24,5,5,5,1901,0,0,0,NA,0,003,BUSHNELL AV,HUNTINGTON DR,1,S,N,A,-,N,NA,NA,NA,NA,NA,NA,NA,NA,NA,N,4,0,1,2,A,-,10,21950,A,N,G,B,B,A,H,-,A,A,0,Y,NA,NA,NA,Y,NA,A,01,0,0,1,0,1,0,0,0,0,-,-,NA,NA,LOS ANGELES,ALHAMBRA,-118.14122772216795,34.1041259765625
8669615,2018,2018-09-04,1901,2018-06-07,1616,283,7,4,5,5,1901,0,0,0,NA,0,002,MISSION RD,GARFIELD,39,N,N,A,-,N,NA,NA,NA,NA,NA,NA,NA,NA,NA,Y,3,0,2,2,A,-,09,21801,A,N,D,C,A,A,H,-,A,A,0,NA,NA,NA,NA,Y,NA,A,01,0,1,1,0,0,0,0,0,0,-,-,NA,NA,LOS ANGELES,ALHAMBRA,-118.12307739257813,34.089630126953125
8669619,2018,2018-09-04,1901,2018-06-10,1147,113,15,7,5,5,1901,0,0,0,NA,0,002,HELLMAN AV,RURAL RD,75,W,N,A,-,N,NA,NA,NA,NA,NA,NA,NA,NA,NA,N,4,0,1,2,A,-,08,22107,NA,N,B,C,A,A,H,-,A,D,0,NA,NA,NA,NA,Y,NA,A,01,0,0,1,0,0,0,0,0,0,-,-,NA,NA,LOS ANGELES,ALHAMBRA,-118.11434936523438,34.069793701171875
8669623,2018,2018-09-04,1901,2018-06-10,1245,108,1,7,5,5,1901,0,0,0,NA,0,001,ATLANTIC BL,MCLEAN,500,N,N,A,-,N,NA,NA,NA,NA,NA,NA,NA,NA,NA,N,4,0,1,2,A,-,08,22107,NA,N,B,C,A,A,H,-,A,A,0,NA,NA,NA,NA,Y,NA,A,01,0,0,1,0,0,0,0,0,0,-,-,NA,NA,LOS ANGELES,ALHAMBRA,-118.13469696044922,34.10186004638672
8669627,2018,2018-09-04,1901,2018-06-12,0938,239,3,2,5,5,1901,0,0,0,NA,0,001,WOODWARD AV,STONEMAN AV,0,NA,Y,A,-,N,NA,NA,NA,NA,NA,NA,NA,NA,NA,Y,4,0,1,2,A,-,09,21802,A,N,D,C,A,A,H,-,A,A,0,NA,NA,NA,NA,Y,NA,A,07,0,0,1,0,0,0,0,0,0,-,-,NA,NA,LOS ANGELES,ALHAMBRA,-118.12738800048828,34.098201751708984
8669631,2018,2018-09-04,1901,2018-06-13,1327,239,20,3,5,5,1901,0,0,0,NA,0,004,GARVEY AV,MONTEZUMA AV,0,NA,Y,A,-,N,NA,NA,NA,NA,NA,NA,NA,NA,NA,Y,3,0,3,2,A,-,09,21802,A,N,D,C,A,A,H,-,A,A,0,NA,NA,NA,NA,Y,NA,A,01,0,2,1,0,0,0,0,0,0,-,-,NA,NA,LOS ANGELES,ALHAMBRA,-118.1548309326172,34.06483840942383
8669635,2018,2018-09-04,1901,2018-06-29,2049,207,23,5,5,5,1901,0,0,0,NA,0,003,MAIN ST,PALM AV,221,W,N,B,-,N,NA,NA,NA,NA,NA,NA,NA,NA,NA,N,4,0,2,2,A,-,01,23152,A,N,C,C,A,A,H,-,C,D,0,NA,NA,NA,NA,Y,Y,A,01,0,0,2,0,0,0,0,0,0,-,-,NA,NA,LOS ANGELES,ALHAMBRA,-118.14728546142578,34.09266662597656
8669639,2018,2018-09-04,1901,2018-06-15,1852,277,24,5,5,5,1901,0,0,0,NA,0,003,MARGUERITA AV,MAIN ST,18,S,N,A,-,N,NA,NA,NA,NA,NA,NA,NA,NA,NA,N,3,0,3,2,A,-,09,21802,A,N,D,C,A,A,H,-,A,D,0,NA,NA,NA,NA,Y,NA,A,01,0,1,2,0,0,0,0,0,0,-,-,NA,NA,LOS ANGELES,ALHAMBRA,-118.13835144042967,34.0915412902832
8669643,2018,2018-09-04,1901,2018-06-16,1328,276,13,6,5,5,1901,0,0,0,NA,0,002,HELLMAN AV,BALTIMORE AV,0,NA,Y,B,-,N,NA,NA,NA,NA,NA,NA,NA,NA,NA,N,4,0,1,2,A,-,09,21802,A,N,D,C,A,A,H,-,A,A,0,NA,NA,NA,NA,Y,NA,A,01,0,0,1,0,0,0,0,0,0,-,-,NA,NA,LOS ANGELES,ALHAMBRA,-118.12448120117188,34.069759368896484
8669647,2018,2018-09-04,1901,2018-06-16,1835,107,27,6,5,5,1901,0,0,0,NA,0,003,PALM AV,TEAGARDEN LN,0,S,N,B,-,N,NA,NA,NA,NA,NA,NA,NA,NA,NA,Y,4,0,1,2,C,-,18,NA,NA,N,A,C,A,A,H,-,A,D,0,NA,NA,NA,NA,Y,NA,-,-,0,0,1,0,0,0,0,0,0,-,-,NA,NA,LOS ANGELES,ALHAMBRA,-118.14659881591795,34.08961868286133
8669651,2018,2018-09-04,1901,2018-06-17,1645,280,24,7,5,5,1901,0,0,0,NA,0,003,PINE ST,N DOS ROBLES PL,118,W,N,A,-,N,NA,NA,NA,NA,NA,NA,NA,NA,NA,Y,3,0,1,1,A,-,08,22107,NA,N,E,I,A,A,H,-,A,D,0,NA,NA,NA,NA,Y,NA,A,01,0,1,0,0,0,0,0,0,0,-,-,NA,NA,LOS ANGELES,ALHAMBRA,-118.13941955566406,34.10409927368164
8669655,2018,2018-09-04,1901,2018-06-18,1212,180,26,1,5,5,1901,0,0,0,NA,0,003,POPLAR BL,MAIN ST,350,S,N,A,-,N,NA,NA,NA,NA,NA,NA,NA,NA,NA,Y,4,0,1,2,A,-,09,21804,A,N,D,C,A,A,H,-,A,A,0,NA,NA,NA,NA,Y,NA,A,08,0,0,1,0,0,0,0,0,0,-,-,NA,NA,LOS ANGELES,ALHAMBRA,-118.14798736572266,34.09183883666992
8669659,2018,2018-09-04,1901,2018-06-20,1636,239,28,3,5,5,1901,0,0,0,NA,0,003,CURTIS AV,COMMONWEALTH AV,638,N,N,A,-,N,NA,NA,NA,NA,NA,NA,NA,NA,NA,Y,3,0,2,2,A,-,09,21804,A,N,D,C,A,A,H,-,A,D,0,NA,NA,NA,NA,Y,NA,A,01,0,2,0,0,0,0,0,0,0,-,-,NA,NA,LOS ANGELES,ALHAMBRA,-118.13710021972656,34.08916091918945
8669660,2018,2018-08-16,1901,2018-06-26,1309,180,31,2,5,5,1901,0,0,0,NA,0,003,MISSION RD,MARENGO AV,0,NA,Y,A,-,N,NA,NA,NA,NA,NA,NA,NA,NA,NA,Y,4,0,1,2,A,-,12,21453,A,N,D,C,A,A,H,-,A,A,0,NA,NA,NA,NA,Y,NA,A,01,0,0,1,0,0,0,0,0,0,-,-,NA,NA,LOS ANGELES,ALHAMBRA,-118.14192962646484,34.081600189208984
8669663,2018,2018-09-04,1901,2018-06-20,1723,197,20,3,5,5,1901,0,0,0,NA,0,004,FREMONT AV,SAN CLEMENTE,10,N,N,A,-,N,NA,NA,NA,NA,NA,NA,NA,NA,NA,N,3,0,1,2,A,-,09,21802,A,N,D,C,A,A,H,-,A,A,0,NA,NA,Y,NA,Y,NA,A,01,0,1,0,0,0,0,0,0,1,-,-,NA,NA,LOS ANGELES,ALHAMBRA,-118.14881134033205,34.06653594970703
8669664,2018,2018-08-16,1901,2018-06-28,2224,268,13,4,5,5,1901,0,0,0,NA,0,002,ATLANTIC BL,NORWOOD PL,0,NA,Y,A,-,N,NA,NA,NA,NA,NA,NA,NA,NA,NA,Y,3,0,2,2,A,-,09,21802,A,N,D,C,A,A,H,-,C,A,0,NA,NA,NA,NA,Y,NA,A,01,0,1,1,0,0,0,0,0,0,-,-,NA,NA,LOS ANGELES,ALHAMBRA,-118.1344985961914,34.07588195800781
8669667,2018,2018-09-04,1901,2018-06-22,2124,261,11,5,5,5,1901,0,0,0,NA,0,002,GARFIELD AV,SHORB ST,0,NA,Y,A,-,N,NA,NA,NA,NA,NA,NA,NA,NA,NA,Y,3,0,1,2,A,-,09,21801,A,N,-,C,A,A,H,-,C,A,0,NA,NA,Y,NA,Y,NA,A,01,0,1,0,0,0,0,0,0,1,-,-,NA,NA,LOS ANGELES,ALHAMBRA,-118.123046875,34.0806999206543
8669668,2018,2018-08-16,1901,2018-06-29,1644,107,14,5,5,5,1901,0,0,0,NA,0,002,GARFIELD AV,NORWOOD AV,0,NA,Y,A,-,N,NA,NA,NA,NA,NA,NA,NA,NA,NA,Y,4,0,2,3,A,-,12,21453,A,N,D,C,A,A,H,-,A,A,0,NA,NA,NA,NA,Y,NA,A,01,0,0,2,0,0,0,0,0,0,-,-,NA,NA,LOS ANGELES,ALHAMBRA,-118.12301635742188,34.07603073120117