CASE_ID,ACCIDENT_YEAR,PROC_DATE,JURIS,COLLISION_DATE,COLLISION_TIME,OFFICER_ID,REPORTING_DISTRICT,DAY_OF_WEEK,CHP_SHIFT,POPULATION,CNTY_CITY_LOC,SPECIAL_COND,BEAT_TYPE,CHP_BEAT_TYPE,CITY_DIVISION_LAPD,CHP_BEAT_CLASS,BEAT_NUMBER,PRIMARY_RD,SECONDARY_RD,DISTANCE,DIRECTION,INTERSECTION,WEATHER_1,WEATHER_2,STATE_HWY_IND,CALTRANS_COUNTY,CALTRANS_DISTRICT,STATE_ROUTE,ROUTE_SUFFIX,POSTMILE_PREFIX,POSTMILE,LOCATION_TYPE,RAMP_INTERSECTION,SIDE_OF_HWY,TOW_AWAY,COLLISION_SEVERITY,NUMBER_KILLED,NUMBER_INJURED,PARTY_COUNT,PRIMARY_COLL_FACTOR,PCF_CODE_OF_VIOL,PCF_VIOL_CATEGORY,PCF_VIOLATION,PCF_VIOL_SUBSECTION,HIT_AND_RUN,TYPE_OF_COLLISION,MVIW,PED_ACTION,ROAD_SURFACE,ROAD_COND_1,ROAD_COND_2,LIGHTING,CONTROL_DEVICE,CHP_ROAD_TYPE,PEDESTRIAN_ACCIDENT,BICYCLE_ACCIDENT,MOTORCYCLE_ACCIDENT,TRUCK_ACCIDENT,NOT_PRIVATE_PROPERTY,ALCOHOL_INVOLVED,STWD_VEHTYPE_AT_FAULT,CHP_VEHTYPE_AT_FAULT,COUNT_SEVERE_INJ,COUNT_VISIBLE_INJ,COUNT_COMPLAINT_PAIN,COUNT_PED_KILLED,COUNT_PED_INJURED,COUNT_BICYCLIST_KILLED,COUNT_BICYCLIST_INJURED,COUNT_MC_KILLED,COUNT_MC_INJURED,PRIMARY_RAMP,SECONDARY_RAMP,LATITUDE,LONGITUDE,COUNTY,CITY,POINT_X,POINT_Y
8673130,2018,2018-08-09,1942,2018-07-15,1505,42077,0334,7,5,7,1942,0,0,0,C,0,3XL96,30TH ST,BRONSON,10,N,N,A,-,N,NA,NA,NA,NA,NA,NA,NA,NA,NA,Y,4,0,1,2,A,-,12,22450,A,N,D,C,A,A,H,-,A,A,0,NA,NA,NA,NA,Y,NA,A,01,0,0,1,0,0,0,0,0,0,-,-,NA,NA,LOS ANGELES,LOS ANGELES,-118.33380126953124,34.027618408203125
8673134,2018,2018-08-09,1942,2018-07-15,1000,38794,0363,7,5,7,1942,0,0,0,C,0,3A41W2,DON FELIPE DR,MARLTON AV,40,E,N,A,-,N,NA,NA,NA,NA,NA,NA,NA,NA,NA,Y,4,0,1,3,A,-,03,22350,NA,N,C,E,A,A,H,-,A,D,0,NA,NA,NA,NA,Y,NA,A,01,0,0,1,0,0,0,0,0,0,-,-,NA,NA,LOS ANGELES,LOS ANGELES,-118.34295654296876,34.00760269165039
8673138,2018,2018-08-09,1942,2018-07-14,1315,42164,LOSAN,6,5,7,1942,0,0,0,NA,0,3A63,COLISEUM ST,NICOLET AV,200,E,N,A,-,N,NA,NA,NA,NA,NA,NA,NA,NA,NA,Y,4,0,1,3,A,-,08,22102,NA,N,D,C,A,A,H,-,A,D,0,NA,NA,NA,NA,Y,NA,A,01,0,0,1,0,0,0,0,0,0,-,-,NA,NA,LOS ANGELES,LOS ANGELES,-118.34978485107422,34.01824188232422
8673140,2018,2018-08-13,1956,2018-07-16,1259,1257,01,1,5,5,1956,0,0,0,NA,0,001,VIA VALENCIA,ELENA AV,28,W,N,A,-,N,NA,NA,NA,NA,NA,NA,NA,NA,NA,Y,3,0,2,2,A,-,09,21800,A,N,D,C,A,A,H,-,A,D,0,NA,NA,NA,NA,Y,NA,A,01,0,2,0,0,0,0,0,0,0,-,-,NA,NA,LOS ANGELES,REDONDO BEACH,-118.38593292236328,33.81745910644531
8673142,2018,2018-08-09,1942,2018-07-14,1015,42785,0334,6,5,7,1942,0,0,0,C,0,3A31,ADAMS BL,BRONSON AV,0,NA,Y,A,-,N,NA,NA,NA,NA,NA,NA,NA,NA,NA,N,4,0,2,2,A,-,03,22350,NA,F,C,C,A,A,H,-,A,D,0,NA,NA,NA,NA,Y,Y,-,99,0,0,2,0,0,0,0,0,0,-,-,NA,NA,LOS ANGELES,LOS ANGELES,-118.33380126953124,34.032588958740234
8673143,2018,2018-08-13,1942,2018-07-01,2240,43139,0325,7,5,7,1942,0,0,0,C,0,3A63,ADAMS BL,RAYMOND AV,50,W,N,A,-,N,NA,NA,NA,NA,NA,NA,NA,NA,NA,Y,4,0,1,3,A,-,03,22350,NA,N,B,E,A,A,H,-,C,D,0,NA,NA,NA,NA,Y,NA,A,01,0,0,1,0,0,0,0,0,0,-,-,NA,NA,LOS ANGELES,LOS ANGELES,-118.2982177734375,34.03274917602539
8673147,2018,2018-08-13,1942,2018-07-17,1715,39062,1153,2,5,7,1942,0,0,0,K,0,11A1,WINONA BL,LOS FELIZ BL,0,NA,Y,A,-,N,NA,NA,NA,NA,NA,NA,NA,NA,NA,Y,2,0,1,1,A,-,03,22350,NA,N,E,I,A,A,H,-,A,D,0,NA,NA,NA,NA,Y,NA,A,01,1,0,0,0,0,0,0,0,0,-,-,NA,NA,LOS ANGELES,LOS ANGELES,-118.30165863037108,34.10929870605469
8673150,2018,2018-08-09,1942,2018-07-10,0400,42901,0336,2,5,7,1942,0,0,0,C,0,3A73W3,WESTERN AV,27TH ST,100,S,N,A,-,N,NA,NA,NA,NA,NA,NA,NA,NA,NA,Y,3,0,2,2,A,-,03,22350,NA,N,A,C,A,A,H,-,C,D,0,NA,NA,NA,NA,Y,NA,A,01,0,1,1,0,0,0,0,0,0,-,-,NA,NA,LOS ANGELES,LOS ANGELES,-118.308957,34.030572
8673151,2018,2018-08-13,1942,2018-07-17,1455,34370,0391,2,5,7,1942,0,0,0,C,0,25MQ55,LA BREA AV,DON LORENZO DR,0,NA,Y,A,-,N,NA,NA,NA,NA,NA,NA,NA,NA,NA,Y,4,0,3,2,A,-,08,22100,A,N,D,C,A,A,H,-,A,A,0,NA,NA,NA,NA,Y,NA,A,01,0,0,3,0,0,0,0,0,0,-,-,NA,NA,LOS ANGELES,LOS ANGELES,-118.35900115966795,34.00080871582031
8673154,2018,2018-08-31,1942,2018-07-13,1730,42077,0375,5,5,7,1942,0,0,0,C,0,3A18,CIMARRON,MIDDLETON,10,S,N,A,-,N,NA,NA,NA,NA,NA,NA,NA,NA,NA,N,3,0,1,2,A,-,12,22450,A,N,B,G,A,A,H,-,A,D,0,NA,Y,NA,NA,Y,NA,L,04,0,1,0,0,0,0,1,0,0,-,-,NA,NA,LOS ANGELES,LOS ANGELES,-118.31610107421876,34.0155143737793
8673155,2018,2018-09-12,1942,2018-07-03,1310,41795,332,2,5,7,1942,0,0,0,NA,0,3A99,BUCKINGHAM RD,ADAMS BL,0,NA,Y,A,-,N,NA,NA,NA,NA,NA,NA,NA,NA,NA,Y,4,0,2,2,A,-,08,22107,NA,N,A,C,A,A,H,-,A,A,0,NA,NA,NA,NA,Y,NA,A,01,0,0,2,0,0,0,0,0,0,-,-,NA,NA,LOS ANGELES,LOS ANGELES,-118.34053802490234,34.032569885253906
8673158,2018,2018-08-09,1942,2018-07-12,2130,43133,0393,4,5,7,1942,0,0,0,C,0,3A99,KING BL,LEIMERT BL,0,NA,Y,A,-,N,NA,NA,NA,NA,NA,NA,NA,NA,NA,N,4,0,2,2,A,-,04,21703,NA,N,C,C,A,A,H,-,C,A,0,NA,NA,NA,NA,Y,NA,A,07,0,0,2,0,0,0,0,0,0,-,-,NA,NA,LOS ANGELES,LOS ANGELES,-118.323028,34.010644
8673159,2018,2018-08-13,1942,2018-07-03,1430,41579,0325,2,5,7,1942,0,0,0,C,0,3A19W2,VERMONT AV,DANA ST,100,S,N,A,-,N,NA,NA,NA,NA,NA,NA,NA,NA,NA,Y,4,0,2,3,A,-,07,21658,A,N,B,C,A,A,H,-,A,D,0,NA,NA,NA,NA,Y,NA,A,01,0,0,2,0,0,0,0,0,0,-,-,NA,NA,LOS ANGELES,LOS ANGELES,-118.29154205322266,34.031314849853516
8673162,2018,2018-08-29,1942,2018-07-10,0815,38587,0393,2,5,7,1942,0,0,0,C,0,3A73,MARTIN LUTHER KING JR BL,CREED AV,2,S,N,A,-,N,NA,NA,NA,NA,NA,NA,NA,NA,NA,N,4,0,1,2,A,-,09,21802,A,N,D,G,A,A,H,-,A,A,0,NA,Y,NA,NA,Y,NA,A,01,0,0,1,0,0,0,1,0,0,-,-,NA,NA,LOS ANGELES,LOS ANGELES,-118.32463836669922,34.010860443115234
8673163,2018,2018-08-10,1942,2018-07-11,1930,43304,0215,3,5,7,1942,0,0,0,B,0,0215,TEMPLE ST,OCCIDENTAL BL,0,NA,Y,B,-,N,NA,NA,NA,NA,NA,NA,NA,NA,NA,N,4,0,1,3,A,-,12,22450,A,F,D,C,A,A,H,-,C,A,0,NA,NA,NA,NA,Y,NA,-,99,0,0,1,0,0,0,0,0,0,-,-,NA,NA,LOS ANGELES,LOS ANGELES,-118.2775421142578,34.07368850708008
8673166,2018,2019-05-07,1942,2018-07-02,1105,41129,0397,1,5,7,1942,0,0,0,C,0,3A99,S NORMANDIE AV,W 41ST PL,0,NA,Y,A,-,N,NA,NA,NA,NA,NA,NA,NA,NA,NA,N,4,0,1,2,A,-,09,21802,A,N,D,C,A,A,H,-,A,A,0,NA,NA,NA,NA,Y,NA,A,07,0,0,1,0,0,0,0,0,0,-,-,NA,NA,LOS ANGELES,LOS ANGELES,-118.30017852783205,34.00843048095703
8673167,2018,2018-08-10,1942,2018-07-09,1535,40164,1307,1,5,7,1942,0,0,0,M,0,24TL57,SAN PEDRO ST,AGATHA ST,132,S,N,B,-,N,NA,NA,NA,NA,NA,NA,NA,NA,NA,Y,2,0,1,2,A,-,21,22106,NA,N,B,C,A,A,H,-,A,D,0,NA,NA,Y,NA,Y,NA,A,01,1,0,0,0,0,0,0,0,1,-,-,NA,NA,LOS ANGELES,LOS ANGELES,-118.24832153320313,34.039241790771484
8673168,2018,2018-08-31,1900,2018-07-17,1850,600544,2112,2,5,5,1943,0,0,0,NA,0,212T3,MARTIN LUTHER KING JR BL,CESAR CHAVEZ LN,30,W,N,A,-,N,NA,NA,NA,NA,NA,NA,NA,NA,NA,N,4,0,1,2,A,-,06,21755,NA,N,B,C,A,A,H,-,B,A,0,NA,NA,NA,NA,Y,NA,A,01,0,0,1,0,0,0,0,0,0,-,-,NA,NA,LOS ANGELES,LYNWOOD,-118.201322,33.929264
8673170,2018,2018-08-09,1942,2018-07-02,2225,42665,0358,1,5,7,1942,0,0,0,C,0,3A57,JEFFERSON BL,HOOVER ST,380,W,N,B,-,N,NA,NA,NA,NA,NA,NA,NA,NA,NA,N,3,0,1,2,A,-,12,21457,A,N,G,B,C,A,H,-,C,A,0,Y,NA,NA,NA,Y,NA,A,01,0,1,0,0,1,0,0,0,0,-,-,NA,NA,LOS ANGELES,LOS ANGELES,-118.28517150878906,34.024131774902344
8673171,2018,2018-08-10,1942,2018-07-11,1605,40164,1331,3,5,7,1942,0,0,0,M,0,13A41,41ST PL,BROADWAY,0,NA,Y,A,-,N,NA,NA,NA,NA,NA,NA,NA,NA,NA,Y,2,0,1,2,A,-,09,21801,A,N,D,C,A,A,H,-,A,D,0,NA,NA,Y,NA,Y,Y,A,01,1,0,0,0,0,0,0,0,1,-,-,NA,NA,LOS ANGELES,LOS ANGELES,-118.27837371826172,34.00825881958008
8673174,2018,2018-08-09,1942,2018-07-10,1350,42338,0363,2,5,7,1942,0,0,0,C,0,25T22,MARTIN LUTHER KING BL,CRENSHAW BL,150,E,N,A,-,N,NA,NA,NA,NA,NA,NA,NA,NA,NA,N,4,0,1,2,A,-,03,22350,NA,N,C,C,A,A,H,-,A,D,0,NA,NA,NA,NA,Y,NA,A,01,0,0,1,0,0,0,0,0,0,-,-,NA,NA,LOS ANGELES,LOS ANGELES,-118.33462524414064,34.01092529296875
8673175,2018,2018-08-10,1942,2018-07-13,1730,37824,0182,5,5,7,1942,0,0,0,A,0,1A41W2,HOPE ST,OLYMPIC BL,0,NA,Y,A,-,N,NA,NA,NA,NA,NA,NA,NA,NA,NA,N,4,0,1,2,A,-,21,22106,NA,F,C,C,A,A,H,-,A,B,0,NA,NA,NA,NA,Y,NA,-,99,0,0,1,0,0,0,0,0,0,-,-,NA,NA,LOS ANGELES,LOS ANGELES,-118.26168823242188,34.043731689453125
8673176,2018,2018-08-13,1942,2018-07-10,0810,40440,1842,2,5,7,1942,0,0,0,R,0,18A41,S OLIVE ST,112TH ST,100,S,N,A,-,N,NA,NA,NA,NA,NA,NA,NA,NA,NA,N,2,0,2,2,A,-,09,21804,A,F,B,C,A,A,H,-,A,D,0,NA,NA,NA,NA,Y,NA,-,99,1,0,1,0,0,0,0,0,0,-,-,NA,NA,LOS ANGELES,LOS ANGELES,-118.27950286865234,33.93268585205078
8673178,2018,2018-08-09,1942,2018-07-01,2110,42338,0331,7,5,7,1942,0,0,0,C,0,3A31,LA BREA AV,ADAMS BL,0,NA,Y,A,-,N,NA,NA,NA,NA,NA,NA,NA,NA,NA,Y,4,0,2,2,A,-,09,21801,A,N,D,C,A,A,H,-,C,A,0,NA,NA,NA,NA,Y,NA,A,01,0,0,2,0,0,0,0,0,0,-,-,NA,NA,LOS ANGELES,LOS ANGELES,-118.35092926025392,34.032508850097656
8673179,2018,2018-08-10,1942,2018-07-15,0225,43210,0261,7,5,7,1942,0,0,0,B,0,2A17,8TH ST,CARONDELET ST,1,E,N,A,-,N,NA,NA,NA,NA,NA,NA,NA,NA,NA,N,2,0,1,2,A,-,10,21950,A,N,G,B,B,A,H,-,C,D,0,Y,NA,NA,NA,Y,NA,A,01,1,0,0,0,1,0,0,0,0,-,-,NA,NA,LOS ANGELES,LOS ANGELES,-118.28207397460938,34.056758880615234
8673180,2018,2018-08-13,1942,2018-07-17,1345,37654,0558,2,5,7,1942,0,0,0,E,0,5E6,PACIFIC AV,FRONT ST,150,S,N,A,-,N,NA,NA,NA,NA,NA,NA,NA,NA,NA,Y,3,0,1,1,A,-,01,23153,A,N,D,I,A,A,G,-,A,D,0,NA,NA,NA,NA,Y,Y,A,08,0,1,0,0,0,0,0,0,0,-,-,NA,NA,LOS ANGELES,LOS ANGELES,-118.28701019287108,33.7507209777832
8673182,2018,2018-08-09,1942,2018-07-06,1310,41921,0507,5,5,7,1942,0,0,0,E,0,5A59,228TH ST,WESTERN AV,0,NA,Y,A,-,N,NA,NA,NA,NA,NA,NA,NA,NA,NA,Y,3,0,1,2,A,-,09,21802,A,N,D,D,A,A,H,-,A,A,0,NA,NA,NA,NA,Y,NA,A,01,0,1,0,0,0,0,0,0,0,-,-,NA,NA,LOS ANGELES,LOS ANGELES,-118.30889892578124,33.81903076171875
8673183,2018,2018-08-10,1942,2018-07-07,1920,39072,1347,6,5,7,1942,0,0,0,M,0,13A27,E 42ND ST,LONG BEACH AV,349,W,N,A,-,N,NA,NA,NA,NA,NA,NA,NA,NA,NA,N,2,0,1,2,A,-,09,21801,A,N,D,C,A,A,H,-,A,D,0,NA,NA,Y,NA,Y,NA,A,01,1,0,0,0,0,0,0,0,1,-,-,NA,NA,LOS ANGELES,LOS ANGELES,-118.24441528320313,34.00640106201172
8673184,2018,2018-08-13,1900,2018-07-16,1610,600544,2115,1,5,5,1943,0,0,0,NA,0,212T3,IMPERIAL HWY,ATLANTIC AV,45,E,N,A,-,N,NA,NA,NA,NA,NA,NA,NA,NA,NA,N,4,0,3,2,A,-,04,21703,NA,N,C,C,A,A,H,-,A,A,0,NA,NA,NA,NA,Y,NA,A,01,0,0,3,0,0,0,0,0,0,-,-,NA,NA,LOS ANGELES,LYNWOOD,-118.18346405029295,33.93073272705078
8673186,2018,2018-08-09,1942,2018-07-12,1140,40440,0399,4,5,7,1942,0,0,0,C,0,3A99,VERNON AV,FIGUEROA ST,0,NA,Y,A,-,N,NA,NA,NA,NA,NA,NA,NA,NA,NA,N,3,0,2,3,A,-,10,21950,A,F,G,B,B,A,H,-,A,A,0,Y,NA,NA,NA,Y,NA,-,99,0,1,1,0,2,0,0,0,0,-,-,NA,NA,LOS ANGELES,LOS ANGELES,-118.2827377319336,34.00374984741211
8673187,2018,2018-11-27,1942,2018-07-15,1850,39062,1343,7,5,7,1942,0,0,0,M,0,13A43,E MARTIN LUTHER KING BL,CENTRAL AV,45,W,N,A,-,N,NA,NA,NA,NA,NA,NA,NA,NA,NA,N,4,0,1,2,A,-,03,22350,NA,F,C,C,A,A,H,-,A,D,0,NA,NA,NA,NA,Y,NA,-,99,0,0,1,0,0,0,0,0,0,-,-,NA,NA,LOS ANGELES,LOS ANGELES,-118.25650787353516,34.01116943359375
8673190,2018,2018-08-09,1942,2018-07-04,2105,42180,0509,3,5,7,1942,0,0,0,E,0,5A24,LOMITA BL,BELLE PORTE AV,0,NA,Y,A,-,N,NA,NA,NA,NA,NA,NA,NA,NA,NA,N,3,0,1,2,A,-,10,21950,A,N,G,B,B,A,H,-,C,A,0,Y,NA,NA,NA,Y,NA,A,01,0,1,0,0,1,0,0,0,0,-,-,NA,NA,LOS ANGELES,LOS ANGELES,-118.30116271972656,33.79779815673828
8673191,2018,2018-08-10,1942,2018-07-07,1800,35024,1365,6,5,7,1942,0,0,0,M,0,13A75,HOOPER AV,50TH ST,15,N,N,A,-,N,NA,NA,NA,NA,NA,NA,NA,NA,NA,N,4,0,1,2,A,-,03,22350,NA,F,B,C,A,A,H,-,A,D,0,NA,NA,NA,NA,Y,NA,-,99,0,0,1,0,0,0,0,0,0,-,-,NA,NA,LOS ANGELES,LOS ANGELES,-118.25211334228516,33.99801254272461
8673194,2018,2018-08-09,1942,2018-07-09,1330,38715,0516,1,5,7,1942,0,0,0,E,0,5XL3,PACIFIC COAST HWY,ISLAND AV,35,N,N,A,-,N,NA,NA,NA,NA,NA,NA,NA,NA,NA,N,4,0,1,2,A,-,09,21801,A,N,C,C,A,A,H,-,A,A,0,NA,NA,NA,NA,Y,NA,A,01,0,0,1,0,0,0,0,0,0,-,-,NA,NA,LOS ANGELES,LOS ANGELES,-118.2668914794922,33.79096603393555
8673195,2018,2018-08-10,1942,2018-07-13,1225,41629,1394,5,5,7,1942,0,0,0,M,0,13A93,MAIN ST,FLORENCE AV,0,NA,Y,A,-,N,NA,NA,NA,NA,NA,NA,NA,NA,NA,N,4,0,1,2,A,-,09,21801,A,F,D,G,A,A,H,-,A,A,0,NA,Y,NA,NA,Y,NA,-,99,0,0,1,0,0,0,1,0,0,-,-,NA,NA,LOS ANGELES,LOS ANGELES,-118.27394104003906,33.97468185424805
8673198,2018,2018-08-09,1942,2018-07-09,1545,41826,0529,1,5,7,1942,0,0,0,E,0,5A26,ANAHEIM,MCFARLAND,35,W,N,A,-,N,NA,NA,NA,NA,NA,NA,NA,NA,NA,N,4,0,2,2,A,-,21,22106,NA,N,B,C,A,A,H,-,A,D,0,NA,NA,NA,NA,Y,NA,A,01,0,0,2,0,0,0,0,0,0,-,-,NA,NA,LOS ANGELES,LOS ANGELES,-118.25265502929688,33.78050231933594
8673199,2018,2018-08-10,1942,2018-07-07,1610,39759,1363,6,5,7,1942,0,0,0,M,0,13A61,S CENTRAL AV,51ST ST,66,N,N,A,-,N,NA,NA,NA,NA,NA,NA,NA,NA,NA,N,4,0,1,2,A,-,09,21804,A,M,G,B,D,A,H,-,A,A,0,Y,NA,NA,NA,Y,Y,-,99,0,0,1,0,1,0,0,0,0,-,-,NA,NA,LOS ANGELES,LOS ANGELES,-118.2564697265625,33.997291564941406
8673200,2018,2018-08-13,1900,2018-07-07,0120,600192,2111,6,5,5,1943,0,0,0,NA,0,212T4,ALAMEDA ST E,MARTIN LUTHER KING JR BL,40,N,N,A,-,N,NA,NA,NA,NA,NA,NA,NA,NA,NA,Y,4,0,1,1,A,-,08,22107,NA,N,E,I,A,A,H,-,C,A,0,NA,NA,NA,NA,Y,NA,A,01,0,0,1,0,0,0,0,0,0,-,-,NA,NA,LOS ANGELES,LYNWOOD,-118.22657775878906,33.93830871582031
8673202,2018,2018-08-03,1942,2018-07-10,1850,38458,1752,2,5,7,1942,0,0,0,Q,0,17A23,LASSEN ST,CANOGA AV,0,NA,Y,A,-,N,NA,NA,NA,NA,NA,NA,NA,NA,NA,NA,4,0,1,2,A,-,08,22107,NA,N,D,C,A,A,H,-,A,A,0,NA,NA,NA,NA,Y,NA,A,01,0,0,1,0,0,0,0,0,0,-,-,NA,NA,LOS ANGELES,LOS ANGELES,-118.59732055664064,34.2499885559082
8673208,2018,2018-07-31,1922,2018-06-30,0723,683,NA,6,5,6,1922,0,0,0,NA,0,NA,TYLER AV,MILDRED ST,0,NA,Y,A,-,N,NA,NA,NA,NA,NA,NA,NA,NA,NA,N,3,0,1,2,D,-,00,NA,NA,N,D,G,A,A,H,-,A,D,0,NA,Y,NA,NA,Y,NA,-,-,0,1,0,0,0,0,1,0,0,-,-,34.06647872924805,-118.03598022460938,LOS ANGELES,EL MONTE,-118.03598022460938,34.06644821166992
8673210,2018,2018-08-28,1942,2018-07-05,1325,42944,DEVON,4,5,7,1942,0,0,0,NA,0,1753,MASON AV,MAYALL AV,0,NA,Y,A,-,N,NA,NA,NA,NA,NA,NA,NA,NA,NA,N,3,0,1,2,A,-,09,21804,NA,N,D,G,A,A,H,-,A,D,0,NA,Y,NA,NA,Y,NA,L,04,0,1,0,0,0,0,1,0,0,-,-,NA,NA,LOS ANGELES,LOS ANGELES,-118.57984161376952,34.25360107421875
8673212,2018,2018-07-31,1922,2018-06-19,1508,659,NA,2,5,6,1922,0,0,0,NA,0,004,MOUNTAIN VIEW RD,WEAVER ST,0,NA,Y,A,-,N,NA,NA,NA,NA,NA,NA,NA,NA,NA,Y,3,0,1,2,A,-,09,21801,A,M,D,C,A,A,H,-,A,D,0,NA,NA,NA,NA,Y,NA,A,01,0,1,0,0,0,0,0,0,0,-,-,34.05202865600586,-118.0341567993164,LOS ANGELES,EL MONTE,-118.03431701660156,34.052188873291016
8673214,2018,2019-05-17,1942,2018-07-08,2115,43194,1792,7,5,7,1942,0,0,0,Q,0,17A23,TAMPA AV,ROSCOE BL,0,NA,Y,A,-,N,NA,NA,NA,NA,NA,NA,NA,NA,NA,N,3,0,1,2,A,-,09,21801,NA,N,D,C,A,A,H,-,C,A,0,NA,NA,NA,NA,Y,NA,A,01,0,1,0,0,0,0,0,0,0,-,-,NA,NA,LOS ANGELES,LOS ANGELES,-118.5535125732422,34.220481872558594
8673218,2018,2018-08-03,1942,2018-07-07,2055,42324,1782,6,5,7,1942,0,0,0,Q,0,17A35,CORBIN AV,PARTHENIA ST,0,NA,Y,A,-,N,NA,NA,NA,NA,NA,NA,NA,NA,NA,N,4,0,2,2,A,-,09,21804,A,N,D,C,A,A,H,-,C,A,0,NA,NA,NA,NA,Y,NA,A,01,0,0,2,0,0,0,0,0,0,-,-,NA,NA,LOS ANGELES,LOS ANGELES,-118.56228637695313,34.22822952270508
8673226,2018,2018-09-10,1942,2018-07-10,0850,35393,1218,2,5,7,1942,0,0,0,L,0,12A15,VERMONT AV,88TH ST,0,NA,Y,A,-,N,NA,NA,NA,NA,NA,NA,NA,NA,NA,Y,4,0,2,2,A,-,12,21453,A,N,D,C,A,A,H,-,A,A,0,NA,NA,NA,NA,Y,NA,A,08,0,0,2,0,0,0,0,0,0,-,-,NA,NA,LOS ANGELES,LOS ANGELES,-118.29162,33.95794
8673228,2018,2018-07-30,1900,2018-06-26,1857,487849,2262,2,5,2,1993,0,0,0,NA,0,226T1,VIA ROCAS,LA TIENDA RD,547,N,N,A,-,N,NA,NA,NA,NA,NA,NA,NA,NA,NA,N,4,0,1,2,A,-,09,21804,A,N,D,C,A,A,H,-,B,D,0,NA,NA,NA,NA,Y,NA,A,01,0,0,1,0,0,0,0,0,0,-,-,34.151939392089844,-118.8063507080078,LOS ANGELES,WESTLAKE VILLAGE,-118.80651092529295,34.1518669128418
8673236,2018,2018-07-31,1900,2018-06-26,1000,602354,1010,2,5,3,1995,0,0,0,NA,0,101T1,ENCINAL CANYON RD,RT 1,7392,E,N,A,-,N,NA,NA,NA,NA,NA,NA,NA,NA,NA,N,3,0,1,2,A,-,03,22350,NA,N,C,G,A,A,H,-,A,D,0,NA,Y,NA,NA,Y,NA,A,01,0,1,0,0,0,0,1,0,0,-,-,34.0463981628418,-118.87493896484376,LOS ANGELES,MALIBU,-118.87798309326172,34.0436897277832
8673240,2018,2018-07-30,1900,2018-06-30,2000,507732,2241,6,5,3,1989,0,0,0,NA,0,224T1P,LAS VIRGENES RD,AGOURA RD,142,S,N,A,-,N,NA,NA,NA,NA,NA,NA,NA,NA,NA,Y,4,0,2,2,A,-,03,22350,NA,N,C,C,A,A,H,-,C,D,0,NA,NA,NA,NA,Y,NA,A,01,0,0,2,0,0,0,0,0,0,-,-,34.1427116394043,-118.69879150390624,LOS ANGELES,CALABASAS,-118.69842529296876,34.1434440612793
8673242,2018,2018-08-03,1942,2018-07-04,0200,39656,1836,3,5,7,1942,0,0,0,R,0,18A35,COMPTON AV,106TH ST,10,N,N,A,-,N,NA,NA,NA,NA,NA,NA,NA,NA,NA,N,4,0,1,3,A,-,03,22350,NA,F,C,C,A,A,H,-,C,D,0,NA,NA,NA,NA,Y,NA,-,99,0,0,1,0,0,0,0,0,0,-,-,NA,NA,LOS ANGELES,LOS ANGELES,-118.24626159667967,33.9397087097168
8673246,2018,2018-08-03,1922,2018-07-10,1859,672,NA,2,5,6,1922,0,0,0,NA,0,NA,GARVEY AV,DOREEN AV,250,E,N,A,-,N,NA,NA,NA,NA,NA,NA,NA,NA,NA,Y,3,0,1,2,A,-,06,21750,NA,N,D,C,A,A,H,-,A,D,0,NA,NA,NA,NA,Y,NA,A,01,0,1,0,0,0,0,0,0,0,-,-,34.0631103515625,-118.04364013671876,LOS ANGELES,EL MONTE,-118.0439453125,34.06273651123047
8673250,2018,2018-08-03,1942,2018-07-12,2320,42282,1801,4,5,7,1942,0,0,0,R,0,18A1,FIGUEROA ST,90TH ST,0,NA,Y,A,-,N,NA,NA,NA,NA,NA,NA,NA,NA,NA,N,4,0,1,2,A,-,08,22107,NA,F,C,C,A,A,H,-,C,D,0,NA,NA,Y,NA,Y,NA,-,99,0,0,1,0,0,0,0,0,1,-,-,NA,NA,LOS ANGELES,LOS ANGELES,-118.28272247314452,33.955081939697266
8673254,2018,2018-08-03,1942,2018-07-04,2135,41221,1211,3,5,7,1942,0,0,0,L,0,12X18,54TH ST,VICTORIA AV,10,W,N,A,-,N,NA,NA,NA,NA,NA,NA,NA,NA,NA,N,4,0,1,2,A,-,09,21804,NA,N,D,C,A,A,H,-,C,A,0,NA,NA,NA,NA,Y,NA,A,01,0,0,1,0,0,0,0,0,0,-,-,NA,NA,LOS ANGELES,LOS ANGELES,-118.33222198486328,33.99311065673828
8673257,2018,2018-08-08,1922,2018-07-14,2127,679,NA,6,5,6,1922,0,0,0,NA,0,004,MAGNOLIA ST,PENN MAR AV,500,W,N,A,-,N,NA,NA,NA,NA,NA,NA,NA,NA,NA,Y,3,0,1,4,A,-,01,23153,A,N,B,C,A,A,H,-,C,D,0,NA,NA,NA,NA,Y,Y,A,01,0,1,0,0,0,0,0,0,0,-,-,34.058929443359375,-118.02098846435548,LOS ANGELES,EL MONTE,-118.02208709716795,34.05987548828125